#ifndef OOT_PSP_ANIMATION_LAYOUTS_H
#define OOT_PSP_ANIMATION_LAYOUTS_H

typedef struct OotPspAnimationLayoutAnchor {
    u16 assetIndex;
    u16 animationIndex;
    u8 kind;
    u8 segmentId;
    u16 frameCount;
    u16 staticIndexMax;
    u16 padding;
    u32 targetOffset;
    u32 targetSize;
} OotPspAnimationLayoutAnchor;

static const OotPspAnimationLayoutAnchor sOotPspAnimationLayoutAnchors[] = {
    { 0x01ED, 0x0000, 0x00, 0x04, 0x001E, 0x0002, 0, 0x00004310, 0x00000010 },
    { 0x01ED, 0x0000, 0x01, 0x04, 0x001E, 0x0002, 0, 0x000042B0, 0x00000040 },
    { 0x01ED, 0x0000, 0x02, 0x04, 0x001E, 0x0002, 0, 0x000042F0, 0x00000020 },
    { 0x01ED, 0x0001, 0x00, 0x04, 0x0014, 0x0001, 0, 0x0000436C, 0x00000010 },
    { 0x01ED, 0x0001, 0x01, 0x04, 0x0014, 0x0001, 0, 0x00004320, 0x0000002C },
    { 0x01ED, 0x0001, 0x02, 0x04, 0x0014, 0x0001, 0, 0x0000434C, 0x00000020 },
    { 0x01ED, 0x0002, 0x00, 0x04, 0x0058, 0x0002, 0, 0x0000EA54, 0x00000010 },
    { 0x01ED, 0x0002, 0x01, 0x04, 0x0058, 0x0002, 0, 0x0000E980, 0x000000B4 },
    { 0x01ED, 0x0002, 0x02, 0x04, 0x0058, 0x0002, 0, 0x0000EA34, 0x00000020 },
    { 0x01ED, 0x0003, 0x00, 0x04, 0x0055, 0x0002, 0, 0x0000EB40, 0x00000010 },
    { 0x01ED, 0x0003, 0x01, 0x04, 0x0055, 0x0002, 0, 0x0000EA70, 0x000000B0 },
    { 0x01ED, 0x0003, 0x02, 0x04, 0x0055, 0x0002, 0, 0x0000EB20, 0x00000020 },
    { 0x01ED, 0x0004, 0x00, 0x04, 0x0042, 0x0002, 0, 0x0000EBF8, 0x00000010 },
    { 0x01ED, 0x0004, 0x01, 0x04, 0x0042, 0x0002, 0, 0x0000EB50, 0x00000088 },
    { 0x01ED, 0x0004, 0x02, 0x04, 0x0042, 0x0002, 0, 0x0000EBD8, 0x00000020 },
    { 0x01ED, 0x0005, 0x00, 0x04, 0x004A, 0x0002, 0, 0x000104D8, 0x00000010 },
    { 0x01ED, 0x0005, 0x01, 0x04, 0x004A, 0x0002, 0, 0x00010420, 0x00000098 },
    { 0x01ED, 0x0005, 0x02, 0x04, 0x004A, 0x0002, 0, 0x000104B8, 0x00000020 },
    { 0x01ED, 0x0006, 0x00, 0x04, 0x000A, 0x0003, 0, 0x00015044, 0x00000010 },
    { 0x01ED, 0x0006, 0x01, 0x04, 0x000A, 0x0003, 0, 0x00014F90, 0x00000058 },
    { 0x01ED, 0x0006, 0x02, 0x04, 0x000A, 0x0003, 0, 0x00014FE8, 0x0000005C },
    { 0x01ED, 0x0007, 0x00, 0x04, 0x0007, 0x0003, 0, 0x00018A9C, 0x00000010 },
    { 0x01ED, 0x0007, 0x01, 0x04, 0x0007, 0x0003, 0, 0x00018A40, 0x00000030 },
    { 0x01ED, 0x0007, 0x02, 0x04, 0x0007, 0x0003, 0, 0x00018A70, 0x0000002C },
    { 0x01ED, 0x0008, 0x00, 0x04, 0x001E, 0x0003, 0, 0x0001953C, 0x00000010 },
    { 0x01ED, 0x0008, 0x01, 0x04, 0x001E, 0x0003, 0, 0x00019490, 0x00000080 },
    { 0x01ED, 0x0008, 0x02, 0x04, 0x001E, 0x0003, 0, 0x00019510, 0x0000002C },
    { 0x01ED, 0x0009, 0x00, 0x04, 0x0008, 0x000E, 0, 0x0003469C, 0x00000010 },
    { 0x01ED, 0x0009, 0x01, 0x04, 0x0008, 0x000E, 0, 0x000344F0, 0x0000011C },
    { 0x01ED, 0x0009, 0x02, 0x04, 0x0008, 0x000E, 0, 0x0003460C, 0x00000090 },
    { 0x01EE, 0x0000, 0x00, 0x05, 0x0006, 0x0004, 0, 0x00002470, 0x00000010 },
    { 0x01EE, 0x0000, 0x01, 0x05, 0x0006, 0x0004, 0, 0x00002420, 0x00000020 },
    { 0x01EE, 0x0000, 0x02, 0x05, 0x0006, 0x0004, 0, 0x00002440, 0x00000030 },
    { 0x01EE, 0x0001, 0x00, 0x05, 0x001E, 0x0002, 0, 0x00005FF0, 0x00000010 },
    { 0x01EE, 0x0001, 0x01, 0x05, 0x001E, 0x0002, 0, 0x00005F50, 0x0000007C },
    { 0x01EE, 0x0001, 0x02, 0x05, 0x001E, 0x0002, 0, 0x00005FCC, 0x00000024 },
    { 0x01F3, 0x0000, 0x00, 0x06, 0x0082, 0x0002, 0, 0x00000128, 0x00000010 },
    { 0x01F3, 0x0000, 0x01, 0x06, 0x0082, 0x0002, 0, 0x00000000, 0x00000108 },
    { 0x01F3, 0x0000, 0x02, 0x06, 0x0082, 0x0002, 0, 0x00000108, 0x00000020 },
    { 0x01F3, 0x0001, 0x00, 0x06, 0x0074, 0x0002, 0, 0x0000024C, 0x00000010 },
    { 0x01F3, 0x0001, 0x01, 0x06, 0x0074, 0x0002, 0, 0x00000140, 0x000000EC },
    { 0x01F3, 0x0001, 0x02, 0x06, 0x0074, 0x0002, 0, 0x0000022C, 0x00000020 },
    { 0x01F3, 0x0002, 0x00, 0x06, 0x0032, 0x0002, 0, 0x0000043C, 0x00000010 },
    { 0x01F3, 0x0002, 0x01, 0x06, 0x0032, 0x0002, 0, 0x00000350, 0x000000CC },
    { 0x01F3, 0x0002, 0x02, 0x06, 0x0032, 0x0002, 0, 0x0000041C, 0x00000020 },
    { 0x01F5, 0x0000, 0x00, 0x06, 0x0014, 0x0004, 0, 0x00000344, 0x00000010 },
    { 0x01F5, 0x0000, 0x01, 0x06, 0x0014, 0x0004, 0, 0x00000000, 0x00000260 },
    { 0x01F5, 0x0000, 0x02, 0x06, 0x0014, 0x0004, 0, 0x00000260, 0x000000E4 },
    { 0x01F5, 0x0001, 0x00, 0x06, 0x0019, 0x0004, 0, 0x000008FC, 0x00000010 },
    { 0x01F5, 0x0001, 0x01, 0x06, 0x0019, 0x0004, 0, 0x00000360, 0x000004B8 },
    { 0x01F5, 0x0001, 0x02, 0x06, 0x0019, 0x0004, 0, 0x00000818, 0x000000E4 },
    { 0x01F5, 0x0002, 0x00, 0x06, 0x0007, 0x0004, 0, 0x00000AC0, 0x00000010 },
    { 0x01F5, 0x0002, 0x01, 0x06, 0x0007, 0x0004, 0, 0x00000910, 0x000000CC },
    { 0x01F5, 0x0002, 0x02, 0x06, 0x0007, 0x0004, 0, 0x000009DC, 0x000000E4 },
    { 0x01F5, 0x0003, 0x00, 0x06, 0x0010, 0x0004, 0, 0x00000DDC, 0x00000010 },
    { 0x01F5, 0x0003, 0x01, 0x06, 0x0010, 0x0004, 0, 0x00000AD0, 0x00000228 },
    { 0x01F5, 0x0003, 0x02, 0x06, 0x0010, 0x0004, 0, 0x00000CF8, 0x000000E4 },
    { 0x01F5, 0x0004, 0x00, 0x06, 0x000C, 0x0005, 0, 0x00003910, 0x00000010 },
    { 0x01F5, 0x0004, 0x01, 0x06, 0x000C, 0x0005, 0, 0x00003670, 0x000001BC },
    { 0x01F5, 0x0004, 0x02, 0x06, 0x000C, 0x0005, 0, 0x0000382C, 0x000000E4 },
    { 0x01F5, 0x0005, 0x00, 0x06, 0x0014, 0x0004, 0, 0x00003C64, 0x00000010 },
    { 0x01F5, 0x0005, 0x01, 0x06, 0x0014, 0x0004, 0, 0x00003920, 0x00000260 },
    { 0x01F5, 0x0005, 0x02, 0x06, 0x0014, 0x0004, 0, 0x00003B80, 0x000000E4 },
    { 0x01F6, 0x0000, 0x00, 0x06, 0x0008, 0x000B, 0, 0x000001A8, 0x00000010 },
    { 0x01F6, 0x0000, 0x01, 0x06, 0x0008, 0x000B, 0, 0x00000000, 0x00000128 },
    { 0x01F6, 0x0000, 0x02, 0x06, 0x0008, 0x000B, 0, 0x00000128, 0x00000080 },
    { 0x01F6, 0x0001, 0x00, 0x06, 0x0010, 0x0005, 0, 0x000004EC, 0x00000010 },
    { 0x01F6, 0x0001, 0x01, 0x06, 0x0010, 0x0005, 0, 0x000001C0, 0x000002AC },
    { 0x01F6, 0x0001, 0x02, 0x06, 0x0010, 0x0005, 0, 0x0000046C, 0x00000080 },
    { 0x01F6, 0x0002, 0x00, 0x06, 0x0008, 0x0008, 0, 0x000006E0, 0x00000010 },
    { 0x01F6, 0x0002, 0x01, 0x06, 0x0008, 0x0008, 0, 0x00000500, 0x00000160 },
    { 0x01F6, 0x0002, 0x02, 0x06, 0x0008, 0x0008, 0, 0x00000660, 0x00000080 },
    { 0x01F6, 0x0003, 0x00, 0x06, 0x0010, 0x0007, 0, 0x00000A60, 0x00000010 },
    { 0x01F6, 0x0003, 0x01, 0x06, 0x0010, 0x0007, 0, 0x000006F0, 0x000002F0 },
    { 0x01F6, 0x0003, 0x02, 0x06, 0x0010, 0x0007, 0, 0x000009E0, 0x00000080 },
    { 0x01F6, 0x0004, 0x00, 0x06, 0x001E, 0x0004, 0, 0x000011C4, 0x00000010 },
    { 0x01F6, 0x0004, 0x01, 0x06, 0x001E, 0x0004, 0, 0x00000A70, 0x000006D4 },
    { 0x01F6, 0x0004, 0x02, 0x06, 0x001E, 0x0004, 0, 0x00001144, 0x00000080 },
    { 0x01F6, 0x0005, 0x00, 0x06, 0x0014, 0x0004, 0, 0x000015B0, 0x00000010 },
    { 0x01F6, 0x0005, 0x01, 0x06, 0x0014, 0x0004, 0, 0x000011E0, 0x00000350 },
    { 0x01F6, 0x0005, 0x02, 0x06, 0x0014, 0x0004, 0, 0x00001530, 0x00000080 },
    { 0x01F7, 0x0000, 0x00, 0x06, 0x0019, 0x000B, 0, 0x00000590, 0x00000010 },
    { 0x01F7, 0x0000, 0x01, 0x06, 0x0019, 0x000B, 0, 0x00000000, 0x000004F8 },
    { 0x01F7, 0x0000, 0x02, 0x06, 0x0019, 0x000B, 0, 0x000004F8, 0x00000098 },
    { 0x01F7, 0x0001, 0x00, 0x06, 0x0029, 0x000B, 0, 0x00000EA4, 0x00000010 },
    { 0x01F7, 0x0001, 0x01, 0x06, 0x0029, 0x000B, 0, 0x000005A0, 0x0000086C },
    { 0x01F7, 0x0001, 0x02, 0x06, 0x0029, 0x000B, 0, 0x00000E0C, 0x00000098 },
    { 0x01F7, 0x0002, 0x00, 0x06, 0x0033, 0x000B, 0, 0x000019CC, 0x00000010 },
    { 0x01F7, 0x0002, 0x01, 0x06, 0x0033, 0x000B, 0, 0x00000EC0, 0x00000A74 },
    { 0x01F7, 0x0002, 0x02, 0x06, 0x0033, 0x000B, 0, 0x00001934, 0x00000098 },
    { 0x01F7, 0x0003, 0x00, 0x06, 0x0025, 0x000B, 0, 0x000041F4, 0x00000010 },
    { 0x01F7, 0x0003, 0x01, 0x06, 0x0025, 0x000B, 0, 0x000039C0, 0x0000079C },
    { 0x01F7, 0x0003, 0x02, 0x06, 0x0025, 0x000B, 0, 0x0000415C, 0x00000098 },
    { 0x01F7, 0x0004, 0x00, 0x06, 0x0009, 0x000B, 0, 0x00009244, 0x00000010 },
    { 0x01F7, 0x0004, 0x01, 0x06, 0x0009, 0x000B, 0, 0x00008FC0, 0x000001EC },
    { 0x01F7, 0x0004, 0x02, 0x06, 0x0009, 0x000B, 0, 0x000091AC, 0x00000098 },
    { 0x01F7, 0x0005, 0x00, 0x06, 0x0009, 0x000E, 0, 0x00009520, 0x00000010 },
    { 0x01F7, 0x0005, 0x01, 0x06, 0x0009, 0x000E, 0, 0x00009260, 0x00000228 },
    { 0x01F7, 0x0005, 0x02, 0x06, 0x0009, 0x000E, 0, 0x00009488, 0x00000098 },
    { 0x01F7, 0x0006, 0x00, 0x06, 0x0028, 0x000C, 0, 0x00009DB0, 0x00000010 },
    { 0x01F7, 0x0006, 0x01, 0x06, 0x0028, 0x000C, 0, 0x00009530, 0x000007E8 },
    { 0x01F7, 0x0006, 0x02, 0x06, 0x0028, 0x000C, 0, 0x00009D18, 0x00000098 },
    { 0x01F7, 0x0007, 0x00, 0x06, 0x0009, 0x000B, 0, 0x0000A054, 0x00000010 },
    { 0x01F7, 0x0007, 0x01, 0x06, 0x0009, 0x000B, 0, 0x00009DC0, 0x000001FC },
    { 0x01F7, 0x0007, 0x02, 0x06, 0x0009, 0x000B, 0, 0x00009FBC, 0x00000098 },
    { 0x01F7, 0x0008, 0x00, 0x06, 0x001E, 0x000A, 0, 0x0000299C, 0x00000010 },
    { 0x01F7, 0x0008, 0x01, 0x06, 0x001E, 0x000A, 0, 0x00002170, 0x00000794 },
    { 0x01F7, 0x0008, 0x02, 0x06, 0x001E, 0x000A, 0, 0x00002904, 0x00000098 },
    { 0x01F7, 0x0009, 0x00, 0x06, 0x001C, 0x000B, 0, 0x00002158, 0x00000010 },
    { 0x01F7, 0x0009, 0x01, 0x06, 0x001C, 0x000B, 0, 0x000019E0, 0x000006E0 },
    { 0x01F7, 0x0009, 0x02, 0x06, 0x001C, 0x000B, 0, 0x000020C0, 0x00000098 },
    { 0x01F7, 0x000A, 0x00, 0x06, 0x0028, 0x000C, 0, 0x000039B0, 0x00000010 },
    { 0x01F7, 0x000A, 0x01, 0x06, 0x0028, 0x000C, 0, 0x00003130, 0x000007E8 },
    { 0x01F7, 0x000A, 0x02, 0x06, 0x0028, 0x000C, 0, 0x00003918, 0x00000098 },
    { 0x01F7, 0x000B, 0x00, 0x06, 0x001B, 0x000B, 0, 0x00003120, 0x00000010 },
    { 0x01F7, 0x000B, 0x01, 0x06, 0x001B, 0x000B, 0, 0x000029B0, 0x000006D8 },
    { 0x01F7, 0x000B, 0x02, 0x06, 0x001B, 0x000B, 0, 0x00003088, 0x00000098 },
    { 0x01F8, 0x0000, 0x00, 0x06, 0x0002, 0x0030, 0, 0x00000108, 0x00000010 },
    { 0x01F8, 0x0000, 0x01, 0x06, 0x0002, 0x0030, 0, 0x00000000, 0x00000060 },
    { 0x01F8, 0x0000, 0x02, 0x06, 0x0002, 0x0030, 0, 0x00000060, 0x000000A8 },
    { 0x01F8, 0x0001, 0x00, 0x06, 0x0010, 0x0002, 0, 0x0000092C, 0x00000010 },
    { 0x01F8, 0x0001, 0x01, 0x06, 0x0010, 0x0002, 0, 0x00000120, 0x00000764 },
    { 0x01F8, 0x0001, 0x02, 0x06, 0x0010, 0x0002, 0, 0x00000884, 0x000000A8 },
    { 0x01F8, 0x0002, 0x00, 0x06, 0x0032, 0x000E, 0, 0x00001DF0, 0x00000010 },
    { 0x01F8, 0x0002, 0x01, 0x06, 0x0032, 0x000E, 0, 0x00000940, 0x00001408 },
    { 0x01F8, 0x0002, 0x02, 0x06, 0x0032, 0x000E, 0, 0x00001D48, 0x000000A8 },
    { 0x01F8, 0x0003, 0x00, 0x06, 0x0028, 0x0004, 0, 0x000031C0, 0x00000010 },
    { 0x01F8, 0x0003, 0x01, 0x06, 0x0028, 0x0004, 0, 0x00001E00, 0x00001318 },
    { 0x01F8, 0x0003, 0x02, 0x06, 0x0028, 0x0004, 0, 0x00003118, 0x000000A8 },
    { 0x01F8, 0x0004, 0x00, 0x06, 0x0027, 0x0004, 0, 0x00004344, 0x00000010 },
    { 0x01F8, 0x0004, 0x01, 0x06, 0x0027, 0x0004, 0, 0x000031D0, 0x000010CC },
    { 0x01F8, 0x0004, 0x02, 0x06, 0x0027, 0x0004, 0, 0x0000429C, 0x000000A8 },
    { 0x01F8, 0x0005, 0x00, 0x06, 0x0028, 0x0003, 0, 0x00005810, 0x00000010 },
    { 0x01F8, 0x0005, 0x01, 0x06, 0x0028, 0x0003, 0, 0x00004360, 0x00001408 },
    { 0x01F8, 0x0005, 0x02, 0x06, 0x0028, 0x0003, 0, 0x00005768, 0x000000A8 },
    { 0x01F8, 0x0006, 0x00, 0x06, 0x000A, 0x0005, 0, 0x00005E60, 0x00000010 },
    { 0x01F8, 0x0006, 0x01, 0x06, 0x000A, 0x0005, 0, 0x00005AF0, 0x000002C8 },
    { 0x01F8, 0x0006, 0x02, 0x06, 0x000A, 0x0005, 0, 0x00005DB8, 0x000000A8 },
    { 0x01F8, 0x0007, 0x00, 0x06, 0x001E, 0x0003, 0, 0x000069E8, 0x00000010 },
    { 0x01F8, 0x0007, 0x01, 0x06, 0x001E, 0x0003, 0, 0x00005E70, 0x00000AD0 },
    { 0x01F8, 0x0007, 0x02, 0x06, 0x001E, 0x0003, 0, 0x00006940, 0x000000A8 },
    { 0x01F8, 0x0008, 0x00, 0x06, 0x0032, 0x0003, 0, 0x00007CA8, 0x00000010 },
    { 0x01F8, 0x0008, 0x01, 0x06, 0x0032, 0x0003, 0, 0x00006A00, 0x00001200 },
    { 0x01F8, 0x0008, 0x02, 0x06, 0x0032, 0x0003, 0, 0x00007C00, 0x000000A8 },
    { 0x01F8, 0x0009, 0x00, 0x06, 0x001E, 0x0005, 0, 0x00008698, 0x00000010 },
    { 0x01F8, 0x0009, 0x01, 0x06, 0x001E, 0x0005, 0, 0x00007CC0, 0x00000930 },
    { 0x01F8, 0x0009, 0x02, 0x06, 0x001E, 0x0005, 0, 0x000085F0, 0x000000A8 },
    { 0x01F8, 0x000A, 0x00, 0x06, 0x0032, 0x0004, 0, 0x0001D514, 0x00000010 },
    { 0x01F8, 0x000A, 0x01, 0x06, 0x0032, 0x0004, 0, 0x0001C460, 0x0000100C },
    { 0x01F8, 0x000A, 0x02, 0x06, 0x0032, 0x0004, 0, 0x0001D46C, 0x000000A8 },
    { 0x01F9, 0x0000, 0x00, 0x06, 0x0008, 0x000A, 0, 0x0000017C, 0x00000010 },
    { 0x01F9, 0x0000, 0x01, 0x06, 0x0008, 0x000A, 0, 0x00000000, 0x000000D4 },
    { 0x01F9, 0x0000, 0x02, 0x06, 0x0008, 0x000A, 0, 0x000000D4, 0x000000A8 },
    { 0x01FA, 0x0000, 0x00, 0x06, 0x0051, 0x0006, 0, 0x000013C4, 0x00000010 },
    { 0x01FA, 0x0000, 0x01, 0x06, 0x0051, 0x0006, 0, 0x00000000, 0x00001308 },
    { 0x01FA, 0x0000, 0x02, 0x06, 0x0051, 0x0006, 0, 0x00001308, 0x000000BC },
    { 0x01FA, 0x0001, 0x00, 0x06, 0x0013, 0x0006, 0, 0x00001A44, 0x00000010 },
    { 0x01FA, 0x0001, 0x01, 0x06, 0x0013, 0x0006, 0, 0x00001610, 0x00000378 },
    { 0x01FA, 0x0001, 0x02, 0x06, 0x0013, 0x0006, 0, 0x00001988, 0x000000BC },
    { 0x01FA, 0x0002, 0x00, 0x06, 0x0033, 0x0008, 0, 0x000028F0, 0x00000010 },
    { 0x01FA, 0x0002, 0x01, 0x06, 0x0033, 0x0008, 0, 0x00001F60, 0x000008D4 },
    { 0x01FA, 0x0002, 0x02, 0x06, 0x0033, 0x0008, 0, 0x00002834, 0x000000BC },
    { 0x01FA, 0x0003, 0x00, 0x06, 0x0029, 0x0008, 0, 0x00003088, 0x00000010 },
    { 0x01FA, 0x0003, 0x01, 0x06, 0x0029, 0x0008, 0, 0x00002900, 0x000006CC },
    { 0x01FA, 0x0003, 0x02, 0x06, 0x0029, 0x0008, 0, 0x00002FCC, 0x000000BC },
    { 0x01FA, 0x0004, 0x00, 0x06, 0x001E, 0x0006, 0, 0x00003B14, 0x00000010 },
    { 0x01FA, 0x0004, 0x01, 0x06, 0x001E, 0x0006, 0, 0x00003380, 0x000006D8 },
    { 0x01FA, 0x0004, 0x02, 0x06, 0x001E, 0x0006, 0, 0x00003A58, 0x000000BC },
    { 0x01FA, 0x0005, 0x00, 0x06, 0x001E, 0x0006, 0, 0x000042C4, 0x00000010 },
    { 0x01FA, 0x0005, 0x01, 0x06, 0x001E, 0x0006, 0, 0x00003B30, 0x000006D8 },
    { 0x01FA, 0x0005, 0x02, 0x06, 0x001E, 0x0006, 0, 0x00004208, 0x000000BC },
    { 0x01FA, 0x0006, 0x00, 0x06, 0x0028, 0x0009, 0, 0x00004C20, 0x00000010 },
    { 0x01FA, 0x0006, 0x01, 0x06, 0x0028, 0x0009, 0, 0x000042E0, 0x00000884 },
    { 0x01FA, 0x0006, 0x02, 0x06, 0x0028, 0x0009, 0, 0x00004B64, 0x000000BC },
    { 0x01FA, 0x0007, 0x00, 0x06, 0x0028, 0x0008, 0, 0x00008B1C, 0x00000010 },
    { 0x01FA, 0x0007, 0x01, 0x06, 0x0028, 0x0008, 0, 0x00008320, 0x00000740 },
    { 0x01FA, 0x0007, 0x02, 0x06, 0x0028, 0x0008, 0, 0x00008A60, 0x000000BC },
    { 0x01FA, 0x0008, 0x00, 0x06, 0x0014, 0x0020, 0, 0x000015F4, 0x00000010 },
    { 0x01FA, 0x0008, 0x01, 0x06, 0x0014, 0x0020, 0, 0x000013E0, 0x00000158 },
    { 0x01FA, 0x0008, 0x02, 0x06, 0x0014, 0x0020, 0, 0x00001538, 0x000000BC },
    { 0x01FA, 0x0009, 0x00, 0x06, 0x0015, 0x0006, 0, 0x00001F44, 0x00000010 },
    { 0x01FA, 0x0009, 0x01, 0x06, 0x0015, 0x0006, 0, 0x00001A60, 0x00000428 },
    { 0x01FA, 0x0009, 0x02, 0x06, 0x0015, 0x0006, 0, 0x00001E88, 0x000000BC },
    { 0x01FA, 0x000A, 0x00, 0x06, 0x000B, 0x0009, 0, 0x00003368, 0x00000010 },
    { 0x01FA, 0x000A, 0x01, 0x06, 0x000B, 0x0009, 0, 0x000030A0, 0x0000020C },
    { 0x01FA, 0x000A, 0x02, 0x06, 0x000B, 0x0009, 0, 0x000032AC, 0x000000BC },
    { 0x01FA, 0x000B, 0x00, 0x06, 0x000B, 0x0008, 0, 0x00008DE0, 0x00000010 },
    { 0x01FA, 0x000B, 0x01, 0x06, 0x000B, 0x0008, 0, 0x00008B30, 0x000001F4 },
    { 0x01FA, 0x000B, 0x02, 0x06, 0x000B, 0x0008, 0, 0x00008D24, 0x000000BC },
    { 0x01FA, 0x000C, 0x00, 0x06, 0x000A, 0x0008, 0, 0x00009088, 0x00000010 },
    { 0x01FA, 0x000C, 0x01, 0x06, 0x000A, 0x0008, 0, 0x00008DF0, 0x000001DC },
    { 0x01FA, 0x000C, 0x02, 0x06, 0x000A, 0x0008, 0, 0x00008FCC, 0x000000BC },
    { 0x01FC, 0x0000, 0x00, 0x06, 0x000A, 0x0012, 0, 0x000000E8, 0x00000010 },
    { 0x01FC, 0x0000, 0x01, 0x06, 0x000A, 0x0012, 0, 0x00000000, 0x00000088 },
    { 0x01FC, 0x0000, 0x02, 0x06, 0x000A, 0x0012, 0, 0x00000088, 0x00000060 },
    { 0x01FD, 0x0000, 0x00, 0x06, 0x0008, 0x000D, 0, 0x000001D4, 0x00000010 },
    { 0x01FD, 0x0000, 0x01, 0x06, 0x0008, 0x000D, 0, 0x00000000, 0x0000013C },
    { 0x01FD, 0x0000, 0x02, 0x06, 0x0008, 0x000D, 0, 0x0000013C, 0x00000098 },
    { 0x01FD, 0x0001, 0x00, 0x06, 0x000F, 0x000C, 0, 0x000004F8, 0x00000010 },
    { 0x01FD, 0x0001, 0x01, 0x06, 0x000F, 0x000C, 0, 0x000001F0, 0x00000270 },
    { 0x01FD, 0x0001, 0x02, 0x06, 0x000F, 0x000C, 0, 0x00000460, 0x00000098 },
    { 0x01FD, 0x0002, 0x00, 0x06, 0x0006, 0x000D, 0, 0x0000069C, 0x00000010 },
    { 0x01FD, 0x0002, 0x01, 0x06, 0x0006, 0x000D, 0, 0x00000510, 0x000000F4 },
    { 0x01FD, 0x0002, 0x02, 0x06, 0x0006, 0x000D, 0, 0x00000604, 0x00000098 },
    { 0x01FD, 0x0003, 0x00, 0x06, 0x0006, 0x000D, 0, 0x0000083C, 0x00000010 },
    { 0x01FD, 0x0003, 0x01, 0x06, 0x0006, 0x000D, 0, 0x000006B0, 0x000000F4 },
    { 0x01FD, 0x0003, 0x02, 0x06, 0x0006, 0x000D, 0, 0x000007A4, 0x00000098 },
    { 0x01FD, 0x0004, 0x00, 0x06, 0x0008, 0x000D, 0, 0x00000A14, 0x00000010 },
    { 0x01FD, 0x0004, 0x01, 0x06, 0x0008, 0x000D, 0, 0x00000850, 0x0000012C },
    { 0x01FD, 0x0004, 0x02, 0x06, 0x0008, 0x000D, 0, 0x0000097C, 0x00000098 },
    { 0x01FD, 0x0005, 0x00, 0x06, 0x000B, 0x000D, 0, 0x00000C70, 0x00000010 },
    { 0x01FD, 0x0005, 0x01, 0x06, 0x000B, 0x000D, 0, 0x00000A30, 0x000001A8 },
    { 0x01FD, 0x0005, 0x02, 0x06, 0x000B, 0x000D, 0, 0x00000BD8, 0x00000098 },
    { 0x01FD, 0x0006, 0x00, 0x06, 0x000F, 0x000D, 0, 0x00000F50, 0x00000010 },
    { 0x01FD, 0x0006, 0x01, 0x06, 0x000F, 0x000D, 0, 0x00000C80, 0x00000238 },
    { 0x01FD, 0x0006, 0x02, 0x06, 0x000F, 0x000D, 0, 0x00000EB8, 0x00000098 },
    { 0x01FD, 0x0007, 0x00, 0x06, 0x0014, 0x000D, 0, 0x000012E4, 0x00000010 },
    { 0x01FD, 0x0007, 0x01, 0x06, 0x0014, 0x000D, 0, 0x00000F60, 0x000002EC },
    { 0x01FD, 0x0007, 0x02, 0x06, 0x0014, 0x000D, 0, 0x0000124C, 0x00000098 },
    { 0x01FE, 0x0000, 0x00, 0x06, 0x001E, 0x0007, 0, 0x000001E4, 0x00000010 },
    { 0x01FE, 0x0000, 0x01, 0x06, 0x001E, 0x0007, 0, 0x00000000, 0x00000178 },
    { 0x01FE, 0x0000, 0x02, 0x06, 0x001E, 0x0007, 0, 0x00000178, 0x0000006C },
    { 0x01FF, 0x0000, 0x00, 0x06, 0x0031, 0x0009, 0, 0x00000350, 0x00000010 },
    { 0x01FF, 0x0000, 0x01, 0x06, 0x0031, 0x0009, 0, 0x00000000, 0x000002C0 },
    { 0x01FF, 0x0000, 0x02, 0x06, 0x0031, 0x0009, 0, 0x000002C0, 0x00000090 },
    { 0x01FF, 0x0001, 0x00, 0x06, 0x0020, 0x0009, 0, 0x000005C4, 0x00000010 },
    { 0x01FF, 0x0001, 0x01, 0x06, 0x0020, 0x0009, 0, 0x00000360, 0x000001D4 },
    { 0x01FF, 0x0001, 0x02, 0x06, 0x0020, 0x0009, 0, 0x00000534, 0x00000090 },
    { 0x01FF, 0x0002, 0x00, 0x06, 0x0020, 0x0009, 0, 0x00000844, 0x00000010 },
    { 0x01FF, 0x0002, 0x01, 0x06, 0x0020, 0x0009, 0, 0x000005E0, 0x000001D4 },
    { 0x01FF, 0x0002, 0x02, 0x06, 0x0020, 0x0009, 0, 0x000007B4, 0x00000090 },
    { 0x01FF, 0x0003, 0x00, 0x06, 0x0010, 0x0009, 0, 0x000009C4, 0x00000010 },
    { 0x01FF, 0x0003, 0x01, 0x06, 0x0010, 0x0009, 0, 0x00000860, 0x000000D4 },
    { 0x01FF, 0x0003, 0x02, 0x06, 0x0010, 0x0009, 0, 0x00000934, 0x00000090 },
    { 0x0200, 0x0000, 0x00, 0x06, 0x001E, 0x001F, 0, 0x00000690, 0x00000010 },
    { 0x0200, 0x0000, 0x01, 0x06, 0x001E, 0x001F, 0, 0x00000000, 0x00000568 },
    { 0x0200, 0x0000, 0x02, 0x06, 0x001E, 0x001F, 0, 0x00000568, 0x00000128 },
    { 0x0200, 0x0001, 0x00, 0x06, 0x0017, 0x001D, 0, 0x00001074, 0x00000010 },
    { 0x0200, 0x0001, 0x01, 0x06, 0x0017, 0x001D, 0, 0x000006A0, 0x000008AC },
    { 0x0200, 0x0001, 0x02, 0x06, 0x0017, 0x001D, 0, 0x00000F4C, 0x00000128 },
    { 0x0200, 0x0002, 0x00, 0x06, 0x0044, 0x001D, 0, 0x00002D0C, 0x00000010 },
    { 0x0200, 0x0002, 0x01, 0x06, 0x0044, 0x001D, 0, 0x00001090, 0x00001B54 },
    { 0x0200, 0x0002, 0x02, 0x06, 0x0044, 0x001D, 0, 0x00002BE4, 0x00000128 },
    { 0x0200, 0x0003, 0x00, 0x06, 0x001E, 0x0014, 0, 0x00003CF8, 0x00000010 },
    { 0x0200, 0x0003, 0x01, 0x06, 0x001E, 0x0014, 0, 0x00002D20, 0x00000EB0 },
    { 0x0200, 0x0003, 0x02, 0x06, 0x001E, 0x0014, 0, 0x00003BD0, 0x00000128 },
    { 0x0200, 0x0004, 0x00, 0x06, 0x0014, 0x0030, 0, 0x000042A8, 0x00000010 },
    { 0x0200, 0x0004, 0x01, 0x06, 0x0014, 0x0030, 0, 0x00003D10, 0x00000470 },
    { 0x0200, 0x0004, 0x02, 0x06, 0x0014, 0x0030, 0, 0x00004180, 0x00000128 },
    { 0x0200, 0x0005, 0x00, 0x06, 0x001B, 0x001D, 0, 0x00004E0C, 0x00000010 },
    { 0x0200, 0x0005, 0x01, 0x06, 0x001B, 0x001D, 0, 0x000042C0, 0x00000A24 },
    { 0x0200, 0x0005, 0x02, 0x06, 0x001B, 0x001D, 0, 0x00004CE4, 0x00000128 },
    { 0x0200, 0x0006, 0x00, 0x06, 0x0033, 0x001B, 0, 0x000061D4, 0x00000010 },
    { 0x0200, 0x0006, 0x01, 0x06, 0x0033, 0x001B, 0, 0x00004E20, 0x0000128C },
    { 0x0200, 0x0006, 0x02, 0x06, 0x0033, 0x001B, 0, 0x000060AC, 0x00000128 },
    { 0x0200, 0x0007, 0x00, 0x06, 0x0013, 0x0021, 0, 0x00006924, 0x00000010 },
    { 0x0200, 0x0007, 0x01, 0x06, 0x0013, 0x0021, 0, 0x000061F0, 0x0000060C },
    { 0x0200, 0x0007, 0x02, 0x06, 0x0013, 0x0021, 0, 0x000067FC, 0x00000128 },
    { 0x0200, 0x0008, 0x00, 0x06, 0x0065, 0x001B, 0, 0x00008EEC, 0x00000010 },
    { 0x0200, 0x0008, 0x01, 0x06, 0x0065, 0x001B, 0, 0x00006940, 0x00002484 },
    { 0x0200, 0x0008, 0x02, 0x06, 0x0065, 0x001B, 0, 0x00008DC4, 0x00000128 },
    { 0x0200, 0x0009, 0x00, 0x06, 0x0024, 0x001F, 0, 0x00009D10, 0x00000010 },
    { 0x0200, 0x0009, 0x01, 0x06, 0x0024, 0x001F, 0, 0x00008F00, 0x00000CE8 },
    { 0x0200, 0x0009, 0x02, 0x06, 0x0024, 0x001F, 0, 0x00009BE8, 0x00000128 },
    { 0x0200, 0x000A, 0x00, 0x06, 0x001F, 0x000D, 0, 0x0000AA9C, 0x00000010 },
    { 0x0200, 0x000A, 0x01, 0x06, 0x001F, 0x000D, 0, 0x00009EF0, 0x00000A84 },
    { 0x0200, 0x000A, 0x02, 0x06, 0x001F, 0x000D, 0, 0x0000A974, 0x00000128 },
    { 0x0200, 0x000B, 0x00, 0x06, 0x0073, 0x0015, 0, 0x0000DF38, 0x00000010 },
    { 0x0200, 0x000B, 0x01, 0x06, 0x0073, 0x0015, 0, 0x0000AAB0, 0x00003360 },
    { 0x0200, 0x000B, 0x02, 0x06, 0x0073, 0x0015, 0, 0x0000DE10, 0x00000128 },
    { 0x0200, 0x000C, 0x00, 0x06, 0x001E, 0x0027, 0, 0x0000E848, 0x00000010 },
    { 0x0200, 0x000C, 0x01, 0x06, 0x001E, 0x0027, 0, 0x0000DF50, 0x000007D0 },
    { 0x0200, 0x000C, 0x02, 0x06, 0x001E, 0x0027, 0, 0x0000E720, 0x00000128 },
    { 0x0200, 0x000D, 0x00, 0x06, 0x0014, 0x000F, 0, 0x0000F0D8, 0x00000010 },
    { 0x0200, 0x000D, 0x01, 0x06, 0x0014, 0x000F, 0, 0x0000E860, 0x00000750 },
    { 0x0200, 0x000D, 0x02, 0x06, 0x0014, 0x000F, 0, 0x0000EFB0, 0x00000128 },
    { 0x0200, 0x000E, 0x00, 0x06, 0x003C, 0x000C, 0, 0x0001B6E0, 0x00000010 },
    { 0x0200, 0x000E, 0x01, 0x06, 0x003C, 0x000C, 0, 0x00019F20, 0x00001698 },
    { 0x0200, 0x000E, 0x02, 0x06, 0x003C, 0x000C, 0, 0x0001B5B8, 0x00000128 },
    { 0x0200, 0x000F, 0x00, 0x06, 0x0010, 0x001F, 0, 0x0001BE18, 0x00000010 },
    { 0x0200, 0x000F, 0x01, 0x06, 0x0010, 0x001F, 0, 0x0001B6F0, 0x00000600 },
    { 0x0200, 0x000F, 0x02, 0x06, 0x0010, 0x001F, 0, 0x0001BCF0, 0x00000128 },
    { 0x0200, 0x0010, 0x00, 0x06, 0x000F, 0x001D, 0, 0x0001C534, 0x00000010 },
    { 0x0200, 0x0010, 0x01, 0x06, 0x000F, 0x001D, 0, 0x0001BE30, 0x000005DC },
    { 0x0200, 0x0010, 0x02, 0x06, 0x000F, 0x001D, 0, 0x0001C40C, 0x00000128 },
    { 0x0201, 0x0000, 0x00, 0x06, 0x0078, 0x0008, 0, 0x00006D50, 0x00000010 },
    { 0x0201, 0x0000, 0x01, 0x06, 0x0078, 0x0008, 0, 0x000055A0, 0x00001690 },
    { 0x0201, 0x0000, 0x02, 0x06, 0x0078, 0x0008, 0, 0x00006C30, 0x00000120 },
    { 0x0201, 0x0001, 0x00, 0x06, 0x001E, 0x0008, 0, 0x00005584, 0x00000010 },
    { 0x0201, 0x0001, 0x01, 0x06, 0x001E, 0x0008, 0, 0x00004E00, 0x00000664 },
    { 0x0201, 0x0001, 0x02, 0x06, 0x001E, 0x0008, 0, 0x00005464, 0x00000120 },
    { 0x0201, 0x0002, 0x00, 0x06, 0x0041, 0x0006, 0, 0x00004DEC, 0x00000010 },
    { 0x0201, 0x0002, 0x01, 0x06, 0x0041, 0x0006, 0, 0x00003D00, 0x00000FCC },
    { 0x0201, 0x0002, 0x02, 0x06, 0x0041, 0x0006, 0, 0x00004CCC, 0x00000120 },
    { 0x0201, 0x0003, 0x00, 0x06, 0x0021, 0x0003, 0, 0x00003CEC, 0x00000010 },
    { 0x0201, 0x0003, 0x01, 0x06, 0x0021, 0x0003, 0, 0x000032C0, 0x0000090C },
    { 0x0201, 0x0003, 0x02, 0x06, 0x0021, 0x0003, 0, 0x00003BCC, 0x00000120 },
    { 0x0201, 0x0004, 0x00, 0x06, 0x0023, 0x0006, 0, 0x000075F0, 0x00000010 },
    { 0x0201, 0x0004, 0x01, 0x06, 0x0023, 0x0006, 0, 0x00006D60, 0x00000770 },
    { 0x0201, 0x0004, 0x02, 0x06, 0x0023, 0x0006, 0, 0x000074D0, 0x00000120 },
    { 0x0201, 0x0005, 0x00, 0x06, 0x001D, 0x0005, 0, 0x000032B0, 0x00000010 },
    { 0x0201, 0x0005, 0x01, 0x06, 0x001D, 0x0005, 0, 0x00002C50, 0x00000540 },
    { 0x0201, 0x0005, 0x02, 0x06, 0x001D, 0x0005, 0, 0x00003190, 0x00000120 },
    { 0x0201, 0x0006, 0x00, 0x06, 0x0018, 0x0005, 0, 0x00001E2C, 0x00000010 },
    { 0x0201, 0x0006, 0x01, 0x06, 0x0018, 0x0005, 0, 0x000017F0, 0x0000051C },
    { 0x0201, 0x0006, 0x02, 0x06, 0x0018, 0x0005, 0, 0x00001D0C, 0x00000120 },
    { 0x0201, 0x0007, 0x00, 0x06, 0x0017, 0x0004, 0, 0x00002470, 0x00000010 },
    { 0x0201, 0x0007, 0x01, 0x06, 0x0017, 0x0004, 0, 0x00001E40, 0x00000510 },
    { 0x0201, 0x0007, 0x02, 0x06, 0x0017, 0x0004, 0, 0x00002350, 0x00000120 },
    { 0x0201, 0x0008, 0x00, 0x06, 0x001E, 0x0004, 0, 0x00002C38, 0x00000010 },
    { 0x0201, 0x0008, 0x01, 0x06, 0x001E, 0x0004, 0, 0x00002480, 0x00000698 },
    { 0x0201, 0x0008, 0x02, 0x06, 0x001E, 0x0004, 0, 0x00002B18, 0x00000120 },
    { 0x0202, 0x0000, 0x00, 0x06, 0x003B, 0x000A, 0, 0x00008138, 0x00000010 },
    { 0x0202, 0x0000, 0x01, 0x06, 0x003B, 0x000A, 0, 0x000066A0, 0x00001970 },
    { 0x0202, 0x0000, 0x02, 0x06, 0x003B, 0x000A, 0, 0x00008010, 0x00000128 },
    { 0x0202, 0x0001, 0x00, 0x06, 0x0015, 0x000D, 0, 0x00008C6C, 0x00000010 },
    { 0x0202, 0x0001, 0x01, 0x06, 0x0015, 0x000D, 0, 0x00008150, 0x000009F4 },
    { 0x0202, 0x0001, 0x02, 0x06, 0x0015, 0x000D, 0, 0x00008B44, 0x00000128 },
    { 0x0202, 0x0002, 0x00, 0x06, 0x0014, 0x0018, 0, 0x00009530, 0x00000010 },
    { 0x0202, 0x0002, 0x01, 0x06, 0x0014, 0x0018, 0, 0x00008C80, 0x00000788 },
    { 0x0202, 0x0002, 0x02, 0x06, 0x0014, 0x0018, 0, 0x00009408, 0x00000128 },
    { 0x0202, 0x0003, 0x00, 0x06, 0x001E, 0x0008, 0, 0x0000A3D4, 0x00000010 },
    { 0x0202, 0x0003, 0x01, 0x06, 0x001E, 0x0008, 0, 0x00009540, 0x00000D6C },
    { 0x0202, 0x0003, 0x02, 0x06, 0x001E, 0x0008, 0, 0x0000A2AC, 0x00000128 },
    { 0x0202, 0x0004, 0x00, 0x06, 0x001D, 0x0015, 0, 0x0000B10C, 0x00000010 },
    { 0x0202, 0x0004, 0x01, 0x06, 0x001D, 0x0015, 0, 0x0000A3F0, 0x00000BF4 },
    { 0x0202, 0x0004, 0x02, 0x06, 0x001D, 0x0015, 0, 0x0000AFE4, 0x00000128 },
    { 0x0202, 0x0005, 0x00, 0x06, 0x0007, 0x0024, 0, 0x0001081C, 0x00000010 },
    { 0x0202, 0x0005, 0x01, 0x06, 0x0007, 0x0024, 0, 0x000104C0, 0x00000234 },
    { 0x0202, 0x0005, 0x02, 0x06, 0x0007, 0x0024, 0, 0x000106F4, 0x00000128 },
    { 0x0202, 0x0006, 0x00, 0x06, 0x0007, 0x000C, 0, 0x00010CAC, 0x00000010 },
    { 0x0202, 0x0006, 0x01, 0x06, 0x0007, 0x000C, 0, 0x00010830, 0x00000354 },
    { 0x0202, 0x0006, 0x02, 0x06, 0x0007, 0x000C, 0, 0x00010B84, 0x00000128 },
    { 0x0202, 0x0007, 0x00, 0x06, 0x0007, 0x001D, 0, 0x00011070, 0x00000010 },
    { 0x0202, 0x0007, 0x01, 0x06, 0x0007, 0x001D, 0, 0x00010CC0, 0x00000288 },
    { 0x0202, 0x0007, 0x02, 0x06, 0x0007, 0x001D, 0, 0x00010F48, 0x00000128 },
    { 0x0202, 0x0008, 0x00, 0x06, 0x0011, 0x0007, 0, 0x000119F4, 0x00000010 },
    { 0x0202, 0x0008, 0x01, 0x06, 0x0011, 0x0007, 0, 0x00011080, 0x0000084C },
    { 0x0202, 0x0008, 0x02, 0x06, 0x0011, 0x0007, 0, 0x000118CC, 0x00000128 },
    { 0x0202, 0x0009, 0x00, 0x06, 0x0038, 0x0009, 0, 0x0001366C, 0x00000010 },
    { 0x0202, 0x0009, 0x01, 0x06, 0x0038, 0x0009, 0, 0x00011A10, 0x00001B34 },
    { 0x0202, 0x0009, 0x02, 0x06, 0x0038, 0x0009, 0, 0x00013544, 0x00000128 },
    { 0x0202, 0x000A, 0x00, 0x06, 0x0032, 0x0008, 0, 0x00014E60, 0x00000010 },
    { 0x0202, 0x000A, 0x01, 0x06, 0x0032, 0x0008, 0, 0x00013680, 0x000016B8 },
    { 0x0202, 0x000A, 0x02, 0x06, 0x0032, 0x0008, 0, 0x00014D38, 0x00000128 },
    { 0x0202, 0x000B, 0x00, 0x06, 0x0014, 0x000C, 0, 0x000157F8, 0x00000010 },
    { 0x0202, 0x000B, 0x01, 0x06, 0x0014, 0x000C, 0, 0x00014E70, 0x00000860 },
    { 0x0202, 0x000B, 0x02, 0x06, 0x0014, 0x000C, 0, 0x000156D0, 0x00000128 },
    { 0x0202, 0x000C, 0x00, 0x06, 0x001D, 0x000F, 0, 0x00016388, 0x00000010 },
    { 0x0202, 0x000C, 0x01, 0x06, 0x001D, 0x000F, 0, 0x00015810, 0x00000A50 },
    { 0x0202, 0x000C, 0x02, 0x06, 0x001D, 0x000F, 0, 0x00016260, 0x00000128 },
    { 0x0203, 0x0000, 0x00, 0x06, 0x0014, 0x000E, 0, 0x00000AE8, 0x00000010 },
    { 0x0203, 0x0000, 0x01, 0x06, 0x0014, 0x000E, 0, 0x00000000, 0x000008DC },
    { 0x0203, 0x0000, 0x02, 0x06, 0x0014, 0x000E, 0, 0x000008DC, 0x0000020C },
    { 0x0203, 0x0001, 0x00, 0x06, 0x001F, 0x000E, 0, 0x0000193C, 0x00000010 },
    { 0x0203, 0x0001, 0x01, 0x06, 0x001F, 0x000E, 0, 0x00000B00, 0x00000C38 },
    { 0x0203, 0x0001, 0x02, 0x06, 0x001F, 0x000E, 0, 0x00001738, 0x00000204 },
    { 0x0203, 0x0002, 0x00, 0x06, 0x0014, 0x0009, 0, 0x00002360, 0x00000010 },
    { 0x0203, 0x0002, 0x01, 0x06, 0x0014, 0x0009, 0, 0x00001950, 0x0000080C },
    { 0x0203, 0x0002, 0x02, 0x06, 0x0014, 0x0009, 0, 0x0000215C, 0x00000204 },
    { 0x0203, 0x0003, 0x00, 0x06, 0x0014, 0x0021, 0, 0x000029F0, 0x00000010 },
    { 0x0203, 0x0003, 0x01, 0x06, 0x0014, 0x0021, 0, 0x00002370, 0x0000047C },
    { 0x0203, 0x0003, 0x02, 0x06, 0x0014, 0x0021, 0, 0x000027EC, 0x00000204 },
    { 0x0203, 0x0004, 0x00, 0x06, 0x000E, 0x0007, 0, 0x00004318, 0x00000010 },
    { 0x0203, 0x0004, 0x01, 0x06, 0x000E, 0x0007, 0, 0x000039E0, 0x0000072C },
    { 0x0203, 0x0004, 0x02, 0x06, 0x000E, 0x0007, 0, 0x0000410C, 0x0000020C },
    { 0x0203, 0x0005, 0x00, 0x06, 0x000F, 0x0019, 0, 0x00004A20, 0x00000010 },
    { 0x0203, 0x0005, 0x01, 0x06, 0x000F, 0x0019, 0, 0x00004330, 0x000004E4 },
    { 0x0203, 0x0005, 0x02, 0x06, 0x000F, 0x0019, 0, 0x00004814, 0x0000020C },
    { 0x0203, 0x0006, 0x00, 0x06, 0x000E, 0x0007, 0, 0x00005330, 0x00000010 },
    { 0x0203, 0x0006, 0x01, 0x06, 0x000E, 0x0007, 0, 0x00004A30, 0x000006F4 },
    { 0x0203, 0x0006, 0x02, 0x06, 0x000E, 0x0007, 0, 0x00005124, 0x0000020C },
    { 0x0203, 0x0007, 0x00, 0x06, 0x0008, 0x000D, 0, 0x000058C0, 0x00000010 },
    { 0x0203, 0x0007, 0x01, 0x06, 0x0008, 0x000D, 0, 0x00005340, 0x0000037C },
    { 0x0203, 0x0007, 0x02, 0x06, 0x0008, 0x000D, 0, 0x000056BC, 0x00000204 },
    { 0x0203, 0x0008, 0x00, 0x06, 0x000A, 0x000A, 0, 0x00005F28, 0x00000010 },
    { 0x0203, 0x0008, 0x01, 0x06, 0x000A, 0x000A, 0, 0x000058D0, 0x0000044C },
    { 0x0203, 0x0008, 0x02, 0x06, 0x000A, 0x000A, 0, 0x00005D1C, 0x0000020C },
    { 0x0203, 0x0009, 0x00, 0x06, 0x000D, 0x000D, 0, 0x000066DC, 0x00000010 },
    { 0x0203, 0x0009, 0x01, 0x06, 0x000D, 0x000D, 0, 0x00005F40, 0x00000598 },
    { 0x0203, 0x0009, 0x02, 0x06, 0x000D, 0x000D, 0, 0x000064D8, 0x00000204 },
    { 0x0203, 0x000A, 0x00, 0x06, 0x000D, 0x0011, 0, 0x00006E60, 0x00000010 },
    { 0x0203, 0x000A, 0x01, 0x06, 0x000D, 0x0011, 0, 0x000066F0, 0x0000056C },
    { 0x0203, 0x000A, 0x02, 0x06, 0x000D, 0x0011, 0, 0x00006C5C, 0x00000204 },
    { 0x0203, 0x000B, 0x00, 0x06, 0x0073, 0x0006, 0, 0x0000B2FC, 0x00000010 },
    { 0x0203, 0x000B, 0x01, 0x06, 0x0073, 0x0006, 0, 0x00006E70, 0x00004288 },
    { 0x0203, 0x000B, 0x02, 0x06, 0x0073, 0x0006, 0, 0x0000B0F8, 0x00000204 },
    { 0x0203, 0x000C, 0x00, 0x06, 0x001E, 0x0007, 0, 0x0000C468, 0x00000010 },
    { 0x0203, 0x000C, 0x01, 0x06, 0x001E, 0x0007, 0, 0x0000B310, 0x00000F4C },
    { 0x0203, 0x000C, 0x02, 0x06, 0x001E, 0x0007, 0, 0x0000C25C, 0x0000020C },
    { 0x0203, 0x000D, 0x00, 0x06, 0x0013, 0x001E, 0, 0x0000CCD8, 0x00000010 },
    { 0x0203, 0x000D, 0x01, 0x06, 0x0013, 0x001E, 0, 0x0000C480, 0x00000654 },
    { 0x0203, 0x000D, 0x02, 0x06, 0x0013, 0x001E, 0, 0x0000CAD4, 0x00000204 },
    { 0x0203, 0x000E, 0x00, 0x06, 0x0050, 0x0007, 0, 0x0000F70C, 0x00000010 },
    { 0x0203, 0x000E, 0x01, 0x06, 0x0050, 0x0007, 0, 0x0000CCF0, 0x00002810 },
    { 0x0203, 0x000E, 0x02, 0x06, 0x0050, 0x0007, 0, 0x0000F500, 0x0000020C },
    { 0x0203, 0x000F, 0x00, 0x06, 0x002D, 0x0011, 0, 0x00010918, 0x00000010 },
    { 0x0203, 0x000F, 0x01, 0x06, 0x002D, 0x0011, 0, 0x0000F720, 0x00000FF4 },
    { 0x0203, 0x000F, 0x02, 0x06, 0x002D, 0x0011, 0, 0x00010714, 0x00000204 },
    { 0x0203, 0x0010, 0x00, 0x06, 0x001D, 0x0012, 0, 0x000113BC, 0x00000010 },
    { 0x0203, 0x0010, 0x01, 0x06, 0x001D, 0x0012, 0, 0x00010930, 0x00000888 },
    { 0x0203, 0x0010, 0x02, 0x06, 0x001D, 0x0012, 0, 0x000111B8, 0x00000204 },
    { 0x0203, 0x0011, 0x00, 0x06, 0x0028, 0x0009, 0, 0x00012678, 0x00000010 },
    { 0x0203, 0x0011, 0x01, 0x06, 0x0028, 0x0009, 0, 0x000113D0, 0x000010A4 },
    { 0x0203, 0x0011, 0x02, 0x06, 0x0028, 0x0009, 0, 0x00012474, 0x00000204 },
    { 0x0203, 0x0012, 0x00, 0x06, 0x001E, 0x000C, 0, 0x0001D74C, 0x00000010 },
    { 0x0203, 0x0012, 0x01, 0x06, 0x001E, 0x000C, 0, 0x0001C900, 0x00000C48 },
    { 0x0203, 0x0012, 0x02, 0x06, 0x001E, 0x000C, 0, 0x0001D548, 0x00000204 },
    { 0x0203, 0x0013, 0x00, 0x06, 0x001B, 0x0007, 0, 0x000039D0, 0x00000010 },
    { 0x0203, 0x0013, 0x01, 0x06, 0x001B, 0x0007, 0, 0x00002A00, 0x00000DC4 },
    { 0x0203, 0x0013, 0x02, 0x06, 0x001B, 0x0007, 0, 0x000037C4, 0x0000020C },
    { 0x0204, 0x0000, 0x00, 0x06, 0x0014, 0x0005, 0, 0x00000438, 0x00000010 },
    { 0x0204, 0x0000, 0x01, 0x06, 0x0014, 0x0005, 0, 0x00000000, 0x000003CC },
    { 0x0204, 0x0000, 0x02, 0x06, 0x0014, 0x0005, 0, 0x000003CC, 0x0000006C },
    { 0x0204, 0x0001, 0x00, 0x06, 0x0041, 0x0004, 0, 0x00010B38, 0x00000010 },
    { 0x0204, 0x0001, 0x01, 0x06, 0x0041, 0x0004, 0, 0x0000F5F0, 0x000014DC },
    { 0x0204, 0x0001, 0x02, 0x06, 0x0041, 0x0004, 0, 0x00010ACC, 0x0000006C },
    { 0x0204, 0x0002, 0x00, 0x06, 0x001E, 0x0006, 0, 0x00011348, 0x00000010 },
    { 0x0204, 0x0002, 0x01, 0x06, 0x001E, 0x0006, 0, 0x00010B50, 0x0000078C },
    { 0x0204, 0x0002, 0x02, 0x06, 0x001E, 0x0006, 0, 0x000112DC, 0x0000006C },
    { 0x0204, 0x0003, 0x00, 0x06, 0x000F, 0x0006, 0, 0x000116E4, 0x00000010 },
    { 0x0204, 0x0003, 0x01, 0x06, 0x000F, 0x0006, 0, 0x00011360, 0x00000318 },
    { 0x0204, 0x0003, 0x02, 0x06, 0x000F, 0x0006, 0, 0x00011678, 0x0000006C },
    { 0x0204, 0x0004, 0x00, 0x06, 0x0014, 0x0006, 0, 0x00011B88, 0x00000010 },
    { 0x0204, 0x0004, 0x01, 0x06, 0x0014, 0x0006, 0, 0x00011700, 0x0000041C },
    { 0x0204, 0x0004, 0x02, 0x06, 0x0014, 0x0006, 0, 0x00011B1C, 0x0000006C },
    { 0x0204, 0x0005, 0x00, 0x06, 0x0014, 0x0006, 0, 0x00012118, 0x00000010 },
    { 0x0204, 0x0005, 0x01, 0x06, 0x0014, 0x0006, 0, 0x00011BA0, 0x0000050C },
    { 0x0204, 0x0005, 0x02, 0x06, 0x0014, 0x0006, 0, 0x000120AC, 0x0000006C },
    { 0x0204, 0x0006, 0x00, 0x06, 0x0028, 0x0003, 0, 0x00012B04, 0x00000010 },
    { 0x0204, 0x0006, 0x01, 0x06, 0x0028, 0x0003, 0, 0x00012130, 0x00000968 },
    { 0x0204, 0x0006, 0x02, 0x06, 0x0028, 0x0003, 0, 0x00012A98, 0x0000006C },
    { 0x0204, 0x0007, 0x00, 0x06, 0x0014, 0x0005, 0, 0x00012F80, 0x00000010 },
    { 0x0204, 0x0007, 0x01, 0x06, 0x0014, 0x0005, 0, 0x00012B20, 0x000003F4 },
    { 0x0204, 0x0007, 0x02, 0x06, 0x0014, 0x0005, 0, 0x00012F14, 0x0000006C },
    { 0x0204, 0x0008, 0x00, 0x06, 0x000F, 0x0005, 0, 0x000132D8, 0x00000010 },
    { 0x0204, 0x0008, 0x01, 0x06, 0x000F, 0x0005, 0, 0x00012F90, 0x000002DC },
    { 0x0204, 0x0008, 0x02, 0x06, 0x000F, 0x0005, 0, 0x0001326C, 0x0000006C },
    { 0x0204, 0x0009, 0x00, 0x06, 0x0019, 0x0005, 0, 0x000138E0, 0x00000010 },
    { 0x0204, 0x0009, 0x01, 0x06, 0x0019, 0x0005, 0, 0x000132F0, 0x00000584 },
    { 0x0204, 0x0009, 0x02, 0x06, 0x0019, 0x0005, 0, 0x00013874, 0x0000006C },
    { 0x0204, 0x000A, 0x00, 0x06, 0x0019, 0x0005, 0, 0x00013F10, 0x00000010 },
    { 0x0204, 0x000A, 0x01, 0x06, 0x0019, 0x0005, 0, 0x000138F0, 0x000005B4 },
    { 0x0204, 0x000A, 0x02, 0x06, 0x0019, 0x0005, 0, 0x00013EA4, 0x0000006C },
    { 0x0204, 0x000B, 0x00, 0x06, 0x0014, 0x0006, 0, 0x000143A8, 0x00000010 },
    { 0x0204, 0x000B, 0x01, 0x06, 0x0014, 0x0006, 0, 0x00013F20, 0x0000041C },
    { 0x0204, 0x000B, 0x02, 0x06, 0x0014, 0x0006, 0, 0x0001433C, 0x0000006C },
    { 0x0205, 0x0000, 0x00, 0x06, 0x0005, 0x0002, 0, 0x0000017C, 0x00000010 },
    { 0x0205, 0x0000, 0x01, 0x06, 0x0005, 0x0002, 0, 0x00000000, 0x000000EC },
    { 0x0205, 0x0000, 0x02, 0x06, 0x0005, 0x0002, 0, 0x000000EC, 0x00000090 },
    { 0x0205, 0x0001, 0x00, 0x06, 0x0010, 0x000A, 0, 0x00000334, 0x00000010 },
    { 0x0205, 0x0001, 0x01, 0x06, 0x0010, 0x000A, 0, 0x00000190, 0x00000114 },
    { 0x0205, 0x0001, 0x02, 0x06, 0x0010, 0x000A, 0, 0x000002A4, 0x00000090 },
    { 0x0205, 0x0002, 0x00, 0x06, 0x0008, 0x0002, 0, 0x00000544, 0x00000010 },
    { 0x0205, 0x0002, 0x01, 0x06, 0x0008, 0x0002, 0, 0x00000350, 0x00000164 },
    { 0x0205, 0x0002, 0x02, 0x06, 0x0008, 0x0002, 0, 0x000004B4, 0x00000090 },
    { 0x0205, 0x0003, 0x00, 0x06, 0x000F, 0x0006, 0, 0x00000838, 0x00000010 },
    { 0x0205, 0x0003, 0x01, 0x06, 0x000F, 0x0006, 0, 0x00000560, 0x00000248 },
    { 0x0205, 0x0003, 0x02, 0x06, 0x000F, 0x0006, 0, 0x000007A8, 0x00000090 },
    { 0x0205, 0x0004, 0x00, 0x06, 0x0012, 0x0008, 0, 0x00000B78, 0x00000010 },
    { 0x0205, 0x0004, 0x01, 0x06, 0x0012, 0x0008, 0, 0x00000850, 0x00000298 },
    { 0x0205, 0x0004, 0x02, 0x06, 0x0012, 0x0008, 0, 0x00000AE8, 0x00000090 },
    { 0x0205, 0x0005, 0x00, 0x06, 0x000C, 0x0002, 0, 0x00000E4C, 0x00000010 },
    { 0x0205, 0x0005, 0x01, 0x06, 0x000C, 0x0002, 0, 0x00000B90, 0x0000022C },
    { 0x0205, 0x0005, 0x02, 0x06, 0x000C, 0x0002, 0, 0x00000DBC, 0x00000090 },
    { 0x0205, 0x0006, 0x00, 0x06, 0x0010, 0x0002, 0, 0x000011B4, 0x00000010 },
    { 0x0205, 0x0006, 0x01, 0x06, 0x0010, 0x0002, 0, 0x00000E60, 0x000002C4 },
    { 0x0205, 0x0006, 0x02, 0x06, 0x0010, 0x0002, 0, 0x00001124, 0x00000090 },
    { 0x0205, 0x0007, 0x00, 0x06, 0x0010, 0x0003, 0, 0x00001548, 0x00000010 },
    { 0x0205, 0x0007, 0x01, 0x06, 0x0010, 0x0003, 0, 0x000011D0, 0x000002E8 },
    { 0x0205, 0x0007, 0x02, 0x06, 0x0010, 0x0003, 0, 0x000014B8, 0x00000090 },
    { 0x0205, 0x0008, 0x00, 0x06, 0x000A, 0x0003, 0, 0x00003D78, 0x00000010 },
    { 0x0205, 0x0008, 0x01, 0x06, 0x000A, 0x0003, 0, 0x00003B50, 0x00000198 },
    { 0x0205, 0x0008, 0x02, 0x06, 0x000A, 0x0003, 0, 0x00003CE8, 0x00000090 },
    { 0x0205, 0x0009, 0x00, 0x06, 0x000A, 0x0002, 0, 0x00003FF0, 0x00000010 },
    { 0x0205, 0x0009, 0x01, 0x06, 0x000A, 0x0002, 0, 0x00003D90, 0x000001D0 },
    { 0x0205, 0x0009, 0x02, 0x06, 0x000A, 0x0002, 0, 0x00003F60, 0x00000090 },
    { 0x0205, 0x000A, 0x00, 0x06, 0x0008, 0x0002, 0, 0x00004204, 0x00000010 },
    { 0x0205, 0x000A, 0x01, 0x06, 0x0008, 0x0002, 0, 0x00004000, 0x00000174 },
    { 0x0205, 0x000A, 0x02, 0x06, 0x0008, 0x0002, 0, 0x00004174, 0x00000090 },
    { 0x0207, 0x0000, 0x00, 0x06, 0x002D, 0x0006, 0, 0x000004A0, 0x00000010 },
    { 0x0207, 0x0000, 0x01, 0x06, 0x002D, 0x0006, 0, 0x00000000, 0x00000444 },
    { 0x0207, 0x0000, 0x02, 0x06, 0x002D, 0x0006, 0, 0x00000444, 0x0000005C },
    { 0x0207, 0x0001, 0x00, 0x06, 0x000F, 0x0009, 0, 0x000005F0, 0x00000010 },
    { 0x0207, 0x0001, 0x01, 0x06, 0x000F, 0x0009, 0, 0x000004B0, 0x000000E4 },
    { 0x0207, 0x0001, 0x02, 0x06, 0x000F, 0x0009, 0, 0x00000594, 0x0000005C },
    { 0x0207, 0x0002, 0x00, 0x06, 0x0013, 0x0004, 0, 0x00000724, 0x00000010 },
    { 0x0207, 0x0002, 0x01, 0x06, 0x0013, 0x0004, 0, 0x00000600, 0x000000C8 },
    { 0x0207, 0x0002, 0x02, 0x06, 0x0013, 0x0004, 0, 0x000006C8, 0x0000005C },
    { 0x0207, 0x0003, 0x00, 0x06, 0x000A, 0x0007, 0, 0x00000860, 0x00000010 },
    { 0x0207, 0x0003, 0x01, 0x06, 0x000A, 0x0007, 0, 0x00000740, 0x000000C4 },
    { 0x0207, 0x0003, 0x02, 0x06, 0x000A, 0x0007, 0, 0x00000804, 0x0000005C },
    { 0x0207, 0x0004, 0x00, 0x06, 0x0010, 0x0003, 0, 0x000009D4, 0x00000010 },
    { 0x0207, 0x0004, 0x01, 0x06, 0x0010, 0x0003, 0, 0x00000870, 0x00000108 },
    { 0x0207, 0x0004, 0x02, 0x06, 0x0010, 0x0003, 0, 0x00000978, 0x0000005C },
    { 0x0209, 0x0000, 0x00, 0x06, 0x0007, 0x0001, 0, 0x00000024, 0x00000010 },
    { 0x0209, 0x0000, 0x01, 0x06, 0x0007, 0x0001, 0, 0x00000000, 0x00000004 },
    { 0x0209, 0x0000, 0x02, 0x06, 0x0007, 0x0001, 0, 0x00000004, 0x00000020 },
    { 0x0209, 0x0001, 0x00, 0x06, 0x0029, 0x0001, 0, 0x00000064, 0x00000010 },
    { 0x0209, 0x0001, 0x01, 0x06, 0x0029, 0x0001, 0, 0x00000040, 0x00000004 },
    { 0x0209, 0x0001, 0x02, 0x06, 0x0029, 0x0001, 0, 0x00000044, 0x00000020 },
    { 0x0209, 0x0002, 0x00, 0x06, 0x0010, 0x0001, 0, 0x000000A4, 0x00000010 },
    { 0x0209, 0x0002, 0x01, 0x06, 0x0010, 0x0001, 0, 0x00000080, 0x00000004 },
    { 0x0209, 0x0002, 0x02, 0x06, 0x0010, 0x0001, 0, 0x00000084, 0x00000020 },
    { 0x020C, 0x0000, 0x00, 0x06, 0x0020, 0x0008, 0, 0x00000304, 0x00000010 },
    { 0x020C, 0x0000, 0x01, 0x06, 0x0020, 0x0008, 0, 0x00000000, 0x00000250 },
    { 0x020C, 0x0000, 0x02, 0x06, 0x0020, 0x0008, 0, 0x00000250, 0x000000B4 },
    { 0x020C, 0x0001, 0x00, 0x06, 0x001D, 0x0007, 0, 0x000055A8, 0x00000010 },
    { 0x020C, 0x0001, 0x01, 0x06, 0x001D, 0x0007, 0, 0x000052A0, 0x00000254 },
    { 0x020C, 0x0001, 0x02, 0x06, 0x001D, 0x0007, 0, 0x000054F4, 0x000000B4 },
    { 0x020C, 0x0002, 0x00, 0x06, 0x0032, 0x0007, 0, 0x00005B98, 0x00000010 },
    { 0x020C, 0x0002, 0x01, 0x06, 0x0032, 0x0007, 0, 0x000055C0, 0x00000524 },
    { 0x020C, 0x0002, 0x02, 0x06, 0x0032, 0x0007, 0, 0x00005AE4, 0x000000B4 },
    { 0x020D, 0x0000, 0x00, 0x06, 0x003B, 0x0003, 0, 0x00000228, 0x00000010 },
    { 0x020D, 0x0000, 0x01, 0x06, 0x003B, 0x0003, 0, 0x00000000, 0x000001E0 },
    { 0x020D, 0x0000, 0x02, 0x06, 0x003B, 0x0003, 0, 0x000001E0, 0x00000048 },
    { 0x020D, 0x0001, 0x00, 0x06, 0x0007, 0x0001, 0, 0x000021A0, 0x00000010 },
    { 0x020D, 0x0001, 0x01, 0x06, 0x0007, 0x0001, 0, 0x00002100, 0x00000058 },
    { 0x020D, 0x0001, 0x02, 0x06, 0x0007, 0x0001, 0, 0x00002158, 0x00000048 },
    { 0x020D, 0x0002, 0x00, 0x06, 0x0007, 0x0001, 0, 0x00002250, 0x00000010 },
    { 0x020D, 0x0002, 0x01, 0x06, 0x0007, 0x0001, 0, 0x000021B0, 0x00000058 },
    { 0x020D, 0x0002, 0x02, 0x06, 0x0007, 0x0001, 0, 0x00002208, 0x00000048 },
    { 0x020E, 0x0000, 0x00, 0x06, 0x001A, 0x0005, 0, 0x00000288, 0x00000010 },
    { 0x020E, 0x0000, 0x01, 0x06, 0x001A, 0x0005, 0, 0x00000000, 0x00000214 },
    { 0x020E, 0x0000, 0x02, 0x06, 0x001A, 0x0005, 0, 0x00000214, 0x00000074 },
    { 0x020E, 0x0001, 0x00, 0x06, 0x0015, 0x0005, 0, 0x000004C4, 0x00000010 },
    { 0x020E, 0x0001, 0x01, 0x06, 0x0015, 0x0005, 0, 0x000002A0, 0x000001B0 },
    { 0x020E, 0x0001, 0x02, 0x06, 0x0015, 0x0005, 0, 0x00000450, 0x00000074 },
    { 0x020E, 0x0002, 0x00, 0x06, 0x0015, 0x0005, 0, 0x00000704, 0x00000010 },
    { 0x020E, 0x0002, 0x01, 0x06, 0x0015, 0x0005, 0, 0x000004E0, 0x000001B0 },
    { 0x020E, 0x0002, 0x02, 0x06, 0x0015, 0x0005, 0, 0x00000690, 0x00000074 },
    { 0x020E, 0x0003, 0x00, 0x06, 0x0050, 0x0006, 0, 0x00000FC0, 0x00000010 },
    { 0x020E, 0x0003, 0x01, 0x06, 0x0050, 0x0006, 0, 0x00000720, 0x0000082C },
    { 0x020E, 0x0003, 0x02, 0x06, 0x0050, 0x0006, 0, 0x00000F4C, 0x00000074 },
    { 0x020E, 0x0004, 0x00, 0x06, 0x003C, 0x0007, 0, 0x000012AC, 0x00000010 },
    { 0x020E, 0x0004, 0x01, 0x06, 0x003C, 0x0007, 0, 0x00000FD0, 0x00000268 },
    { 0x020E, 0x0004, 0x02, 0x06, 0x003C, 0x0007, 0, 0x00001238, 0x00000074 },
    { 0x020F, 0x0000, 0x00, 0x06, 0x0018, 0x0005, 0, 0x00000608, 0x00000010 },
    { 0x020F, 0x0000, 0x01, 0x06, 0x0018, 0x0005, 0, 0x00000000, 0x000004EC },
    { 0x020F, 0x0000, 0x02, 0x06, 0x0018, 0x0005, 0, 0x000004EC, 0x0000011C },
    { 0x020F, 0x0001, 0x00, 0x06, 0x0017, 0x0004, 0, 0x00000C20, 0x00000010 },
    { 0x020F, 0x0001, 0x01, 0x06, 0x0017, 0x0004, 0, 0x00000620, 0x000004E4 },
    { 0x020F, 0x0001, 0x02, 0x06, 0x0017, 0x0004, 0, 0x00000B04, 0x0000011C },
    { 0x020F, 0x0002, 0x00, 0x06, 0x001E, 0x0004, 0, 0x000013A8, 0x00000010 },
    { 0x020F, 0x0002, 0x01, 0x06, 0x001E, 0x0004, 0, 0x00000C30, 0x0000065C },
    { 0x020F, 0x0002, 0x02, 0x06, 0x001E, 0x0004, 0, 0x0000128C, 0x0000011C },
    { 0x020F, 0x0003, 0x00, 0x06, 0x001D, 0x0005, 0, 0x00001A1C, 0x00000010 },
    { 0x020F, 0x0003, 0x01, 0x06, 0x001D, 0x0005, 0, 0x000013C0, 0x00000540 },
    { 0x020F, 0x0003, 0x02, 0x06, 0x001D, 0x0005, 0, 0x00001900, 0x0000011C },
    { 0x020F, 0x0004, 0x00, 0x06, 0x0021, 0x0003, 0, 0x00002458, 0x00000010 },
    { 0x020F, 0x0004, 0x01, 0x06, 0x0021, 0x0003, 0, 0x00001A30, 0x0000090C },
    { 0x020F, 0x0004, 0x02, 0x06, 0x0021, 0x0003, 0, 0x0000233C, 0x0000011C },
    { 0x020F, 0x0005, 0x00, 0x06, 0x0041, 0x0004, 0, 0x000035D4, 0x00000010 },
    { 0x020F, 0x0005, 0x01, 0x06, 0x0041, 0x0004, 0, 0x00002470, 0x00001048 },
    { 0x020F, 0x0005, 0x02, 0x06, 0x0041, 0x0004, 0, 0x000034B8, 0x0000011C },
    { 0x020F, 0x0006, 0x00, 0x06, 0x0050, 0x0009, 0, 0x00004580, 0x00000010 },
    { 0x020F, 0x0006, 0x01, 0x06, 0x0050, 0x0009, 0, 0x000035F0, 0x00000E74 },
    { 0x020F, 0x0006, 0x02, 0x06, 0x0050, 0x0009, 0, 0x00004464, 0x0000011C },
    { 0x020F, 0x0007, 0x00, 0x06, 0x001E, 0x0008, 0, 0x00004C20, 0x00000010 },
    { 0x020F, 0x0007, 0x01, 0x06, 0x001E, 0x0008, 0, 0x00004590, 0x00000574 },
    { 0x020F, 0x0007, 0x02, 0x06, 0x001E, 0x0008, 0, 0x00004B04, 0x0000011C },
    { 0x020F, 0x0008, 0x00, 0x06, 0x0023, 0x0006, 0, 0x000054BC, 0x00000010 },
    { 0x020F, 0x0008, 0x01, 0x06, 0x0023, 0x0006, 0, 0x00004C30, 0x00000770 },
    { 0x020F, 0x0008, 0x02, 0x06, 0x0023, 0x0006, 0, 0x000053A0, 0x0000011C },
    { 0x0211, 0x0000, 0x00, 0x06, 0x0027, 0x0005, 0, 0x00000A1C, 0x00000010 },
    { 0x0211, 0x0000, 0x01, 0x06, 0x0027, 0x0005, 0, 0x00000000, 0x00000930 },
    { 0x0211, 0x0000, 0x02, 0x06, 0x0027, 0x0005, 0, 0x00000930, 0x000000EC },
    { 0x0211, 0x0001, 0x00, 0x06, 0x001E, 0x000A, 0, 0x00000E78, 0x00000010 },
    { 0x0211, 0x0001, 0x01, 0x06, 0x001E, 0x000A, 0, 0x00000A30, 0x0000035C },
    { 0x0211, 0x0001, 0x02, 0x06, 0x001E, 0x000A, 0, 0x00000D8C, 0x000000EC },
    { 0x0211, 0x0002, 0x00, 0x06, 0x0028, 0x0009, 0, 0x00001300, 0x00000010 },
    { 0x0211, 0x0002, 0x01, 0x06, 0x0028, 0x0009, 0, 0x00000E90, 0x00000384 },
    { 0x0211, 0x0002, 0x02, 0x06, 0x0028, 0x0009, 0, 0x00001214, 0x000000EC },
    { 0x0211, 0x0003, 0x00, 0x06, 0x000B, 0x0003, 0, 0x000017B4, 0x00000010 },
    { 0x0211, 0x0003, 0x01, 0x06, 0x000B, 0x0003, 0, 0x00001310, 0x000003B8 },
    { 0x0211, 0x0003, 0x02, 0x06, 0x000B, 0x0003, 0, 0x000016C8, 0x000000EC },
    { 0x0211, 0x0004, 0x00, 0x06, 0x0002, 0x0019, 0, 0x000018F0, 0x00000010 },
    { 0x0211, 0x0004, 0x01, 0x06, 0x0002, 0x0019, 0, 0x000017D0, 0x00000034 },
    { 0x0211, 0x0004, 0x02, 0x06, 0x0002, 0x0019, 0, 0x00001804, 0x000000EC },
    { 0x0211, 0x0005, 0x00, 0x06, 0x0028, 0x0019, 0, 0x00001E80, 0x00000010 },
    { 0x0211, 0x0005, 0x01, 0x06, 0x0028, 0x0019, 0, 0x00001900, 0x00000494 },
    { 0x0211, 0x0005, 0x02, 0x06, 0x0028, 0x0019, 0, 0x00001D94, 0x000000EC },
    { 0x0211, 0x0006, 0x00, 0x06, 0x000A, 0x000D, 0, 0x0000213C, 0x00000010 },
    { 0x0211, 0x0006, 0x01, 0x06, 0x000A, 0x000D, 0, 0x00001E90, 0x000001C0 },
    { 0x0211, 0x0006, 0x02, 0x06, 0x000A, 0x000D, 0, 0x00002050, 0x000000EC },
    { 0x0215, 0x0000, 0x00, 0x06, 0x0050, 0x0007, 0, 0x00004AA4, 0x00000010 },
    { 0x0215, 0x0000, 0x01, 0x06, 0x0050, 0x0007, 0, 0x00003870, 0x000010F0 },
    { 0x0215, 0x0000, 0x02, 0x06, 0x0050, 0x0007, 0, 0x00004960, 0x00000144 },
    { 0x0215, 0x0001, 0x00, 0x06, 0x001E, 0x0006, 0, 0x00005264, 0x00000010 },
    { 0x0215, 0x0001, 0x01, 0x06, 0x001E, 0x0006, 0, 0x00004AC0, 0x00000660 },
    { 0x0215, 0x0001, 0x02, 0x06, 0x001E, 0x0006, 0, 0x00005120, 0x00000144 },
    { 0x0215, 0x0002, 0x00, 0x06, 0x0023, 0x0006, 0, 0x00005B78, 0x00000010 },
    { 0x0215, 0x0002, 0x01, 0x06, 0x0023, 0x0006, 0, 0x00005280, 0x000007B4 },
    { 0x0215, 0x0002, 0x02, 0x06, 0x0023, 0x0006, 0, 0x00005A34, 0x00000144 },
    { 0x0215, 0x0003, 0x00, 0x06, 0x001D, 0x0005, 0, 0x00002CE4, 0x00000010 },
    { 0x0215, 0x0003, 0x01, 0x06, 0x001D, 0x0005, 0, 0x00002660, 0x00000540 },
    { 0x0215, 0x0003, 0x02, 0x06, 0x001D, 0x0005, 0, 0x00002BA0, 0x00000144 },
    { 0x0215, 0x0004, 0x00, 0x06, 0x0018, 0x0005, 0, 0x00002650, 0x00000010 },
    { 0x0215, 0x0004, 0x01, 0x06, 0x0018, 0x0005, 0, 0x00002020, 0x000004EC },
    { 0x0215, 0x0004, 0x02, 0x06, 0x0018, 0x0005, 0, 0x0000250C, 0x00000144 },
    { 0x0215, 0x0005, 0x00, 0x06, 0x0021, 0x0003, 0, 0x00003858, 0x00000010 },
    { 0x0215, 0x0005, 0x01, 0x06, 0x0021, 0x0003, 0, 0x00002D00, 0x00000A14 },
    { 0x0215, 0x0005, 0x02, 0x06, 0x0021, 0x0003, 0, 0x00003714, 0x00000144 },
    { 0x0218, 0x0000, 0x00, 0x06, 0x0015, 0x0009, 0, 0x000006A4, 0x00000010 },
    { 0x0218, 0x0000, 0x01, 0x06, 0x0015, 0x0009, 0, 0x00000000, 0x000005FC },
    { 0x0218, 0x0000, 0x02, 0x06, 0x0015, 0x0009, 0, 0x000005FC, 0x000000A8 },
    { 0x0218, 0x0001, 0x00, 0x06, 0x0006, 0x0009, 0, 0x0000095C, 0x00000010 },
    { 0x0218, 0x0001, 0x01, 0x06, 0x0006, 0x0009, 0, 0x000006C0, 0x000001F4 },
    { 0x0218, 0x0001, 0x02, 0x06, 0x0006, 0x0009, 0, 0x000008B4, 0x000000A8 },
    { 0x0218, 0x0002, 0x00, 0x06, 0x0011, 0x0008, 0, 0x00001000, 0x00000010 },
    { 0x0218, 0x0002, 0x01, 0x06, 0x0011, 0x0008, 0, 0x00000970, 0x000005E8 },
    { 0x0218, 0x0002, 0x02, 0x06, 0x0011, 0x0008, 0, 0x00000F58, 0x000000A8 },
    { 0x0218, 0x0003, 0x00, 0x06, 0x0015, 0x0009, 0, 0x000016B4, 0x00000010 },
    { 0x0218, 0x0003, 0x01, 0x06, 0x0015, 0x0009, 0, 0x00001010, 0x000005FC },
    { 0x0218, 0x0003, 0x02, 0x06, 0x0015, 0x0009, 0, 0x0000160C, 0x000000A8 },
    { 0x0218, 0x0004, 0x00, 0x06, 0x0006, 0x0007, 0, 0x00001950, 0x00000010 },
    { 0x0218, 0x0004, 0x01, 0x06, 0x0006, 0x0007, 0, 0x000016D0, 0x000001D8 },
    { 0x0218, 0x0004, 0x02, 0x06, 0x0006, 0x0007, 0, 0x000018A8, 0x000000A8 },
    { 0x0218, 0x0005, 0x00, 0x06, 0x003D, 0x0008, 0, 0x000028E0, 0x00000010 },
    { 0x0218, 0x0005, 0x01, 0x06, 0x003D, 0x0008, 0, 0x00001960, 0x00000ED8 },
    { 0x0218, 0x0005, 0x02, 0x06, 0x003D, 0x0008, 0, 0x00002838, 0x000000A8 },
    { 0x0218, 0x0006, 0x00, 0x06, 0x0007, 0x0007, 0, 0x00002C10, 0x00000010 },
    { 0x0218, 0x0006, 0x01, 0x06, 0x0007, 0x0007, 0, 0x000028F0, 0x00000278 },
    { 0x0218, 0x0006, 0x02, 0x06, 0x0007, 0x0007, 0, 0x00002B68, 0x000000A8 },
    { 0x0218, 0x0007, 0x00, 0x06, 0x0008, 0x0013, 0, 0x00002F10, 0x00000010 },
    { 0x0218, 0x0007, 0x01, 0x06, 0x0008, 0x0013, 0, 0x00002C20, 0x00000248 },
    { 0x0218, 0x0007, 0x02, 0x06, 0x0008, 0x0013, 0, 0x00002E68, 0x000000A8 },
    { 0x0218, 0x0008, 0x00, 0x06, 0x003C, 0x0007, 0, 0x000041A8, 0x00000010 },
    { 0x0218, 0x0008, 0x01, 0x06, 0x003C, 0x0007, 0, 0x00002F20, 0x000011E0 },
    { 0x0218, 0x0008, 0x02, 0x06, 0x003C, 0x0007, 0, 0x00004100, 0x000000A8 },
    { 0x0218, 0x0009, 0x00, 0x06, 0x0007, 0x0009, 0, 0x00009280, 0x00000010 },
    { 0x0218, 0x0009, 0x01, 0x06, 0x0007, 0x0009, 0, 0x00008F50, 0x00000288 },
    { 0x0218, 0x0009, 0x02, 0x06, 0x0007, 0x0009, 0, 0x000091D8, 0x000000A8 },
    { 0x0218, 0x000A, 0x00, 0x06, 0x0003, 0x000A, 0, 0x00009450, 0x00000010 },
    { 0x0218, 0x000A, 0x01, 0x06, 0x0003, 0x000A, 0, 0x00009290, 0x00000118 },
    { 0x0218, 0x000A, 0x02, 0x06, 0x0003, 0x000A, 0, 0x000093A8, 0x000000A8 },
    { 0x0218, 0x000B, 0x00, 0x06, 0x0028, 0x000C, 0, 0x00009FC0, 0x00000010 },
    { 0x0218, 0x000B, 0x01, 0x06, 0x0028, 0x000C, 0, 0x00009460, 0x00000AB8 },
    { 0x0218, 0x000B, 0x02, 0x06, 0x0028, 0x000C, 0, 0x00009F18, 0x000000A8 },
    { 0x0218, 0x000C, 0x00, 0x06, 0x000B, 0x0008, 0, 0x0000A410, 0x00000010 },
    { 0x0218, 0x000C, 0x01, 0x06, 0x000B, 0x0008, 0, 0x00009FD0, 0x00000398 },
    { 0x0218, 0x000C, 0x02, 0x06, 0x000B, 0x0008, 0, 0x0000A368, 0x000000A8 },
    { 0x0218, 0x000D, 0x00, 0x06, 0x000A, 0x0007, 0, 0x0000A80C, 0x00000010 },
    { 0x0218, 0x000D, 0x01, 0x06, 0x000A, 0x0007, 0, 0x0000A420, 0x00000344 },
    { 0x0218, 0x000D, 0x02, 0x06, 0x000A, 0x0007, 0, 0x0000A764, 0x000000A8 },
    { 0x0218, 0x000E, 0x00, 0x06, 0x0009, 0x0009, 0, 0x0000ABE0, 0x00000010 },
    { 0x0218, 0x000E, 0x01, 0x06, 0x0009, 0x0009, 0, 0x0000A820, 0x00000318 },
    { 0x0218, 0x000E, 0x02, 0x06, 0x0009, 0x0009, 0, 0x0000AB38, 0x000000A8 },
    { 0x0218, 0x000F, 0x00, 0x06, 0x0018, 0x0009, 0, 0x0000B4BC, 0x00000010 },
    { 0x0218, 0x000F, 0x01, 0x06, 0x0018, 0x0009, 0, 0x0000ABF0, 0x00000824 },
    { 0x0218, 0x000F, 0x02, 0x06, 0x0018, 0x0009, 0, 0x0000B414, 0x000000A8 },
    { 0x0218, 0x0010, 0x00, 0x06, 0x0018, 0x0007, 0, 0x0000BE58, 0x00000010 },
    { 0x0218, 0x0010, 0x01, 0x06, 0x0018, 0x0007, 0, 0x0000B4D0, 0x000008E0 },
    { 0x0218, 0x0010, 0x02, 0x06, 0x0018, 0x0007, 0, 0x0000BDB0, 0x000000A8 },
    { 0x0218, 0x0011, 0x00, 0x06, 0x000E, 0x0007, 0, 0x0000C44C, 0x00000010 },
    { 0x0218, 0x0011, 0x01, 0x06, 0x000E, 0x0007, 0, 0x0000BE70, 0x00000534 },
    { 0x0218, 0x0011, 0x02, 0x06, 0x000E, 0x0007, 0, 0x0000C3A4, 0x000000A8 },
    { 0x0218, 0x0012, 0x00, 0x06, 0x003C, 0x001E, 0, 0x0000CF1C, 0x00000010 },
    { 0x0218, 0x0012, 0x01, 0x06, 0x003C, 0x001E, 0, 0x0000C460, 0x00000A14 },
    { 0x0218, 0x0012, 0x02, 0x06, 0x003C, 0x001E, 0, 0x0000CE74, 0x000000A8 },
    { 0x0218, 0x0013, 0x00, 0x06, 0x0014, 0x001B, 0, 0x0000D380, 0x00000010 },
    { 0x0218, 0x0013, 0x01, 0x06, 0x0014, 0x001B, 0, 0x0000CF30, 0x000003A8 },
    { 0x0218, 0x0013, 0x02, 0x06, 0x0014, 0x001B, 0, 0x0000D2D8, 0x000000A8 },
    { 0x0218, 0x0014, 0x00, 0x06, 0x0006, 0x0013, 0, 0x0000D5D4, 0x00000010 },
    { 0x0218, 0x0014, 0x01, 0x06, 0x0006, 0x0013, 0, 0x0000D390, 0x0000019C },
    { 0x0218, 0x0014, 0x02, 0x06, 0x0006, 0x0013, 0, 0x0000D52C, 0x000000A8 },
    { 0x0218, 0x0015, 0x00, 0x06, 0x001F, 0x0007, 0, 0x0000E18C, 0x00000010 },
    { 0x0218, 0x0015, 0x01, 0x06, 0x001F, 0x0007, 0, 0x0000D5F0, 0x00000AF4 },
    { 0x0218, 0x0015, 0x02, 0x06, 0x001F, 0x0007, 0, 0x0000E0E4, 0x000000A8 },
    { 0x0218, 0x0016, 0x00, 0x06, 0x003C, 0x001D, 0, 0x0000EBE4, 0x00000010 },
    { 0x0218, 0x0016, 0x01, 0x06, 0x003C, 0x001D, 0, 0x0000E1A0, 0x0000099C },
    { 0x0218, 0x0016, 0x02, 0x06, 0x003C, 0x001D, 0, 0x0000EB3C, 0x000000A8 },
    { 0x021A, 0x0000, 0x00, 0x06, 0x0008, 0x001A, 0, 0x00000444, 0x00000010 },
    { 0x021A, 0x0000, 0x01, 0x06, 0x0008, 0x001A, 0, 0x00000000, 0x000002D4 },
    { 0x021A, 0x0000, 0x02, 0x06, 0x0008, 0x001A, 0, 0x000002D4, 0x00000170 },
    { 0x021A, 0x0001, 0x00, 0x06, 0x0021, 0x0011, 0, 0x00001420, 0x00000010 },
    { 0x021A, 0x0001, 0x01, 0x06, 0x0021, 0x0011, 0, 0x00000460, 0x00000E50 },
    { 0x021A, 0x0001, 0x02, 0x06, 0x0021, 0x0011, 0, 0x000012B0, 0x00000170 },
    { 0x021A, 0x0002, 0x00, 0x06, 0x000A, 0x0015, 0, 0x00001978, 0x00000010 },
    { 0x021A, 0x0002, 0x01, 0x06, 0x000A, 0x0015, 0, 0x00001430, 0x000003D8 },
    { 0x021A, 0x0002, 0x02, 0x06, 0x000A, 0x0015, 0, 0x00001808, 0x00000170 },
    { 0x021A, 0x0003, 0x00, 0x06, 0x0003, 0x001E, 0, 0x00001C20, 0x00000010 },
    { 0x021A, 0x0003, 0x01, 0x06, 0x0003, 0x001E, 0, 0x00001990, 0x00000120 },
    { 0x021A, 0x0003, 0x02, 0x06, 0x0003, 0x001E, 0, 0x00001AB0, 0x00000170 },
    { 0x021A, 0x0004, 0x00, 0x06, 0x000A, 0x0014, 0, 0x00002188, 0x00000010 },
    { 0x021A, 0x0004, 0x01, 0x06, 0x000A, 0x0014, 0, 0x00001C30, 0x000003E8 },
    { 0x021A, 0x0004, 0x02, 0x06, 0x000A, 0x0014, 0, 0x00002018, 0x00000170 },
    { 0x021A, 0x0005, 0x00, 0x06, 0x000A, 0x0016, 0, 0x000026D4, 0x00000010 },
    { 0x021A, 0x0005, 0x01, 0x06, 0x000A, 0x0016, 0, 0x000021A0, 0x000003C4 },
    { 0x021A, 0x0005, 0x02, 0x06, 0x000A, 0x0016, 0, 0x00002564, 0x00000170 },
    { 0x021A, 0x0006, 0x00, 0x06, 0x001B, 0x0018, 0, 0x0000316C, 0x00000010 },
    { 0x021A, 0x0006, 0x01, 0x06, 0x001B, 0x0018, 0, 0x000026F0, 0x0000090C },
    { 0x021A, 0x0006, 0x02, 0x06, 0x001B, 0x0018, 0, 0x00002FFC, 0x00000170 },
    { 0x021A, 0x0007, 0x00, 0x06, 0x000D, 0x001C, 0, 0x000081B4, 0x00000010 },
    { 0x021A, 0x0007, 0x01, 0x06, 0x000D, 0x001C, 0, 0x00007C30, 0x00000414 },
    { 0x021A, 0x0007, 0x02, 0x06, 0x000D, 0x001C, 0, 0x00008044, 0x00000170 },
    { 0x021A, 0x0008, 0x00, 0x06, 0x0009, 0x001E, 0, 0x00008604, 0x00000010 },
    { 0x021A, 0x0008, 0x01, 0x06, 0x0009, 0x001E, 0, 0x000081D0, 0x000002C4 },
    { 0x021A, 0x0008, 0x02, 0x06, 0x0009, 0x001E, 0, 0x00008494, 0x00000170 },
    { 0x021A, 0x0009, 0x00, 0x06, 0x0029, 0x000D, 0, 0x00009A90, 0x00000010 },
    { 0x021A, 0x0009, 0x01, 0x06, 0x0029, 0x000D, 0, 0x00008620, 0x00001300 },
    { 0x021A, 0x0009, 0x02, 0x06, 0x0029, 0x000D, 0, 0x00009920, 0x00000170 },
    { 0x021A, 0x000A, 0x00, 0x06, 0x0006, 0x0018, 0, 0x00009E50, 0x00000010 },
    { 0x021A, 0x000A, 0x01, 0x06, 0x0006, 0x0018, 0, 0x00009AA0, 0x00000240 },
    { 0x021A, 0x000A, 0x02, 0x06, 0x0006, 0x0018, 0, 0x00009CE0, 0x00000170 },
    { 0x021A, 0x000B, 0x00, 0x06, 0x0008, 0x0012, 0, 0x0000A324, 0x00000010 },
    { 0x021A, 0x000B, 0x01, 0x06, 0x0008, 0x0012, 0, 0x00009E60, 0x00000354 },
    { 0x021A, 0x000B, 0x02, 0x06, 0x0008, 0x0012, 0, 0x0000A1B4, 0x00000170 },
    { 0x021A, 0x000C, 0x00, 0x06, 0x000C, 0x0012, 0, 0x0000A99C, 0x00000010 },
    { 0x021A, 0x000C, 0x01, 0x06, 0x000C, 0x0012, 0, 0x0000A340, 0x000004EC },
    { 0x021A, 0x000C, 0x02, 0x06, 0x000C, 0x0012, 0, 0x0000A82C, 0x00000170 },
    { 0x021A, 0x000D, 0x00, 0x06, 0x000C, 0x0012, 0, 0x0000B00C, 0x00000010 },
    { 0x021A, 0x000D, 0x01, 0x06, 0x000C, 0x0012, 0, 0x0000A9B0, 0x000004EC },
    { 0x021A, 0x000D, 0x02, 0x06, 0x000C, 0x0012, 0, 0x0000AE9C, 0x00000170 },
    { 0x021A, 0x000E, 0x00, 0x06, 0x0008, 0x0012, 0, 0x0000B4E4, 0x00000010 },
    { 0x021A, 0x000E, 0x01, 0x06, 0x0008, 0x0012, 0, 0x0000B020, 0x00000354 },
    { 0x021A, 0x000E, 0x02, 0x06, 0x0008, 0x0012, 0, 0x0000B374, 0x00000170 },
    { 0x021A, 0x000F, 0x00, 0x06, 0x0013, 0x0012, 0, 0x0000BE4C, 0x00000010 },
    { 0x021A, 0x000F, 0x01, 0x06, 0x0013, 0x0012, 0, 0x0000B500, 0x000007DC },
    { 0x021A, 0x000F, 0x02, 0x06, 0x0013, 0x0012, 0, 0x0000BCDC, 0x00000170 },
    { 0x021A, 0x0010, 0x00, 0x06, 0x000C, 0x0017, 0, 0x0000C438, 0x00000010 },
    { 0x021A, 0x0010, 0x01, 0x06, 0x000C, 0x0017, 0, 0x0000BE60, 0x00000468 },
    { 0x021A, 0x0010, 0x02, 0x06, 0x000C, 0x0017, 0, 0x0000C2C8, 0x00000170 },
    { 0x021A, 0x0011, 0x00, 0x06, 0x000D, 0x002B, 0, 0x0000C8A0, 0x00000010 },
    { 0x021A, 0x0011, 0x01, 0x06, 0x000D, 0x002B, 0, 0x0000C450, 0x000002E0 },
    { 0x021A, 0x0011, 0x02, 0x06, 0x000D, 0x002B, 0, 0x0000C730, 0x00000170 },
    { 0x021A, 0x0012, 0x00, 0x06, 0x0035, 0x0017, 0, 0x0000DCF0, 0x00000010 },
    { 0x021A, 0x0012, 0x01, 0x06, 0x0035, 0x0017, 0, 0x0000C8B0, 0x000012D0 },
    { 0x021A, 0x0012, 0x02, 0x06, 0x0035, 0x0017, 0, 0x0000DB80, 0x00000170 },
    { 0x021A, 0x0013, 0x00, 0x06, 0x000F, 0x0022, 0, 0x0000E2B0, 0x00000010 },
    { 0x021A, 0x0013, 0x01, 0x06, 0x000F, 0x0022, 0, 0x0000DD00, 0x00000440 },
    { 0x021A, 0x0013, 0x02, 0x06, 0x000F, 0x0022, 0, 0x0000E140, 0x00000170 },
    { 0x021A, 0x0014, 0x00, 0x06, 0x000A, 0x0017, 0, 0x0000E7E4, 0x00000010 },
    { 0x021A, 0x0014, 0x01, 0x06, 0x000A, 0x0017, 0, 0x0000E2C0, 0x000003B4 },
    { 0x021A, 0x0014, 0x02, 0x06, 0x000A, 0x0017, 0, 0x0000E674, 0x00000170 },
    { 0x021C, 0x0000, 0x00, 0x06, 0x0032, 0x0006, 0, 0x00001034, 0x00000010 },
    { 0x021C, 0x0000, 0x01, 0x06, 0x0032, 0x0006, 0, 0x00000000, 0x00000F48 },
    { 0x021C, 0x0000, 0x02, 0x06, 0x0032, 0x0006, 0, 0x00000F48, 0x000000EC },
    { 0x021C, 0x0001, 0x00, 0x06, 0x0028, 0x0008, 0, 0x000019BC, 0x00000010 },
    { 0x021C, 0x0001, 0x01, 0x06, 0x0028, 0x0008, 0, 0x00001050, 0x00000880 },
    { 0x021C, 0x0001, 0x02, 0x06, 0x0028, 0x0008, 0, 0x000018D0, 0x000000EC },
    { 0x021C, 0x0002, 0x00, 0x06, 0x0028, 0x0007, 0, 0x0000242C, 0x00000010 },
    { 0x021C, 0x0002, 0x01, 0x06, 0x0028, 0x0007, 0, 0x000019D0, 0x00000970 },
    { 0x021C, 0x0002, 0x02, 0x06, 0x0028, 0x0007, 0, 0x00002340, 0x000000EC },
    { 0x021C, 0x0003, 0x00, 0x06, 0x0016, 0x0002, 0, 0x00002DC8, 0x00000010 },
    { 0x021C, 0x0003, 0x01, 0x06, 0x0016, 0x0002, 0, 0x00002440, 0x0000089C },
    { 0x021C, 0x0003, 0x02, 0x06, 0x0016, 0x0002, 0, 0x00002CDC, 0x000000EC },
    { 0x021C, 0x0004, 0x00, 0x06, 0x0050, 0x0003, 0, 0x000047D4, 0x00000010 },
    { 0x021C, 0x0004, 0x01, 0x06, 0x0050, 0x0003, 0, 0x00002DE0, 0x00001908 },
    { 0x021C, 0x0004, 0x02, 0x06, 0x0050, 0x0003, 0, 0x000046E8, 0x000000EC },
    { 0x021C, 0x0005, 0x00, 0x06, 0x0027, 0x000C, 0, 0x00005044, 0x00000010 },
    { 0x021C, 0x0005, 0x01, 0x06, 0x0027, 0x000C, 0, 0x000047F0, 0x00000768 },
    { 0x021C, 0x0005, 0x02, 0x06, 0x0027, 0x000C, 0, 0x00004F58, 0x000000EC },
    { 0x021F, 0x0000, 0x00, 0x06, 0x000E, 0x000B, 0, 0x00003CA4, 0x00000010 },
    { 0x021F, 0x0000, 0x01, 0x06, 0x000E, 0x000B, 0, 0x00003870, 0x00000398 },
    { 0x021F, 0x0000, 0x02, 0x06, 0x000E, 0x000B, 0, 0x00003C08, 0x0000009C },
    { 0x021F, 0x0001, 0x00, 0x06, 0x0014, 0x001C, 0, 0x00001144, 0x00000010 },
    { 0x021F, 0x0001, 0x01, 0x06, 0x0014, 0x001C, 0, 0x00000DA0, 0x00000308 },
    { 0x021F, 0x0001, 0x02, 0x06, 0x0014, 0x001C, 0, 0x000010A8, 0x0000009C },
    { 0x021F, 0x0002, 0x00, 0x06, 0x0002, 0x002C, 0, 0x000019A4, 0x00000010 },
    { 0x021F, 0x0002, 0x01, 0x06, 0x0002, 0x002C, 0, 0x000018B0, 0x00000058 },
    { 0x021F, 0x0002, 0x02, 0x06, 0x0002, 0x002C, 0, 0x00001908, 0x0000009C },
    { 0x021F, 0x0003, 0x00, 0x06, 0x0021, 0x0008, 0, 0x00002684, 0x00000010 },
    { 0x021F, 0x0003, 0x01, 0x06, 0x0021, 0x0008, 0, 0x00001AC0, 0x00000B28 },
    { 0x021F, 0x0003, 0x02, 0x06, 0x0021, 0x0008, 0, 0x000025E8, 0x0000009C },
    { 0x021F, 0x0004, 0x00, 0x06, 0x000E, 0x0008, 0, 0x0000D99C, 0x00000010 },
    { 0x021F, 0x0004, 0x01, 0x06, 0x000E, 0x0008, 0, 0x0000D3B0, 0x00000550 },
    { 0x021F, 0x0004, 0x02, 0x06, 0x000E, 0x0008, 0, 0x0000D900, 0x0000009C },
    { 0x021F, 0x0005, 0x00, 0x06, 0x0018, 0x0009, 0, 0x00003080, 0x00000010 },
    { 0x021F, 0x0005, 0x01, 0x06, 0x0018, 0x0009, 0, 0x000026A0, 0x00000944 },
    { 0x021F, 0x0005, 0x02, 0x06, 0x0018, 0x0009, 0, 0x00002FE4, 0x0000009C },
    { 0x021F, 0x0006, 0x00, 0x06, 0x0010, 0x000A, 0, 0x0000DF80, 0x00000010 },
    { 0x021F, 0x0006, 0x01, 0x06, 0x0010, 0x000A, 0, 0x0000D9B0, 0x00000534 },
    { 0x021F, 0x0006, 0x02, 0x06, 0x0010, 0x000A, 0, 0x0000DEE4, 0x0000009C },
    { 0x021F, 0x0007, 0x00, 0x06, 0x0014, 0x0006, 0, 0x00010060, 0x00000010 },
    { 0x021F, 0x0007, 0x01, 0x06, 0x0014, 0x0006, 0, 0x0000FAE0, 0x000004E4 },
    { 0x021F, 0x0007, 0x02, 0x06, 0x0014, 0x0006, 0, 0x0000FFC4, 0x0000009C },
    { 0x021F, 0x0008, 0x00, 0x06, 0x0024, 0x0004, 0, 0x0000EC94, 0x00000010 },
    { 0x021F, 0x0008, 0x01, 0x06, 0x0024, 0x0004, 0, 0x0000DF90, 0x00000C68 },
    { 0x021F, 0x0008, 0x02, 0x06, 0x0024, 0x0004, 0, 0x0000EBF8, 0x0000009C },
    { 0x021F, 0x0009, 0x00, 0x06, 0x0015, 0x0004, 0, 0x0000F48C, 0x00000010 },
    { 0x021F, 0x0009, 0x01, 0x06, 0x0015, 0x0004, 0, 0x0000ECB0, 0x00000740 },
    { 0x021F, 0x0009, 0x02, 0x06, 0x0015, 0x0004, 0, 0x0000F3F0, 0x0000009C },
    { 0x021F, 0x000A, 0x00, 0x06, 0x0014, 0x0004, 0, 0x00010FD4, 0x00000010 },
    { 0x021F, 0x000A, 0x01, 0x06, 0x0014, 0x0004, 0, 0x000108F0, 0x00000648 },
    { 0x021F, 0x000A, 0x02, 0x06, 0x0014, 0x0004, 0, 0x00010F38, 0x0000009C },
    { 0x021F, 0x000B, 0x00, 0x06, 0x0016, 0x0007, 0, 0x00011800, 0x00000010 },
    { 0x021F, 0x000B, 0x01, 0x06, 0x0016, 0x0007, 0, 0x00010FF0, 0x00000774 },
    { 0x021F, 0x000B, 0x02, 0x06, 0x0016, 0x0007, 0, 0x00011764, 0x0000009C },
    { 0x021F, 0x000C, 0x00, 0x06, 0x000A, 0x000E, 0, 0x00010344, 0x00000010 },
    { 0x021F, 0x000C, 0x01, 0x06, 0x000A, 0x000E, 0, 0x00010070, 0x00000238 },
    { 0x021F, 0x000C, 0x02, 0x06, 0x000A, 0x000E, 0, 0x000102A8, 0x0000009C },
    { 0x021F, 0x000D, 0x00, 0x06, 0x000A, 0x0006, 0, 0x000129E0, 0x00000010 },
    { 0x021F, 0x000D, 0x01, 0x06, 0x000A, 0x0006, 0, 0x00012690, 0x000002B4 },
    { 0x021F, 0x000D, 0x02, 0x06, 0x000A, 0x0006, 0, 0x00012944, 0x0000009C },
    { 0x021F, 0x000E, 0x00, 0x06, 0x0009, 0x0004, 0, 0x00011F44, 0x00000010 },
    { 0x021F, 0x000E, 0x01, 0x06, 0x0009, 0x0004, 0, 0x00011BE0, 0x000002C8 },
    { 0x021F, 0x000E, 0x02, 0x06, 0x0009, 0x0004, 0, 0x00011EA8, 0x0000009C },
    { 0x021F, 0x000F, 0x00, 0x06, 0x000A, 0x000D, 0, 0x0001267C, 0x00000010 },
    { 0x021F, 0x000F, 0x01, 0x06, 0x000A, 0x000D, 0, 0x00012330, 0x000002B0 },
    { 0x021F, 0x000F, 0x02, 0x06, 0x000A, 0x000D, 0, 0x000125E0, 0x0000009C },
    { 0x021F, 0x0010, 0x00, 0x06, 0x000E, 0x0006, 0, 0x000108D8, 0x00000010 },
    { 0x021F, 0x0010, 0x01, 0x06, 0x000E, 0x0006, 0, 0x00010360, 0x000004DC },
    { 0x021F, 0x0010, 0x02, 0x06, 0x000E, 0x0006, 0, 0x0001083C, 0x0000009C },
    { 0x021F, 0x0011, 0x00, 0x06, 0x0010, 0x0006, 0, 0x0000FAC8, 0x00000010 },
    { 0x021F, 0x0011, 0x01, 0x06, 0x0010, 0x0006, 0, 0x0000F4A0, 0x0000058C },
    { 0x021F, 0x0011, 0x02, 0x06, 0x0010, 0x0006, 0, 0x0000FA2C, 0x0000009C },
    { 0x021F, 0x0012, 0x00, 0x06, 0x000A, 0x000A, 0, 0x00011BCC, 0x00000010 },
    { 0x021F, 0x0012, 0x01, 0x06, 0x000A, 0x000A, 0, 0x00011810, 0x00000320 },
    { 0x021F, 0x0012, 0x02, 0x06, 0x000A, 0x000A, 0, 0x00011B30, 0x0000009C },
    { 0x021F, 0x0013, 0x00, 0x06, 0x0019, 0x0004, 0, 0x0000090C, 0x00000010 },
    { 0x021F, 0x0013, 0x01, 0x06, 0x0019, 0x0004, 0, 0x00000000, 0x00000870 },
    { 0x021F, 0x0013, 0x02, 0x06, 0x0019, 0x0004, 0, 0x00000870, 0x0000009C },
    { 0x021F, 0x0014, 0x00, 0x06, 0x000E, 0x0007, 0, 0x00000D84, 0x00000010 },
    { 0x021F, 0x0014, 0x01, 0x06, 0x000E, 0x0007, 0, 0x00000920, 0x000003C8 },
    { 0x021F, 0x0014, 0x02, 0x06, 0x000E, 0x0007, 0, 0x00000CE8, 0x0000009C },
    { 0x021F, 0x0015, 0x00, 0x06, 0x0018, 0x0008, 0, 0x0000189C, 0x00000010 },
    { 0x021F, 0x0015, 0x01, 0x06, 0x0018, 0x0008, 0, 0x00001160, 0x000006A0 },
    { 0x021F, 0x0015, 0x02, 0x06, 0x0018, 0x0008, 0, 0x00001800, 0x0000009C },
    { 0x021F, 0x0016, 0x00, 0x06, 0x0002, 0x002A, 0, 0x00001AB0, 0x00000010 },
    { 0x021F, 0x0016, 0x01, 0x06, 0x0002, 0x002A, 0, 0x000019C0, 0x00000054 },
    { 0x021F, 0x0016, 0x02, 0x06, 0x0002, 0x002A, 0, 0x00001A14, 0x0000009C },
    { 0x021F, 0x0017, 0x00, 0x06, 0x0014, 0x0009, 0, 0x00003854, 0x00000010 },
    { 0x021F, 0x0017, 0x01, 0x06, 0x0014, 0x0009, 0, 0x00003090, 0x000006CC },
    { 0x021F, 0x0017, 0x02, 0x06, 0x0014, 0x0009, 0, 0x0000375C, 0x000000F8 },
    { 0x021F, 0x0018, 0x00, 0x06, 0x001E, 0x0011, 0, 0x0000D398, 0x00000010 },
    { 0x021F, 0x0018, 0x01, 0x06, 0x001E, 0x0011, 0, 0x0000CCA0, 0x00000600 },
    { 0x021F, 0x0018, 0x02, 0x06, 0x001E, 0x0011, 0, 0x0000D2A0, 0x000000F8 },
    { 0x021F, 0x0019, 0x00, 0x06, 0x000C, 0x000C, 0, 0x0000CC84, 0x00000010 },
    { 0x021F, 0x0019, 0x01, 0x06, 0x000C, 0x000C, 0, 0x0000C720, 0x00000468 },
    { 0x021F, 0x0019, 0x02, 0x06, 0x000C, 0x000C, 0, 0x0000CB88, 0x000000FC },
    { 0x021F, 0x001A, 0x00, 0x06, 0x0009, 0x0004, 0, 0x00012320, 0x00000010 },
    { 0x021F, 0x001A, 0x01, 0x06, 0x0009, 0x0004, 0, 0x00011F60, 0x000002C8 },
    { 0x021F, 0x001A, 0x02, 0x06, 0x0009, 0x0004, 0, 0x00012228, 0x000000F8 },
    { 0x0220, 0x0000, 0x00, 0x06, 0x0009, 0x0004, 0, 0x0000033C, 0x00000010 },
    { 0x0220, 0x0000, 0x01, 0x06, 0x0009, 0x0004, 0, 0x00000250, 0x00000098 },
    { 0x0220, 0x0000, 0x02, 0x06, 0x0009, 0x0004, 0, 0x000002E8, 0x00000054 },
    { 0x0220, 0x0001, 0x00, 0x06, 0x0017, 0x0004, 0, 0x00000238, 0x00000010 },
    { 0x0220, 0x0001, 0x01, 0x06, 0x0017, 0x0004, 0, 0x00000150, 0x00000094 },
    { 0x0220, 0x0001, 0x02, 0x06, 0x0017, 0x0004, 0, 0x000001E4, 0x00000054 },
    { 0x0220, 0x0002, 0x00, 0x06, 0x0014, 0x0003, 0, 0x00005B3C, 0x00000010 },
    { 0x0220, 0x0002, 0x01, 0x06, 0x0014, 0x0003, 0, 0x00005950, 0x00000198 },
    { 0x0220, 0x0002, 0x02, 0x06, 0x0014, 0x0003, 0, 0x00005AE8, 0x00000054 },
    { 0x0221, 0x0000, 0x00, 0x06, 0x0074, 0x0003, 0, 0x00000208, 0x00000010 },
    { 0x0221, 0x0000, 0x01, 0x06, 0x0074, 0x0003, 0, 0x00000000, 0x000001D8 },
    { 0x0221, 0x0000, 0x02, 0x06, 0x0074, 0x0003, 0, 0x000001D8, 0x00000030 },
    { 0x0221, 0x0001, 0x00, 0x06, 0x0018, 0x0003, 0, 0x000002B8, 0x00000010 },
    { 0x0221, 0x0001, 0x01, 0x06, 0x0018, 0x0003, 0, 0x00000220, 0x00000068 },
    { 0x0221, 0x0001, 0x02, 0x06, 0x0018, 0x0003, 0, 0x00000288, 0x00000030 },
    { 0x0227, 0x0000, 0x00, 0x06, 0x0051, 0x000A, 0, 0x00001F4C, 0x00000010 },
    { 0x0227, 0x0000, 0x01, 0x06, 0x0051, 0x000A, 0, 0x00001860, 0x00000668 },
    { 0x0227, 0x0000, 0x02, 0x06, 0x0051, 0x000A, 0, 0x00001EC8, 0x00000084 },
    { 0x022D, 0x0000, 0x00, 0x06, 0x0018, 0x0006, 0, 0x00007148, 0x00000010 },
    { 0x022D, 0x0000, 0x01, 0x06, 0x0018, 0x0006, 0, 0x00006B40, 0x000004EC },
    { 0x022D, 0x0000, 0x02, 0x06, 0x0018, 0x0006, 0, 0x0000702C, 0x0000011C },
    { 0x022E, 0x0000, 0x00, 0x06, 0x0018, 0x0011, 0, 0x00000450, 0x00000010 },
    { 0x022E, 0x0000, 0x01, 0x06, 0x0018, 0x0011, 0, 0x00000000, 0x000003E4 },
    { 0x022E, 0x0000, 0x02, 0x06, 0x0018, 0x0011, 0, 0x000003E4, 0x0000006C },
    { 0x022E, 0x0001, 0x00, 0x06, 0x0048, 0x000A, 0, 0x00001410, 0x00000010 },
    { 0x022E, 0x0001, 0x01, 0x06, 0x0048, 0x000A, 0, 0x00000460, 0x00000F44 },
    { 0x022E, 0x0001, 0x02, 0x06, 0x0048, 0x000A, 0, 0x000013A4, 0x0000006C },
    { 0x022E, 0x0002, 0x00, 0x06, 0x0048, 0x0006, 0, 0x00002574, 0x00000010 },
    { 0x022E, 0x0002, 0x01, 0x06, 0x0048, 0x0006, 0, 0x00001420, 0x000010EC },
    { 0x022E, 0x0002, 0x02, 0x06, 0x0048, 0x0006, 0, 0x0000250C, 0x00000068 },
    { 0x022E, 0x0003, 0x00, 0x06, 0x0018, 0x0009, 0, 0x000029CC, 0x00000010 },
    { 0x022E, 0x0003, 0x01, 0x06, 0x0018, 0x0009, 0, 0x00002590, 0x000003D4 },
    { 0x022E, 0x0003, 0x02, 0x06, 0x0018, 0x0009, 0, 0x00002964, 0x00000068 },
    { 0x022E, 0x0004, 0x00, 0x06, 0x0045, 0x0003, 0, 0x0000420C, 0x00000010 },
    { 0x022E, 0x0004, 0x01, 0x06, 0x0045, 0x0003, 0, 0x000029E0, 0x000017C0 },
    { 0x022E, 0x0004, 0x02, 0x06, 0x0045, 0x0003, 0, 0x000041A0, 0x0000006C },
    { 0x022E, 0x0005, 0x00, 0x06, 0x0028, 0x0017, 0, 0x000048FC, 0x00000010 },
    { 0x022E, 0x0005, 0x01, 0x06, 0x0028, 0x0017, 0, 0x00004220, 0x00000670 },
    { 0x022E, 0x0005, 0x02, 0x06, 0x0028, 0x0017, 0, 0x00004890, 0x0000006C },
    { 0x022E, 0x0006, 0x00, 0x06, 0x0018, 0x0007, 0, 0x0000504C, 0x00000010 },
    { 0x022E, 0x0006, 0x01, 0x06, 0x0018, 0x0007, 0, 0x00004910, 0x000006D0 },
    { 0x022E, 0x0006, 0x02, 0x06, 0x0018, 0x0007, 0, 0x00004FE0, 0x0000006C },
    { 0x022F, 0x0000, 0x00, 0x06, 0x0003, 0x0006, 0, 0x00001374, 0x00000010 },
    { 0x022F, 0x0000, 0x01, 0x06, 0x0003, 0x0006, 0, 0x000012C0, 0x00000030 },
    { 0x022F, 0x0000, 0x02, 0x06, 0x0003, 0x0006, 0, 0x000012F0, 0x00000084 },
    { 0x0231, 0x0000, 0x00, 0x06, 0x0012, 0x0006, 0, 0x000001C4, 0x00000010 },
    { 0x0231, 0x0000, 0x01, 0x06, 0x0012, 0x0006, 0, 0x00000000, 0x0000012C },
    { 0x0231, 0x0000, 0x02, 0x06, 0x0012, 0x0006, 0, 0x0000012C, 0x00000098 },
    { 0x0231, 0x0001, 0x00, 0x06, 0x000E, 0x0008, 0, 0x00000368, 0x00000010 },
    { 0x0231, 0x0001, 0x01, 0x06, 0x000E, 0x0008, 0, 0x000001E0, 0x000000F0 },
    { 0x0231, 0x0001, 0x02, 0x06, 0x000E, 0x0008, 0, 0x000002D0, 0x00000098 },
    { 0x0231, 0x0002, 0x00, 0x06, 0x000A, 0x0005, 0, 0x000004D8, 0x00000010 },
    { 0x0231, 0x0002, 0x01, 0x06, 0x000A, 0x0005, 0, 0x00000380, 0x000000C0 },
    { 0x0231, 0x0002, 0x02, 0x06, 0x000A, 0x0005, 0, 0x00000440, 0x00000098 },
    { 0x0231, 0x0003, 0x00, 0x06, 0x000B, 0x0005, 0, 0x000006B0, 0x00000010 },
    { 0x0231, 0x0003, 0x01, 0x06, 0x000B, 0x0005, 0, 0x000004F0, 0x00000128 },
    { 0x0231, 0x0003, 0x02, 0x06, 0x000B, 0x0005, 0, 0x00000618, 0x00000098 },
    { 0x0231, 0x0004, 0x00, 0x06, 0x0010, 0x0005, 0, 0x000008C4, 0x00000010 },
    { 0x0231, 0x0004, 0x01, 0x06, 0x0010, 0x0005, 0, 0x000006C0, 0x0000016C },
    { 0x0231, 0x0004, 0x02, 0x06, 0x0010, 0x0005, 0, 0x0000082C, 0x00000098 },
    { 0x0231, 0x0005, 0x00, 0x06, 0x001A, 0x0005, 0, 0x00000AF0, 0x00000010 },
    { 0x0231, 0x0005, 0x01, 0x06, 0x001A, 0x0005, 0, 0x000008E0, 0x00000178 },
    { 0x0231, 0x0005, 0x02, 0x06, 0x001A, 0x0005, 0, 0x00000A58, 0x00000098 },
    { 0x0231, 0x0006, 0x00, 0x06, 0x0015, 0x0005, 0, 0x00000D1C, 0x00000010 },
    { 0x0231, 0x0006, 0x01, 0x06, 0x0015, 0x0005, 0, 0x00000B00, 0x00000184 },
    { 0x0231, 0x0006, 0x02, 0x06, 0x0015, 0x0005, 0, 0x00000C84, 0x00000098 },
    { 0x0231, 0x0007, 0x00, 0x06, 0x000F, 0x0006, 0, 0x00000E6C, 0x00000010 },
    { 0x0231, 0x0007, 0x01, 0x06, 0x000F, 0x0006, 0, 0x00000D30, 0x000000A4 },
    { 0x0231, 0x0007, 0x02, 0x06, 0x000F, 0x0006, 0, 0x00000DD4, 0x00000098 },
    { 0x0231, 0x0008, 0x00, 0x06, 0x0009, 0x0008, 0, 0x00001024, 0x00000010 },
    { 0x0231, 0x0008, 0x01, 0x06, 0x0009, 0x0008, 0, 0x00000E80, 0x0000010C },
    { 0x0231, 0x0008, 0x02, 0x06, 0x0009, 0x0008, 0, 0x00000F8C, 0x00000098 },
    { 0x0231, 0x0009, 0x00, 0x06, 0x0012, 0x0005, 0, 0x00003650, 0x00000010 },
    { 0x0231, 0x0009, 0x01, 0x06, 0x0012, 0x0005, 0, 0x00003270, 0x00000348 },
    { 0x0231, 0x0009, 0x02, 0x06, 0x0012, 0x0005, 0, 0x000035B8, 0x00000098 },
    { 0x023D, 0x0000, 0x00, 0x06, 0x0051, 0x0006, 0, 0x00000710, 0x00000010 },
    { 0x023D, 0x0000, 0x01, 0x06, 0x0051, 0x0006, 0, 0x00000000, 0x00000660 },
    { 0x023D, 0x0000, 0x02, 0x06, 0x0051, 0x0006, 0, 0x00000660, 0x000000B0 },
    { 0x023D, 0x0001, 0x00, 0x06, 0x0006, 0x0006, 0, 0x00000854, 0x00000010 },
    { 0x023D, 0x0001, 0x01, 0x06, 0x0006, 0x0006, 0, 0x00000720, 0x00000084 },
    { 0x023D, 0x0001, 0x02, 0x06, 0x0006, 0x0006, 0, 0x000007A4, 0x000000B0 },
    { 0x023D, 0x0002, 0x00, 0x06, 0x001A, 0x0006, 0, 0x00000B34, 0x00000010 },
    { 0x023D, 0x0002, 0x01, 0x06, 0x001A, 0x0006, 0, 0x00000870, 0x00000214 },
    { 0x023D, 0x0002, 0x02, 0x06, 0x001A, 0x0006, 0, 0x00000A84, 0x000000B0 },
    { 0x023D, 0x0003, 0x00, 0x06, 0x0014, 0x0006, 0, 0x00000D9C, 0x00000010 },
    { 0x023D, 0x0003, 0x01, 0x06, 0x0014, 0x0006, 0, 0x00000B50, 0x0000019C },
    { 0x023D, 0x0003, 0x02, 0x06, 0x0014, 0x0006, 0, 0x00000CEC, 0x000000B0 },
    { 0x023D, 0x0004, 0x00, 0x06, 0x0050, 0x0006, 0, 0x000014AC, 0x00000010 },
    { 0x023D, 0x0004, 0x01, 0x06, 0x0050, 0x0006, 0, 0x00000DB0, 0x0000064C },
    { 0x023D, 0x0004, 0x02, 0x06, 0x0050, 0x0006, 0, 0x000013FC, 0x000000B0 },
    { 0x0241, 0x0000, 0x00, 0x06, 0x000E, 0x0005, 0, 0x0000A0C8, 0x00000010 },
    { 0x0241, 0x0000, 0x01, 0x06, 0x000E, 0x0005, 0, 0x00009CA0, 0x000002E4 },
    { 0x0241, 0x0000, 0x02, 0x06, 0x000E, 0x0005, 0, 0x00009F84, 0x00000144 },
    { 0x0241, 0x0001, 0x00, 0x06, 0x000F, 0x0005, 0, 0x0000A5D0, 0x00000010 },
    { 0x0241, 0x0001, 0x01, 0x06, 0x000F, 0x0005, 0, 0x0000A0E0, 0x000003AC },
    { 0x0241, 0x0001, 0x02, 0x06, 0x000F, 0x0005, 0, 0x0000A48C, 0x00000144 },
    { 0x0241, 0x0002, 0x00, 0x06, 0x000E, 0x0004, 0, 0x0000B25C, 0x00000010 },
    { 0x0241, 0x0002, 0x01, 0x06, 0x000E, 0x0004, 0, 0x0000AD90, 0x00000388 },
    { 0x0241, 0x0002, 0x02, 0x06, 0x000E, 0x0004, 0, 0x0000B118, 0x00000144 },
    { 0x0241, 0x0003, 0x00, 0x06, 0x0010, 0x0004, 0, 0x0000B71C, 0x00000010 },
    { 0x0241, 0x0003, 0x01, 0x06, 0x0010, 0x0004, 0, 0x0000B270, 0x00000368 },
    { 0x0241, 0x0003, 0x02, 0x06, 0x0010, 0x0004, 0, 0x0000B5D8, 0x00000144 },
    { 0x0241, 0x0004, 0x00, 0x06, 0x0021, 0x0003, 0, 0x0000C9B8, 0x00000010 },
    { 0x0241, 0x0004, 0x01, 0x06, 0x0021, 0x0003, 0, 0x0000BE60, 0x00000A14 },
    { 0x0241, 0x0004, 0x02, 0x06, 0x0021, 0x0003, 0, 0x0000C874, 0x00000144 },
    { 0x0241, 0x0005, 0x00, 0x06, 0x002D, 0x0007, 0, 0x0000D4A0, 0x00000010 },
    { 0x0241, 0x0005, 0x01, 0x06, 0x002D, 0x0007, 0, 0x0000C9D0, 0x0000098C },
    { 0x0241, 0x0005, 0x02, 0x06, 0x002D, 0x0007, 0, 0x0000D35C, 0x00000144 },
    { 0x0241, 0x0006, 0x00, 0x06, 0x0014, 0x0003, 0, 0x00005804, 0x00000010 },
    { 0x0241, 0x0006, 0x01, 0x06, 0x0014, 0x0003, 0, 0x00004E20, 0x000008A0 },
    { 0x0241, 0x0006, 0x02, 0x06, 0x0014, 0x0003, 0, 0x000056C0, 0x00000144 },
    { 0x0241, 0x0007, 0x00, 0x06, 0x0002, 0x0016, 0, 0x00005990, 0x00000010 },
    { 0x0241, 0x0007, 0x01, 0x06, 0x0002, 0x0016, 0, 0x00005820, 0x0000002C },
    { 0x0241, 0x0007, 0x02, 0x06, 0x0002, 0x0016, 0, 0x0000584C, 0x00000144 },
    { 0x0241, 0x0008, 0x00, 0x06, 0x001E, 0x0004, 0, 0x0000AD80, 0x00000010 },
    { 0x0241, 0x0008, 0x01, 0x06, 0x001E, 0x0004, 0, 0x0000A5E0, 0x0000065C },
    { 0x0241, 0x0008, 0x02, 0x06, 0x001E, 0x0004, 0, 0x0000AC3C, 0x00000144 },
    { 0x0242, 0x0000, 0x00, 0x06, 0x001B, 0x0006, 0, 0x00000338, 0x00000010 },
    { 0x0242, 0x0000, 0x01, 0x06, 0x001B, 0x0006, 0, 0x00000000, 0x00000300 },
    { 0x0242, 0x0000, 0x02, 0x06, 0x001B, 0x0006, 0, 0x00000300, 0x00000038 },
    { 0x0244, 0x0000, 0x00, 0x06, 0x000A, 0x0005, 0, 0x00000184, 0x00000010 },
    { 0x0244, 0x0000, 0x01, 0x06, 0x000A, 0x0005, 0, 0x00000000, 0x00000124 },
    { 0x0244, 0x0000, 0x02, 0x06, 0x000A, 0x0005, 0, 0x00000124, 0x00000060 },
    { 0x0244, 0x0001, 0x00, 0x06, 0x0008, 0x0005, 0, 0x000002AC, 0x00000010 },
    { 0x0244, 0x0001, 0x01, 0x06, 0x0008, 0x0005, 0, 0x000001A0, 0x000000AC },
    { 0x0244, 0x0001, 0x02, 0x06, 0x0008, 0x0005, 0, 0x0000024C, 0x00000060 },
    { 0x0244, 0x0002, 0x00, 0x06, 0x000A, 0x0005, 0, 0x00000444, 0x00000010 },
    { 0x0244, 0x0002, 0x01, 0x06, 0x000A, 0x0005, 0, 0x000002C0, 0x00000124 },
    { 0x0244, 0x0002, 0x02, 0x06, 0x000A, 0x0005, 0, 0x000003E4, 0x00000060 },
    { 0x025B, 0x0000, 0x00, 0x06, 0x001E, 0x0002, 0, 0x00000444, 0x00000010 },
    { 0x025B, 0x0000, 0x01, 0x06, 0x001E, 0x0002, 0, 0x000000F0, 0x000002D4 },
    { 0x025B, 0x0000, 0x02, 0x06, 0x001E, 0x0002, 0, 0x000003C4, 0x00000080 },
    { 0x025C, 0x0000, 0x00, 0x06, 0x0006, 0x0005, 0, 0x0000006C, 0x00000010 },
    { 0x025C, 0x0000, 0x01, 0x06, 0x0006, 0x0005, 0, 0x00000000, 0x00000030 },
    { 0x025C, 0x0000, 0x02, 0x06, 0x0006, 0x0005, 0, 0x00000030, 0x0000003C },
    { 0x0262, 0x0000, 0x00, 0x06, 0x001E, 0x000C, 0, 0x00000710, 0x00000010 },
    { 0x0262, 0x0000, 0x01, 0x06, 0x001E, 0x000C, 0, 0x00000000, 0x000006A8 },
    { 0x0262, 0x0000, 0x02, 0x06, 0x001E, 0x000C, 0, 0x000006A8, 0x00000068 },
    { 0x0262, 0x0001, 0x00, 0x06, 0x001E, 0x0016, 0, 0x00000AFC, 0x00000010 },
    { 0x0262, 0x0001, 0x01, 0x06, 0x001E, 0x0016, 0, 0x00000720, 0x00000374 },
    { 0x0262, 0x0001, 0x02, 0x06, 0x001E, 0x0016, 0, 0x00000A94, 0x00000068 },
    { 0x0262, 0x0002, 0x00, 0x06, 0x001E, 0x0006, 0, 0x000014E4, 0x00000010 },
    { 0x0262, 0x0002, 0x01, 0x06, 0x001E, 0x0006, 0, 0x00000B10, 0x0000096C },
    { 0x0262, 0x0002, 0x02, 0x06, 0x001E, 0x0006, 0, 0x0000147C, 0x00000068 },
    { 0x0262, 0x0003, 0x00, 0x06, 0x001E, 0x0018, 0, 0x00001868, 0x00000010 },
    { 0x0262, 0x0003, 0x01, 0x06, 0x001E, 0x0018, 0, 0x00001500, 0x00000300 },
    { 0x0262, 0x0003, 0x02, 0x06, 0x001E, 0x0018, 0, 0x00001800, 0x00000068 },
    { 0x0262, 0x0004, 0x00, 0x06, 0x001E, 0x001B, 0, 0x0000FB10, 0x00000010 },
    { 0x0262, 0x0004, 0x01, 0x06, 0x001E, 0x001B, 0, 0x0000F7A0, 0x00000308 },
    { 0x0262, 0x0004, 0x02, 0x06, 0x001E, 0x001B, 0, 0x0000FAA8, 0x00000068 },
    { 0x0262, 0x0005, 0x00, 0x06, 0x0027, 0x0013, 0, 0x000101C8, 0x00000010 },
    { 0x0262, 0x0005, 0x01, 0x06, 0x0027, 0x0013, 0, 0x0000FB20, 0x00000640 },
    { 0x0262, 0x0005, 0x02, 0x06, 0x0027, 0x0013, 0, 0x00010160, 0x00000068 },
    { 0x0262, 0x0006, 0x00, 0x06, 0x0028, 0x0005, 0, 0x00010EE0, 0x00000010 },
    { 0x0262, 0x0006, 0x01, 0x06, 0x0028, 0x0005, 0, 0x000101E0, 0x00000C8C },
    { 0x0262, 0x0006, 0x02, 0x06, 0x0028, 0x0005, 0, 0x00010E6C, 0x00000074 },
    { 0x0262, 0x0007, 0x00, 0x06, 0x0037, 0x0017, 0, 0x0001182C, 0x00000010 },
    { 0x0262, 0x0007, 0x01, 0x06, 0x0037, 0x0017, 0, 0x00010EF0, 0x000008C8 },
    { 0x0262, 0x0007, 0x02, 0x06, 0x0037, 0x0017, 0, 0x000117B8, 0x00000074 },
    { 0x0262, 0x0008, 0x00, 0x06, 0x000F, 0x000C, 0, 0x00011C08, 0x00000010 },
    { 0x0262, 0x0008, 0x01, 0x06, 0x000F, 0x000C, 0, 0x00011840, 0x00000360 },
    { 0x0262, 0x0008, 0x02, 0x06, 0x000F, 0x000C, 0, 0x00011BA0, 0x00000068 },
    { 0x0262, 0x0009, 0x00, 0x06, 0x0019, 0x000C, 0, 0x00012218, 0x00000010 },
    { 0x0262, 0x0009, 0x01, 0x06, 0x0019, 0x000C, 0, 0x00011C20, 0x00000590 },
    { 0x0262, 0x0009, 0x02, 0x06, 0x0019, 0x000C, 0, 0x000121B0, 0x00000068 },
    { 0x0263, 0x0000, 0x00, 0x06, 0x0064, 0x0008, 0, 0x000017E8, 0x00000010 },
    { 0x0263, 0x0000, 0x01, 0x06, 0x0064, 0x0008, 0, 0x00000000, 0x00001780 },
    { 0x0263, 0x0000, 0x02, 0x06, 0x0064, 0x0008, 0, 0x00001780, 0x00000068 },
    { 0x0263, 0x0001, 0x00, 0x06, 0x0019, 0x0008, 0, 0x00001C94, 0x00000010 },
    { 0x0263, 0x0001, 0x01, 0x06, 0x0019, 0x0008, 0, 0x00001800, 0x0000042C },
    { 0x0263, 0x0001, 0x02, 0x06, 0x0019, 0x0008, 0, 0x00001C2C, 0x00000068 },
    { 0x0263, 0x0002, 0x00, 0x06, 0x0028, 0x0010, 0, 0x0000BF38, 0x00000010 },
    { 0x0263, 0x0002, 0x01, 0x06, 0x0028, 0x0010, 0, 0x0000B7D0, 0x00000700 },
    { 0x0263, 0x0002, 0x02, 0x06, 0x0028, 0x0010, 0, 0x0000BED0, 0x00000068 },
    { 0x0263, 0x0003, 0x00, 0x06, 0x001E, 0x0012, 0, 0x0000C48C, 0x00000010 },
    { 0x0263, 0x0003, 0x01, 0x06, 0x001E, 0x0012, 0, 0x0000BF50, 0x000004D4 },
    { 0x0263, 0x0003, 0x02, 0x06, 0x001E, 0x0012, 0, 0x0000C424, 0x00000068 },
    { 0x0263, 0x0004, 0x00, 0x06, 0x000A, 0x0003, 0, 0x0000C858, 0x00000010 },
    { 0x0263, 0x0004, 0x01, 0x06, 0x000A, 0x0003, 0, 0x0000C4A0, 0x00000350 },
    { 0x0263, 0x0004, 0x02, 0x06, 0x000A, 0x0003, 0, 0x0000C7F0, 0x00000068 },
    { 0x0263, 0x0005, 0x00, 0x06, 0x0020, 0x001B, 0, 0x0000CD50, 0x00000010 },
    { 0x0263, 0x0005, 0x01, 0x06, 0x0020, 0x001B, 0, 0x0000C870, 0x00000478 },
    { 0x0263, 0x0005, 0x02, 0x06, 0x0020, 0x001B, 0, 0x0000CCE8, 0x00000068 },
    { 0x0263, 0x0006, 0x00, 0x06, 0x0004, 0x0003, 0, 0x0000CF28, 0x00000010 },
    { 0x0263, 0x0006, 0x01, 0x06, 0x0004, 0x0003, 0, 0x0000CD60, 0x00000160 },
    { 0x0263, 0x0006, 0x02, 0x06, 0x0004, 0x0003, 0, 0x0000CEC0, 0x00000068 },
    { 0x0263, 0x0007, 0x00, 0x06, 0x003C, 0x0003, 0, 0x0000E3D8, 0x00000010 },
    { 0x0263, 0x0007, 0x01, 0x06, 0x003C, 0x0003, 0, 0x0000CF40, 0x00001430 },
    { 0x0263, 0x0007, 0x02, 0x06, 0x003C, 0x0003, 0, 0x0000E370, 0x00000068 },
    { 0x0264, 0x0000, 0x00, 0x06, 0x0032, 0x0005, 0, 0x00001144, 0x00000010 },
    { 0x0264, 0x0000, 0x01, 0x06, 0x0032, 0x0005, 0, 0x00000000, 0x000010D8 },
    { 0x0264, 0x0000, 0x02, 0x06, 0x0032, 0x0005, 0, 0x000010D8, 0x0000006C },
    { 0x0264, 0x0001, 0x00, 0x06, 0x0031, 0x0009, 0, 0x00001FA8, 0x00000010 },
    { 0x0264, 0x0001, 0x01, 0x06, 0x0031, 0x0009, 0, 0x00001160, 0x00000DDC },
    { 0x0264, 0x0001, 0x02, 0x06, 0x0031, 0x0009, 0, 0x00001F3C, 0x0000006C },
    { 0x0264, 0x0002, 0x00, 0x06, 0x0031, 0x0003, 0, 0x00002F84, 0x00000010 },
    { 0x0264, 0x0002, 0x01, 0x06, 0x0031, 0x0003, 0, 0x00001FC0, 0x00000F58 },
    { 0x0264, 0x0002, 0x02, 0x06, 0x0031, 0x0003, 0, 0x00002F18, 0x0000006C },
    { 0x0264, 0x0003, 0x00, 0x06, 0x0018, 0x0006, 0, 0x00003768, 0x00000010 },
    { 0x0264, 0x0003, 0x01, 0x06, 0x0018, 0x0006, 0, 0x00002FA0, 0x0000075C },
    { 0x0264, 0x0003, 0x02, 0x06, 0x0018, 0x0006, 0, 0x000036FC, 0x0000006C },
    { 0x0265, 0x0000, 0x00, 0x06, 0x0050, 0x0017, 0, 0x00000DB8, 0x00000010 },
    { 0x0265, 0x0000, 0x01, 0x06, 0x0050, 0x0017, 0, 0x00000000, 0x00000D50 },
    { 0x0265, 0x0000, 0x02, 0x06, 0x0050, 0x0017, 0, 0x00000D50, 0x00000068 },
    { 0x0265, 0x0001, 0x00, 0x06, 0x0032, 0x0007, 0, 0x00001C58, 0x00000010 },
    { 0x0265, 0x0001, 0x01, 0x06, 0x0032, 0x0007, 0, 0x00000DD0, 0x00000E20 },
    { 0x0265, 0x0001, 0x02, 0x06, 0x0032, 0x0007, 0, 0x00001BF0, 0x00000068 },
    { 0x0265, 0x0002, 0x00, 0x06, 0x0014, 0x001A, 0, 0x00001F64, 0x00000010 },
    { 0x0265, 0x0002, 0x01, 0x06, 0x0014, 0x001A, 0, 0x00001C70, 0x0000028C },
    { 0x0265, 0x0002, 0x02, 0x06, 0x0014, 0x001A, 0, 0x00001EFC, 0x00000068 },
    { 0x0265, 0x0003, 0x00, 0x06, 0x0050, 0x0018, 0, 0x00002D38, 0x00000010 },
    { 0x0265, 0x0003, 0x01, 0x06, 0x0050, 0x0018, 0, 0x00001F80, 0x00000D50 },
    { 0x0265, 0x0003, 0x02, 0x06, 0x0050, 0x0018, 0, 0x00002CD0, 0x00000068 },
    { 0x0265, 0x0004, 0x00, 0x06, 0x0060, 0x0018, 0, 0x00003CE8, 0x00000010 },
    { 0x0265, 0x0004, 0x01, 0x06, 0x0060, 0x0018, 0, 0x00002D50, 0x00000F30 },
    { 0x0265, 0x0004, 0x02, 0x06, 0x0060, 0x0018, 0, 0x00003C80, 0x00000068 },
    { 0x0265, 0x0005, 0x00, 0x06, 0x0060, 0x0014, 0, 0x00004F90, 0x00000010 },
    { 0x0265, 0x0005, 0x01, 0x06, 0x0060, 0x0014, 0, 0x00003D00, 0x00001228 },
    { 0x0265, 0x0005, 0x02, 0x06, 0x0060, 0x0014, 0, 0x00004F28, 0x00000068 },
    { 0x0265, 0x0006, 0x00, 0x06, 0x001A, 0x001C, 0, 0x00005248, 0x00000010 },
    { 0x0265, 0x0006, 0x01, 0x06, 0x001A, 0x001C, 0, 0x00004FA0, 0x00000240 },
    { 0x0265, 0x0006, 0x02, 0x06, 0x001A, 0x001C, 0, 0x000051E0, 0x00000068 },
    { 0x0265, 0x0007, 0x00, 0x06, 0x0019, 0x000D, 0, 0x000139F0, 0x00000010 },
    { 0x0265, 0x0007, 0x01, 0x06, 0x0019, 0x000D, 0, 0x00013520, 0x00000468 },
    { 0x0265, 0x0007, 0x02, 0x06, 0x0019, 0x000D, 0, 0x00013988, 0x00000068 },
    { 0x0265, 0x0008, 0x00, 0x06, 0x001E, 0x0006, 0, 0x000144C4, 0x00000010 },
    { 0x0265, 0x0008, 0x01, 0x06, 0x001E, 0x0006, 0, 0x00013A00, 0x00000A5C },
    { 0x0265, 0x0008, 0x02, 0x06, 0x001E, 0x0006, 0, 0x0001445C, 0x00000068 },
    { 0x0265, 0x0009, 0x00, 0x06, 0x0028, 0x0005, 0, 0x00015404, 0x00000010 },
    { 0x0265, 0x0009, 0x01, 0x06, 0x0028, 0x0005, 0, 0x000144E0, 0x00000EBC },
    { 0x0265, 0x0009, 0x02, 0x06, 0x0028, 0x0005, 0, 0x0001539C, 0x00000068 },
    { 0x0265, 0x000A, 0x00, 0x06, 0x004F, 0x0002, 0, 0x00017408, 0x00000010 },
    { 0x0265, 0x000A, 0x01, 0x06, 0x004F, 0x0002, 0, 0x00015420, 0x00001F80 },
    { 0x0265, 0x000A, 0x02, 0x06, 0x004F, 0x0002, 0, 0x000173A0, 0x00000068 },
    { 0x0265, 0x000B, 0x00, 0x06, 0x0042, 0x0013, 0, 0x00018218, 0x00000010 },
    { 0x0265, 0x000B, 0x01, 0x06, 0x0042, 0x0013, 0, 0x00017420, 0x00000D90 },
    { 0x0265, 0x000B, 0x02, 0x06, 0x0042, 0x0013, 0, 0x000181B0, 0x00000068 },
    { 0x0265, 0x000C, 0x00, 0x06, 0x0011, 0x0012, 0, 0x00018674, 0x00000010 },
    { 0x0265, 0x000C, 0x01, 0x06, 0x0011, 0x0012, 0, 0x00018230, 0x000003DC },
    { 0x0265, 0x000C, 0x02, 0x06, 0x0011, 0x0012, 0, 0x0001860C, 0x00000068 },
    { 0x0265, 0x000D, 0x00, 0x06, 0x002B, 0x0006, 0, 0x00019520, 0x00000010 },
    { 0x0265, 0x000D, 0x01, 0x06, 0x002B, 0x0006, 0, 0x00018690, 0x00000E28 },
    { 0x0265, 0x000D, 0x02, 0x06, 0x002B, 0x0006, 0, 0x000194B8, 0x00000068 },
    { 0x0265, 0x000E, 0x00, 0x06, 0x001E, 0x0005, 0, 0x00019FB8, 0x00000010 },
    { 0x0265, 0x000E, 0x01, 0x06, 0x001E, 0x0005, 0, 0x00019530, 0x00000A20 },
    { 0x0265, 0x000E, 0x02, 0x06, 0x001E, 0x0005, 0, 0x00019F50, 0x00000068 },
    { 0x0265, 0x000F, 0x00, 0x06, 0x0018, 0x000C, 0, 0x0001A650, 0x00000010 },
    { 0x0265, 0x000F, 0x01, 0x06, 0x0018, 0x000C, 0, 0x00019FD0, 0x00000618 },
    { 0x0265, 0x000F, 0x02, 0x06, 0x0018, 0x000C, 0, 0x0001A5E8, 0x00000068 },
    { 0x0265, 0x0010, 0x00, 0x06, 0x000B, 0x0013, 0, 0x0001A998, 0x00000010 },
    { 0x0265, 0x0010, 0x01, 0x06, 0x000B, 0x0013, 0, 0x0001A660, 0x000002D0 },
    { 0x0265, 0x0010, 0x02, 0x06, 0x000B, 0x0013, 0, 0x0001A930, 0x00000068 },
    { 0x0265, 0x0011, 0x00, 0x06, 0x0002, 0x0028, 0, 0x0001AA68, 0x00000010 },
    { 0x0265, 0x0011, 0x01, 0x06, 0x0002, 0x0028, 0, 0x0001A9B0, 0x00000050 },
    { 0x0265, 0x0011, 0x02, 0x06, 0x0002, 0x0028, 0, 0x0001AA00, 0x00000068 },
    { 0x0265, 0x0012, 0x00, 0x06, 0x003A, 0x0008, 0, 0x0001BBBC, 0x00000010 },
    { 0x0265, 0x0012, 0x01, 0x06, 0x003A, 0x0008, 0, 0x0001AA80, 0x000010D4 },
    { 0x0265, 0x0012, 0x02, 0x06, 0x003A, 0x0008, 0, 0x0001BB54, 0x00000068 },
    { 0x0265, 0x0013, 0x00, 0x06, 0x0041, 0x000A, 0, 0x0001CB08, 0x00000010 },
    { 0x0265, 0x0013, 0x01, 0x06, 0x0041, 0x000A, 0, 0x0001BBD0, 0x00000ED0 },
    { 0x0265, 0x0013, 0x02, 0x06, 0x0041, 0x000A, 0, 0x0001CAA0, 0x00000068 },
    { 0x0266, 0x0000, 0x00, 0x06, 0x0008, 0x0002, 0, 0x00000068, 0x00000010 },
    { 0x0266, 0x0000, 0x01, 0x06, 0x0008, 0x0002, 0, 0x00000000, 0x00000024 },
    { 0x0266, 0x0000, 0x02, 0x06, 0x0008, 0x0002, 0, 0x00000024, 0x00000044 },
    { 0x0267, 0x0000, 0x00, 0x06, 0x0028, 0x0022, 0, 0x00003D84, 0x00000010 },
    { 0x0267, 0x0000, 0x01, 0x06, 0x0028, 0x0022, 0, 0x00003A80, 0x00000184 },
    { 0x0267, 0x0000, 0x02, 0x06, 0x0028, 0x0022, 0, 0x00003C04, 0x00000180 },
    { 0x0267, 0x0001, 0x00, 0x06, 0x0028, 0x0003, 0, 0x000152A8, 0x00000010 },
    { 0x0267, 0x0001, 0x01, 0x06, 0x0028, 0x0003, 0, 0x000150C0, 0x00000198 },
    { 0x0267, 0x0001, 0x02, 0x06, 0x0028, 0x0003, 0, 0x00015258, 0x00000050 },
    { 0x0267, 0x0002, 0x00, 0x06, 0x0028, 0x0003, 0, 0x00017918, 0x00000010 },
    { 0x0267, 0x0002, 0x01, 0x06, 0x0028, 0x0003, 0, 0x000177A0, 0x00000148 },
    { 0x0267, 0x0002, 0x02, 0x06, 0x0028, 0x0003, 0, 0x000178E8, 0x00000030 },
    { 0x0267, 0x0003, 0x00, 0x06, 0x0033, 0x0002, 0, 0x00016D50, 0x00000010 },
    { 0x0267, 0x0003, 0x01, 0x06, 0x0033, 0x0002, 0, 0x00016BE0, 0x00000138 },
    { 0x0267, 0x0003, 0x02, 0x06, 0x0033, 0x0002, 0, 0x00016D18, 0x00000038 },
    { 0x0267, 0x0004, 0x00, 0x06, 0x0002, 0x0001, 0, 0x00000024, 0x00000010 },
    { 0x0267, 0x0004, 0x01, 0x06, 0x0002, 0x0001, 0, 0x00000000, 0x00000004 },
    { 0x0267, 0x0004, 0x02, 0x06, 0x0002, 0x0001, 0, 0x00000004, 0x00000020 },
    { 0x0267, 0x0005, 0x00, 0x06, 0x0029, 0x0003, 0, 0x00014EAC, 0x00000010 },
    { 0x0267, 0x0005, 0x01, 0x06, 0x0029, 0x0003, 0, 0x00014B20, 0x0000033C },
    { 0x0267, 0x0005, 0x02, 0x06, 0x0029, 0x0003, 0, 0x00014E5C, 0x00000050 },
    { 0x0267, 0x0006, 0x00, 0x06, 0x0029, 0x0003, 0, 0x000150B0, 0x00000010 },
    { 0x0267, 0x0006, 0x01, 0x06, 0x0029, 0x0003, 0, 0x00014EC0, 0x000001A0 },
    { 0x0267, 0x0006, 0x02, 0x06, 0x0029, 0x0003, 0, 0x00015060, 0x00000050 },
    { 0x0267, 0x0007, 0x00, 0x06, 0x0029, 0x0003, 0, 0x00016294, 0x00000010 },
    { 0x0267, 0x0007, 0x01, 0x06, 0x0029, 0x0003, 0, 0x000160B0, 0x000001A0 },
    { 0x0267, 0x0007, 0x02, 0x06, 0x0029, 0x0003, 0, 0x00016250, 0x00000044 },
    { 0x0267, 0x0008, 0x00, 0x06, 0x0029, 0x0005, 0, 0x000163F4, 0x00000010 },
    { 0x0267, 0x0008, 0x01, 0x06, 0x0029, 0x0005, 0, 0x000162B0, 0x00000100 },
    { 0x0267, 0x0008, 0x02, 0x06, 0x0029, 0x0005, 0, 0x000163B0, 0x00000044 },
    { 0x0267, 0x0009, 0x00, 0x06, 0x0004, 0x0003, 0, 0x00017668, 0x00000010 },
    { 0x0267, 0x0009, 0x01, 0x06, 0x0004, 0x0003, 0, 0x00017610, 0x00000028 },
    { 0x0267, 0x0009, 0x02, 0x06, 0x0004, 0x0003, 0, 0x00017638, 0x00000030 },
    { 0x0267, 0x000A, 0x00, 0x06, 0x001B, 0x0003, 0, 0x00017790, 0x00000010 },
    { 0x0267, 0x000A, 0x01, 0x06, 0x001B, 0x0003, 0, 0x00017680, 0x000000E0 },
    { 0x0267, 0x000A, 0x02, 0x06, 0x001B, 0x0003, 0, 0x00017760, 0x00000030 },
    { 0x0267, 0x000B, 0x00, 0x06, 0x0029, 0x0003, 0, 0x00017600, 0x00000010 },
    { 0x0267, 0x000B, 0x01, 0x06, 0x0029, 0x0003, 0, 0x00017480, 0x00000150 },
    { 0x0267, 0x000B, 0x02, 0x06, 0x0029, 0x0003, 0, 0x000175D0, 0x00000030 },
    { 0x0267, 0x000C, 0x00, 0x06, 0x0029, 0x0003, 0, 0x00014B10, 0x00000010 },
    { 0x0267, 0x000C, 0x01, 0x06, 0x0029, 0x0003, 0, 0x00014920, 0x000001A0 },
    { 0x0267, 0x000C, 0x02, 0x06, 0x0029, 0x0003, 0, 0x00014AC0, 0x00000050 },
    { 0x0267, 0x000D, 0x00, 0x06, 0x0029, 0x0003, 0, 0x00014910, 0x00000010 },
    { 0x0267, 0x000D, 0x01, 0x06, 0x0029, 0x0003, 0, 0x00014720, 0x000001A0 },
    { 0x0267, 0x000D, 0x02, 0x06, 0x0029, 0x0003, 0, 0x000148C0, 0x00000050 },
    { 0x0273, 0x0000, 0x00, 0x06, 0x0016, 0x000C, 0, 0x00005500, 0x00000010 },
    { 0x0273, 0x0000, 0x01, 0x06, 0x0016, 0x000C, 0, 0x00004FB0, 0x000004E8 },
    { 0x0273, 0x0000, 0x02, 0x06, 0x0016, 0x000C, 0, 0x00005498, 0x00000068 },
    { 0x0273, 0x0001, 0x00, 0x06, 0x001D, 0x000B, 0, 0x00005880, 0x00000010 },
    { 0x0273, 0x0001, 0x01, 0x06, 0x001D, 0x000B, 0, 0x00005510, 0x00000308 },
    { 0x0273, 0x0001, 0x02, 0x06, 0x001D, 0x000B, 0, 0x00005818, 0x00000068 },
    { 0x0273, 0x0002, 0x00, 0x06, 0x001E, 0x0016, 0, 0x00005C30, 0x00000010 },
    { 0x0273, 0x0002, 0x01, 0x06, 0x001E, 0x0016, 0, 0x00005890, 0x00000338 },
    { 0x0273, 0x0002, 0x02, 0x06, 0x001E, 0x0016, 0, 0x00005BC8, 0x00000068 },
    { 0x0273, 0x0003, 0x00, 0x06, 0x0013, 0x001C, 0, 0x0000C6C8, 0x00000010 },
    { 0x0273, 0x0003, 0x01, 0x06, 0x0013, 0x001C, 0, 0x0000C460, 0x00000200 },
    { 0x0273, 0x0003, 0x02, 0x06, 0x0013, 0x001C, 0, 0x0000C660, 0x00000068 },
    { 0x0273, 0x0004, 0x00, 0x06, 0x0028, 0x000E, 0, 0x0000C374, 0x00000010 },
    { 0x0273, 0x0004, 0x01, 0x06, 0x0028, 0x000E, 0, 0x0000BAD0, 0x0000083C },
    { 0x0273, 0x0004, 0x02, 0x06, 0x0028, 0x000E, 0, 0x0000C30C, 0x00000068 },
    { 0x0273, 0x0005, 0x00, 0x06, 0x0002, 0x0026, 0, 0x0000C444, 0x00000010 },
    { 0x0273, 0x0005, 0x01, 0x06, 0x0002, 0x0026, 0, 0x0000C390, 0x0000004C },
    { 0x0273, 0x0005, 0x02, 0x06, 0x0002, 0x0026, 0, 0x0000C3DC, 0x00000068 },
    { 0x0274, 0x0000, 0x00, 0x06, 0x000B, 0x0009, 0, 0x00004268, 0x00000010 },
    { 0x0274, 0x0000, 0x01, 0x06, 0x000B, 0x0009, 0, 0x00003DF0, 0x000003DC },
    { 0x0274, 0x0000, 0x02, 0x06, 0x000B, 0x0009, 0, 0x000041CC, 0x0000009C },
    { 0x0274, 0x0001, 0x00, 0x06, 0x000B, 0x0009, 0, 0x000046F8, 0x00000010 },
    { 0x0274, 0x0001, 0x01, 0x06, 0x000B, 0x0009, 0, 0x00004280, 0x000003DC },
    { 0x0274, 0x0001, 0x02, 0x06, 0x000B, 0x0009, 0, 0x0000465C, 0x0000009C },
    { 0x0274, 0x0002, 0x00, 0x06, 0x0009, 0x000C, 0, 0x00004ADC, 0x00000010 },
    { 0x0274, 0x0002, 0x01, 0x06, 0x0009, 0x000C, 0, 0x00004710, 0x00000330 },
    { 0x0274, 0x0002, 0x02, 0x06, 0x0009, 0x000C, 0, 0x00004A40, 0x0000009C },
    { 0x0274, 0x0003, 0x00, 0x06, 0x000E, 0x000B, 0, 0x00004F94, 0x00000010 },
    { 0x0274, 0x0003, 0x01, 0x06, 0x000E, 0x000B, 0, 0x00004AF0, 0x00000408 },
    { 0x0274, 0x0003, 0x02, 0x06, 0x000E, 0x000B, 0, 0x00004EF8, 0x0000009C },
    { 0x0274, 0x0004, 0x00, 0x06, 0x0028, 0x0017, 0, 0x000057AC, 0x00000010 },
    { 0x0274, 0x0004, 0x01, 0x06, 0x0028, 0x0017, 0, 0x00004FB0, 0x00000760 },
    { 0x0274, 0x0004, 0x02, 0x06, 0x0028, 0x0017, 0, 0x00005710, 0x0000009C },
    { 0x0274, 0x0005, 0x00, 0x06, 0x0028, 0x001D, 0, 0x00005D98, 0x00000010 },
    { 0x0274, 0x0005, 0x01, 0x06, 0x0028, 0x001D, 0, 0x000057C0, 0x0000053C },
    { 0x0274, 0x0005, 0x02, 0x06, 0x0028, 0x001D, 0, 0x00005CFC, 0x0000009C },
    { 0x0274, 0x0006, 0x00, 0x06, 0x002D, 0x0008, 0, 0x00006E88, 0x00000010 },
    { 0x0274, 0x0006, 0x01, 0x06, 0x002D, 0x0008, 0, 0x00005DB0, 0x0000103C },
    { 0x0274, 0x0006, 0x02, 0x06, 0x002D, 0x0008, 0, 0x00006DEC, 0x0000009C },
    { 0x0274, 0x0007, 0x00, 0x06, 0x0013, 0x0008, 0, 0x000074F0, 0x00000010 },
    { 0x0274, 0x0007, 0x01, 0x06, 0x0013, 0x0008, 0, 0x00006EA0, 0x000005B4 },
    { 0x0274, 0x0007, 0x02, 0x06, 0x0013, 0x0008, 0, 0x00007454, 0x0000009C },
    { 0x0274, 0x0008, 0x00, 0x06, 0x0021, 0x0008, 0, 0x00008040, 0x00000010 },
    { 0x0274, 0x0008, 0x01, 0x06, 0x0021, 0x0008, 0, 0x00007500, 0x00000AA4 },
    { 0x0274, 0x0008, 0x02, 0x06, 0x0021, 0x0008, 0, 0x00007FA4, 0x0000009C },
    { 0x0274, 0x0009, 0x00, 0x06, 0x001C, 0x000E, 0, 0x000087D0, 0x00000010 },
    { 0x0274, 0x0009, 0x01, 0x06, 0x001C, 0x000E, 0, 0x00008050, 0x000006E4 },
    { 0x0274, 0x0009, 0x02, 0x06, 0x001C, 0x000E, 0, 0x00008734, 0x0000009C },
    { 0x0274, 0x000A, 0x00, 0x06, 0x001B, 0x000B, 0, 0x0000EFDC, 0x00000010 },
    { 0x0274, 0x000A, 0x01, 0x06, 0x001B, 0x000B, 0, 0x0000E790, 0x000007B0 },
    { 0x0274, 0x000A, 0x02, 0x06, 0x001B, 0x000B, 0, 0x0000EF40, 0x0000009C },
    { 0x0275, 0x0000, 0x00, 0x06, 0x0008, 0x0006, 0, 0x00000114, 0x00000010 },
    { 0x0275, 0x0000, 0x01, 0x06, 0x0008, 0x0006, 0, 0x00000000, 0x000000CC },
    { 0x0275, 0x0000, 0x02, 0x06, 0x0008, 0x0006, 0, 0x000000CC, 0x00000048 },
    { 0x0275, 0x0001, 0x00, 0x06, 0x0020, 0x0003, 0, 0x00000680, 0x00000010 },
    { 0x0275, 0x0001, 0x01, 0x06, 0x0020, 0x0003, 0, 0x00000130, 0x00000508 },
    { 0x0275, 0x0001, 0x02, 0x06, 0x0020, 0x0003, 0, 0x00000638, 0x00000048 },
    { 0x0275, 0x0002, 0x00, 0x06, 0x0010, 0x0003, 0, 0x000008C0, 0x00000010 },
    { 0x0275, 0x0002, 0x01, 0x06, 0x0010, 0x0003, 0, 0x00000690, 0x000001E8 },
    { 0x0275, 0x0002, 0x02, 0x06, 0x0010, 0x0003, 0, 0x00000878, 0x00000048 },
    { 0x0275, 0x0003, 0x00, 0x06, 0x0008, 0x0006, 0, 0x00000A54, 0x00000010 },
    { 0x0275, 0x0003, 0x01, 0x06, 0x0008, 0x0006, 0, 0x000008D0, 0x0000013C },
    { 0x0275, 0x0003, 0x02, 0x06, 0x0008, 0x0006, 0, 0x00000A0C, 0x00000048 },
    { 0x0275, 0x0004, 0x00, 0x06, 0x0010, 0x0003, 0, 0x00000D40, 0x00000010 },
    { 0x0275, 0x0004, 0x01, 0x06, 0x0010, 0x0003, 0, 0x00000A70, 0x00000288 },
    { 0x0275, 0x0004, 0x02, 0x06, 0x0010, 0x0003, 0, 0x00000CF8, 0x00000048 },
    { 0x0275, 0x0005, 0x00, 0x06, 0x001E, 0x0003, 0, 0x0000119C, 0x00000010 },
    { 0x0275, 0x0005, 0x01, 0x06, 0x001E, 0x0003, 0, 0x00000D50, 0x00000404 },
    { 0x0275, 0x0005, 0x02, 0x06, 0x001E, 0x0003, 0, 0x00001154, 0x00000048 },
    { 0x0275, 0x0006, 0x00, 0x06, 0x0014, 0x0002, 0, 0x000014CC, 0x00000010 },
    { 0x0275, 0x0006, 0x01, 0x06, 0x0014, 0x0002, 0, 0x000011B0, 0x000002D4 },
    { 0x0275, 0x0006, 0x02, 0x06, 0x0014, 0x0002, 0, 0x00001484, 0x00000048 },
    { 0x0277, 0x0000, 0x00, 0x06, 0x0018, 0x000A, 0, 0x000005B4, 0x00000010 },
    { 0x0277, 0x0000, 0x01, 0x06, 0x0018, 0x000A, 0, 0x00000000, 0x00000524 },
    { 0x0277, 0x0000, 0x02, 0x06, 0x0018, 0x000A, 0, 0x00000524, 0x00000090 },
    { 0x0277, 0x0001, 0x00, 0x06, 0x000F, 0x0012, 0, 0x000008A0, 0x00000010 },
    { 0x0277, 0x0001, 0x01, 0x06, 0x000F, 0x0012, 0, 0x000005D0, 0x00000240 },
    { 0x0277, 0x0001, 0x02, 0x06, 0x000F, 0x0012, 0, 0x00000810, 0x00000090 },
    { 0x0277, 0x0002, 0x00, 0x06, 0x0019, 0x0018, 0, 0x00000BC8, 0x00000010 },
    { 0x0277, 0x0002, 0x01, 0x06, 0x0019, 0x0018, 0, 0x000008B0, 0x00000288 },
    { 0x0277, 0x0002, 0x02, 0x06, 0x0019, 0x0018, 0, 0x00000B38, 0x00000090 },
    { 0x0277, 0x0003, 0x00, 0x06, 0x000F, 0x000A, 0, 0x00000F54, 0x00000010 },
    { 0x0277, 0x0003, 0x01, 0x06, 0x000F, 0x000A, 0, 0x00000BE0, 0x000002E4 },
    { 0x0277, 0x0003, 0x02, 0x06, 0x000F, 0x000A, 0, 0x00000EC4, 0x00000090 },
    { 0x0277, 0x0004, 0x00, 0x06, 0x0019, 0x0009, 0, 0x000014F4, 0x00000010 },
    { 0x0277, 0x0004, 0x01, 0x06, 0x0019, 0x0009, 0, 0x00000F70, 0x000004F4 },
    { 0x0277, 0x0004, 0x02, 0x06, 0x0019, 0x0009, 0, 0x00001464, 0x00000090 },
    { 0x0277, 0x0005, 0x00, 0x06, 0x0021, 0x0007, 0, 0x00001D28, 0x00000010 },
    { 0x0277, 0x0005, 0x01, 0x06, 0x0021, 0x0007, 0, 0x00001510, 0x00000788 },
    { 0x0277, 0x0005, 0x02, 0x06, 0x0021, 0x0007, 0, 0x00001C98, 0x00000090 },
    { 0x0277, 0x0006, 0x00, 0x06, 0x0050, 0x000B, 0, 0x00002928, 0x00000010 },
    { 0x0277, 0x0006, 0x01, 0x06, 0x0050, 0x000B, 0, 0x00001D40, 0x00000B58 },
    { 0x0277, 0x0006, 0x02, 0x06, 0x0050, 0x000B, 0, 0x00002898, 0x00000090 },
    { 0x0277, 0x0007, 0x00, 0x06, 0x001E, 0x0004, 0, 0x00003284, 0x00000010 },
    { 0x0277, 0x0007, 0x01, 0x06, 0x001E, 0x0004, 0, 0x00002940, 0x000008B4 },
    { 0x0277, 0x0007, 0x02, 0x06, 0x001E, 0x0004, 0, 0x000031F4, 0x00000090 },
    { 0x0277, 0x0008, 0x00, 0x06, 0x000A, 0x0018, 0, 0x00003428, 0x00000010 },
    { 0x0277, 0x0008, 0x01, 0x06, 0x000A, 0x0018, 0, 0x000032A0, 0x000000F8 },
    { 0x0277, 0x0008, 0x02, 0x06, 0x000A, 0x0018, 0, 0x00003398, 0x00000090 },
    { 0x0277, 0x0009, 0x00, 0x06, 0x001E, 0x0004, 0, 0x00003D84, 0x00000010 },
    { 0x0277, 0x0009, 0x01, 0x06, 0x001E, 0x0004, 0, 0x00003440, 0x000008B4 },
    { 0x0277, 0x0009, 0x02, 0x06, 0x001E, 0x0004, 0, 0x00003CF4, 0x00000090 },
    { 0x0277, 0x000A, 0x00, 0x06, 0x001E, 0x001A, 0, 0x00004260, 0x00000010 },
    { 0x0277, 0x000A, 0x01, 0x06, 0x001E, 0x001A, 0, 0x00003DA0, 0x00000430 },
    { 0x0277, 0x000A, 0x02, 0x06, 0x001E, 0x001A, 0, 0x000041D0, 0x00000090 },
    { 0x0277, 0x000B, 0x00, 0x06, 0x000F, 0x001A, 0, 0x00004534, 0x00000010 },
    { 0x0277, 0x000B, 0x01, 0x06, 0x000F, 0x001A, 0, 0x00004270, 0x00000234 },
    { 0x0277, 0x000B, 0x02, 0x06, 0x000F, 0x001A, 0, 0x000044A4, 0x00000090 },
    { 0x0277, 0x000C, 0x00, 0x06, 0x001E, 0x001E, 0, 0x000048B0, 0x00000010 },
    { 0x0277, 0x000C, 0x01, 0x06, 0x001E, 0x001E, 0, 0x00004550, 0x000002D0 },
    { 0x0277, 0x000C, 0x02, 0x06, 0x001E, 0x001E, 0, 0x00004820, 0x00000090 },
    { 0x0277, 0x000D, 0x00, 0x06, 0x001E, 0x0009, 0, 0x000050A8, 0x00000010 },
    { 0x0277, 0x000D, 0x01, 0x06, 0x001E, 0x0009, 0, 0x000048C0, 0x00000758 },
    { 0x0277, 0x000D, 0x02, 0x06, 0x001E, 0x0009, 0, 0x00005018, 0x00000090 },
    { 0x0278, 0x0000, 0x00, 0x06, 0x0002, 0x0004, 0, 0x00010064, 0x00000010 },
    { 0x0278, 0x0000, 0x01, 0x06, 0x0002, 0x0004, 0, 0x00010030, 0x00000008 },
    { 0x0278, 0x0000, 0x02, 0x06, 0x0002, 0x0004, 0, 0x00010038, 0x0000002C },
    { 0x0278, 0x0001, 0x00, 0x06, 0x001E, 0x0004, 0, 0x00010124, 0x00000010 },
    { 0x0278, 0x0001, 0x01, 0x06, 0x001E, 0x0004, 0, 0x000100F0, 0x00000008 },
    { 0x0278, 0x0001, 0x02, 0x06, 0x001E, 0x0004, 0, 0x000100F8, 0x0000002C },
    { 0x0278, 0x0002, 0x00, 0x06, 0x0002, 0x0003, 0, 0x000101E4, 0x00000010 },
    { 0x0278, 0x0002, 0x01, 0x06, 0x0002, 0x0003, 0, 0x000101B0, 0x00000008 },
    { 0x0278, 0x0002, 0x02, 0x06, 0x0002, 0x0003, 0, 0x000101B8, 0x0000002C },
    { 0x0278, 0x0003, 0x00, 0x06, 0x0064, 0x0002, 0, 0x000061D8, 0x00000010 },
    { 0x0278, 0x0003, 0x01, 0x06, 0x0064, 0x0002, 0, 0x00006160, 0x00000004 },
    { 0x0278, 0x0003, 0x02, 0x06, 0x0064, 0x0002, 0, 0x00006164, 0x00000074 },
    { 0x0279, 0x0000, 0x00, 0x06, 0x001D, 0x0006, 0, 0x000074B0, 0x00000010 },
    { 0x0279, 0x0000, 0x01, 0x06, 0x001D, 0x0006, 0, 0x00006DE0, 0x00000664 },
    { 0x0279, 0x0000, 0x02, 0x06, 0x001D, 0x0006, 0, 0x00007444, 0x0000006C },
    { 0x0279, 0x0001, 0x00, 0x06, 0x001F, 0x0009, 0, 0x00000800, 0x00000010 },
    { 0x0279, 0x0001, 0x01, 0x06, 0x001F, 0x0009, 0, 0x00000000, 0x00000794 },
    { 0x0279, 0x0001, 0x02, 0x06, 0x001F, 0x0009, 0, 0x00000794, 0x0000006C },
    { 0x0279, 0x0002, 0x00, 0x06, 0x001F, 0x0013, 0, 0x00000D00, 0x00000010 },
    { 0x0279, 0x0002, 0x01, 0x06, 0x001F, 0x0013, 0, 0x00000810, 0x00000484 },
    { 0x0279, 0x0002, 0x02, 0x06, 0x001F, 0x0013, 0, 0x00000C94, 0x0000006C },
    { 0x0279, 0x0003, 0x00, 0x06, 0x0037, 0x0006, 0, 0x00001D70, 0x00000010 },
    { 0x0279, 0x0003, 0x01, 0x06, 0x0037, 0x0006, 0, 0x00000D10, 0x00000FF4 },
    { 0x0279, 0x0003, 0x02, 0x06, 0x0037, 0x0006, 0, 0x00001D04, 0x0000006C },
    { 0x0279, 0x0004, 0x00, 0x06, 0x0014, 0x0007, 0, 0x00002374, 0x00000010 },
    { 0x0279, 0x0004, 0x01, 0x06, 0x0014, 0x0007, 0, 0x00001D80, 0x00000588 },
    { 0x0279, 0x0004, 0x02, 0x06, 0x0014, 0x0007, 0, 0x00002308, 0x0000006C },
    { 0x0279, 0x0005, 0x00, 0x06, 0x0017, 0x0009, 0, 0x0000288C, 0x00000010 },
    { 0x0279, 0x0005, 0x01, 0x06, 0x0017, 0x0009, 0, 0x00002390, 0x00000490 },
    { 0x0279, 0x0005, 0x02, 0x06, 0x0017, 0x0009, 0, 0x00002820, 0x0000006C },
    { 0x0279, 0x0006, 0x00, 0x06, 0x0011, 0x0006, 0, 0x00002E8C, 0x00000010 },
    { 0x0279, 0x0006, 0x01, 0x06, 0x0011, 0x0006, 0, 0x000028A0, 0x00000580 },
    { 0x0279, 0x0006, 0x02, 0x06, 0x0011, 0x0006, 0, 0x00002E20, 0x0000006C },
    { 0x0279, 0x0007, 0x00, 0x06, 0x0009, 0x0006, 0, 0x000040FC, 0x00000010 },
    { 0x0279, 0x0007, 0x01, 0x06, 0x0009, 0x0006, 0, 0x00003DA0, 0x000002F0 },
    { 0x0279, 0x0007, 0x02, 0x06, 0x0009, 0x0006, 0, 0x00004090, 0x0000006C },
    { 0x0279, 0x0008, 0x00, 0x06, 0x0011, 0x0006, 0, 0x0000516C, 0x00000010 },
    { 0x0279, 0x0008, 0x01, 0x06, 0x0011, 0x0006, 0, 0x00004B80, 0x00000580 },
    { 0x0279, 0x0008, 0x02, 0x06, 0x0011, 0x0006, 0, 0x00005100, 0x0000006C },
    { 0x0279, 0x0009, 0x00, 0x06, 0x0009, 0x0006, 0, 0x000054DC, 0x00000010 },
    { 0x0279, 0x0009, 0x01, 0x06, 0x0009, 0x0006, 0, 0x00005180, 0x000002F0 },
    { 0x0279, 0x0009, 0x02, 0x06, 0x0009, 0x0006, 0, 0x00005470, 0x0000006C },
    { 0x0279, 0x000A, 0x00, 0x06, 0x000C, 0x0004, 0, 0x000045A4, 0x00000010 },
    { 0x0279, 0x000A, 0x01, 0x06, 0x000C, 0x0004, 0, 0x00004110, 0x00000428 },
    { 0x0279, 0x000A, 0x02, 0x06, 0x000C, 0x0004, 0, 0x00004538, 0x0000006C },
    { 0x0279, 0x000B, 0x00, 0x06, 0x002A, 0x0005, 0, 0x00003D88, 0x00000010 },
    { 0x0279, 0x000B, 0x01, 0x06, 0x002A, 0x0005, 0, 0x00002EA0, 0x00000E7C },
    { 0x0279, 0x000B, 0x02, 0x06, 0x002A, 0x0005, 0, 0x00003D1C, 0x0000006C },
    { 0x0279, 0x000C, 0x00, 0x06, 0x0014, 0x000B, 0, 0x00004B6C, 0x00000010 },
    { 0x0279, 0x000C, 0x01, 0x06, 0x0014, 0x000B, 0, 0x000045C0, 0x00000540 },
    { 0x0279, 0x000C, 0x02, 0x06, 0x0014, 0x000B, 0, 0x00004B00, 0x0000006C },
    { 0x0279, 0x000D, 0x00, 0x06, 0x000F, 0x000C, 0, 0x00012614, 0x00000010 },
    { 0x0279, 0x000D, 0x01, 0x06, 0x000F, 0x000C, 0, 0x000122C0, 0x000002E8 },
    { 0x0279, 0x000D, 0x02, 0x06, 0x000F, 0x000C, 0, 0x000125A8, 0x0000006C },
    { 0x0279, 0x000E, 0x00, 0x06, 0x0013, 0x000A, 0, 0x00005A58, 0x00000010 },
    { 0x0279, 0x000E, 0x01, 0x06, 0x0013, 0x000A, 0, 0x000054F0, 0x000004FC },
    { 0x0279, 0x000E, 0x02, 0x06, 0x0013, 0x000A, 0, 0x000059EC, 0x0000006C },
    { 0x0279, 0x000F, 0x00, 0x06, 0x002B, 0x0007, 0, 0x00006704, 0x00000010 },
    { 0x0279, 0x000F, 0x01, 0x06, 0x002B, 0x0007, 0, 0x00005A70, 0x00000C28 },
    { 0x0279, 0x000F, 0x02, 0x06, 0x002B, 0x0007, 0, 0x00006698, 0x0000006C },
    { 0x0279, 0x0010, 0x00, 0x06, 0x0018, 0x0008, 0, 0x00006DCC, 0x00000010 },
    { 0x0279, 0x0010, 0x01, 0x06, 0x0018, 0x0008, 0, 0x00006720, 0x00000640 },
    { 0x0279, 0x0010, 0x02, 0x06, 0x0018, 0x0008, 0, 0x00006D60, 0x0000006C },
    { 0x027A, 0x0000, 0x00, 0x06, 0x0032, 0x0005, 0, 0x000010B4, 0x00000010 },
    { 0x027A, 0x0000, 0x01, 0x06, 0x0032, 0x0005, 0, 0x00000000, 0x00001010 },
    { 0x027A, 0x0000, 0x02, 0x06, 0x0032, 0x0005, 0, 0x00001010, 0x000000A4 },
    { 0x027A, 0x0001, 0x00, 0x06, 0x000D, 0x0008, 0, 0x00005C64, 0x00000010 },
    { 0x027A, 0x0001, 0x01, 0x06, 0x000D, 0x0008, 0, 0x00005820, 0x000003A0 },
    { 0x027A, 0x0001, 0x02, 0x06, 0x000D, 0x0008, 0, 0x00005BC0, 0x000000A4 },
    { 0x027A, 0x0002, 0x00, 0x06, 0x000D, 0x0009, 0, 0x00006044, 0x00000010 },
    { 0x027A, 0x0002, 0x01, 0x06, 0x000D, 0x0009, 0, 0x00005C80, 0x00000320 },
    { 0x027A, 0x0002, 0x02, 0x06, 0x000D, 0x0009, 0, 0x00005FA0, 0x000000A4 },
    { 0x027A, 0x0003, 0x00, 0x06, 0x0029, 0x000D, 0, 0x00006A18, 0x00000010 },
    { 0x027A, 0x0003, 0x01, 0x06, 0x0029, 0x000D, 0, 0x00006060, 0x00000914 },
    { 0x027A, 0x0003, 0x02, 0x06, 0x0029, 0x000D, 0, 0x00006974, 0x000000A4 },
    { 0x027A, 0x0004, 0x00, 0x06, 0x0007, 0x0016, 0, 0x00006B64, 0x00000010 },
    { 0x027A, 0x0004, 0x01, 0x06, 0x0007, 0x0016, 0, 0x00006A30, 0x00000090 },
    { 0x027A, 0x0004, 0x02, 0x06, 0x0007, 0x0016, 0, 0x00006AC0, 0x000000A4 },
    { 0x027A, 0x0005, 0x00, 0x06, 0x000A, 0x0004, 0, 0x00006CF8, 0x00000010 },
    { 0x027A, 0x0005, 0x01, 0x06, 0x000A, 0x0004, 0, 0x00006B80, 0x00000134 },
    { 0x027A, 0x0005, 0x02, 0x06, 0x000A, 0x0004, 0, 0x00006CB4, 0x00000044 },
    { 0x027A, 0x0006, 0x00, 0x06, 0x0003, 0x0005, 0, 0x00007CD0, 0x00000010 },
    { 0x027A, 0x0006, 0x01, 0x06, 0x0003, 0x0005, 0, 0x00007C40, 0x0000004C },
    { 0x027A, 0x0006, 0x02, 0x06, 0x0003, 0x0005, 0, 0x00007C8C, 0x00000044 },
    { 0x027A, 0x0007, 0x00, 0x06, 0x0007, 0x0005, 0, 0x00007DC8, 0x00000010 },
    { 0x027A, 0x0007, 0x01, 0x06, 0x0007, 0x0005, 0, 0x00007CE0, 0x000000A4 },
    { 0x027A, 0x0007, 0x02, 0x06, 0x0007, 0x0005, 0, 0x00007D84, 0x00000044 },
    { 0x027B, 0x0000, 0x00, 0x06, 0x0046, 0x0009, 0, 0x000043E4, 0x00000010 },
    { 0x027B, 0x0000, 0x01, 0x06, 0x0046, 0x0009, 0, 0x00003620, 0x00000CA8 },
    { 0x027B, 0x0000, 0x02, 0x06, 0x0046, 0x0009, 0, 0x000042C8, 0x0000011C },
    { 0x027B, 0x0001, 0x00, 0x06, 0x001E, 0x0008, 0, 0x00004B08, 0x00000010 },
    { 0x027B, 0x0001, 0x01, 0x06, 0x001E, 0x0008, 0, 0x00004400, 0x000005EC },
    { 0x027B, 0x0001, 0x02, 0x06, 0x001E, 0x0008, 0, 0x000049EC, 0x0000011C },
    { 0x027B, 0x0002, 0x00, 0x06, 0x0023, 0x0006, 0, 0x000053F0, 0x00000010 },
    { 0x027B, 0x0002, 0x01, 0x06, 0x0023, 0x0006, 0, 0x00004B20, 0x000007B4 },
    { 0x027B, 0x0002, 0x02, 0x06, 0x0023, 0x0006, 0, 0x000052D4, 0x0000011C },
    { 0x027B, 0x0003, 0x00, 0x06, 0x001D, 0x0005, 0, 0x0000360C, 0x00000010 },
    { 0x027B, 0x0003, 0x01, 0x06, 0x001D, 0x0005, 0, 0x00002FB0, 0x00000540 },
    { 0x027B, 0x0003, 0x02, 0x06, 0x001D, 0x0005, 0, 0x000034F0, 0x0000011C },
    { 0x027B, 0x0004, 0x00, 0x06, 0x0018, 0x0005, 0, 0x00002F98, 0x00000010 },
    { 0x027B, 0x0004, 0x01, 0x06, 0x0018, 0x0005, 0, 0x00002990, 0x000004EC },
    { 0x027B, 0x0004, 0x02, 0x06, 0x0018, 0x0005, 0, 0x00002E7C, 0x0000011C },
    { 0x027E, 0x0000, 0x00, 0x06, 0x001F, 0x000D, 0, 0x00000690, 0x00000010 },
    { 0x027E, 0x0000, 0x01, 0x06, 0x001F, 0x000D, 0, 0x00000000, 0x00000628 },
    { 0x027E, 0x0000, 0x02, 0x06, 0x001F, 0x000D, 0, 0x00000628, 0x00000068 },
    { 0x027E, 0x0001, 0x00, 0x06, 0x0028, 0x000E, 0, 0x00000E54, 0x00000010 },
    { 0x027E, 0x0001, 0x01, 0x06, 0x0028, 0x000E, 0, 0x000006A0, 0x0000074C },
    { 0x027E, 0x0001, 0x02, 0x06, 0x0028, 0x000E, 0, 0x00000DEC, 0x00000068 },
    { 0x027E, 0x0002, 0x00, 0x06, 0x0014, 0x0007, 0, 0x00001488, 0x00000010 },
    { 0x027E, 0x0002, 0x01, 0x06, 0x0014, 0x0007, 0, 0x00000E70, 0x000005B0 },
    { 0x027E, 0x0002, 0x02, 0x06, 0x0014, 0x0007, 0, 0x00001420, 0x00000068 },
    { 0x027E, 0x0003, 0x00, 0x06, 0x0028, 0x0007, 0, 0x00002058, 0x00000010 },
    { 0x027E, 0x0003, 0x01, 0x06, 0x0028, 0x0007, 0, 0x000014A0, 0x00000B50 },
    { 0x027E, 0x0003, 0x02, 0x06, 0x0028, 0x0007, 0, 0x00001FF0, 0x00000068 },
    { 0x027E, 0x0004, 0x00, 0x06, 0x001E, 0x0006, 0, 0x00002990, 0x00000010 },
    { 0x027E, 0x0004, 0x01, 0x06, 0x001E, 0x0006, 0, 0x00002070, 0x000008B8 },
    { 0x027E, 0x0004, 0x02, 0x06, 0x001E, 0x0006, 0, 0x00002928, 0x00000068 },
    { 0x027E, 0x0005, 0x00, 0x06, 0x000F, 0x0003, 0, 0x00002EC0, 0x00000010 },
    { 0x027E, 0x0005, 0x01, 0x06, 0x000F, 0x0003, 0, 0x000029A0, 0x000004B8 },
    { 0x027E, 0x0005, 0x02, 0x06, 0x000F, 0x0003, 0, 0x00002E58, 0x00000068 },
    { 0x027E, 0x0006, 0x00, 0x06, 0x0018, 0x0008, 0, 0x00003608, 0x00000010 },
    { 0x027E, 0x0006, 0x01, 0x06, 0x0018, 0x0008, 0, 0x00002ED0, 0x000006D0 },
    { 0x027E, 0x0006, 0x02, 0x06, 0x0018, 0x0008, 0, 0x000035A0, 0x00000068 },
    { 0x027E, 0x0007, 0x00, 0x06, 0x0004, 0x000D, 0, 0x00003784, 0x00000010 },
    { 0x027E, 0x0007, 0x01, 0x06, 0x0004, 0x000D, 0, 0x00003620, 0x000000FC },
    { 0x027E, 0x0007, 0x02, 0x06, 0x0004, 0x000D, 0, 0x0000371C, 0x00000068 },
    { 0x027E, 0x0008, 0x00, 0x06, 0x0019, 0x0003, 0, 0x00004074, 0x00000010 },
    { 0x027E, 0x0008, 0x01, 0x06, 0x0019, 0x0003, 0, 0x000037A0, 0x0000086C },
    { 0x027E, 0x0008, 0x02, 0x06, 0x0019, 0x0003, 0, 0x0000400C, 0x00000068 },
    { 0x027E, 0x0009, 0x00, 0x06, 0x0008, 0x000B, 0, 0x00004350, 0x00000010 },
    { 0x027E, 0x0009, 0x01, 0x06, 0x0008, 0x000B, 0, 0x00004090, 0x00000258 },
    { 0x027E, 0x0009, 0x02, 0x06, 0x0008, 0x000B, 0, 0x000042E8, 0x00000068 },
    { 0x027E, 0x000A, 0x00, 0x06, 0x0008, 0x0008, 0, 0x00004648, 0x00000010 },
    { 0x027E, 0x000A, 0x01, 0x06, 0x0008, 0x0008, 0, 0x00004360, 0x00000280 },
    { 0x027E, 0x000A, 0x02, 0x06, 0x0008, 0x0008, 0, 0x000045E0, 0x00000068 },
    { 0x027E, 0x000B, 0x00, 0x06, 0x0010, 0x0004, 0, 0x00004BF0, 0x00000010 },
    { 0x027E, 0x000B, 0x01, 0x06, 0x0010, 0x0004, 0, 0x00004660, 0x00000528 },
    { 0x027E, 0x000B, 0x02, 0x06, 0x0010, 0x0004, 0, 0x00004B88, 0x00000068 },
    { 0x027E, 0x000C, 0x00, 0x06, 0x0046, 0x0004, 0, 0x000063F4, 0x00000010 },
    { 0x027E, 0x000C, 0x01, 0x06, 0x0046, 0x0004, 0, 0x00004C00, 0x0000178C },
    { 0x027E, 0x000C, 0x02, 0x06, 0x0046, 0x0004, 0, 0x0000638C, 0x00000068 },
    { 0x027E, 0x000D, 0x00, 0x06, 0x001E, 0x000D, 0, 0x00006B9C, 0x00000010 },
    { 0x027E, 0x000D, 0x01, 0x06, 0x001E, 0x000D, 0, 0x00006410, 0x00000724 },
    { 0x027E, 0x000D, 0x02, 0x06, 0x001E, 0x000D, 0, 0x00006B34, 0x00000068 },
    { 0x027E, 0x000E, 0x00, 0x06, 0x001D, 0x0005, 0, 0x00007534, 0x00000010 },
    { 0x027E, 0x000E, 0x01, 0x06, 0x001D, 0x0005, 0, 0x00006BB0, 0x0000091C },
    { 0x027E, 0x000E, 0x02, 0x06, 0x001D, 0x0005, 0, 0x000074CC, 0x00000068 },
    { 0x027E, 0x000F, 0x00, 0x06, 0x000A, 0x0006, 0, 0x000078E4, 0x00000010 },
    { 0x027E, 0x000F, 0x01, 0x06, 0x000A, 0x0006, 0, 0x00007550, 0x0000032C },
    { 0x027E, 0x000F, 0x02, 0x06, 0x000A, 0x0006, 0, 0x0000787C, 0x00000068 },
    { 0x027E, 0x0010, 0x00, 0x06, 0x001E, 0x000C, 0, 0x00008100, 0x00000010 },
    { 0x027E, 0x0010, 0x01, 0x06, 0x001E, 0x000C, 0, 0x00007900, 0x00000798 },
    { 0x027E, 0x0010, 0x02, 0x06, 0x001E, 0x000C, 0, 0x00008098, 0x00000068 },
    { 0x027E, 0x0011, 0x00, 0x06, 0x001E, 0x0005, 0, 0x00008AA8, 0x00000010 },
    { 0x027E, 0x0011, 0x01, 0x06, 0x001E, 0x0005, 0, 0x00008110, 0x00000930 },
    { 0x027E, 0x0011, 0x02, 0x06, 0x001E, 0x0005, 0, 0x00008A40, 0x00000068 },
    { 0x027E, 0x0012, 0x00, 0x06, 0x0014, 0x0007, 0, 0x00009060, 0x00000010 },
    { 0x027E, 0x0012, 0x01, 0x06, 0x0014, 0x0007, 0, 0x00008AC0, 0x00000538 },
    { 0x027E, 0x0012, 0x02, 0x06, 0x0014, 0x0007, 0, 0x00008FF8, 0x00000068 },
    { 0x027E, 0x0013, 0x00, 0x06, 0x0017, 0x0005, 0, 0x000097B8, 0x00000010 },
    { 0x027E, 0x0013, 0x01, 0x06, 0x0017, 0x0005, 0, 0x00009070, 0x000006E0 },
    { 0x027E, 0x0013, 0x02, 0x06, 0x0017, 0x0005, 0, 0x00009750, 0x00000068 },
    { 0x027E, 0x0014, 0x00, 0x06, 0x0020, 0x000D, 0, 0x00012E94, 0x00000010 },
    { 0x027E, 0x0014, 0x01, 0x06, 0x0020, 0x000D, 0, 0x00012710, 0x0000071C },
    { 0x027E, 0x0014, 0x02, 0x06, 0x0020, 0x000D, 0, 0x00012E2C, 0x00000068 },
    { 0x027E, 0x0015, 0x00, 0x06, 0x0028, 0x0006, 0, 0x00013A64, 0x00000010 },
    { 0x027E, 0x0015, 0x01, 0x06, 0x0028, 0x0006, 0, 0x00012EB0, 0x00000B4C },
    { 0x027E, 0x0015, 0x02, 0x06, 0x0028, 0x0006, 0, 0x000139FC, 0x00000068 },
    { 0x0280, 0x0000, 0x00, 0x06, 0x0055, 0x000A, 0, 0x000073CC, 0x00000010 },
    { 0x0280, 0x0000, 0x01, 0x06, 0x0055, 0x000A, 0, 0x000055A0, 0x00001D4C },
    { 0x0280, 0x0000, 0x02, 0x06, 0x0055, 0x000A, 0, 0x000072EC, 0x000000E0 },
    { 0x0280, 0x0001, 0x00, 0x06, 0x0010, 0x0018, 0, 0x00007850, 0x00000010 },
    { 0x0280, 0x0001, 0x01, 0x06, 0x0010, 0x0018, 0, 0x000073E0, 0x00000390 },
    { 0x0280, 0x0001, 0x02, 0x06, 0x0010, 0x0018, 0, 0x00007770, 0x000000E0 },
    { 0x0280, 0x0002, 0x00, 0x06, 0x002D, 0x000B, 0, 0x000089DC, 0x00000010 },
    { 0x0280, 0x0002, 0x01, 0x06, 0x002D, 0x000B, 0, 0x00007860, 0x0000109C },
    { 0x0280, 0x0002, 0x02, 0x06, 0x002D, 0x000B, 0, 0x000088FC, 0x000000E0 },
    { 0x0280, 0x0003, 0x00, 0x06, 0x0014, 0x0006, 0, 0x00009194, 0x00000010 },
    { 0x0280, 0x0003, 0x01, 0x06, 0x0014, 0x0006, 0, 0x000089F0, 0x000006C4 },
    { 0x0280, 0x0003, 0x02, 0x06, 0x0014, 0x0006, 0, 0x000090B4, 0x000000E0 },
    { 0x0280, 0x0004, 0x00, 0x06, 0x002C, 0x0006, 0, 0x0000A31C, 0x00000010 },
    { 0x0280, 0x0004, 0x01, 0x06, 0x002C, 0x0006, 0, 0x000091B0, 0x0000108C },
    { 0x0280, 0x0004, 0x02, 0x06, 0x002C, 0x0006, 0, 0x0000A23C, 0x000000E0 },
    { 0x0280, 0x0005, 0x00, 0x06, 0x000F, 0x0011, 0, 0x0000A86C, 0x00000010 },
    { 0x0280, 0x0005, 0x01, 0x06, 0x000F, 0x0011, 0, 0x0000A330, 0x0000045C },
    { 0x0280, 0x0005, 0x02, 0x06, 0x000F, 0x0011, 0, 0x0000A78C, 0x000000E0 },
    { 0x0280, 0x0006, 0x00, 0x06, 0x0010, 0x0008, 0, 0x0000AE90, 0x00000010 },
    { 0x0280, 0x0006, 0x01, 0x06, 0x0010, 0x0008, 0, 0x0000A880, 0x00000530 },
    { 0x0280, 0x0006, 0x02, 0x06, 0x0010, 0x0008, 0, 0x0000ADB0, 0x000000E0 },
    { 0x0280, 0x0007, 0x00, 0x06, 0x0017, 0x0006, 0, 0x0000B7A4, 0x00000010 },
    { 0x0280, 0x0007, 0x01, 0x06, 0x0017, 0x0006, 0, 0x0000AEA0, 0x00000824 },
    { 0x0280, 0x0007, 0x02, 0x06, 0x0017, 0x0006, 0, 0x0000B6C4, 0x000000E0 },
    { 0x0280, 0x0008, 0x00, 0x06, 0x001A, 0x0005, 0, 0x0000C1D0, 0x00000010 },
    { 0x0280, 0x0008, 0x01, 0x06, 0x001A, 0x0005, 0, 0x0000B7C0, 0x00000930 },
    { 0x0280, 0x0008, 0x02, 0x06, 0x001A, 0x0005, 0, 0x0000C0F0, 0x000000E0 },
    { 0x0280, 0x0009, 0x00, 0x06, 0x0014, 0x0009, 0, 0x0000C8EC, 0x00000010 },
    { 0x0280, 0x0009, 0x01, 0x06, 0x0014, 0x0009, 0, 0x0000C1E0, 0x0000062C },
    { 0x0280, 0x0009, 0x02, 0x06, 0x0014, 0x0009, 0, 0x0000C80C, 0x000000E0 },
    { 0x0280, 0x000A, 0x00, 0x06, 0x0014, 0x0019, 0, 0x0000CDAC, 0x00000010 },
    { 0x0280, 0x000A, 0x01, 0x06, 0x0014, 0x0019, 0, 0x0000C900, 0x000003CC },
    { 0x0280, 0x000A, 0x02, 0x06, 0x0014, 0x0019, 0, 0x0000CCCC, 0x000000E0 },
    { 0x0281, 0x0000, 0x00, 0x06, 0x001E, 0x0001, 0, 0x000015B0, 0x00000010 },
    { 0x0281, 0x0000, 0x01, 0x06, 0x001E, 0x0001, 0, 0x000013F0, 0x000001A8 },
    { 0x0281, 0x0000, 0x02, 0x06, 0x001E, 0x0001, 0, 0x00001598, 0x00000018 },
    { 0x0281, 0x0001, 0x00, 0x06, 0x0014, 0x0006, 0, 0x00001A3C, 0x00000010 },
    { 0x0281, 0x0001, 0x01, 0x06, 0x0014, 0x0006, 0, 0x000015C0, 0x0000041C },
    { 0x0281, 0x0001, 0x02, 0x06, 0x0014, 0x0006, 0, 0x000019DC, 0x00000060 },
    { 0x0281, 0x0002, 0x00, 0x06, 0x001E, 0x0004, 0, 0x00002148, 0x00000010 },
    { 0x0281, 0x0002, 0x01, 0x06, 0x001E, 0x0004, 0, 0x00001A50, 0x00000698 },
    { 0x0281, 0x0002, 0x02, 0x06, 0x001E, 0x0004, 0, 0x000020E8, 0x00000060 },
    { 0x0281, 0x0003, 0x00, 0x06, 0x0046, 0x0004, 0, 0x000032BC, 0x00000010 },
    { 0x0281, 0x0003, 0x01, 0x06, 0x0046, 0x0004, 0, 0x00002160, 0x000010FC },
    { 0x0281, 0x0003, 0x02, 0x06, 0x0046, 0x0004, 0, 0x0000325C, 0x00000060 },
    { 0x0281, 0x0004, 0x00, 0x06, 0x0015, 0x0009, 0, 0x0000375C, 0x00000010 },
    { 0x0281, 0x0004, 0x01, 0x06, 0x0015, 0x0009, 0, 0x000032D0, 0x0000042C },
    { 0x0281, 0x0004, 0x02, 0x06, 0x0015, 0x0009, 0, 0x000036FC, 0x00000060 },
    { 0x0281, 0x0005, 0x00, 0x06, 0x0014, 0x000A, 0, 0x00003A8C, 0x00000010 },
    { 0x0281, 0x0005, 0x01, 0x06, 0x0014, 0x000A, 0, 0x00003770, 0x000002BC },
    { 0x0281, 0x0005, 0x02, 0x06, 0x0014, 0x000A, 0, 0x00003A2C, 0x00000060 },
    { 0x0281, 0x0006, 0x00, 0x06, 0x000C, 0x0009, 0, 0x00003D6C, 0x00000010 },
    { 0x0281, 0x0006, 0x01, 0x06, 0x000C, 0x0009, 0, 0x00003AA0, 0x0000026C },
    { 0x0281, 0x0006, 0x02, 0x06, 0x000C, 0x0009, 0, 0x00003D0C, 0x00000060 },
    { 0x0281, 0x0007, 0x00, 0x06, 0x0028, 0x0004, 0, 0x00004658, 0x00000010 },
    { 0x0281, 0x0007, 0x01, 0x06, 0x0028, 0x0004, 0, 0x00003D80, 0x00000878 },
    { 0x0281, 0x0007, 0x02, 0x06, 0x0028, 0x0004, 0, 0x000045F8, 0x00000060 },
    { 0x0281, 0x0008, 0x00, 0x06, 0x0028, 0x0007, 0, 0x00005880, 0x00000010 },
    { 0x0281, 0x0008, 0x01, 0x06, 0x0028, 0x0007, 0, 0x00005270, 0x000005B0 },
    { 0x0281, 0x0008, 0x02, 0x06, 0x0028, 0x0007, 0, 0x00005820, 0x00000060 },
    { 0x0282, 0x0000, 0x00, 0x06, 0x001E, 0x0004, 0, 0x0000040C, 0x00000010 },
    { 0x0282, 0x0000, 0x01, 0x06, 0x001E, 0x0004, 0, 0x00000000, 0x000003C8 },
    { 0x0282, 0x0000, 0x02, 0x06, 0x001E, 0x0004, 0, 0x000003C8, 0x00000044 },
    { 0x0282, 0x0001, 0x00, 0x06, 0x001E, 0x0006, 0, 0x00000830, 0x00000010 },
    { 0x0282, 0x0001, 0x01, 0x06, 0x001E, 0x0006, 0, 0x00000420, 0x000003CC },
    { 0x0282, 0x0001, 0x02, 0x06, 0x001E, 0x0006, 0, 0x000007EC, 0x00000044 },
    { 0x0282, 0x0002, 0x00, 0x06, 0x001B, 0x0004, 0, 0x00000A3C, 0x00000010 },
    { 0x0282, 0x0002, 0x01, 0x06, 0x001B, 0x0004, 0, 0x00000840, 0x000001B8 },
    { 0x0282, 0x0002, 0x02, 0x06, 0x001B, 0x0004, 0, 0x000009F8, 0x00000044 },
    { 0x0287, 0x0000, 0x00, 0x06, 0x0021, 0x0001, 0, 0x00000290, 0x00000010 },
    { 0x0287, 0x0000, 0x01, 0x06, 0x0021, 0x0001, 0, 0x00000000, 0x00000254 },
    { 0x0287, 0x0000, 0x02, 0x06, 0x0021, 0x0001, 0, 0x00000254, 0x0000003C },
    { 0x0287, 0x0001, 0x00, 0x06, 0x0004, 0x0001, 0, 0x00001678, 0x00000010 },
    { 0x0287, 0x0001, 0x01, 0x06, 0x0004, 0x0001, 0, 0x000015F0, 0x0000004C },
    { 0x0287, 0x0001, 0x02, 0x06, 0x0004, 0x0001, 0, 0x0000163C, 0x0000003C },
    { 0x0287, 0x0002, 0x00, 0x06, 0x0010, 0x0002, 0, 0x00001750, 0x00000010 },
    { 0x0287, 0x0002, 0x01, 0x06, 0x0010, 0x0002, 0, 0x00001690, 0x00000084 },
    { 0x0287, 0x0002, 0x02, 0x06, 0x0010, 0x0002, 0, 0x00001714, 0x0000003C },
    { 0x0287, 0x0003, 0x00, 0x06, 0x0014, 0x0001, 0, 0x00001958, 0x00000010 },
    { 0x0287, 0x0003, 0x01, 0x06, 0x0014, 0x0001, 0, 0x00001760, 0x000001BC },
    { 0x0287, 0x0003, 0x02, 0x06, 0x0014, 0x0001, 0, 0x0000191C, 0x0000003C },
    { 0x028E, 0x0000, 0x00, 0x06, 0x000E, 0x000E, 0, 0x00000410, 0x00000010 },
    { 0x028E, 0x0000, 0x01, 0x06, 0x000E, 0x000E, 0, 0x00000000, 0x0000039C },
    { 0x028E, 0x0000, 0x02, 0x06, 0x000E, 0x000E, 0, 0x0000039C, 0x00000074 },
    { 0x028E, 0x0001, 0x00, 0x06, 0x0018, 0x0005, 0, 0x00000BC0, 0x00000010 },
    { 0x028E, 0x0001, 0x01, 0x06, 0x0018, 0x0005, 0, 0x00000420, 0x0000072C },
    { 0x028E, 0x0001, 0x02, 0x06, 0x0018, 0x0005, 0, 0x00000B4C, 0x00000074 },
    { 0x028E, 0x0002, 0x00, 0x06, 0x0014, 0x0007, 0, 0x00001104, 0x00000010 },
    { 0x028E, 0x0002, 0x01, 0x06, 0x0014, 0x0007, 0, 0x00000BD0, 0x000004C0 },
    { 0x028E, 0x0002, 0x02, 0x06, 0x0014, 0x0007, 0, 0x00001090, 0x00000074 },
    { 0x028E, 0x0003, 0x00, 0x06, 0x000A, 0x000C, 0, 0x00001350, 0x00000010 },
    { 0x028E, 0x0003, 0x01, 0x06, 0x000A, 0x000C, 0, 0x00001120, 0x000001BC },
    { 0x028E, 0x0003, 0x02, 0x06, 0x000A, 0x000C, 0, 0x000012DC, 0x00000074 },
    { 0x028E, 0x0004, 0x00, 0x06, 0x0028, 0x0003, 0, 0x00001E7C, 0x00000010 },
    { 0x028E, 0x0004, 0x01, 0x06, 0x0028, 0x0003, 0, 0x00001360, 0x00000AA8 },
    { 0x028E, 0x0004, 0x02, 0x06, 0x0028, 0x0003, 0, 0x00001E08, 0x00000074 },
    { 0x028E, 0x0005, 0x00, 0x06, 0x001E, 0x0009, 0, 0x0000274C, 0x00000010 },
    { 0x028E, 0x0005, 0x01, 0x06, 0x001E, 0x0009, 0, 0x00001E90, 0x00000848 },
    { 0x028E, 0x0005, 0x02, 0x06, 0x001E, 0x0009, 0, 0x000026D8, 0x00000074 },
    { 0x028E, 0x0006, 0x00, 0x06, 0x001E, 0x0017, 0, 0x00002B4C, 0x00000010 },
    { 0x028E, 0x0006, 0x01, 0x06, 0x001E, 0x0017, 0, 0x00002760, 0x00000378 },
    { 0x028E, 0x0006, 0x02, 0x06, 0x001E, 0x0017, 0, 0x00002AD8, 0x00000074 },
    { 0x028E, 0x0007, 0x00, 0x06, 0x0006, 0x000A, 0, 0x00002DBC, 0x00000010 },
    { 0x028E, 0x0007, 0x01, 0x06, 0x0006, 0x000A, 0, 0x00002B60, 0x000001E8 },
    { 0x028E, 0x0007, 0x02, 0x06, 0x0006, 0x000A, 0, 0x00002D48, 0x00000074 },
    { 0x028E, 0x0008, 0x00, 0x06, 0x0018, 0x0009, 0, 0x000035A8, 0x00000010 },
    { 0x028E, 0x0008, 0x01, 0x06, 0x0018, 0x0009, 0, 0x00002DD0, 0x00000764 },
    { 0x028E, 0x0008, 0x02, 0x06, 0x0018, 0x0009, 0, 0x00003534, 0x00000074 },
    { 0x028E, 0x0009, 0x00, 0x06, 0x000A, 0x000A, 0, 0x00003954, 0x00000010 },
    { 0x028E, 0x0009, 0x01, 0x06, 0x000A, 0x000A, 0, 0x000035C0, 0x00000320 },
    { 0x028E, 0x0009, 0x02, 0x06, 0x000A, 0x000A, 0, 0x000038E0, 0x00000074 },
    { 0x028E, 0x000A, 0x00, 0x06, 0x0018, 0x000E, 0, 0x00004030, 0x00000010 },
    { 0x028E, 0x000A, 0x01, 0x06, 0x0018, 0x000E, 0, 0x00003970, 0x0000064C },
    { 0x028E, 0x000A, 0x02, 0x06, 0x0018, 0x000E, 0, 0x00003FBC, 0x00000074 },
    { 0x028E, 0x000B, 0x00, 0x06, 0x0018, 0x0011, 0, 0x000046A8, 0x00000010 },
    { 0x028E, 0x000B, 0x01, 0x06, 0x0018, 0x0011, 0, 0x00004040, 0x000005F4 },
    { 0x028E, 0x000B, 0x02, 0x06, 0x0018, 0x0011, 0, 0x00004634, 0x00000074 },
    { 0x028E, 0x000C, 0x00, 0x06, 0x0017, 0x0017, 0, 0x00004BB4, 0x00000010 },
    { 0x028E, 0x000C, 0x01, 0x06, 0x0017, 0x0017, 0, 0x000046C0, 0x00000480 },
    { 0x028E, 0x000C, 0x02, 0x06, 0x0017, 0x0017, 0, 0x00004B40, 0x00000074 },
    { 0x028E, 0x000D, 0x00, 0x06, 0x0006, 0x0005, 0, 0x00004E60, 0x00000010 },
    { 0x028E, 0x000D, 0x01, 0x06, 0x0006, 0x0005, 0, 0x00004BD0, 0x0000021C },
    { 0x028E, 0x000D, 0x02, 0x06, 0x0006, 0x0005, 0, 0x00004DEC, 0x00000074 },
    { 0x028E, 0x000E, 0x00, 0x06, 0x0018, 0x0008, 0, 0x00005614, 0x00000010 },
    { 0x028E, 0x000E, 0x01, 0x06, 0x0018, 0x0008, 0, 0x00004E70, 0x00000730 },
    { 0x028E, 0x000E, 0x02, 0x06, 0x0018, 0x0008, 0, 0x000055A0, 0x00000074 },
    { 0x028E, 0x000F, 0x00, 0x06, 0x0014, 0x0007, 0, 0x00005CA4, 0x00000010 },
    { 0x028E, 0x000F, 0x01, 0x06, 0x0014, 0x0007, 0, 0x00005630, 0x00000600 },
    { 0x028E, 0x000F, 0x02, 0x06, 0x0014, 0x0007, 0, 0x00005C30, 0x00000074 },
    { 0x028E, 0x0010, 0x00, 0x06, 0x0010, 0x0005, 0, 0x00006320, 0x00000010 },
    { 0x028E, 0x0010, 0x01, 0x06, 0x0010, 0x0005, 0, 0x00005CC0, 0x000005EC },
    { 0x028E, 0x0010, 0x02, 0x06, 0x0010, 0x0005, 0, 0x000062AC, 0x00000074 },
    { 0x028E, 0x0011, 0x00, 0x06, 0x000A, 0x0004, 0, 0x0000676C, 0x00000010 },
    { 0x028E, 0x0011, 0x01, 0x06, 0x000A, 0x0004, 0, 0x00006330, 0x000003C8 },
    { 0x028E, 0x0011, 0x02, 0x06, 0x000A, 0x0004, 0, 0x000066F8, 0x00000074 },
    { 0x028E, 0x0012, 0x00, 0x06, 0x0018, 0x0012, 0, 0x00006E78, 0x00000010 },
    { 0x028E, 0x0012, 0x01, 0x06, 0x0018, 0x0012, 0, 0x00006780, 0x00000684 },
    { 0x028E, 0x0012, 0x02, 0x06, 0x0018, 0x0012, 0, 0x00006E04, 0x00000074 },
    { 0x028E, 0x0013, 0x00, 0x06, 0x0050, 0x0006, 0, 0x00008BD0, 0x00000010 },
    { 0x028E, 0x0013, 0x01, 0x06, 0x0050, 0x0006, 0, 0x00006E90, 0x00001CCC },
    { 0x028E, 0x0013, 0x02, 0x06, 0x0050, 0x0006, 0, 0x00008B5C, 0x00000074 },
    { 0x028E, 0x0014, 0x00, 0x06, 0x0011, 0x0005, 0, 0x00009238, 0x00000010 },
    { 0x028E, 0x0014, 0x01, 0x06, 0x0011, 0x0005, 0, 0x00008BE0, 0x000005E4 },
    { 0x028E, 0x0014, 0x02, 0x06, 0x0011, 0x0005, 0, 0x000091C4, 0x00000074 },
    { 0x028E, 0x0015, 0x00, 0x06, 0x0016, 0x001A, 0, 0x00009694, 0x00000010 },
    { 0x028E, 0x0015, 0x01, 0x06, 0x0016, 0x001A, 0, 0x00009250, 0x000003D0 },
    { 0x028E, 0x0015, 0x02, 0x06, 0x0016, 0x001A, 0, 0x00009620, 0x00000074 },
    { 0x0290, 0x0000, 0x00, 0x06, 0x0004, 0x0002, 0, 0x0000004C, 0x00000010 },
    { 0x0290, 0x0000, 0x01, 0x06, 0x0004, 0x0002, 0, 0x00000000, 0x00000014 },
    { 0x0290, 0x0000, 0x02, 0x06, 0x0004, 0x0002, 0, 0x00000014, 0x00000038 },
    { 0x0290, 0x0001, 0x00, 0x06, 0x0006, 0x0002, 0, 0x000000B4, 0x00000010 },
    { 0x0290, 0x0001, 0x01, 0x06, 0x0006, 0x0002, 0, 0x00000060, 0x0000001C },
    { 0x0290, 0x0001, 0x02, 0x06, 0x0006, 0x0002, 0, 0x0000007C, 0x00000038 },
    { 0x0290, 0x0002, 0x00, 0x06, 0x0006, 0x0002, 0, 0x00000124, 0x00000010 },
    { 0x0290, 0x0002, 0x01, 0x06, 0x0006, 0x0002, 0, 0x000000D0, 0x0000001C },
    { 0x0290, 0x0002, 0x02, 0x06, 0x0006, 0x0002, 0, 0x000000EC, 0x00000038 },
    { 0x0290, 0x0003, 0x00, 0x06, 0x0006, 0x0002, 0, 0x00000194, 0x00000010 },
    { 0x0290, 0x0003, 0x01, 0x06, 0x0006, 0x0002, 0, 0x00000140, 0x0000001C },
    { 0x0290, 0x0003, 0x02, 0x06, 0x0006, 0x0002, 0, 0x0000015C, 0x00000038 },
    { 0x0290, 0x0004, 0x00, 0x06, 0x0014, 0x0002, 0, 0x00002C8C, 0x00000010 },
    { 0x0290, 0x0004, 0x01, 0x06, 0x0014, 0x0002, 0, 0x00002C00, 0x00000054 },
    { 0x0290, 0x0004, 0x02, 0x06, 0x0014, 0x0002, 0, 0x00002C54, 0x00000038 },
    { 0x0297, 0x0000, 0x00, 0x06, 0x004B, 0x0006, 0, 0x00001334, 0x00000010 },
    { 0x0297, 0x0000, 0x01, 0x06, 0x004B, 0x0006, 0, 0x00000000, 0x000012CC },
    { 0x0297, 0x0000, 0x02, 0x06, 0x004B, 0x0006, 0, 0x000012CC, 0x00000068 },
    { 0x0297, 0x0001, 0x00, 0x06, 0x002A, 0x000A, 0, 0x00001D50, 0x00000010 },
    { 0x0297, 0x0001, 0x01, 0x06, 0x002A, 0x000A, 0, 0x00001350, 0x00000998 },
    { 0x0297, 0x0001, 0x02, 0x06, 0x002A, 0x000A, 0, 0x00001CE8, 0x00000068 },
    { 0x0297, 0x0002, 0x00, 0x06, 0x0018, 0x0010, 0, 0x000021D8, 0x00000010 },
    { 0x0297, 0x0002, 0x01, 0x06, 0x0018, 0x0010, 0, 0x00001D60, 0x00000410 },
    { 0x0297, 0x0002, 0x02, 0x06, 0x0018, 0x0010, 0, 0x00002170, 0x00000068 },
    { 0x0297, 0x0003, 0x00, 0x06, 0x0041, 0x0019, 0, 0x0000BAEC, 0x00000010 },
    { 0x0297, 0x0003, 0x01, 0x06, 0x0041, 0x0019, 0, 0x0000B1B0, 0x000008D4 },
    { 0x0297, 0x0003, 0x02, 0x06, 0x0041, 0x0019, 0, 0x0000BA84, 0x00000068 },
    { 0x0297, 0x0004, 0x00, 0x06, 0x002A, 0x000A, 0, 0x0000C500, 0x00000010 },
    { 0x0297, 0x0004, 0x01, 0x06, 0x002A, 0x000A, 0, 0x0000BB00, 0x00000998 },
    { 0x0297, 0x0004, 0x02, 0x06, 0x002A, 0x000A, 0, 0x0000C498, 0x00000068 },
    { 0x0297, 0x0005, 0x00, 0x06, 0x0028, 0x0007, 0, 0x0000CFD8, 0x00000010 },
    { 0x0297, 0x0005, 0x01, 0x06, 0x0028, 0x0007, 0, 0x0000C510, 0x00000A60 },
    { 0x0297, 0x0005, 0x02, 0x06, 0x0028, 0x0007, 0, 0x0000CF70, 0x00000068 },
    { 0x0297, 0x0006, 0x00, 0x06, 0x001E, 0x0007, 0, 0x0000D7E8, 0x00000010 },
    { 0x0297, 0x0006, 0x01, 0x06, 0x001E, 0x0007, 0, 0x0000CFF0, 0x00000790 },
    { 0x0297, 0x0006, 0x02, 0x06, 0x001E, 0x0007, 0, 0x0000D780, 0x00000068 },
    { 0x0297, 0x0007, 0x00, 0x06, 0x001E, 0x0008, 0, 0x0000DF80, 0x00000010 },
    { 0x0297, 0x0007, 0x01, 0x06, 0x001E, 0x0008, 0, 0x0000D800, 0x00000718 },
    { 0x0297, 0x0007, 0x02, 0x06, 0x001E, 0x0008, 0, 0x0000DF18, 0x00000068 },
    { 0x0297, 0x0008, 0x00, 0x06, 0x001E, 0x000D, 0, 0x0000E500, 0x00000010 },
    { 0x0297, 0x0008, 0x01, 0x06, 0x001E, 0x000D, 0, 0x0000DF90, 0x00000508 },
    { 0x0297, 0x0008, 0x02, 0x06, 0x001E, 0x000D, 0, 0x0000E498, 0x00000068 },
    { 0x0297, 0x0009, 0x00, 0x06, 0x000B, 0x0005, 0, 0x0000E908, 0x00000010 },
    { 0x0297, 0x0009, 0x01, 0x06, 0x000B, 0x0005, 0, 0x0000E510, 0x00000390 },
    { 0x0297, 0x0009, 0x02, 0x06, 0x000B, 0x0005, 0, 0x0000E8A0, 0x00000068 },
    { 0x0297, 0x000A, 0x00, 0x06, 0x000E, 0x000A, 0, 0x0000EBB0, 0x00000010 },
    { 0x0297, 0x000A, 0x01, 0x06, 0x000E, 0x000A, 0, 0x0000E920, 0x00000228 },
    { 0x0297, 0x000A, 0x02, 0x06, 0x000E, 0x000A, 0, 0x0000EB48, 0x00000068 },
    { 0x0297, 0x000B, 0x00, 0x06, 0x0014, 0x0006, 0, 0x0000F1D4, 0x00000010 },
    { 0x0297, 0x000B, 0x01, 0x06, 0x0014, 0x0006, 0, 0x0000EBC0, 0x000005AC },
    { 0x0297, 0x000B, 0x02, 0x06, 0x0014, 0x0006, 0, 0x0000F16C, 0x00000068 },
    { 0x0297, 0x000C, 0x00, 0x06, 0x0013, 0x0017, 0, 0x0000F580, 0x00000010 },
    { 0x0297, 0x000C, 0x01, 0x06, 0x0013, 0x0017, 0, 0x0000F1F0, 0x00000328 },
    { 0x0297, 0x000C, 0x02, 0x06, 0x0013, 0x0017, 0, 0x0000F518, 0x00000068 },
    { 0x0297, 0x000D, 0x00, 0x06, 0x002B, 0x0017, 0, 0x0000FCE0, 0x00000010 },
    { 0x0297, 0x000D, 0x01, 0x06, 0x002B, 0x0017, 0, 0x0000F590, 0x000006E8 },
    { 0x0297, 0x000D, 0x02, 0x06, 0x002B, 0x0017, 0, 0x0000FC78, 0x00000068 },
    { 0x0297, 0x000E, 0x00, 0x06, 0x0018, 0x001E, 0, 0x0000FFD4, 0x00000010 },
    { 0x0297, 0x000E, 0x01, 0x06, 0x0018, 0x001E, 0, 0x0000FCF0, 0x0000027C },
    { 0x0297, 0x000E, 0x02, 0x06, 0x0018, 0x001E, 0, 0x0000FF6C, 0x00000068 },
    { 0x0297, 0x000F, 0x00, 0x06, 0x0028, 0x0006, 0, 0x00010C44, 0x00000010 },
    { 0x0297, 0x000F, 0x01, 0x06, 0x0028, 0x0006, 0, 0x0000FFF0, 0x00000BEC },
    { 0x0297, 0x000F, 0x02, 0x06, 0x0028, 0x0006, 0, 0x00010BDC, 0x00000068 },
    { 0x0297, 0x0010, 0x00, 0x06, 0x0018, 0x0012, 0, 0x0001113C, 0x00000010 },
    { 0x0297, 0x0010, 0x01, 0x06, 0x0018, 0x0012, 0, 0x00010C60, 0x00000474 },
    { 0x0297, 0x0010, 0x02, 0x06, 0x0018, 0x0012, 0, 0x000110D4, 0x00000068 },
    { 0x0297, 0x0011, 0x00, 0x06, 0x000E, 0x0007, 0, 0x00011580, 0x00000010 },
    { 0x0297, 0x0011, 0x01, 0x06, 0x000E, 0x0007, 0, 0x00011150, 0x000003C8 },
    { 0x0297, 0x0011, 0x02, 0x06, 0x000E, 0x0007, 0, 0x00011518, 0x00000068 },
    { 0x0297, 0x0012, 0x00, 0x06, 0x0009, 0x0007, 0, 0x0001186C, 0x00000010 },
    { 0x0297, 0x0012, 0x01, 0x06, 0x0009, 0x0007, 0, 0x00011590, 0x00000274 },
    { 0x0297, 0x0012, 0x02, 0x06, 0x0009, 0x0007, 0, 0x00011804, 0x00000068 },
    { 0x0297, 0x0013, 0x00, 0x06, 0x000B, 0x0005, 0, 0x00011C38, 0x00000010 },
    { 0x0297, 0x0013, 0x01, 0x06, 0x000B, 0x0005, 0, 0x00011880, 0x00000350 },
    { 0x0297, 0x0013, 0x02, 0x06, 0x000B, 0x0005, 0, 0x00011BD0, 0x00000068 },
    { 0x0297, 0x0014, 0x00, 0x06, 0x0018, 0x0013, 0, 0x00012100, 0x00000010 },
    { 0x0297, 0x0014, 0x01, 0x06, 0x0018, 0x0013, 0, 0x00011C50, 0x00000448 },
    { 0x0297, 0x0014, 0x02, 0x06, 0x0018, 0x0013, 0, 0x00012098, 0x00000068 },
    { 0x0297, 0x0015, 0x00, 0x06, 0x001B, 0x0006, 0, 0x0001291C, 0x00000010 },
    { 0x0297, 0x0015, 0x01, 0x06, 0x001B, 0x0006, 0, 0x00012110, 0x000007A4 },
    { 0x0297, 0x0015, 0x02, 0x06, 0x001B, 0x0006, 0, 0x000128B4, 0x00000068 },
    { 0x0297, 0x0016, 0x00, 0x06, 0x0018, 0x0007, 0, 0x00013008, 0x00000010 },
    { 0x0297, 0x0016, 0x01, 0x06, 0x0018, 0x0007, 0, 0x00012930, 0x00000670 },
    { 0x0297, 0x0016, 0x02, 0x06, 0x0018, 0x0007, 0, 0x00012FA0, 0x00000068 },
    { 0x0297, 0x0017, 0x00, 0x06, 0x0013, 0x0006, 0, 0x000135EC, 0x00000010 },
    { 0x0297, 0x0017, 0x01, 0x06, 0x0013, 0x0006, 0, 0x00013020, 0x00000564 },
    { 0x0297, 0x0017, 0x02, 0x06, 0x0013, 0x0006, 0, 0x00013584, 0x00000068 },
    { 0x0297, 0x0018, 0x00, 0x06, 0x0018, 0x0007, 0, 0x00013CD8, 0x00000010 },
    { 0x0297, 0x0018, 0x01, 0x06, 0x0018, 0x0007, 0, 0x00013600, 0x00000670 },
    { 0x0297, 0x0018, 0x02, 0x06, 0x0018, 0x0007, 0, 0x00013C70, 0x00000068 },
    { 0x0297, 0x0019, 0x00, 0x06, 0x0018, 0x0019, 0, 0x000140BC, 0x00000010 },
    { 0x0297, 0x0019, 0x01, 0x06, 0x0018, 0x0019, 0, 0x00013CF0, 0x00000364 },
    { 0x0297, 0x0019, 0x02, 0x06, 0x0018, 0x0019, 0, 0x00014054, 0x00000068 },
    { 0x0297, 0x001A, 0x00, 0x06, 0x0018, 0x001B, 0, 0x00014470, 0x00000010 },
    { 0x0297, 0x001A, 0x01, 0x06, 0x0018, 0x001B, 0, 0x000140D0, 0x00000338 },
    { 0x0297, 0x001A, 0x02, 0x06, 0x0018, 0x001B, 0, 0x00014408, 0x00000068 },
    { 0x0297, 0x001B, 0x00, 0x06, 0x000D, 0x0006, 0, 0x00014850, 0x00000010 },
    { 0x0297, 0x001B, 0x01, 0x06, 0x000D, 0x0006, 0, 0x00014480, 0x00000368 },
    { 0x0297, 0x001B, 0x02, 0x06, 0x000D, 0x0006, 0, 0x000147E8, 0x00000068 },
    { 0x0297, 0x001C, 0x00, 0x06, 0x0021, 0x0007, 0, 0x00015220, 0x00000010 },
    { 0x0297, 0x001C, 0x01, 0x06, 0x0021, 0x0007, 0, 0x00014860, 0x00000958 },
    { 0x0297, 0x001C, 0x02, 0x06, 0x0021, 0x0007, 0, 0x000151B8, 0x00000068 },
    { 0x029B, 0x0000, 0x00, 0x06, 0x000C, 0x0006, 0, 0x000003B4, 0x00000010 },
    { 0x029B, 0x0000, 0x01, 0x06, 0x000C, 0x0006, 0, 0x00000000, 0x0000033C },
    { 0x029B, 0x0000, 0x02, 0x06, 0x000C, 0x0006, 0, 0x0000033C, 0x00000078 },
    { 0x029B, 0x0001, 0x00, 0x06, 0x002E, 0x0012, 0, 0x00000CB0, 0x00000010 },
    { 0x029B, 0x0001, 0x01, 0x06, 0x002E, 0x0012, 0, 0x000003D0, 0x00000868 },
    { 0x029B, 0x0001, 0x02, 0x06, 0x002E, 0x0012, 0, 0x00000C38, 0x00000078 },
    { 0x029B, 0x0002, 0x00, 0x06, 0x0031, 0x000D, 0, 0x00001BE0, 0x00000010 },
    { 0x029B, 0x0002, 0x01, 0x06, 0x0031, 0x000D, 0, 0x00000CC0, 0x00000EA8 },
    { 0x029B, 0x0002, 0x02, 0x06, 0x0031, 0x000D, 0, 0x00001B68, 0x00000078 },
    { 0x029B, 0x0003, 0x00, 0x06, 0x0002, 0x002C, 0, 0x00001CC0, 0x00000010 },
    { 0x029B, 0x0003, 0x01, 0x06, 0x0002, 0x002C, 0, 0x00001BF0, 0x00000058 },
    { 0x029B, 0x0003, 0x02, 0x06, 0x0002, 0x002C, 0, 0x00001C48, 0x00000078 },
    { 0x029B, 0x0004, 0x00, 0x06, 0x0002, 0x002A, 0, 0x00013C6C, 0x00000010 },
    { 0x029B, 0x0004, 0x01, 0x06, 0x0002, 0x002A, 0, 0x00013BA0, 0x00000054 },
    { 0x029B, 0x0004, 0x02, 0x06, 0x0002, 0x002A, 0, 0x00013BF4, 0x00000078 },
    { 0x029B, 0x0005, 0x00, 0x06, 0x0002, 0x0033, 0, 0x00013D60, 0x00000010 },
    { 0x029B, 0x0005, 0x01, 0x06, 0x0002, 0x0033, 0, 0x00013C80, 0x00000068 },
    { 0x029B, 0x0005, 0x02, 0x06, 0x0002, 0x0033, 0, 0x00013CE8, 0x00000078 },
    { 0x029B, 0x0006, 0x00, 0x06, 0x0018, 0x0011, 0, 0x0001431C, 0x00000010 },
    { 0x029B, 0x0006, 0x01, 0x06, 0x0018, 0x0011, 0, 0x00013D70, 0x00000534 },
    { 0x029B, 0x0006, 0x02, 0x06, 0x0018, 0x0011, 0, 0x000142A4, 0x00000078 },
    { 0x029B, 0x0007, 0x00, 0x06, 0x001E, 0x000C, 0, 0x00014CA8, 0x00000010 },
    { 0x029B, 0x0007, 0x01, 0x06, 0x001E, 0x000C, 0, 0x00014330, 0x00000900 },
    { 0x029B, 0x0007, 0x02, 0x06, 0x001E, 0x000C, 0, 0x00014C30, 0x00000078 },
    { 0x029B, 0x0008, 0x00, 0x06, 0x0018, 0x0008, 0, 0x000151C8, 0x00000010 },
    { 0x029B, 0x0008, 0x01, 0x06, 0x0018, 0x0008, 0, 0x00014CC0, 0x00000490 },
    { 0x029B, 0x0008, 0x02, 0x06, 0x0018, 0x0008, 0, 0x00015150, 0x00000078 },
    { 0x029B, 0x0009, 0x00, 0x06, 0x0019, 0x0008, 0, 0x00015814, 0x00000010 },
    { 0x029B, 0x0009, 0x01, 0x06, 0x0019, 0x0008, 0, 0x000151E0, 0x000005BC },
    { 0x029B, 0x0009, 0x02, 0x06, 0x0019, 0x0008, 0, 0x0001579C, 0x00000078 },
    { 0x029B, 0x000A, 0x00, 0x06, 0x001D, 0x0008, 0, 0x00015DF0, 0x00000010 },
    { 0x029B, 0x000A, 0x01, 0x06, 0x001D, 0x0008, 0, 0x00015830, 0x00000548 },
    { 0x029B, 0x000A, 0x02, 0x06, 0x001D, 0x0008, 0, 0x00015D78, 0x00000078 },
    { 0x029B, 0x000B, 0x00, 0x06, 0x001D, 0x0008, 0, 0x0001646C, 0x00000010 },
    { 0x029B, 0x000B, 0x01, 0x06, 0x001D, 0x0008, 0, 0x00015E00, 0x000005F4 },
    { 0x029B, 0x000B, 0x02, 0x06, 0x001D, 0x0008, 0, 0x000163F4, 0x00000078 },
    { 0x029B, 0x000C, 0x00, 0x06, 0x0024, 0x0009, 0, 0x00016B3C, 0x00000010 },
    { 0x029B, 0x000C, 0x01, 0x06, 0x0024, 0x0009, 0, 0x00016480, 0x00000644 },
    { 0x029B, 0x000C, 0x02, 0x06, 0x0024, 0x0009, 0, 0x00016AC4, 0x00000078 },
    { 0x029B, 0x000D, 0x00, 0x06, 0x004B, 0x0009, 0, 0x000175D0, 0x00000010 },
    { 0x029B, 0x000D, 0x01, 0x06, 0x004B, 0x0009, 0, 0x00016B50, 0x00000A08 },
    { 0x029B, 0x000D, 0x02, 0x06, 0x004B, 0x0009, 0, 0x00017558, 0x00000078 },
    { 0x029B, 0x000E, 0x00, 0x06, 0x001E, 0x0009, 0, 0x00017B58, 0x00000010 },
    { 0x029B, 0x000E, 0x01, 0x06, 0x001E, 0x0009, 0, 0x000175E0, 0x00000500 },
    { 0x029B, 0x000E, 0x02, 0x06, 0x001E, 0x0009, 0, 0x00017AE0, 0x00000078 },
    { 0x029B, 0x000F, 0x00, 0x06, 0x0050, 0x0007, 0, 0x00018C38, 0x00000010 },
    { 0x029B, 0x000F, 0x01, 0x06, 0x0050, 0x0007, 0, 0x00017B70, 0x00001050 },
    { 0x029B, 0x000F, 0x02, 0x06, 0x0050, 0x0007, 0, 0x00018BC0, 0x00000078 },
    { 0x029C, 0x0000, 0x00, 0x06, 0x001E, 0x000B, 0, 0x00000BFC, 0x00000010 },
    { 0x029C, 0x0000, 0x01, 0x06, 0x001E, 0x000B, 0, 0x00000000, 0x00000B58 },
    { 0x029C, 0x0000, 0x02, 0x06, 0x001E, 0x000B, 0, 0x00000B58, 0x000000A4 },
    { 0x029C, 0x0001, 0x00, 0x06, 0x0018, 0x0014, 0, 0x000013CC, 0x00000010 },
    { 0x029C, 0x0001, 0x01, 0x06, 0x0018, 0x0014, 0, 0x00000C10, 0x00000718 },
    { 0x029C, 0x0001, 0x02, 0x06, 0x0018, 0x0014, 0, 0x00001328, 0x000000A4 },
    { 0x029C, 0x0002, 0x00, 0x06, 0x0018, 0x000B, 0, 0x00001CDC, 0x00000010 },
    { 0x029C, 0x0002, 0x01, 0x06, 0x0018, 0x000B, 0, 0x000013E0, 0x00000858 },
    { 0x029C, 0x0002, 0x02, 0x06, 0x0018, 0x000B, 0, 0x00001C38, 0x000000A4 },
    { 0x029C, 0x0003, 0x00, 0x06, 0x0028, 0x0010, 0, 0x00002BC4, 0x00000010 },
    { 0x029C, 0x0003, 0x01, 0x06, 0x0028, 0x0010, 0, 0x00001CF0, 0x00000E30 },
    { 0x029C, 0x0003, 0x02, 0x06, 0x0028, 0x0010, 0, 0x00002B20, 0x000000A4 },
    { 0x029C, 0x0004, 0x00, 0x06, 0x0018, 0x000C, 0, 0x000035CC, 0x00000010 },
    { 0x029C, 0x0004, 0x01, 0x06, 0x0018, 0x000C, 0, 0x00002BE0, 0x00000948 },
    { 0x029C, 0x0004, 0x02, 0x06, 0x0018, 0x000C, 0, 0x00003528, 0x000000A4 },
    { 0x029C, 0x0005, 0x00, 0x06, 0x0018, 0x0009, 0, 0x00003FC8, 0x00000010 },
    { 0x029C, 0x0005, 0x01, 0x06, 0x0018, 0x0009, 0, 0x000035E0, 0x00000944 },
    { 0x029C, 0x0005, 0x02, 0x06, 0x0018, 0x0009, 0, 0x00003F24, 0x000000A4 },
    { 0x029C, 0x0006, 0x00, 0x06, 0x0018, 0x000A, 0, 0x000049C8, 0x00000010 },
    { 0x029C, 0x0006, 0x01, 0x06, 0x0018, 0x000A, 0, 0x00003FE0, 0x00000944 },
    { 0x029C, 0x0006, 0x02, 0x06, 0x0018, 0x000A, 0, 0x00004924, 0x000000A4 },
    { 0x029C, 0x0007, 0x00, 0x06, 0x0018, 0x000A, 0, 0x00005308, 0x00000010 },
    { 0x029C, 0x0007, 0x01, 0x06, 0x0018, 0x000A, 0, 0x000049E0, 0x00000884 },
    { 0x029C, 0x0007, 0x02, 0x06, 0x0018, 0x000A, 0, 0x00005264, 0x000000A4 },
    { 0x029C, 0x0008, 0x00, 0x06, 0x0002, 0x0010, 0, 0x0000C60C, 0x00000010 },
    { 0x029C, 0x0008, 0x01, 0x06, 0x0002, 0x0010, 0, 0x0000C540, 0x00000028 },
    { 0x029C, 0x0008, 0x02, 0x06, 0x0002, 0x0010, 0, 0x0000C568, 0x000000A4 },
    { 0x029C, 0x0009, 0x00, 0x06, 0x0036, 0x0007, 0, 0x00012E1C, 0x00000010 },
    { 0x029C, 0x0009, 0x01, 0x06, 0x0036, 0x0007, 0, 0x000116A0, 0x000016D8 },
    { 0x029C, 0x0009, 0x02, 0x06, 0x0036, 0x0007, 0, 0x00012D78, 0x000000A4 },
    { 0x029E, 0x0000, 0x00, 0x06, 0x0002, 0x000A, 0, 0x0000007C, 0x00000010 },
    { 0x029E, 0x0000, 0x01, 0x06, 0x0002, 0x000A, 0, 0x00000000, 0x00000014 },
    { 0x029E, 0x0000, 0x02, 0x06, 0x0002, 0x000A, 0, 0x00000014, 0x00000068 },
    { 0x029F, 0x0000, 0x00, 0x06, 0x0002, 0x000A, 0, 0x0000007C, 0x00000010 },
    { 0x029F, 0x0000, 0x01, 0x06, 0x0002, 0x000A, 0, 0x00000000, 0x00000014 },
    { 0x029F, 0x0000, 0x02, 0x06, 0x0002, 0x000A, 0, 0x00000014, 0x00000068 },
    { 0x02A0, 0x0000, 0x00, 0x06, 0x0002, 0x0029, 0, 0x000000B4, 0x00000010 },
    { 0x02A0, 0x0000, 0x01, 0x06, 0x0002, 0x0029, 0, 0x00000000, 0x00000054 },
    { 0x02A0, 0x0000, 0x02, 0x06, 0x0002, 0x0029, 0, 0x00000054, 0x00000060 },
    { 0x02A0, 0x0001, 0x00, 0x06, 0x0002, 0x0020, 0, 0x00000170, 0x00000010 },
    { 0x02A0, 0x0001, 0x01, 0x06, 0x0002, 0x0020, 0, 0x000000D0, 0x00000040 },
    { 0x02A0, 0x0001, 0x02, 0x06, 0x0002, 0x0020, 0, 0x00000110, 0x00000060 },
    { 0x02A0, 0x0002, 0x00, 0x06, 0x0002, 0x0023, 0, 0x00000228, 0x00000010 },
    { 0x02A0, 0x0002, 0x01, 0x06, 0x0002, 0x0023, 0, 0x00000180, 0x00000048 },
    { 0x02A0, 0x0002, 0x02, 0x06, 0x0002, 0x0023, 0, 0x000001C8, 0x00000060 },
    { 0x02A0, 0x0003, 0x00, 0x06, 0x0014, 0x000B, 0, 0x00000718, 0x00000010 },
    { 0x02A0, 0x0003, 0x01, 0x06, 0x0014, 0x000B, 0, 0x00000240, 0x00000478 },
    { 0x02A0, 0x0003, 0x02, 0x06, 0x0014, 0x000B, 0, 0x000006B8, 0x00000060 },
    { 0x02A0, 0x0004, 0x00, 0x06, 0x0002, 0x0019, 0, 0x000007D0, 0x00000010 },
    { 0x02A0, 0x0004, 0x01, 0x06, 0x0002, 0x0019, 0, 0x00000730, 0x00000040 },
    { 0x02A0, 0x0004, 0x02, 0x06, 0x0002, 0x0019, 0, 0x00000770, 0x00000060 },
    { 0x02A0, 0x0005, 0x00, 0x06, 0x0002, 0x0029, 0, 0x00000894, 0x00000010 },
    { 0x02A0, 0x0005, 0x01, 0x06, 0x0002, 0x0029, 0, 0x000007E0, 0x00000054 },
    { 0x02A0, 0x0005, 0x02, 0x06, 0x0002, 0x0029, 0, 0x00000834, 0x00000060 },
    { 0x02A0, 0x0006, 0x00, 0x06, 0x0002, 0x000D, 0, 0x0000092C, 0x00000010 },
    { 0x02A0, 0x0006, 0x01, 0x06, 0x0002, 0x000D, 0, 0x000008B0, 0x0000001C },
    { 0x02A0, 0x0006, 0x02, 0x06, 0x0002, 0x000D, 0, 0x000008CC, 0x00000060 },
    { 0x02A0, 0x0007, 0x00, 0x06, 0x000F, 0x0010, 0, 0x00000BFC, 0x00000010 },
    { 0x02A0, 0x0007, 0x01, 0x06, 0x000F, 0x0010, 0, 0x00000940, 0x0000025C },
    { 0x02A0, 0x0007, 0x02, 0x06, 0x000F, 0x0010, 0, 0x00000B9C, 0x00000060 },
    { 0x02A0, 0x0008, 0x00, 0x06, 0x000F, 0x0006, 0, 0x00000FE4, 0x00000010 },
    { 0x02A0, 0x0008, 0x01, 0x06, 0x000F, 0x0006, 0, 0x00000C10, 0x00000374 },
    { 0x02A0, 0x0008, 0x02, 0x06, 0x000F, 0x0006, 0, 0x00000F84, 0x00000060 },
    { 0x02A0, 0x0009, 0x00, 0x06, 0x000F, 0x0008, 0, 0x000012E8, 0x00000010 },
    { 0x02A0, 0x0009, 0x01, 0x06, 0x000F, 0x0008, 0, 0x00001000, 0x00000288 },
    { 0x02A0, 0x0009, 0x02, 0x06, 0x000F, 0x0008, 0, 0x00001288, 0x00000060 },
    { 0x02A0, 0x000A, 0x00, 0x06, 0x0014, 0x0014, 0, 0x000014A0, 0x00000010 },
    { 0x02A0, 0x000A, 0x01, 0x06, 0x0014, 0x0014, 0, 0x00001300, 0x00000140 },
    { 0x02A0, 0x000A, 0x02, 0x06, 0x0014, 0x0014, 0, 0x00001440, 0x00000060 },
    { 0x02A0, 0x000B, 0x00, 0x06, 0x0014, 0x0014, 0, 0x00001650, 0x00000010 },
    { 0x02A0, 0x000B, 0x01, 0x06, 0x0014, 0x0014, 0, 0x000014B0, 0x00000140 },
    { 0x02A0, 0x000B, 0x02, 0x06, 0x0014, 0x0014, 0, 0x000015F0, 0x00000060 },
    { 0x02A0, 0x000C, 0x00, 0x06, 0x0002, 0x0016, 0, 0x000016EC, 0x00000010 },
    { 0x02A0, 0x000C, 0x01, 0x06, 0x0002, 0x0016, 0, 0x00001660, 0x0000002C },
    { 0x02A0, 0x000C, 0x02, 0x06, 0x0002, 0x0016, 0, 0x0000168C, 0x00000060 },
    { 0x02A0, 0x000D, 0x00, 0x06, 0x0014, 0x0014, 0, 0x000018A0, 0x00000010 },
    { 0x02A0, 0x000D, 0x01, 0x06, 0x0014, 0x0014, 0, 0x00001700, 0x00000140 },
    { 0x02A0, 0x000D, 0x02, 0x06, 0x0014, 0x0014, 0, 0x00001840, 0x00000060 },
    { 0x02A0, 0x000E, 0x00, 0x06, 0x0028, 0x000E, 0, 0x00001E7C, 0x00000010 },
    { 0x02A0, 0x000E, 0x01, 0x06, 0x0028, 0x000E, 0, 0x000018B0, 0x0000056C },
    { 0x02A0, 0x000E, 0x02, 0x06, 0x0028, 0x000E, 0, 0x00001E1C, 0x00000060 },
    { 0x02A0, 0x000F, 0x00, 0x06, 0x0002, 0x0014, 0, 0x00001F18, 0x00000010 },
    { 0x02A0, 0x000F, 0x01, 0x06, 0x0002, 0x0014, 0, 0x00001E90, 0x00000028 },
    { 0x02A0, 0x000F, 0x02, 0x06, 0x0002, 0x0014, 0, 0x00001EB8, 0x00000060 },
    { 0x02A0, 0x0010, 0x00, 0x06, 0x0014, 0x000B, 0, 0x00002160, 0x00000010 },
    { 0x02A0, 0x0010, 0x01, 0x06, 0x0014, 0x000B, 0, 0x00001F30, 0x000001D0 },
    { 0x02A0, 0x0010, 0x02, 0x06, 0x0014, 0x000B, 0, 0x00002100, 0x00000060 },
    { 0x02A0, 0x0011, 0x00, 0x06, 0x0032, 0x000B, 0, 0x000025D0, 0x00000010 },
    { 0x02A0, 0x0011, 0x01, 0x06, 0x0032, 0x000B, 0, 0x00002170, 0x00000400 },
    { 0x02A0, 0x0011, 0x02, 0x06, 0x0032, 0x000B, 0, 0x00002570, 0x00000060 },
    { 0x02A0, 0x0012, 0x00, 0x06, 0x0002, 0x000E, 0, 0x0000265C, 0x00000010 },
    { 0x02A0, 0x0012, 0x01, 0x06, 0x0002, 0x000E, 0, 0x000025E0, 0x0000001C },
    { 0x02A0, 0x0012, 0x02, 0x06, 0x0002, 0x000E, 0, 0x000025FC, 0x00000060 },
    { 0x02A0, 0x0013, 0x00, 0x06, 0x0014, 0x000C, 0, 0x00002850, 0x00000010 },
    { 0x02A0, 0x0013, 0x01, 0x06, 0x0014, 0x000C, 0, 0x00002670, 0x00000180 },
    { 0x02A0, 0x0013, 0x02, 0x06, 0x0014, 0x000C, 0, 0x000027F0, 0x00000060 },
    { 0x02A0, 0x0014, 0x00, 0x06, 0x0002, 0x000E, 0, 0x000028DC, 0x00000010 },
    { 0x02A0, 0x0014, 0x01, 0x06, 0x0002, 0x000E, 0, 0x00002860, 0x0000001C },
    { 0x02A0, 0x0014, 0x02, 0x06, 0x0002, 0x000E, 0, 0x0000287C, 0x00000060 },
    { 0x02A0, 0x0015, 0x00, 0x06, 0x0014, 0x0011, 0, 0x00002D0C, 0x00000010 },
    { 0x02A0, 0x0015, 0x01, 0x06, 0x0014, 0x0011, 0, 0x000028F0, 0x000003BC },
    { 0x02A0, 0x0015, 0x02, 0x06, 0x0014, 0x0011, 0, 0x00002CAC, 0x00000060 },
    { 0x02A0, 0x0016, 0x00, 0x06, 0x0002, 0x001F, 0, 0x00002DC0, 0x00000010 },
    { 0x02A0, 0x0016, 0x01, 0x06, 0x0002, 0x001F, 0, 0x00002D20, 0x00000040 },
    { 0x02A0, 0x0016, 0x02, 0x06, 0x0002, 0x001F, 0, 0x00002D60, 0x00000060 },
    { 0x02A0, 0x0017, 0x00, 0x06, 0x0010, 0x000E, 0, 0x0000300C, 0x00000010 },
    { 0x02A0, 0x0017, 0x01, 0x06, 0x0010, 0x000E, 0, 0x00002DD0, 0x000001DC },
    { 0x02A0, 0x0017, 0x02, 0x06, 0x0010, 0x000E, 0, 0x00002FAC, 0x00000060 },
    { 0x02A0, 0x0018, 0x00, 0x06, 0x0007, 0x0005, 0, 0x000031B0, 0x00000010 },
    { 0x02A0, 0x0018, 0x01, 0x06, 0x0007, 0x0005, 0, 0x00003020, 0x00000130 },
    { 0x02A0, 0x0018, 0x02, 0x06, 0x0007, 0x0005, 0, 0x00003150, 0x00000060 },
    { 0x02A0, 0x0019, 0x00, 0x06, 0x000C, 0x0009, 0, 0x000033B4, 0x00000010 },
    { 0x02A0, 0x0019, 0x01, 0x06, 0x000C, 0x0009, 0, 0x000031C0, 0x00000194 },
    { 0x02A0, 0x0019, 0x02, 0x06, 0x000C, 0x0009, 0, 0x00003354, 0x00000060 },
    { 0x02A0, 0x001A, 0x00, 0x06, 0x001D, 0x0004, 0, 0x00003D84, 0x00000010 },
    { 0x02A0, 0x001A, 0x01, 0x06, 0x001D, 0x0004, 0, 0x000033D0, 0x00000954 },
    { 0x02A0, 0x001A, 0x02, 0x06, 0x001D, 0x0004, 0, 0x00003D24, 0x00000060 },
    { 0x02A0, 0x001B, 0x00, 0x06, 0x000E, 0x0004, 0, 0x000041F8, 0x00000010 },
    { 0x02A0, 0x001B, 0x01, 0x06, 0x000E, 0x0004, 0, 0x00003DA0, 0x000003F8 },
    { 0x02A0, 0x001B, 0x02, 0x06, 0x000E, 0x0004, 0, 0x00004198, 0x00000060 },
    { 0x02A0, 0x001C, 0x00, 0x06, 0x0002, 0x001D, 0, 0x000042AC, 0x00000010 },
    { 0x02A0, 0x001C, 0x01, 0x06, 0x0002, 0x001D, 0, 0x00004210, 0x0000003C },
    { 0x02A0, 0x001C, 0x02, 0x06, 0x0002, 0x001D, 0, 0x0000424C, 0x00000060 },
    { 0x02A0, 0x001D, 0x00, 0x06, 0x000C, 0x0014, 0, 0x00004408, 0x00000010 },
    { 0x02A0, 0x001D, 0x01, 0x06, 0x000C, 0x0014, 0, 0x000042C0, 0x000000E8 },
    { 0x02A0, 0x001D, 0x02, 0x06, 0x000C, 0x0014, 0, 0x000043A8, 0x00000060 },
    { 0x02A0, 0x001E, 0x00, 0x06, 0x0014, 0x0008, 0, 0x00004788, 0x00000010 },
    { 0x02A0, 0x001E, 0x01, 0x06, 0x0014, 0x0008, 0, 0x00004420, 0x00000308 },
    { 0x02A0, 0x001E, 0x02, 0x06, 0x0014, 0x0008, 0, 0x00004728, 0x00000060 },
    { 0x02A0, 0x001F, 0x00, 0x06, 0x001E, 0x0009, 0, 0x00004C4C, 0x00000010 },
    { 0x02A0, 0x001F, 0x01, 0x06, 0x001E, 0x0009, 0, 0x000047A0, 0x0000044C },
    { 0x02A0, 0x001F, 0x02, 0x06, 0x001E, 0x0009, 0, 0x00004BEC, 0x00000060 },
    { 0x02A0, 0x0020, 0x00, 0x06, 0x0002, 0x0019, 0, 0x00004CF4, 0x00000010 },
    { 0x02A0, 0x0020, 0x01, 0x06, 0x0002, 0x0019, 0, 0x00004C60, 0x00000034 },
    { 0x02A0, 0x0020, 0x02, 0x06, 0x0002, 0x0019, 0, 0x00004C94, 0x00000060 },
    { 0x02A0, 0x0021, 0x00, 0x06, 0x0014, 0x0017, 0, 0x00004E90, 0x00000010 },
    { 0x02A0, 0x0021, 0x01, 0x06, 0x0014, 0x0017, 0, 0x00004D10, 0x00000120 },
    { 0x02A0, 0x0021, 0x02, 0x06, 0x0014, 0x0017, 0, 0x00004E30, 0x00000060 },
    { 0x02A0, 0x0022, 0x00, 0x06, 0x0002, 0x0014, 0, 0x00004F28, 0x00000010 },
    { 0x02A0, 0x0022, 0x01, 0x06, 0x0002, 0x0014, 0, 0x00004EA0, 0x00000028 },
    { 0x02A0, 0x0022, 0x02, 0x06, 0x0002, 0x0014, 0, 0x00004EC8, 0x00000060 },
    { 0x02A0, 0x0023, 0x00, 0x06, 0x0029, 0x0009, 0, 0x00005808, 0x00000010 },
    { 0x02A0, 0x0023, 0x01, 0x06, 0x0029, 0x0009, 0, 0x00004F40, 0x00000868 },
    { 0x02A0, 0x0023, 0x02, 0x06, 0x0029, 0x0009, 0, 0x000057A8, 0x00000060 },
    { 0x02A0, 0x0024, 0x00, 0x06, 0x0028, 0x0006, 0, 0x000062DC, 0x00000010 },
    { 0x02A0, 0x0024, 0x01, 0x06, 0x0028, 0x0006, 0, 0x00005820, 0x00000A5C },
    { 0x02A0, 0x0024, 0x02, 0x06, 0x0028, 0x0006, 0, 0x0000627C, 0x00000060 },
    { 0x02A0, 0x0025, 0x00, 0x06, 0x0007, 0x0013, 0, 0x00006458, 0x00000010 },
    { 0x02A0, 0x0025, 0x01, 0x06, 0x0007, 0x0013, 0, 0x000062F0, 0x00000108 },
    { 0x02A0, 0x0025, 0x02, 0x06, 0x0007, 0x0013, 0, 0x000063F8, 0x00000060 },
    { 0x02A0, 0x0026, 0x00, 0x06, 0x0002, 0x0023, 0, 0x00006518, 0x00000010 },
    { 0x02A0, 0x0026, 0x01, 0x06, 0x0002, 0x0023, 0, 0x00006470, 0x00000048 },
    { 0x02A0, 0x0026, 0x02, 0x06, 0x0002, 0x0023, 0, 0x000064B8, 0x00000060 },
    { 0x02A0, 0x0027, 0x00, 0x06, 0x0002, 0x0027, 0, 0x000065E0, 0x00000010 },
    { 0x02A0, 0x0027, 0x01, 0x06, 0x0002, 0x0027, 0, 0x00006530, 0x00000050 },
    { 0x02A0, 0x0027, 0x02, 0x06, 0x0002, 0x0027, 0, 0x00006580, 0x00000060 },
    { 0x02A0, 0x0028, 0x00, 0x06, 0x0014, 0x0013, 0, 0x00006A60, 0x00000010 },
    { 0x02A0, 0x0028, 0x01, 0x06, 0x0014, 0x0013, 0, 0x000065F0, 0x00000410 },
    { 0x02A0, 0x0028, 0x02, 0x06, 0x0014, 0x0013, 0, 0x00006A00, 0x00000060 },
    { 0x02A0, 0x0029, 0x00, 0x06, 0x0013, 0x0007, 0, 0x00006EE0, 0x00000010 },
    { 0x02A0, 0x0029, 0x01, 0x06, 0x0013, 0x0007, 0, 0x00006A70, 0x00000410 },
    { 0x02A0, 0x0029, 0x02, 0x06, 0x0013, 0x0007, 0, 0x00006E80, 0x00000060 },
    { 0x02A0, 0x002A, 0x00, 0x06, 0x0002, 0x0025, 0, 0x00006F9C, 0x00000010 },
    { 0x02A0, 0x002A, 0x01, 0x06, 0x0002, 0x0025, 0, 0x00006EF0, 0x0000004C },
    { 0x02A0, 0x002A, 0x02, 0x06, 0x0002, 0x0025, 0, 0x00006F3C, 0x00000060 },
    { 0x02A0, 0x002B, 0x00, 0x06, 0x0002, 0x002A, 0, 0x00007064, 0x00000010 },
    { 0x02A0, 0x002B, 0x01, 0x06, 0x0002, 0x002A, 0, 0x00006FB0, 0x00000054 },
    { 0x02A0, 0x002B, 0x02, 0x06, 0x0002, 0x002A, 0, 0x00007004, 0x00000060 },
    { 0x02A0, 0x002C, 0x00, 0x06, 0x0002, 0x001F, 0, 0x00007120, 0x00000010 },
    { 0x02A0, 0x002C, 0x01, 0x06, 0x0002, 0x001F, 0, 0x00007080, 0x00000040 },
    { 0x02A0, 0x002C, 0x02, 0x06, 0x0002, 0x001F, 0, 0x000070C0, 0x00000060 },
    { 0x02A0, 0x002D, 0x00, 0x06, 0x0014, 0x000D, 0, 0x00007454, 0x00000010 },
    { 0x02A0, 0x002D, 0x01, 0x06, 0x0014, 0x000D, 0, 0x00007130, 0x000002C4 },
    { 0x02A0, 0x002D, 0x02, 0x06, 0x0014, 0x000D, 0, 0x000073F4, 0x00000060 },
    { 0x02A0, 0x002E, 0x00, 0x06, 0x0013, 0x000E, 0, 0x00007830, 0x00000010 },
    { 0x02A0, 0x002E, 0x01, 0x06, 0x0013, 0x000E, 0, 0x00007470, 0x00000360 },
    { 0x02A0, 0x002E, 0x02, 0x06, 0x0013, 0x000E, 0, 0x000077D0, 0x00000060 },
    { 0x02A0, 0x002F, 0x00, 0x06, 0x0013, 0x0007, 0, 0x00007D94, 0x00000010 },
    { 0x02A0, 0x002F, 0x01, 0x06, 0x0013, 0x0007, 0, 0x00007840, 0x000004F4 },
    { 0x02A0, 0x002F, 0x02, 0x06, 0x0013, 0x0007, 0, 0x00007D34, 0x00000060 },
    { 0x02A0, 0x0030, 0x00, 0x06, 0x0002, 0x0029, 0, 0x00007E64, 0x00000010 },
    { 0x02A0, 0x0030, 0x01, 0x06, 0x0002, 0x0029, 0, 0x00007DB0, 0x00000054 },
    { 0x02A0, 0x0030, 0x02, 0x06, 0x0002, 0x0029, 0, 0x00007E04, 0x00000060 },
    { 0x02A0, 0x0031, 0x00, 0x06, 0x0002, 0x002C, 0, 0x00007F38, 0x00000010 },
    { 0x02A0, 0x0031, 0x01, 0x06, 0x0002, 0x002C, 0, 0x00007E80, 0x00000058 },
    { 0x02A0, 0x0031, 0x02, 0x06, 0x0002, 0x002C, 0, 0x00007ED8, 0x00000060 },
    { 0x02A0, 0x0032, 0x00, 0x06, 0x0002, 0x0025, 0, 0x00007FFC, 0x00000010 },
    { 0x02A0, 0x0032, 0x01, 0x06, 0x0002, 0x0025, 0, 0x00007F50, 0x0000004C },
    { 0x02A0, 0x0032, 0x02, 0x06, 0x0002, 0x0025, 0, 0x00007F9C, 0x00000060 },
    { 0x02A0, 0x0033, 0x00, 0x06, 0x0002, 0x0022, 0, 0x000080B4, 0x00000010 },
    { 0x02A0, 0x0033, 0x01, 0x06, 0x0002, 0x0022, 0, 0x00008010, 0x00000044 },
    { 0x02A0, 0x0033, 0x02, 0x06, 0x0002, 0x0022, 0, 0x00008054, 0x00000060 },
    { 0x02A0, 0x0034, 0x00, 0x06, 0x0002, 0x0024, 0, 0x00008178, 0x00000010 },
    { 0x02A0, 0x0034, 0x01, 0x06, 0x0002, 0x0024, 0, 0x000080D0, 0x00000048 },
    { 0x02A0, 0x0034, 0x02, 0x06, 0x0002, 0x0024, 0, 0x00008118, 0x00000060 },
    { 0x02A0, 0x0035, 0x00, 0x06, 0x0014, 0x0005, 0, 0x0000879C, 0x00000010 },
    { 0x02A0, 0x0035, 0x01, 0x06, 0x0014, 0x0005, 0, 0x00008190, 0x000005AC },
    { 0x02A0, 0x0035, 0x02, 0x06, 0x0014, 0x0005, 0, 0x0000873C, 0x00000060 },
    { 0x02A0, 0x0036, 0x00, 0x06, 0x001A, 0x0006, 0, 0x00008F6C, 0x00000010 },
    { 0x02A0, 0x0036, 0x01, 0x06, 0x001A, 0x0006, 0, 0x000087B0, 0x0000075C },
    { 0x02A0, 0x0036, 0x02, 0x06, 0x001A, 0x0006, 0, 0x00008F0C, 0x00000060 },
    { 0x02A0, 0x0037, 0x00, 0x06, 0x0002, 0x0024, 0, 0x00009028, 0x00000010 },
    { 0x02A0, 0x0037, 0x01, 0x06, 0x0002, 0x0024, 0, 0x00008F80, 0x00000048 },
    { 0x02A0, 0x0037, 0x02, 0x06, 0x0002, 0x0024, 0, 0x00008FC8, 0x00000060 },
    { 0x02A0, 0x0038, 0x00, 0x06, 0x0002, 0x0025, 0, 0x000090EC, 0x00000010 },
    { 0x02A0, 0x0038, 0x01, 0x06, 0x0002, 0x0025, 0, 0x00009040, 0x0000004C },
    { 0x02A0, 0x0038, 0x02, 0x06, 0x0002, 0x0025, 0, 0x0000908C, 0x00000060 },
    { 0x02A0, 0x0039, 0x00, 0x06, 0x0002, 0x0025, 0, 0x000091AC, 0x00000010 },
    { 0x02A0, 0x0039, 0x01, 0x06, 0x0002, 0x0025, 0, 0x00009100, 0x0000004C },
    { 0x02A0, 0x0039, 0x02, 0x06, 0x0002, 0x0025, 0, 0x0000914C, 0x00000060 },
    { 0x02A0, 0x003A, 0x00, 0x06, 0x0002, 0x0019, 0, 0x00009274, 0x00000010 },
    { 0x02A0, 0x003A, 0x01, 0x06, 0x0002, 0x0019, 0, 0x000091C0, 0x00000054 },
    { 0x02A0, 0x003A, 0x02, 0x06, 0x0002, 0x0019, 0, 0x00009214, 0x00000060 },
    { 0x02A0, 0x003B, 0x00, 0x06, 0x0022, 0x0017, 0, 0x0000982C, 0x00000010 },
    { 0x02A0, 0x003B, 0x01, 0x06, 0x0022, 0x0017, 0, 0x00009290, 0x0000053C },
    { 0x02A0, 0x003B, 0x02, 0x06, 0x0022, 0x0017, 0, 0x000097CC, 0x00000060 },
    { 0x02A0, 0x003C, 0x00, 0x06, 0x0002, 0x0026, 0, 0x000098EC, 0x00000010 },
    { 0x02A0, 0x003C, 0x01, 0x06, 0x0002, 0x0026, 0, 0x00009840, 0x0000004C },
    { 0x02A0, 0x003C, 0x02, 0x06, 0x0002, 0x0026, 0, 0x0000988C, 0x00000060 },
    { 0x02A0, 0x003D, 0x00, 0x06, 0x0002, 0x0021, 0, 0x000099A4, 0x00000010 },
    { 0x02A0, 0x003D, 0x01, 0x06, 0x0002, 0x0021, 0, 0x00009900, 0x00000044 },
    { 0x02A0, 0x003D, 0x02, 0x06, 0x0002, 0x0021, 0, 0x00009944, 0x00000060 },
    { 0x02A0, 0x003E, 0x00, 0x06, 0x0004, 0x0005, 0, 0x00009B64, 0x00000010 },
    { 0x02A0, 0x003E, 0x01, 0x06, 0x0004, 0x0005, 0, 0x000099C0, 0x00000144 },
    { 0x02A0, 0x003E, 0x02, 0x06, 0x0004, 0x0005, 0, 0x00009B04, 0x00000060 },
    { 0x02A0, 0x003F, 0x00, 0x06, 0x000F, 0x0009, 0, 0x00009F94, 0x00000010 },
    { 0x02A0, 0x003F, 0x01, 0x06, 0x000F, 0x0009, 0, 0x00009B80, 0x000003B4 },
    { 0x02A0, 0x003F, 0x02, 0x06, 0x000F, 0x0009, 0, 0x00009F34, 0x00000060 },
    { 0x02A0, 0x0040, 0x00, 0x06, 0x0015, 0x0006, 0, 0x0000A630, 0x00000010 },
    { 0x02A0, 0x0040, 0x01, 0x06, 0x0015, 0x0006, 0, 0x00009FB0, 0x00000620 },
    { 0x02A0, 0x0040, 0x02, 0x06, 0x0015, 0x0006, 0, 0x0000A5D0, 0x00000060 },
    { 0x02A4, 0x0000, 0x00, 0x06, 0x0019, 0x0007, 0, 0x00000750, 0x00000010 },
    { 0x02A4, 0x0000, 0x01, 0x06, 0x0019, 0x0007, 0, 0x00000000, 0x000006E4 },
    { 0x02A4, 0x0000, 0x02, 0x06, 0x0019, 0x0007, 0, 0x000006E4, 0x0000006C },
    { 0x02A4, 0x0001, 0x00, 0x06, 0x0019, 0x000C, 0, 0x00000D5C, 0x00000010 },
    { 0x02A4, 0x0001, 0x01, 0x06, 0x0019, 0x000C, 0, 0x00000760, 0x00000590 },
    { 0x02A4, 0x0001, 0x02, 0x06, 0x0019, 0x000C, 0, 0x00000CF0, 0x0000006C },
    { 0x02A4, 0x0002, 0x00, 0x06, 0x001E, 0x0006, 0, 0x0000161C, 0x00000010 },
    { 0x02A4, 0x0002, 0x01, 0x06, 0x001E, 0x0006, 0, 0x00000D70, 0x00000840 },
    { 0x02A4, 0x0002, 0x02, 0x06, 0x001E, 0x0006, 0, 0x000015B0, 0x0000006C },
    { 0x02A4, 0x0003, 0x00, 0x06, 0x0017, 0x0014, 0, 0x00001A00, 0x00000010 },
    { 0x02A4, 0x0003, 0x01, 0x06, 0x0017, 0x0014, 0, 0x00001630, 0x00000364 },
    { 0x02A4, 0x0003, 0x02, 0x06, 0x0017, 0x0014, 0, 0x00001994, 0x0000006C },
    { 0x02A4, 0x0004, 0x00, 0x06, 0x001F, 0x0007, 0, 0x000021D0, 0x00000010 },
    { 0x02A4, 0x0004, 0x01, 0x06, 0x001F, 0x0007, 0, 0x00001A10, 0x00000754 },
    { 0x02A4, 0x0004, 0x02, 0x06, 0x001F, 0x0007, 0, 0x00002164, 0x0000006C },
    { 0x02A4, 0x0005, 0x00, 0x06, 0x001A, 0x0005, 0, 0x000029A8, 0x00000010 },
    { 0x02A4, 0x0005, 0x01, 0x06, 0x001A, 0x0005, 0, 0x000021E0, 0x0000075C },
    { 0x02A4, 0x0005, 0x02, 0x06, 0x001A, 0x0005, 0, 0x0000293C, 0x0000006C },
    { 0x02A4, 0x0006, 0x00, 0x06, 0x0015, 0x0006, 0, 0x00002D80, 0x00000010 },
    { 0x02A4, 0x0006, 0x01, 0x06, 0x0015, 0x0006, 0, 0x000029C0, 0x00000354 },
    { 0x02A4, 0x0006, 0x02, 0x06, 0x0015, 0x0006, 0, 0x00002D14, 0x0000006C },
    { 0x02A4, 0x0007, 0x00, 0x06, 0x0032, 0x0006, 0, 0x00003768, 0x00000010 },
    { 0x02A4, 0x0007, 0x01, 0x06, 0x0032, 0x0006, 0, 0x00002D90, 0x0000096C },
    { 0x02A4, 0x0007, 0x02, 0x06, 0x0032, 0x0006, 0, 0x000036FC, 0x0000006C },
    { 0x02A4, 0x0008, 0x00, 0x06, 0x000F, 0x0013, 0, 0x000038E4, 0x00000010 },
    { 0x02A4, 0x0008, 0x01, 0x06, 0x000F, 0x0013, 0, 0x00003780, 0x000000F8 },
    { 0x02A4, 0x0008, 0x02, 0x06, 0x000F, 0x0013, 0, 0x00003878, 0x0000006C },
    { 0x02A4, 0x0009, 0x00, 0x06, 0x0035, 0x0003, 0, 0x00004930, 0x00000010 },
    { 0x02A4, 0x0009, 0x01, 0x06, 0x0035, 0x0003, 0, 0x00003900, 0x00000FC4 },
    { 0x02A4, 0x0009, 0x02, 0x06, 0x0035, 0x0003, 0, 0x000048C4, 0x0000006C },
    { 0x02A4, 0x000A, 0x00, 0x06, 0x0014, 0x0005, 0, 0x00010590, 0x00000010 },
    { 0x02A4, 0x000A, 0x01, 0x06, 0x0014, 0x0005, 0, 0x0000FF00, 0x00000624 },
    { 0x02A4, 0x000A, 0x02, 0x06, 0x0014, 0x0005, 0, 0x00010524, 0x0000006C },
    { 0x02A5, 0x0000, 0x00, 0x06, 0x000E, 0x000B, 0, 0x000004CC, 0x00000010 },
    { 0x02A5, 0x0000, 0x01, 0x06, 0x000E, 0x000B, 0, 0x00000000, 0x00000440 },
    { 0x02A5, 0x0000, 0x02, 0x06, 0x000E, 0x000B, 0, 0x00000440, 0x0000008C },
    { 0x02A5, 0x0001, 0x00, 0x06, 0x001D, 0x000D, 0, 0x00000DE8, 0x00000010 },
    { 0x02A5, 0x0001, 0x01, 0x06, 0x001D, 0x000D, 0, 0x000004E0, 0x0000087C },
    { 0x02A5, 0x0001, 0x02, 0x06, 0x001D, 0x000D, 0, 0x00000D5C, 0x0000008C },
    { 0x02A5, 0x0002, 0x00, 0x06, 0x001E, 0x0007, 0, 0x0000D3DC, 0x00000010 },
    { 0x02A5, 0x0002, 0x01, 0x06, 0x001E, 0x0007, 0, 0x0000C710, 0x00000C40 },
    { 0x02A5, 0x0002, 0x02, 0x06, 0x001E, 0x0007, 0, 0x0000D350, 0x0000008C },
    { 0x02A5, 0x0003, 0x00, 0x06, 0x0014, 0x0008, 0, 0x0000DCAC, 0x00000010 },
    { 0x02A5, 0x0003, 0x01, 0x06, 0x0014, 0x0008, 0, 0x0000D3F0, 0x00000830 },
    { 0x02A5, 0x0003, 0x02, 0x06, 0x0014, 0x0008, 0, 0x0000DC20, 0x0000008C },
    { 0x02A5, 0x0004, 0x00, 0x06, 0x0018, 0x0009, 0, 0x0000E630, 0x00000010 },
    { 0x02A5, 0x0004, 0x01, 0x06, 0x0018, 0x0009, 0, 0x0000DCC0, 0x000008E4 },
    { 0x02A5, 0x0004, 0x02, 0x06, 0x0018, 0x0009, 0, 0x0000E5A4, 0x0000008C },
    { 0x02A5, 0x0005, 0x00, 0x06, 0x0018, 0x0008, 0, 0x0000F03C, 0x00000010 },
    { 0x02A5, 0x0005, 0x01, 0x06, 0x0018, 0x0008, 0, 0x0000E640, 0x00000970 },
    { 0x02A5, 0x0005, 0x02, 0x06, 0x0018, 0x0008, 0, 0x0000EFB0, 0x0000008C },
    { 0x02A5, 0x0006, 0x00, 0x06, 0x0014, 0x0005, 0, 0x0000F8B8, 0x00000010 },
    { 0x02A5, 0x0006, 0x01, 0x06, 0x0014, 0x0005, 0, 0x0000F050, 0x000007DC },
    { 0x02A5, 0x0006, 0x02, 0x06, 0x0014, 0x0005, 0, 0x0000F82C, 0x0000008C },
    { 0x02AB, 0x0000, 0x00, 0x06, 0x001E, 0x000E, 0, 0x000007D4, 0x00000010 },
    { 0x02AB, 0x0000, 0x01, 0x06, 0x001E, 0x000E, 0, 0x00000000, 0x00000760 },
    { 0x02AB, 0x0000, 0x02, 0x06, 0x001E, 0x000E, 0, 0x00000760, 0x00000074 },
    { 0x02AB, 0x0001, 0x00, 0x06, 0x000F, 0x0006, 0, 0x000092F0, 0x00000010 },
    { 0x02AB, 0x0001, 0x01, 0x06, 0x000F, 0x0006, 0, 0x00008DA0, 0x000004DC },
    { 0x02AB, 0x0001, 0x02, 0x06, 0x000F, 0x0006, 0, 0x0000927C, 0x00000074 },
    { 0x02AB, 0x0002, 0x00, 0x06, 0x0002, 0x0024, 0, 0x000093BC, 0x00000010 },
    { 0x02AB, 0x0002, 0x01, 0x06, 0x0002, 0x0024, 0, 0x00009300, 0x00000048 },
    { 0x02AB, 0x0002, 0x02, 0x06, 0x0002, 0x0024, 0, 0x00009348, 0x00000074 },
    { 0x02AB, 0x0003, 0x00, 0x06, 0x003A, 0x0018, 0, 0x00009EE0, 0x00000010 },
    { 0x02AB, 0x0003, 0x01, 0x06, 0x003A, 0x0018, 0, 0x000093D0, 0x00000A9C },
    { 0x02AB, 0x0003, 0x02, 0x06, 0x003A, 0x0018, 0, 0x00009E6C, 0x00000074 },
    { 0x02AD, 0x0000, 0x00, 0x06, 0x0050, 0x000A, 0, 0x00009FC4, 0x00000010 },
    { 0x02AD, 0x0000, 0x01, 0x06, 0x0050, 0x000A, 0, 0x00009030, 0x00000E74 },
    { 0x02AD, 0x0000, 0x02, 0x06, 0x0050, 0x000A, 0, 0x00009EA4, 0x00000120 },
    { 0x02AD, 0x0001, 0x00, 0x06, 0x001E, 0x0009, 0, 0x0000A6B4, 0x00000010 },
    { 0x02AD, 0x0001, 0x01, 0x06, 0x001E, 0x0009, 0, 0x00009FE0, 0x000005B4 },
    { 0x02AD, 0x0001, 0x02, 0x06, 0x001E, 0x0009, 0, 0x0000A594, 0x00000120 },
    { 0x02AD, 0x0002, 0x00, 0x06, 0x0024, 0x0005, 0, 0x0000901C, 0x00000010 },
    { 0x02AD, 0x0002, 0x01, 0x06, 0x0024, 0x0005, 0, 0x000085F0, 0x0000090C },
    { 0x02AD, 0x0002, 0x02, 0x06, 0x0024, 0x0005, 0, 0x00008EFC, 0x00000120 },
    { 0x02AD, 0x0003, 0x00, 0x06, 0x0021, 0x0004, 0, 0x000085E0, 0x00000010 },
    { 0x02AD, 0x0003, 0x01, 0x06, 0x0021, 0x0004, 0, 0x00007B70, 0x00000950 },
    { 0x02AD, 0x0003, 0x02, 0x06, 0x0021, 0x0004, 0, 0x000084C0, 0x00000120 },
    { 0x02AD, 0x0004, 0x00, 0x06, 0x0023, 0x0007, 0, 0x0000AF60, 0x00000010 },
    { 0x02AD, 0x0004, 0x01, 0x06, 0x0023, 0x0007, 0, 0x0000A6D0, 0x00000770 },
    { 0x02AD, 0x0004, 0x02, 0x06, 0x0023, 0x0007, 0, 0x0000AE40, 0x00000120 },
    { 0x02AD, 0x0005, 0x00, 0x06, 0x001D, 0x0006, 0, 0x00007B54, 0x00000010 },
    { 0x02AD, 0x0005, 0x01, 0x06, 0x001D, 0x0006, 0, 0x000074F0, 0x00000544 },
    { 0x02AD, 0x0005, 0x02, 0x06, 0x001D, 0x0006, 0, 0x00007A34, 0x00000120 },
    { 0x02AD, 0x0006, 0x00, 0x06, 0x0018, 0x0006, 0, 0x0000506C, 0x00000010 },
    { 0x02AD, 0x0006, 0x01, 0x06, 0x0018, 0x0006, 0, 0x00004A30, 0x0000051C },
    { 0x02AD, 0x0006, 0x02, 0x06, 0x0018, 0x0006, 0, 0x00004F4C, 0x00000120 },
    { 0x02AD, 0x0007, 0x00, 0x06, 0x0017, 0x0005, 0, 0x00005684, 0x00000010 },
    { 0x02AD, 0x0007, 0x01, 0x06, 0x0017, 0x0005, 0, 0x00005080, 0x000004E4 },
    { 0x02AD, 0x0007, 0x02, 0x06, 0x0017, 0x0005, 0, 0x00005564, 0x00000120 },
    { 0x02AD, 0x0008, 0x00, 0x06, 0x001E, 0x0005, 0, 0x00005E20, 0x00000010 },
    { 0x02AD, 0x0008, 0x01, 0x06, 0x001E, 0x0005, 0, 0x000056A0, 0x00000660 },
    { 0x02AD, 0x0008, 0x02, 0x06, 0x001E, 0x0005, 0, 0x00005D00, 0x00000120 },
    { 0x02AE, 0x0000, 0x00, 0x06, 0x0014, 0x000B, 0, 0x000004A4, 0x00000010 },
    { 0x02AE, 0x0000, 0x01, 0x06, 0x0014, 0x000B, 0, 0x00000000, 0x00000400 },
    { 0x02AE, 0x0000, 0x02, 0x06, 0x0014, 0x000B, 0, 0x00000400, 0x000000A4 },
    { 0x02AE, 0x0001, 0x00, 0x06, 0x000C, 0x0003, 0, 0x00000AAC, 0x00000010 },
    { 0x02AE, 0x0001, 0x01, 0x06, 0x000C, 0x0003, 0, 0x000004C0, 0x00000548 },
    { 0x02AE, 0x0001, 0x02, 0x06, 0x000C, 0x0003, 0, 0x00000A08, 0x000000A4 },
    { 0x02AE, 0x0002, 0x00, 0x06, 0x0014, 0x0008, 0, 0x000012A4, 0x00000010 },
    { 0x02AE, 0x0002, 0x01, 0x06, 0x0014, 0x0008, 0, 0x00000AC0, 0x00000740 },
    { 0x02AE, 0x0002, 0x02, 0x06, 0x0014, 0x0008, 0, 0x00001200, 0x000000A4 },
    { 0x02AE, 0x0003, 0x00, 0x06, 0x0010, 0x000E, 0, 0x000017E0, 0x00000010 },
    { 0x02AE, 0x0003, 0x01, 0x06, 0x0010, 0x000E, 0, 0x000012C0, 0x0000047C },
    { 0x02AE, 0x0003, 0x02, 0x06, 0x0010, 0x000E, 0, 0x0000173C, 0x000000A4 },
    { 0x02AE, 0x0004, 0x00, 0x06, 0x0010, 0x000E, 0, 0x00001D10, 0x00000010 },
    { 0x02AE, 0x0004, 0x01, 0x06, 0x0010, 0x000E, 0, 0x000017F0, 0x0000047C },
    { 0x02AE, 0x0004, 0x02, 0x06, 0x0010, 0x000E, 0, 0x00001C6C, 0x000000A4 },
    { 0x02AE, 0x0005, 0x00, 0x06, 0x0017, 0x0009, 0, 0x0000230C, 0x00000010 },
    { 0x02AE, 0x0005, 0x01, 0x06, 0x0017, 0x0009, 0, 0x00001D20, 0x00000548 },
    { 0x02AE, 0x0005, 0x02, 0x06, 0x0017, 0x0009, 0, 0x00002268, 0x000000A4 },
    { 0x02AE, 0x0006, 0x00, 0x06, 0x001E, 0x0003, 0, 0x00003614, 0x00000010 },
    { 0x02AE, 0x0006, 0x01, 0x06, 0x001E, 0x0003, 0, 0x00002320, 0x00001250 },
    { 0x02AE, 0x0006, 0x02, 0x06, 0x001E, 0x0003, 0, 0x00003570, 0x000000A4 },
    { 0x02AE, 0x0007, 0x00, 0x06, 0x0010, 0x000F, 0, 0x00003E34, 0x00000010 },
    { 0x02AE, 0x0007, 0x01, 0x06, 0x0010, 0x000F, 0, 0x00003630, 0x00000760 },
    { 0x02AE, 0x0007, 0x02, 0x06, 0x0010, 0x000F, 0, 0x00003D90, 0x000000A4 },
    { 0x02AE, 0x0008, 0x00, 0x06, 0x000C, 0x0006, 0, 0x00004548, 0x00000010 },
    { 0x02AE, 0x0008, 0x01, 0x06, 0x000C, 0x0006, 0, 0x00003E50, 0x00000654 },
    { 0x02AE, 0x0008, 0x02, 0x06, 0x000C, 0x0006, 0, 0x000044A4, 0x000000A4 },
    { 0x02AE, 0x0009, 0x00, 0x06, 0x0020, 0x0004, 0, 0x0000578C, 0x00000010 },
    { 0x02AE, 0x0009, 0x01, 0x06, 0x0020, 0x0004, 0, 0x00004560, 0x00001188 },
    { 0x02AE, 0x0009, 0x02, 0x06, 0x0020, 0x0004, 0, 0x000056E8, 0x000000A4 },
    { 0x02AE, 0x000A, 0x00, 0x06, 0x0019, 0x0004, 0, 0x00006530, 0x00000010 },
    { 0x02AE, 0x000A, 0x01, 0x06, 0x0019, 0x0004, 0, 0x000057A0, 0x00000CEC },
    { 0x02AE, 0x000A, 0x02, 0x06, 0x0019, 0x0004, 0, 0x0000648C, 0x000000A4 },
    { 0x02AE, 0x000B, 0x00, 0x06, 0x0018, 0x0009, 0, 0x00006F28, 0x00000010 },
    { 0x02AE, 0x000B, 0x01, 0x06, 0x0018, 0x0009, 0, 0x00006540, 0x00000944 },
    { 0x02AE, 0x000B, 0x02, 0x06, 0x0018, 0x0009, 0, 0x00006E84, 0x000000A4 },
    { 0x02AE, 0x000C, 0x00, 0x06, 0x000C, 0x000A, 0, 0x00007688, 0x00000010 },
    { 0x02AE, 0x000C, 0x01, 0x06, 0x000C, 0x000A, 0, 0x000070F0, 0x000004F4 },
    { 0x02AE, 0x000C, 0x02, 0x06, 0x000C, 0x000A, 0, 0x000075E4, 0x000000A4 },
    { 0x02AE, 0x000D, 0x00, 0x06, 0x000C, 0x0005, 0, 0x00007CA8, 0x00000010 },
    { 0x02AE, 0x000D, 0x01, 0x06, 0x000C, 0x0005, 0, 0x000076A0, 0x00000564 },
    { 0x02AE, 0x000D, 0x02, 0x06, 0x000C, 0x0005, 0, 0x00007C04, 0x000000A4 },
    { 0x02AE, 0x000E, 0x00, 0x06, 0x001D, 0x0008, 0, 0x000088C8, 0x00000010 },
    { 0x02AE, 0x000E, 0x01, 0x06, 0x001D, 0x0008, 0, 0x00007CC0, 0x00000B64 },
    { 0x02AE, 0x000E, 0x02, 0x06, 0x001D, 0x0008, 0, 0x00008824, 0x000000A4 },
    { 0x02AE, 0x000F, 0x00, 0x06, 0x0018, 0x0012, 0, 0x00009398, 0x00000010 },
    { 0x02AE, 0x000F, 0x01, 0x06, 0x0018, 0x0012, 0, 0x000088E0, 0x00000A14 },
    { 0x02AE, 0x000F, 0x02, 0x06, 0x0018, 0x0012, 0, 0x000092F4, 0x000000A4 },
    { 0x02AE, 0x0010, 0x00, 0x06, 0x0002, 0x0010, 0, 0x0000947C, 0x00000010 },
    { 0x02AE, 0x0010, 0x01, 0x06, 0x0002, 0x0010, 0, 0x000093B0, 0x00000028 },
    { 0x02AE, 0x0010, 0x02, 0x06, 0x0002, 0x0010, 0, 0x000093D8, 0x000000A4 },
    { 0x02AE, 0x0011, 0x00, 0x06, 0x002D, 0x0003, 0, 0x000216DC, 0x00000010 },
    { 0x02AE, 0x0011, 0x01, 0x06, 0x002D, 0x0003, 0, 0x0001F8A0, 0x00001D34 },
    { 0x02AE, 0x0011, 0x02, 0x06, 0x002D, 0x0003, 0, 0x000215D4, 0x00000108 },
    { 0x02AE, 0x0012, 0x00, 0x06, 0x0018, 0x0003, 0, 0x00022700, 0x00000010 },
    { 0x02AE, 0x0012, 0x01, 0x06, 0x0018, 0x0003, 0, 0x000216F0, 0x00000F08 },
    { 0x02AE, 0x0012, 0x02, 0x06, 0x0018, 0x0003, 0, 0x000225F8, 0x00000108 },
    { 0x02AE, 0x0013, 0x00, 0x06, 0x0018, 0x0003, 0, 0x00023750, 0x00000010 },
    { 0x02AE, 0x0013, 0x01, 0x06, 0x0018, 0x0003, 0, 0x00022710, 0x00000F38 },
    { 0x02AE, 0x0013, 0x02, 0x06, 0x0018, 0x0003, 0, 0x00023648, 0x00000108 },
    { 0x02AE, 0x0014, 0x00, 0x06, 0x0011, 0x0003, 0, 0x00024374, 0x00000010 },
    { 0x02AE, 0x0014, 0x01, 0x06, 0x0011, 0x0003, 0, 0x00023760, 0x00000B0C },
    { 0x02AE, 0x0014, 0x02, 0x06, 0x0011, 0x0003, 0, 0x0002426C, 0x00000108 },
    { 0x02AE, 0x0015, 0x00, 0x06, 0x0002, 0x000D, 0, 0x000244B4, 0x00000010 },
    { 0x02AE, 0x0015, 0x01, 0x06, 0x0002, 0x000D, 0, 0x00024390, 0x0000001C },
    { 0x02AE, 0x0015, 0x02, 0x06, 0x0002, 0x000D, 0, 0x000243AC, 0x00000108 },
    { 0x02AE, 0x0016, 0x00, 0x06, 0x0018, 0x0007, 0, 0x000317F8, 0x00000010 },
    { 0x02AE, 0x0016, 0x01, 0x06, 0x0018, 0x0007, 0, 0x00030C30, 0x00000AC0 },
    { 0x02AE, 0x0016, 0x02, 0x06, 0x0018, 0x0007, 0, 0x000316F0, 0x00000108 },
    { 0x02AE, 0x0017, 0x00, 0x06, 0x0012, 0x0003, 0, 0x000324F0, 0x00000010 },
    { 0x02AE, 0x0017, 0x01, 0x06, 0x0012, 0x0003, 0, 0x00031810, 0x00000BD8 },
    { 0x02AE, 0x0017, 0x02, 0x06, 0x0012, 0x0003, 0, 0x000323E8, 0x00000108 },
    { 0x02AE, 0x0018, 0x00, 0x06, 0x0010, 0x0005, 0, 0x00032FB4, 0x00000010 },
    { 0x02AE, 0x0018, 0x01, 0x06, 0x0010, 0x0005, 0, 0x00032500, 0x000009AC },
    { 0x02AE, 0x0018, 0x02, 0x06, 0x0010, 0x0005, 0, 0x00032EAC, 0x00000108 },
    { 0x02AE, 0x0019, 0x00, 0x06, 0x0014, 0x000B, 0, 0x00033C30, 0x00000010 },
    { 0x02AE, 0x0019, 0x01, 0x06, 0x0014, 0x000B, 0, 0x00032FD0, 0x00000B58 },
    { 0x02AE, 0x0019, 0x02, 0x06, 0x0014, 0x000B, 0, 0x00033B28, 0x00000108 },
    { 0x02AE, 0x001A, 0x00, 0x06, 0x000E, 0x0005, 0, 0x00034588, 0x00000010 },
    { 0x02AE, 0x001A, 0x01, 0x06, 0x000E, 0x0005, 0, 0x00033C40, 0x00000840 },
    { 0x02AE, 0x001A, 0x02, 0x06, 0x000E, 0x0005, 0, 0x00034480, 0x00000108 },
    { 0x02AE, 0x001B, 0x00, 0x06, 0x0023, 0x0003, 0, 0x00035BBC, 0x00000010 },
    { 0x02AE, 0x001B, 0x01, 0x06, 0x0023, 0x0003, 0, 0x000345A0, 0x00001514 },
    { 0x02AE, 0x001B, 0x02, 0x06, 0x0023, 0x0003, 0, 0x00035AB4, 0x00000108 },
    { 0x02AE, 0x001C, 0x00, 0x06, 0x0032, 0x0004, 0, 0x00037A2C, 0x00000010 },
    { 0x02AE, 0x001C, 0x01, 0x06, 0x0032, 0x0004, 0, 0x00035BD0, 0x00001D54 },
    { 0x02AE, 0x001C, 0x02, 0x06, 0x0032, 0x0004, 0, 0x00037924, 0x00000108 },
    { 0x02AE, 0x001D, 0x00, 0x06, 0x0020, 0x0004, 0, 0x00038ED0, 0x00000010 },
    { 0x02AE, 0x001D, 0x01, 0x06, 0x0020, 0x0004, 0, 0x00037A40, 0x00001388 },
    { 0x02AE, 0x001D, 0x02, 0x06, 0x0020, 0x0004, 0, 0x00038DC8, 0x00000108 },
    { 0x02B1, 0x0000, 0x00, 0x06, 0x0015, 0x0006, 0, 0x00000348, 0x00000010 },
    { 0x02B1, 0x0000, 0x01, 0x06, 0x0015, 0x0006, 0, 0x00000160, 0x00000188 },
    { 0x02B1, 0x0000, 0x02, 0x06, 0x0015, 0x0006, 0, 0x000002E8, 0x00000060 },
    { 0x02B1, 0x0001, 0x00, 0x06, 0x003C, 0x0006, 0, 0x0000078C, 0x00000010 },
    { 0x02B1, 0x0001, 0x01, 0x06, 0x003C, 0x0006, 0, 0x00000360, 0x000003CC },
    { 0x02B1, 0x0001, 0x02, 0x06, 0x003C, 0x0006, 0, 0x0000072C, 0x00000060 },
    { 0x02B1, 0x0002, 0x00, 0x06, 0x003C, 0x0006, 0, 0x00000F74, 0x00000010 },
    { 0x02B1, 0x0002, 0x01, 0x06, 0x003C, 0x0006, 0, 0x00000BC0, 0x00000354 },
    { 0x02B1, 0x0002, 0x02, 0x06, 0x003C, 0x0006, 0, 0x00000F14, 0x00000060 },
    { 0x02B1, 0x0003, 0x00, 0x06, 0x000C, 0x0006, 0, 0x00000144, 0x00000010 },
    { 0x02B1, 0x0003, 0x01, 0x06, 0x000C, 0x0006, 0, 0x00000000, 0x000000E4 },
    { 0x02B1, 0x0003, 0x02, 0x06, 0x000C, 0x0006, 0, 0x000000E4, 0x00000060 },
    { 0x02B1, 0x0004, 0x00, 0x06, 0x0010, 0x0007, 0, 0x00000930, 0x00000010 },
    { 0x02B1, 0x0004, 0x01, 0x06, 0x0010, 0x0007, 0, 0x000007A0, 0x00000130 },
    { 0x02B1, 0x0004, 0x02, 0x06, 0x0010, 0x0007, 0, 0x000008D0, 0x00000060 },
    { 0x02B1, 0x0005, 0x00, 0x06, 0x000B, 0x0006, 0, 0x00000A48, 0x00000010 },
    { 0x02B1, 0x0005, 0x01, 0x06, 0x000B, 0x0006, 0, 0x00000940, 0x000000A8 },
    { 0x02B1, 0x0005, 0x02, 0x06, 0x000B, 0x0006, 0, 0x000009E8, 0x00000060 },
    { 0x02B1, 0x0006, 0x00, 0x06, 0x0010, 0x0006, 0, 0x00000BAC, 0x00000010 },
    { 0x02B1, 0x0006, 0x01, 0x06, 0x0010, 0x0006, 0, 0x00000A60, 0x000000EC },
    { 0x02B1, 0x0006, 0x02, 0x06, 0x0010, 0x0006, 0, 0x00000B4C, 0x00000060 },
    { 0x02BB, 0x0000, 0x00, 0x06, 0x0007, 0x0007, 0, 0x00000244, 0x00000010 },
    { 0x02BB, 0x0000, 0x01, 0x06, 0x0007, 0x0007, 0, 0x00000000, 0x000001D0 },
    { 0x02BB, 0x0000, 0x02, 0x06, 0x0007, 0x0007, 0, 0x000001D0, 0x00000074 },
    { 0x02BB, 0x0001, 0x00, 0x06, 0x001D, 0x000A, 0, 0x00000820, 0x00000010 },
    { 0x02BB, 0x0001, 0x01, 0x06, 0x001D, 0x000A, 0, 0x00000260, 0x0000054C },
    { 0x02BB, 0x0001, 0x02, 0x06, 0x001D, 0x000A, 0, 0x000007AC, 0x00000074 },
    { 0x02BB, 0x0002, 0x00, 0x06, 0x003B, 0x001A, 0, 0x00008D64, 0x00000010 },
    { 0x02BB, 0x0002, 0x01, 0x06, 0x003B, 0x001A, 0, 0x00008470, 0x00000880 },
    { 0x02BB, 0x0002, 0x02, 0x06, 0x003B, 0x001A, 0, 0x00008CF0, 0x00000074 },
    { 0x02BC, 0x0000, 0x00, 0x06, 0x001E, 0x0015, 0, 0x0000FF48, 0x00000010 },
    { 0x02BC, 0x0000, 0x01, 0x06, 0x001E, 0x0015, 0, 0x0000F700, 0x000007AC },
    { 0x02BC, 0x0000, 0x02, 0x06, 0x001E, 0x0015, 0, 0x0000FEAC, 0x0000009C },
    { 0x02BD, 0x0000, 0x00, 0x06, 0x000A, 0x0009, 0, 0x000002E8, 0x00000010 },
    { 0x02BD, 0x0000, 0x01, 0x06, 0x000A, 0x0009, 0, 0x00000000, 0x00000244 },
    { 0x02BD, 0x0000, 0x02, 0x06, 0x000A, 0x0009, 0, 0x00000244, 0x000000A4 },
    { 0x02BD, 0x0001, 0x00, 0x06, 0x0002, 0x0018, 0, 0x00004EC4, 0x00000010 },
    { 0x02BD, 0x0001, 0x01, 0x06, 0x0002, 0x0018, 0, 0x00004DF0, 0x00000030 },
    { 0x02BD, 0x0001, 0x02, 0x06, 0x0002, 0x0018, 0, 0x00004E20, 0x000000A4 },
    { 0x02BD, 0x0002, 0x00, 0x06, 0x0002, 0x0018, 0, 0x00004FB4, 0x00000010 },
    { 0x02BD, 0x0002, 0x01, 0x06, 0x0002, 0x0018, 0, 0x00004EE0, 0x00000030 },
    { 0x02BD, 0x0002, 0x02, 0x06, 0x0002, 0x0018, 0, 0x00004F10, 0x000000A4 },
    { 0x02BD, 0x0003, 0x00, 0x06, 0x0002, 0x0019, 0, 0x000050A8, 0x00000010 },
    { 0x02BD, 0x0003, 0x01, 0x06, 0x0002, 0x0019, 0, 0x00004FD0, 0x00000034 },
    { 0x02BD, 0x0003, 0x02, 0x06, 0x0002, 0x0019, 0, 0x00005004, 0x000000A4 },
    { 0x02BD, 0x0004, 0x00, 0x06, 0x000A, 0x0010, 0, 0x0000529C, 0x00000010 },
    { 0x02BD, 0x0004, 0x01, 0x06, 0x000A, 0x0010, 0, 0x000050C0, 0x00000138 },
    { 0x02BD, 0x0004, 0x02, 0x06, 0x000A, 0x0010, 0, 0x000051F8, 0x000000A4 },
    { 0x02BD, 0x0005, 0x00, 0x06, 0x0002, 0x0023, 0, 0x0000539C, 0x00000010 },
    { 0x02BD, 0x0005, 0x01, 0x06, 0x0002, 0x0023, 0, 0x000052B0, 0x00000048 },
    { 0x02BD, 0x0005, 0x02, 0x06, 0x0002, 0x0023, 0, 0x000052F8, 0x000000A4 },
    { 0x02BD, 0x0006, 0x00, 0x06, 0x0002, 0x0023, 0, 0x0000549C, 0x00000010 },
    { 0x02BD, 0x0006, 0x01, 0x06, 0x0002, 0x0023, 0, 0x000053B0, 0x00000048 },
    { 0x02BD, 0x0006, 0x02, 0x06, 0x0002, 0x0023, 0, 0x000053F8, 0x000000A4 },
    { 0x02BD, 0x0007, 0x00, 0x06, 0x0002, 0x0019, 0, 0x00005588, 0x00000010 },
    { 0x02BD, 0x0007, 0x01, 0x06, 0x0002, 0x0019, 0, 0x000054B0, 0x00000034 },
    { 0x02BD, 0x0007, 0x02, 0x06, 0x0002, 0x0019, 0, 0x000054E4, 0x000000A4 },
    { 0x02BD, 0x0008, 0x00, 0x06, 0x000A, 0x0009, 0, 0x00005860, 0x00000010 },
    { 0x02BD, 0x0008, 0x01, 0x06, 0x000A, 0x0009, 0, 0x000055A0, 0x0000021C },
    { 0x02BD, 0x0008, 0x02, 0x06, 0x000A, 0x0009, 0, 0x000057BC, 0x000000A4 },
    { 0x02BD, 0x0009, 0x00, 0x06, 0x0002, 0x0018, 0, 0x0000A434, 0x00000010 },
    { 0x02BD, 0x0009, 0x01, 0x06, 0x0002, 0x0018, 0, 0x0000A360, 0x00000030 },
    { 0x02BD, 0x0009, 0x02, 0x06, 0x0002, 0x0018, 0, 0x0000A390, 0x000000A4 },
    { 0x02BD, 0x000A, 0x00, 0x06, 0x0002, 0x0017, 0, 0x0000A524, 0x00000010 },
    { 0x02BD, 0x000A, 0x01, 0x06, 0x0002, 0x0017, 0, 0x0000A450, 0x00000030 },
    { 0x02BD, 0x000A, 0x02, 0x06, 0x0002, 0x0017, 0, 0x0000A480, 0x000000A4 },
    { 0x02BD, 0x000B, 0x00, 0x06, 0x0002, 0x0019, 0, 0x0000A618, 0x00000010 },
    { 0x02BD, 0x000B, 0x01, 0x06, 0x0002, 0x0019, 0, 0x0000A540, 0x00000034 },
    { 0x02BD, 0x000B, 0x02, 0x06, 0x0002, 0x0019, 0, 0x0000A574, 0x000000A4 },
    { 0x02BD, 0x000C, 0x00, 0x06, 0x000A, 0x000F, 0, 0x0000A848, 0x00000010 },
    { 0x02BD, 0x000C, 0x01, 0x06, 0x000A, 0x000F, 0, 0x0000A630, 0x00000174 },
    { 0x02BD, 0x000C, 0x02, 0x06, 0x000A, 0x000F, 0, 0x0000A7A4, 0x000000A4 },
    { 0x02BD, 0x000D, 0x00, 0x06, 0x0002, 0x0022, 0, 0x0000A948, 0x00000010 },
    { 0x02BD, 0x000D, 0x01, 0x06, 0x0002, 0x0022, 0, 0x0000A860, 0x00000044 },
    { 0x02BD, 0x000D, 0x02, 0x06, 0x0002, 0x0022, 0, 0x0000A8A4, 0x000000A4 },
    { 0x02BD, 0x000E, 0x00, 0x06, 0x0002, 0x0023, 0, 0x0000AA4C, 0x00000010 },
    { 0x02BD, 0x000E, 0x01, 0x06, 0x0002, 0x0023, 0, 0x0000A960, 0x00000048 },
    { 0x02BD, 0x000E, 0x02, 0x06, 0x0002, 0x0023, 0, 0x0000A9A8, 0x000000A4 },
    { 0x02BD, 0x000F, 0x00, 0x06, 0x0002, 0x001A, 0, 0x0000AB38, 0x00000010 },
    { 0x02BD, 0x000F, 0x01, 0x06, 0x0002, 0x001A, 0, 0x0000AA60, 0x00000034 },
    { 0x02BD, 0x000F, 0x02, 0x06, 0x0002, 0x001A, 0, 0x0000AA94, 0x000000A4 },
    { 0x02BD, 0x0010, 0x00, 0x06, 0x0007, 0x001E, 0, 0x0000ACD4, 0x00000010 },
    { 0x02BD, 0x0010, 0x01, 0x06, 0x0007, 0x001E, 0, 0x0000AB50, 0x00000074 },
    { 0x02BD, 0x0010, 0x02, 0x06, 0x0007, 0x001E, 0, 0x0000ABC4, 0x00000110 },
    { 0x02BD, 0x0011, 0x00, 0x06, 0x000B, 0x000B, 0, 0x0000B0D8, 0x00000010 },
    { 0x02BD, 0x0011, 0x01, 0x06, 0x000B, 0x000B, 0, 0x0000ACF0, 0x000002D8 },
    { 0x02BD, 0x0011, 0x02, 0x06, 0x000B, 0x000B, 0, 0x0000AFC8, 0x00000110 },
    { 0x02BD, 0x0012, 0x00, 0x06, 0x0011, 0x0009, 0, 0x0000B6FC, 0x00000010 },
    { 0x02BD, 0x0012, 0x01, 0x06, 0x0011, 0x0009, 0, 0x0000B0F0, 0x000004FC },
    { 0x02BD, 0x0012, 0x02, 0x06, 0x0011, 0x0009, 0, 0x0000B5EC, 0x00000110 },
    { 0x02BD, 0x0013, 0x00, 0x06, 0x0028, 0x000C, 0, 0x0000C288, 0x00000010 },
    { 0x02BD, 0x0013, 0x01, 0x06, 0x0028, 0x000C, 0, 0x0000B710, 0x00000A68 },
    { 0x02BD, 0x0013, 0x02, 0x06, 0x0028, 0x000C, 0, 0x0000C178, 0x00000110 },
    { 0x02BD, 0x0014, 0x00, 0x06, 0x000A, 0x0010, 0, 0x0000C5B0, 0x00000010 },
    { 0x02BD, 0x0014, 0x01, 0x06, 0x000A, 0x0010, 0, 0x0000C2A0, 0x00000200 },
    { 0x02BD, 0x0014, 0x02, 0x06, 0x000A, 0x0010, 0, 0x0000C4A0, 0x00000110 },
    { 0x02BD, 0x0015, 0x00, 0x06, 0x000A, 0x000E, 0, 0x0000C9BC, 0x00000010 },
    { 0x02BD, 0x0015, 0x01, 0x06, 0x000A, 0x000E, 0, 0x0000C5C0, 0x000002EC },
    { 0x02BD, 0x0015, 0x02, 0x06, 0x000A, 0x000E, 0, 0x0000C8AC, 0x00000110 },
    { 0x02BD, 0x0016, 0x00, 0x06, 0x0007, 0x0010, 0, 0x0000CC6C, 0x00000010 },
    { 0x02BD, 0x0016, 0x01, 0x06, 0x0007, 0x0010, 0, 0x0000C9D0, 0x0000018C },
    { 0x02BD, 0x0016, 0x02, 0x06, 0x0007, 0x0010, 0, 0x0000CB5C, 0x00000110 },
    { 0x02BD, 0x0017, 0x00, 0x06, 0x001A, 0x000A, 0, 0x0000D458, 0x00000010 },
    { 0x02BD, 0x0017, 0x01, 0x06, 0x001A, 0x000A, 0, 0x0000CC80, 0x000006C8 },
    { 0x02BD, 0x0017, 0x02, 0x06, 0x001A, 0x000A, 0, 0x0000D348, 0x00000110 },
    { 0x02BD, 0x0018, 0x00, 0x06, 0x0028, 0x000E, 0, 0x0000DC2C, 0x00000010 },
    { 0x02BD, 0x0018, 0x01, 0x06, 0x0028, 0x000E, 0, 0x0000D470, 0x000006AC },
    { 0x02BD, 0x0018, 0x02, 0x06, 0x0028, 0x000E, 0, 0x0000DB1C, 0x00000110 },
    { 0x02BD, 0x0019, 0x00, 0x06, 0x0028, 0x000C, 0, 0x0000E7B8, 0x00000010 },
    { 0x02BD, 0x0019, 0x01, 0x06, 0x0028, 0x000C, 0, 0x0000DC40, 0x00000A68 },
    { 0x02BD, 0x0019, 0x02, 0x06, 0x0028, 0x000C, 0, 0x0000E6A8, 0x00000110 },
    { 0x02BF, 0x0000, 0x00, 0x06, 0x0013, 0x0006, 0, 0x000007BC, 0x00000010 },
    { 0x02BF, 0x0000, 0x01, 0x06, 0x0013, 0x0006, 0, 0x00000000, 0x0000072C },
    { 0x02BF, 0x0000, 0x02, 0x06, 0x0013, 0x0006, 0, 0x0000072C, 0x00000090 },
    { 0x02BF, 0x0001, 0x00, 0x06, 0x001B, 0x000C, 0, 0x000011C0, 0x00000010 },
    { 0x02BF, 0x0001, 0x01, 0x06, 0x001B, 0x000C, 0, 0x000007D0, 0x00000960 },
    { 0x02BF, 0x0001, 0x02, 0x06, 0x001B, 0x000C, 0, 0x00001130, 0x00000090 },
    { 0x02BF, 0x0002, 0x00, 0x06, 0x0008, 0x0009, 0, 0x00001534, 0x00000010 },
    { 0x02BF, 0x0002, 0x01, 0x06, 0x0008, 0x0009, 0, 0x000011D0, 0x000002D4 },
    { 0x02BF, 0x0002, 0x02, 0x06, 0x0008, 0x0009, 0, 0x000014A4, 0x00000090 },
    { 0x02C5, 0x0000, 0x00, 0x06, 0x0014, 0x0010, 0, 0x000067B8, 0x00000010 },
    { 0x02C5, 0x0000, 0x01, 0x06, 0x0014, 0x0010, 0, 0x000062B0, 0x000004A8 },
    { 0x02C5, 0x0000, 0x02, 0x06, 0x0014, 0x0010, 0, 0x00006758, 0x00000060 },
    { 0x02C5, 0x0001, 0x00, 0x06, 0x001E, 0x000A, 0, 0x000070F0, 0x00000010 },
    { 0x02C5, 0x0001, 0x01, 0x06, 0x001E, 0x000A, 0, 0x000067D0, 0x000008C0 },
    { 0x02C5, 0x0001, 0x02, 0x06, 0x001E, 0x000A, 0, 0x00007090, 0x00000060 },
    { 0x02C5, 0x0002, 0x00, 0x06, 0x001E, 0x0013, 0, 0x000076EC, 0x00000010 },
    { 0x02C5, 0x0002, 0x01, 0x06, 0x001E, 0x0013, 0, 0x00007100, 0x0000058C },
    { 0x02C5, 0x0002, 0x02, 0x06, 0x001E, 0x0013, 0, 0x0000768C, 0x00000060 },
    { 0x02D3, 0x0000, 0x00, 0x06, 0x0010, 0x000F, 0, 0x000002C8, 0x00000010 },
    { 0x02D3, 0x0000, 0x01, 0x06, 0x0010, 0x000F, 0, 0x00000000, 0x00000260 },
    { 0x02D3, 0x0000, 0x02, 0x06, 0x0010, 0x000F, 0, 0x00000260, 0x00000068 },
    { 0x02D3, 0x0001, 0x00, 0x06, 0x0011, 0x0008, 0, 0x00008510, 0x00000010 },
    { 0x02D3, 0x0001, 0x01, 0x06, 0x0011, 0x0008, 0, 0x00007FD0, 0x000004D8 },
    { 0x02D3, 0x0001, 0x02, 0x06, 0x0011, 0x0008, 0, 0x000084A8, 0x00000068 },
    { 0x02D3, 0x0002, 0x00, 0x06, 0x0007, 0x000C, 0, 0x00008738, 0x00000010 },
    { 0x02D3, 0x0002, 0x01, 0x06, 0x0007, 0x000C, 0, 0x00008520, 0x000001B0 },
    { 0x02D3, 0x0002, 0x02, 0x06, 0x0007, 0x000C, 0, 0x000086D0, 0x00000068 },
    { 0x02D3, 0x0003, 0x00, 0x06, 0x0018, 0x0006, 0, 0x00008E84, 0x00000010 },
    { 0x02D3, 0x0003, 0x01, 0x06, 0x0018, 0x0006, 0, 0x00008750, 0x000006CC },
    { 0x02D3, 0x0003, 0x02, 0x06, 0x0018, 0x0006, 0, 0x00008E1C, 0x00000068 },
    { 0x02D3, 0x0004, 0x00, 0x06, 0x0003, 0x000B, 0, 0x00008FC0, 0x00000010 },
    { 0x02D3, 0x0004, 0x01, 0x06, 0x0003, 0x000B, 0, 0x00008EA0, 0x000000B8 },
    { 0x02D3, 0x0004, 0x02, 0x06, 0x0003, 0x000B, 0, 0x00008F58, 0x00000068 },
    { 0x02D3, 0x0005, 0x00, 0x06, 0x0006, 0x000C, 0, 0x0000917C, 0x00000010 },
    { 0x02D3, 0x0005, 0x01, 0x06, 0x0006, 0x000C, 0, 0x00008FD0, 0x00000144 },
    { 0x02D3, 0x0005, 0x02, 0x06, 0x0006, 0x000C, 0, 0x00009114, 0x00000068 },
    { 0x02D3, 0x0006, 0x00, 0x06, 0x0004, 0x0010, 0, 0x000092B0, 0x00000010 },
    { 0x02D3, 0x0006, 0x01, 0x06, 0x0004, 0x0010, 0, 0x00009190, 0x000000B8 },
    { 0x02D3, 0x0006, 0x02, 0x06, 0x0004, 0x0010, 0, 0x00009248, 0x00000068 },
    { 0x02D3, 0x0007, 0x00, 0x06, 0x0009, 0x0006, 0, 0x000095BC, 0x00000010 },
    { 0x02D3, 0x0007, 0x01, 0x06, 0x0009, 0x0006, 0, 0x000092C0, 0x00000294 },
    { 0x02D3, 0x0007, 0x02, 0x06, 0x0009, 0x0006, 0, 0x00009554, 0x00000068 },
    { 0x02D3, 0x0008, 0x00, 0x06, 0x0010, 0x001C, 0, 0x000097F0, 0x00000010 },
    { 0x02D3, 0x0008, 0x01, 0x06, 0x0010, 0x001C, 0, 0x000095D0, 0x000001B8 },
    { 0x02D3, 0x0008, 0x02, 0x06, 0x0010, 0x001C, 0, 0x00009788, 0x00000068 },
    { 0x02D3, 0x0009, 0x00, 0x06, 0x000C, 0x000A, 0, 0x00009B1C, 0x00000010 },
    { 0x02D3, 0x0009, 0x01, 0x06, 0x000C, 0x000A, 0, 0x00009800, 0x000002B4 },
    { 0x02D3, 0x0009, 0x02, 0x06, 0x000C, 0x000A, 0, 0x00009AB4, 0x00000068 },
    { 0x02D3, 0x000A, 0x00, 0x06, 0x0012, 0x0011, 0, 0x00009E68, 0x00000010 },
    { 0x02D3, 0x000A, 0x01, 0x06, 0x0012, 0x0011, 0, 0x00009B30, 0x000002D0 },
    { 0x02D3, 0x000A, 0x02, 0x06, 0x0012, 0x0011, 0, 0x00009E00, 0x00000068 },
    { 0x02D3, 0x000B, 0x00, 0x06, 0x000E, 0x000F, 0, 0x0000A138, 0x00000010 },
    { 0x02D3, 0x000B, 0x01, 0x06, 0x000E, 0x000F, 0, 0x00009E80, 0x00000250 },
    { 0x02D3, 0x000B, 0x02, 0x06, 0x000E, 0x000F, 0, 0x0000A0D0, 0x00000068 },
    { 0x02D6, 0x0000, 0x00, 0x06, 0x0002, 0x0027, 0, 0x00002FE8, 0x00000010 },
    { 0x02D6, 0x0000, 0x01, 0x06, 0x0002, 0x0027, 0, 0x00002F20, 0x00000050 },
    { 0x02D6, 0x0000, 0x02, 0x06, 0x0002, 0x0027, 0, 0x00002F70, 0x00000078 },
    { 0x02D6, 0x0001, 0x00, 0x06, 0x001E, 0x0004, 0, 0x00002F10, 0x00000010 },
    { 0x02D6, 0x0001, 0x01, 0x06, 0x001E, 0x0004, 0, 0x00002530, 0x00000968 },
    { 0x02D6, 0x0001, 0x02, 0x06, 0x001E, 0x0004, 0, 0x00002E98, 0x00000078 },
    { 0x02D6, 0x0002, 0x00, 0x06, 0x003C, 0x000A, 0, 0x0000219C, 0x00000010 },
    { 0x02D6, 0x0002, 0x01, 0x06, 0x003C, 0x000A, 0, 0x00000D60, 0x000013C4 },
    { 0x02D6, 0x0002, 0x02, 0x06, 0x003C, 0x000A, 0, 0x00002124, 0x00000078 },
    { 0x02D6, 0x0003, 0x00, 0x06, 0x001E, 0x001A, 0, 0x00000598, 0x00000010 },
    { 0x02D6, 0x0003, 0x01, 0x06, 0x001E, 0x001A, 0, 0x00000000, 0x00000520 },
    { 0x02D6, 0x0003, 0x02, 0x06, 0x001E, 0x001A, 0, 0x00000520, 0x00000078 },
    { 0x02D6, 0x0004, 0x00, 0x06, 0x001E, 0x000C, 0, 0x00000D48, 0x00000010 },
    { 0x02D6, 0x0004, 0x01, 0x06, 0x001E, 0x000C, 0, 0x000005B0, 0x00000720 },
    { 0x02D6, 0x0004, 0x02, 0x06, 0x001E, 0x000C, 0, 0x00000CD0, 0x00000078 },
    { 0x02D7, 0x0000, 0x00, 0x06, 0x0019, 0x0004, 0, 0x0000046C, 0x00000010 },
    { 0x02D7, 0x0000, 0x01, 0x06, 0x0019, 0x0004, 0, 0x00000000, 0x00000424 },
    { 0x02D7, 0x0000, 0x02, 0x06, 0x0019, 0x0004, 0, 0x00000424, 0x00000048 },
    { 0x02D7, 0x0001, 0x00, 0x06, 0x0019, 0x0004, 0, 0x0000075C, 0x00000010 },
    { 0x02D7, 0x0001, 0x01, 0x06, 0x0019, 0x0004, 0, 0x00000480, 0x00000294 },
    { 0x02D7, 0x0001, 0x02, 0x06, 0x0019, 0x0004, 0, 0x00000714, 0x00000048 },
    { 0x02D9, 0x0000, 0x00, 0x06, 0x001E, 0x0008, 0, 0x000004A8, 0x00000010 },
    { 0x02D9, 0x0000, 0x01, 0x06, 0x001E, 0x0008, 0, 0x00000000, 0x00000448 },
    { 0x02D9, 0x0000, 0x02, 0x06, 0x001E, 0x0008, 0, 0x00000448, 0x00000060 },
    { 0x02DB, 0x0000, 0x00, 0x06, 0x0017, 0x0019, 0, 0x000000FC, 0x00000010 },
    { 0x02DB, 0x0000, 0x01, 0x06, 0x0017, 0x0019, 0, 0x00000000, 0x00000090 },
    { 0x02DB, 0x0000, 0x02, 0x06, 0x0017, 0x0019, 0, 0x00000090, 0x0000006C },
    { 0x02DC, 0x0000, 0x00, 0x06, 0x001D, 0x0007, 0, 0x0000078C, 0x00000010 },
    { 0x02DC, 0x0000, 0x01, 0x06, 0x001D, 0x0007, 0, 0x00000000, 0x00000714 },
    { 0x02DC, 0x0000, 0x02, 0x06, 0x001D, 0x0007, 0, 0x00000714, 0x00000078 },
    { 0x02DE, 0x0000, 0x00, 0x06, 0x0046, 0x0003, 0, 0x0000035C, 0x00000010 },
    { 0x02DE, 0x0000, 0x01, 0x06, 0x0046, 0x0003, 0, 0x00000000, 0x00000350 },
    { 0x02DE, 0x0000, 0x02, 0x06, 0x0046, 0x0003, 0, 0x00000350, 0x0000000C },
    { 0x02DE, 0x0001, 0x00, 0x06, 0x0037, 0x0002, 0, 0x00000634, 0x00000010 },
    { 0x02DE, 0x0001, 0x01, 0x06, 0x0037, 0x0002, 0, 0x00000390, 0x00000298 },
    { 0x02DE, 0x0001, 0x02, 0x06, 0x0037, 0x0002, 0, 0x00000628, 0x0000000C },
    { 0x02DE, 0x0002, 0x00, 0x06, 0x003C, 0x0003, 0, 0x000008DC, 0x00000010 },
    { 0x02DE, 0x0002, 0x01, 0x06, 0x003C, 0x0003, 0, 0x00000670, 0x00000260 },
    { 0x02DE, 0x0002, 0x02, 0x06, 0x003C, 0x0003, 0, 0x000008D0, 0x0000000C },
    { 0x02DE, 0x0003, 0x00, 0x06, 0x0046, 0x0003, 0, 0x00000C6C, 0x00000010 },
    { 0x02DE, 0x0003, 0x01, 0x06, 0x0046, 0x0003, 0, 0x00000910, 0x00000350 },
    { 0x02DE, 0x0003, 0x02, 0x06, 0x0046, 0x0003, 0, 0x00000C60, 0x0000000C },
    { 0x02DE, 0x0004, 0x00, 0x06, 0x003C, 0x0003, 0, 0x00000F0C, 0x00000010 },
    { 0x02DE, 0x0004, 0x01, 0x06, 0x003C, 0x0003, 0, 0x00000CA0, 0x00000260 },
    { 0x02DE, 0x0004, 0x02, 0x06, 0x003C, 0x0003, 0, 0x00000F00, 0x0000000C },
    { 0x02DE, 0x0005, 0x00, 0x06, 0x0021, 0x000B, 0, 0x00001C28, 0x00000010 },
    { 0x02DE, 0x0005, 0x01, 0x06, 0x0021, 0x000B, 0, 0x00000F40, 0x00000C34 },
    { 0x02DE, 0x0005, 0x02, 0x06, 0x0021, 0x000B, 0, 0x00001B74, 0x000000B4 },
    { 0x02DE, 0x0006, 0x00, 0x06, 0x0015, 0x0008, 0, 0x00002538, 0x00000010 },
    { 0x02DE, 0x0006, 0x01, 0x06, 0x0015, 0x0008, 0, 0x00001C40, 0x00000844 },
    { 0x02DE, 0x0006, 0x02, 0x06, 0x0015, 0x0008, 0, 0x00002484, 0x000000B4 },
    { 0x02DE, 0x0007, 0x00, 0x06, 0x000C, 0x000F, 0, 0x000029FC, 0x00000010 },
    { 0x02DE, 0x0007, 0x01, 0x06, 0x000C, 0x000F, 0, 0x00002550, 0x000003F8 },
    { 0x02DE, 0x0007, 0x02, 0x06, 0x000C, 0x000F, 0, 0x00002948, 0x000000B4 },
    { 0x02DE, 0x0008, 0x00, 0x06, 0x0016, 0x0007, 0, 0x000033C4, 0x00000010 },
    { 0x02DE, 0x0008, 0x01, 0x06, 0x0016, 0x0007, 0, 0x00002A10, 0x00000900 },
    { 0x02DE, 0x0008, 0x02, 0x06, 0x0016, 0x0007, 0, 0x00003310, 0x000000B4 },
    { 0x02DE, 0x0009, 0x00, 0x06, 0x0016, 0x0006, 0, 0x00003DBC, 0x00000010 },
    { 0x02DE, 0x0009, 0x01, 0x06, 0x0016, 0x0006, 0, 0x000033E0, 0x00000928 },
    { 0x02DE, 0x0009, 0x02, 0x06, 0x0016, 0x0006, 0, 0x00003D08, 0x000000B4 },
    { 0x02DE, 0x000A, 0x00, 0x06, 0x0012, 0x0006, 0, 0x000045BC, 0x00000010 },
    { 0x02DE, 0x000A, 0x01, 0x06, 0x0012, 0x0006, 0, 0x00003DD0, 0x00000738 },
    { 0x02DE, 0x000A, 0x02, 0x06, 0x0012, 0x0006, 0, 0x00004508, 0x000000B4 },
    { 0x02DE, 0x000B, 0x00, 0x06, 0x0005, 0x0006, 0, 0x0000485C, 0x00000010 },
    { 0x02DE, 0x000B, 0x01, 0x06, 0x0005, 0x0006, 0, 0x000045D0, 0x000001D8 },
    { 0x02DE, 0x000B, 0x02, 0x06, 0x0005, 0x0006, 0, 0x000047A8, 0x000000B4 },
    { 0x02DE, 0x000C, 0x00, 0x06, 0x0032, 0x000D, 0, 0x00005944, 0x00000010 },
    { 0x02DE, 0x000C, 0x01, 0x06, 0x0032, 0x000D, 0, 0x00004870, 0x00001020 },
    { 0x02DE, 0x000C, 0x02, 0x06, 0x0032, 0x000D, 0, 0x00005890, 0x000000B4 },
    { 0x02DE, 0x000D, 0x00, 0x06, 0x0012, 0x0006, 0, 0x00006194, 0x00000010 },
    { 0x02DE, 0x000D, 0x01, 0x06, 0x0012, 0x0006, 0, 0x00005960, 0x00000780 },
    { 0x02DE, 0x000D, 0x02, 0x06, 0x0012, 0x0006, 0, 0x000060E0, 0x000000B4 },
    { 0x02DE, 0x000E, 0x00, 0x06, 0x000F, 0x000F, 0, 0x00006734, 0x00000010 },
    { 0x02DE, 0x000E, 0x01, 0x06, 0x000F, 0x000F, 0, 0x000061B0, 0x000004D0 },
    { 0x02DE, 0x000E, 0x02, 0x06, 0x000F, 0x000F, 0, 0x00006680, 0x000000B4 },
    { 0x02DE, 0x000F, 0x00, 0x06, 0x00D7, 0x0005, 0, 0x0000C114, 0x00000010 },
    { 0x02DE, 0x000F, 0x01, 0x06, 0x00D7, 0x0005, 0, 0x00006750, 0x00005910 },
    { 0x02DE, 0x000F, 0x02, 0x06, 0x00D7, 0x0005, 0, 0x0000C060, 0x000000B4 },
    { 0x02DE, 0x0010, 0x00, 0x06, 0x0020, 0x0005, 0, 0x0000CD70, 0x00000010 },
    { 0x02DE, 0x0010, 0x01, 0x06, 0x0020, 0x0005, 0, 0x0000C130, 0x00000B8C },
    { 0x02DE, 0x0010, 0x02, 0x06, 0x0020, 0x0005, 0, 0x0000CCBC, 0x000000B4 },
    { 0x02DE, 0x0011, 0x00, 0x06, 0x0030, 0x000D, 0, 0x0000DD50, 0x00000010 },
    { 0x02DE, 0x0011, 0x01, 0x06, 0x0030, 0x000D, 0, 0x0000CD80, 0x00000F1C },
    { 0x02DE, 0x0011, 0x02, 0x06, 0x0030, 0x000D, 0, 0x0000DC9C, 0x000000B4 },
    { 0x02DE, 0x0012, 0x00, 0x06, 0x000C, 0x0007, 0, 0x0000E28C, 0x00000010 },
    { 0x02DE, 0x0012, 0x01, 0x06, 0x000C, 0x0007, 0, 0x0000DD60, 0x00000478 },
    { 0x02DE, 0x0012, 0x02, 0x06, 0x000C, 0x0007, 0, 0x0000E1D8, 0x000000B4 },
    { 0x02DE, 0x0013, 0x00, 0x06, 0x001F, 0x000F, 0, 0x0000ED24, 0x00000010 },
    { 0x02DE, 0x0013, 0x01, 0x06, 0x001F, 0x000F, 0, 0x0000E2A0, 0x000009D0 },
    { 0x02DE, 0x0013, 0x02, 0x06, 0x001F, 0x000F, 0, 0x0000EC70, 0x000000B4 },
    { 0x02DE, 0x0014, 0x00, 0x06, 0x001F, 0x0016, 0, 0x0000F620, 0x00000010 },
    { 0x02DE, 0x0014, 0x01, 0x06, 0x001F, 0x0016, 0, 0x0000ED40, 0x0000082C },
    { 0x02DE, 0x0014, 0x02, 0x06, 0x001F, 0x0016, 0, 0x0000F56C, 0x000000B4 },
    { 0x02DE, 0x0015, 0x00, 0x06, 0x0012, 0x000B, 0, 0x0001E820, 0x00000010 },
    { 0x02DE, 0x0015, 0x01, 0x06, 0x0012, 0x000B, 0, 0x0001E190, 0x000005DC },
    { 0x02DE, 0x0015, 0x02, 0x06, 0x0012, 0x000B, 0, 0x0001E76C, 0x000000B4 },
    { 0x02DE, 0x0016, 0x00, 0x06, 0x003C, 0x0003, 0, 0x0001EB14, 0x00000010 },
    { 0x02DE, 0x0016, 0x01, 0x06, 0x003C, 0x0003, 0, 0x0001E830, 0x000002D8 },
    { 0x02DE, 0x0016, 0x02, 0x06, 0x003C, 0x0003, 0, 0x0001EB08, 0x0000000C },
    { 0x02DE, 0x0017, 0x00, 0x06, 0x003C, 0x0003, 0, 0x0001EE34, 0x00000010 },
    { 0x02DE, 0x0017, 0x01, 0x06, 0x003C, 0x0003, 0, 0x0001EB50, 0x000002D8 },
    { 0x02DE, 0x0017, 0x02, 0x06, 0x003C, 0x0003, 0, 0x0001EE28, 0x0000000C },
    { 0x02DE, 0x0018, 0x00, 0x06, 0x003C, 0x0009, 0, 0x000203D8, 0x00000010 },
    { 0x02DE, 0x0018, 0x01, 0x06, 0x003C, 0x0009, 0, 0x0001EE70, 0x000014B4 },
    { 0x02DE, 0x0018, 0x02, 0x06, 0x003C, 0x0009, 0, 0x00020324, 0x000000B4 },
    { 0x02E2, 0x0000, 0x00, 0x06, 0x000E, 0x0008, 0, 0x0000051C, 0x00000010 },
    { 0x02E2, 0x0000, 0x01, 0x06, 0x000E, 0x0008, 0, 0x00000000, 0x000004A8 },
    { 0x02E2, 0x0000, 0x02, 0x06, 0x000E, 0x0008, 0, 0x000004A8, 0x00000074 },
    { 0x02E2, 0x0001, 0x00, 0x06, 0x0006, 0x000B, 0, 0x000007A4, 0x00000010 },
    { 0x02E2, 0x0001, 0x01, 0x06, 0x0006, 0x000B, 0, 0x00000550, 0x000001E0 },
    { 0x02E2, 0x0001, 0x02, 0x06, 0x0006, 0x000B, 0, 0x00000730, 0x00000074 },
    { 0x02E2, 0x0002, 0x00, 0x06, 0x0014, 0x0009, 0, 0x00000E10, 0x00000010 },
    { 0x02E2, 0x0002, 0x01, 0x06, 0x0014, 0x0009, 0, 0x000007C0, 0x000005DC },
    { 0x02E2, 0x0002, 0x02, 0x06, 0x0014, 0x0009, 0, 0x00000D9C, 0x00000074 },
    { 0x02E2, 0x0003, 0x00, 0x06, 0x001E, 0x0005, 0, 0x00006A98, 0x00000010 },
    { 0x02E2, 0x0003, 0x01, 0x06, 0x001E, 0x0005, 0, 0x00005F50, 0x00000AD4 },
    { 0x02E2, 0x0003, 0x02, 0x06, 0x001E, 0x0005, 0, 0x00006A24, 0x00000074 },
    { 0x02E2, 0x0004, 0x00, 0x06, 0x0008, 0x000F, 0, 0x00006D84, 0x00000010 },
    { 0x02E2, 0x0004, 0x01, 0x06, 0x0008, 0x000F, 0, 0x00006AF0, 0x00000220 },
    { 0x02E2, 0x0004, 0x02, 0x06, 0x0008, 0x000F, 0, 0x00006D10, 0x00000074 },
    { 0x02E2, 0x0005, 0x00, 0x06, 0x0009, 0x0008, 0, 0x00007128, 0x00000010 },
    { 0x02E2, 0x0005, 0x01, 0x06, 0x0009, 0x0008, 0, 0x00006DB0, 0x00000304 },
    { 0x02E2, 0x0005, 0x02, 0x06, 0x0009, 0x0008, 0, 0x000070B4, 0x00000074 },
    { 0x02E2, 0x0006, 0x00, 0x06, 0x0032, 0x0007, 0, 0x00008174, 0x00000010 },
    { 0x02E2, 0x0006, 0x01, 0x06, 0x0032, 0x0007, 0, 0x00007150, 0x00000FB0 },
    { 0x02E2, 0x0006, 0x02, 0x06, 0x0032, 0x0007, 0, 0x00008100, 0x00000074 },
    { 0x02E2, 0x0007, 0x00, 0x06, 0x0006, 0x001C, 0, 0x00008374, 0x00000010 },
    { 0x02E2, 0x0007, 0x01, 0x06, 0x0006, 0x001C, 0, 0x000081F0, 0x00000110 },
    { 0x02E2, 0x0007, 0x02, 0x06, 0x0006, 0x001C, 0, 0x00008300, 0x00000074 },
    { 0x02E2, 0x0008, 0x00, 0x06, 0x0026, 0x0016, 0, 0x00008B9C, 0x00000010 },
    { 0x02E2, 0x0008, 0x01, 0x06, 0x0026, 0x0016, 0, 0x00008390, 0x00000798 },
    { 0x02E2, 0x0008, 0x02, 0x06, 0x0026, 0x0016, 0, 0x00008B28, 0x00000074 },
    { 0x02E2, 0x0009, 0x00, 0x06, 0x0006, 0x000F, 0, 0x00008E14, 0x00000010 },
    { 0x02E2, 0x0009, 0x01, 0x06, 0x0006, 0x000F, 0, 0x00008C00, 0x000001A0 },
    { 0x02E2, 0x0009, 0x02, 0x06, 0x0006, 0x000F, 0, 0x00008DA0, 0x00000074 },
    { 0x02E7, 0x0000, 0x00, 0x06, 0x0031, 0x0003, 0, 0x0000039C, 0x00000010 },
    { 0x02E7, 0x0000, 0x01, 0x06, 0x0031, 0x0003, 0, 0x00000000, 0x00000378 },
    { 0x02E7, 0x0000, 0x02, 0x06, 0x0031, 0x0003, 0, 0x00000378, 0x00000024 },
    { 0x02EE, 0x0000, 0x00, 0x06, 0x0007, 0x0013, 0, 0x00000168, 0x00000010 },
    { 0x02EE, 0x0000, 0x01, 0x06, 0x0007, 0x0013, 0, 0x00000000, 0x00000108 },
    { 0x02EE, 0x0000, 0x02, 0x06, 0x0007, 0x0013, 0, 0x00000108, 0x00000060 },
    { 0x02EE, 0x0001, 0x00, 0x06, 0x0002, 0x0023, 0, 0x00000228, 0x00000010 },
    { 0x02EE, 0x0001, 0x01, 0x06, 0x0002, 0x0023, 0, 0x00000180, 0x00000048 },
    { 0x02EE, 0x0001, 0x02, 0x06, 0x0002, 0x0023, 0, 0x000001C8, 0x00000060 },
    { 0x02EE, 0x0002, 0x00, 0x06, 0x0019, 0x0006, 0, 0x0000A048, 0x00000010 },
    { 0x02EE, 0x0002, 0x01, 0x06, 0x0019, 0x0006, 0, 0x00009870, 0x00000778 },
    { 0x02EE, 0x0002, 0x02, 0x06, 0x0019, 0x0006, 0, 0x00009FE8, 0x00000060 },
    { 0x02EE, 0x0003, 0x00, 0x06, 0x0016, 0x0012, 0, 0x0000A498, 0x00000010 },
    { 0x02EE, 0x0003, 0x01, 0x06, 0x0016, 0x0012, 0, 0x0000A060, 0x000003C0 },
    { 0x02EE, 0x0003, 0x02, 0x06, 0x0016, 0x0012, 0, 0x0000A420, 0x00000078 },
    { 0x02F8, 0x0000, 0x00, 0x06, 0x003B, 0x000A, 0, 0x00000E50, 0x00000010 },
    { 0x02F8, 0x0000, 0x01, 0x06, 0x003B, 0x000A, 0, 0x00000000, 0x00000DE8 },
    { 0x02F8, 0x0000, 0x02, 0x06, 0x003B, 0x000A, 0, 0x00000DE8, 0x00000068 },
    { 0x02F9, 0x0000, 0x00, 0x06, 0x001C, 0x000F, 0, 0x00000600, 0x00000010 },
    { 0x02F9, 0x0000, 0x01, 0x06, 0x001C, 0x000F, 0, 0x00000000, 0x00000598 },
    { 0x02F9, 0x0000, 0x02, 0x06, 0x001C, 0x000F, 0, 0x00000598, 0x00000068 },
    { 0x02F9, 0x0001, 0x00, 0x06, 0x0012, 0x0003, 0, 0x00000C44, 0x00000010 },
    { 0x02F9, 0x0001, 0x01, 0x06, 0x0012, 0x0003, 0, 0x00000610, 0x000005CC },
    { 0x02F9, 0x0001, 0x02, 0x06, 0x0012, 0x0003, 0, 0x00000BDC, 0x00000068 },
    { 0x02F9, 0x0002, 0x00, 0x06, 0x003B, 0x000A, 0, 0x00001AB0, 0x00000010 },
    { 0x02F9, 0x0002, 0x01, 0x06, 0x003B, 0x000A, 0, 0x00000C60, 0x00000DE8 },
    { 0x02F9, 0x0002, 0x02, 0x06, 0x003B, 0x000A, 0, 0x00001A48, 0x00000068 },
    { 0x02F9, 0x0003, 0x00, 0x06, 0x0014, 0x000F, 0, 0x00007DE0, 0x00000010 },
    { 0x02F9, 0x0003, 0x01, 0x06, 0x0014, 0x000F, 0, 0x00007970, 0x00000408 },
    { 0x02F9, 0x0003, 0x02, 0x06, 0x0014, 0x000F, 0, 0x00007D78, 0x00000068 },
    { 0x02F9, 0x0004, 0x00, 0x06, 0x000E, 0x000B, 0, 0x00008164, 0x00000010 },
    { 0x02F9, 0x0004, 0x01, 0x06, 0x000E, 0x000B, 0, 0x00007DF0, 0x0000030C },
    { 0x02F9, 0x0004, 0x02, 0x06, 0x000E, 0x000B, 0, 0x000080FC, 0x00000068 },
    { 0x02F9, 0x0005, 0x00, 0x06, 0x0014, 0x0005, 0, 0x0000885C, 0x00000010 },
    { 0x02F9, 0x0005, 0x01, 0x06, 0x0014, 0x0005, 0, 0x00008180, 0x00000674 },
    { 0x02F9, 0x0005, 0x02, 0x06, 0x0014, 0x0005, 0, 0x000087F4, 0x00000068 },
    { 0x02FC, 0x0000, 0x00, 0x06, 0x0019, 0x0012, 0, 0x000002B8, 0x00000010 },
    { 0x02FC, 0x0000, 0x01, 0x06, 0x0019, 0x0012, 0, 0x00000000, 0x0000024C },
    { 0x02FC, 0x0000, 0x02, 0x06, 0x0019, 0x0012, 0, 0x0000024C, 0x0000006C },
    { 0x02FD, 0x0000, 0x00, 0x06, 0x0034, 0x0001, 0, 0x000005EC, 0x00000010 },
    { 0x02FD, 0x0000, 0x01, 0x06, 0x0034, 0x0001, 0, 0x00000000, 0x000005B4 },
    { 0x02FD, 0x0000, 0x02, 0x06, 0x0034, 0x0001, 0, 0x000005B4, 0x00000038 },
    { 0x02FE, 0x0000, 0x00, 0x06, 0x0010, 0x0001, 0, 0x00000304, 0x00000010 },
    { 0x02FE, 0x0000, 0x01, 0x06, 0x0010, 0x0001, 0, 0x00000000, 0x000002A4 },
    { 0x02FE, 0x0000, 0x02, 0x06, 0x0010, 0x0001, 0, 0x000002A4, 0x00000060 },
    { 0x02FE, 0x0001, 0x00, 0x06, 0x000A, 0x0001, 0, 0x00000528, 0x00000010 },
    { 0x02FE, 0x0001, 0x01, 0x06, 0x000A, 0x0001, 0, 0x00000320, 0x000001A8 },
    { 0x02FE, 0x0001, 0x02, 0x06, 0x000A, 0x0001, 0, 0x000004C8, 0x00000060 },
    { 0x02FE, 0x0002, 0x00, 0x06, 0x0002, 0x0010, 0, 0x000005C0, 0x00000010 },
    { 0x02FE, 0x0002, 0x01, 0x06, 0x0002, 0x0010, 0, 0x00000540, 0x00000020 },
    { 0x02FE, 0x0002, 0x02, 0x06, 0x0002, 0x0010, 0, 0x00000560, 0x00000060 },
    { 0x0307, 0x0000, 0x00, 0x06, 0x003C, 0x0004, 0, 0x00001168, 0x00000010 },
    { 0x0307, 0x0000, 0x01, 0x06, 0x003C, 0x0004, 0, 0x00000000, 0x000010E8 },
    { 0x0307, 0x0000, 0x02, 0x06, 0x003C, 0x0004, 0, 0x000010E8, 0x00000080 },
    { 0x0307, 0x0001, 0x00, 0x06, 0x000F, 0x0005, 0, 0x000015CC, 0x00000010 },
    { 0x0307, 0x0001, 0x01, 0x06, 0x000F, 0x0005, 0, 0x00001180, 0x000003CC },
    { 0x0307, 0x0001, 0x02, 0x06, 0x000F, 0x0005, 0, 0x0000154C, 0x00000080 },
    { 0x0307, 0x0002, 0x00, 0x06, 0x0002, 0x0021, 0, 0x0000C1C4, 0x00000010 },
    { 0x0307, 0x0002, 0x01, 0x06, 0x0002, 0x0021, 0, 0x0000C100, 0x00000044 },
    { 0x0307, 0x0002, 0x02, 0x06, 0x0002, 0x0021, 0, 0x0000C144, 0x00000080 },
    { 0x0307, 0x0003, 0x00, 0x06, 0x000F, 0x0005, 0, 0x0000C684, 0x00000010 },
    { 0x0307, 0x0003, 0x01, 0x06, 0x000F, 0x0005, 0, 0x0000C1E0, 0x00000424 },
    { 0x0307, 0x0003, 0x02, 0x06, 0x000F, 0x0005, 0, 0x0000C604, 0x00000080 },
    { 0x0307, 0x0004, 0x00, 0x06, 0x0014, 0x0008, 0, 0x0000C8A0, 0x00000010 },
    { 0x0307, 0x0004, 0x01, 0x06, 0x0014, 0x0008, 0, 0x0000C6A0, 0x000001A0 },
    { 0x0307, 0x0004, 0x02, 0x06, 0x0014, 0x0008, 0, 0x0000C840, 0x00000060 },
    { 0x0308, 0x0000, 0x00, 0x06, 0x000E, 0x0004, 0, 0x00000368, 0x00000010 },
    { 0x0308, 0x0000, 0x01, 0x06, 0x000E, 0x0004, 0, 0x00000000, 0x00000318 },
    { 0x0308, 0x0000, 0x02, 0x06, 0x000E, 0x0004, 0, 0x00000318, 0x00000050 },
    { 0x0308, 0x0001, 0x00, 0x06, 0x000F, 0x0005, 0, 0x00000724, 0x00000010 },
    { 0x0308, 0x0001, 0x01, 0x06, 0x000F, 0x0005, 0, 0x00000380, 0x00000354 },
    { 0x0308, 0x0001, 0x02, 0x06, 0x000F, 0x0005, 0, 0x000006D4, 0x00000050 },
    { 0x0308, 0x0002, 0x00, 0x06, 0x0010, 0x0007, 0, 0x00000AC0, 0x00000010 },
    { 0x0308, 0x0002, 0x01, 0x06, 0x0010, 0x0007, 0, 0x00000740, 0x00000330 },
    { 0x0308, 0x0002, 0x02, 0x06, 0x0010, 0x0007, 0, 0x00000A70, 0x00000050 },
    { 0x0308, 0x0003, 0x00, 0x06, 0x001D, 0x0012, 0, 0x00000D88, 0x00000010 },
    { 0x0308, 0x0003, 0x01, 0x06, 0x001D, 0x0012, 0, 0x00000AD0, 0x00000268 },
    { 0x0308, 0x0003, 0x02, 0x06, 0x001D, 0x0012, 0, 0x00000D38, 0x00000050 },
    { 0x0309, 0x0000, 0x00, 0x06, 0x001B, 0x0006, 0, 0x0000057C, 0x00000010 },
    { 0x0309, 0x0000, 0x01, 0x06, 0x001B, 0x0006, 0, 0x00000000, 0x0000051C },
    { 0x0309, 0x0000, 0x02, 0x06, 0x001B, 0x0006, 0, 0x0000051C, 0x00000060 },
    { 0x0309, 0x0001, 0x00, 0x06, 0x001B, 0x0006, 0, 0x00000B04, 0x00000010 },
    { 0x0309, 0x0001, 0x01, 0x06, 0x001B, 0x0006, 0, 0x00000590, 0x00000514 },
    { 0x0309, 0x0001, 0x02, 0x06, 0x001B, 0x0006, 0, 0x00000AA4, 0x00000060 },
    { 0x0312, 0x0000, 0x00, 0x06, 0x0009, 0x0004, 0, 0x00000718, 0x00000010 },
    { 0x0312, 0x0000, 0x01, 0x06, 0x0009, 0x0004, 0, 0x00000480, 0x00000238 },
    { 0x0312, 0x0000, 0x02, 0x06, 0x0009, 0x0004, 0, 0x000006B8, 0x00000060 },
    { 0x0312, 0x0001, 0x00, 0x06, 0x0023, 0x0003, 0, 0x00006940, 0x00000010 },
    { 0x0312, 0x0001, 0x01, 0x06, 0x0023, 0x0003, 0, 0x00005E30, 0x00000AB0 },
    { 0x0312, 0x0001, 0x02, 0x06, 0x0023, 0x0003, 0, 0x000068E0, 0x00000060 },
    { 0x0312, 0x0002, 0x00, 0x06, 0x0018, 0x0017, 0, 0x00006C50, 0x00000010 },
    { 0x0312, 0x0002, 0x01, 0x06, 0x0018, 0x0017, 0, 0x00006950, 0x000002A0 },
    { 0x0312, 0x0002, 0x02, 0x06, 0x0018, 0x0017, 0, 0x00006BF0, 0x00000060 },
    { 0x0312, 0x0003, 0x00, 0x06, 0x0014, 0x0010, 0, 0x00000468, 0x00000010 },
    { 0x0312, 0x0003, 0x01, 0x06, 0x0014, 0x0010, 0, 0x00000000, 0x00000408 },
    { 0x0312, 0x0003, 0x02, 0x06, 0x0014, 0x0010, 0, 0x00000408, 0x00000060 },
    { 0x0312, 0x0004, 0x00, 0x06, 0x0020, 0x000F, 0, 0x000073A0, 0x00000010 },
    { 0x0312, 0x0004, 0x01, 0x06, 0x0020, 0x000F, 0, 0x00006C60, 0x000006E0 },
    { 0x0312, 0x0004, 0x02, 0x06, 0x0020, 0x000F, 0, 0x00007340, 0x00000060 },
    { 0x0312, 0x0005, 0x00, 0x06, 0x002E, 0x000B, 0, 0x00008060, 0x00000010 },
    { 0x0312, 0x0005, 0x01, 0x06, 0x002E, 0x000B, 0, 0x000073B0, 0x00000C50 },
    { 0x0312, 0x0005, 0x02, 0x06, 0x002E, 0x000B, 0, 0x00008000, 0x00000060 },
    { 0x0314, 0x0000, 0x00, 0x06, 0x0018, 0x0006, 0, 0x000002E4, 0x00000010 },
    { 0x0314, 0x0000, 0x01, 0x06, 0x0018, 0x0006, 0, 0x00000000, 0x000002AC },
    { 0x0314, 0x0000, 0x02, 0x06, 0x0018, 0x0006, 0, 0x000002AC, 0x00000038 },
    { 0x031A, 0x0000, 0x00, 0x06, 0x0019, 0x000A, 0, 0x0000045C, 0x00000010 },
    { 0x031A, 0x0000, 0x01, 0x06, 0x0019, 0x000A, 0, 0x000001A0, 0x0000026C },
    { 0x031A, 0x0000, 0x02, 0x06, 0x0019, 0x000A, 0, 0x0000040C, 0x00000050 },
    { 0x031A, 0x0001, 0x00, 0x06, 0x000A, 0x0007, 0, 0x0000018C, 0x00000010 },
    { 0x031A, 0x0001, 0x01, 0x06, 0x000A, 0x0007, 0, 0x00000000, 0x0000013C },
    { 0x031A, 0x0001, 0x02, 0x06, 0x000A, 0x0007, 0, 0x0000013C, 0x00000050 },
    { 0x031B, 0x0000, 0x00, 0x06, 0x001E, 0x0007, 0, 0x00000700, 0x00000010 },
    { 0x031B, 0x0000, 0x01, 0x06, 0x001E, 0x0007, 0, 0x00000000, 0x000006A0 },
    { 0x031B, 0x0000, 0x02, 0x06, 0x001E, 0x0007, 0, 0x000006A0, 0x00000060 },
    { 0x031B, 0x0001, 0x00, 0x06, 0x001E, 0x0007, 0, 0x00000E10, 0x00000010 },
    { 0x031B, 0x0001, 0x01, 0x06, 0x001E, 0x0007, 0, 0x00000710, 0x000006A0 },
    { 0x031B, 0x0001, 0x02, 0x06, 0x001E, 0x0007, 0, 0x00000DB0, 0x00000060 },
    { 0x031B, 0x0002, 0x00, 0x06, 0x001C, 0x0004, 0, 0x00001588, 0x00000010 },
    { 0x031B, 0x0002, 0x01, 0x06, 0x001C, 0x0004, 0, 0x00000E20, 0x00000708 },
    { 0x031B, 0x0002, 0x02, 0x06, 0x001C, 0x0004, 0, 0x00001528, 0x00000060 },
    { 0x031B, 0x0003, 0x00, 0x06, 0x0013, 0x000C, 0, 0x0000195C, 0x00000010 },
    { 0x031B, 0x0003, 0x01, 0x06, 0x0013, 0x000C, 0, 0x000015A0, 0x0000035C },
    { 0x031B, 0x0003, 0x02, 0x06, 0x0013, 0x000C, 0, 0x000018FC, 0x00000060 },
    { 0x0324, 0x0000, 0x00, 0x06, 0x001E, 0x000B, 0, 0x000003BC, 0x00000010 },
    { 0x0324, 0x0000, 0x01, 0x06, 0x001E, 0x000B, 0, 0x00000000, 0x00000360 },
    { 0x0324, 0x0000, 0x02, 0x06, 0x001E, 0x000B, 0, 0x00000360, 0x0000005C },
    { 0x0324, 0x0001, 0x00, 0x06, 0x001E, 0x0005, 0, 0x00000A50, 0x00000010 },
    { 0x0324, 0x0001, 0x01, 0x06, 0x001E, 0x0005, 0, 0x000003D0, 0x00000624 },
    { 0x0324, 0x0001, 0x02, 0x06, 0x001E, 0x0005, 0, 0x000009F4, 0x0000005C },
    { 0x0324, 0x0002, 0x00, 0x06, 0x0014, 0x0006, 0, 0x00000EB0, 0x00000010 },
    { 0x0324, 0x0002, 0x01, 0x06, 0x0014, 0x0006, 0, 0x00000A60, 0x000003F4 },
    { 0x0324, 0x0002, 0x02, 0x06, 0x0014, 0x0006, 0, 0x00000E54, 0x0000005C },
    { 0x0324, 0x0003, 0x00, 0x06, 0x0005, 0x0006, 0, 0x00001010, 0x00000010 },
    { 0x0324, 0x0003, 0x01, 0x06, 0x0005, 0x0006, 0, 0x00000EC0, 0x000000F4 },
    { 0x0324, 0x0003, 0x02, 0x06, 0x0005, 0x0006, 0, 0x00000FB4, 0x0000005C },
    { 0x0324, 0x0004, 0x00, 0x06, 0x001E, 0x000B, 0, 0x000013A0, 0x00000010 },
    { 0x0324, 0x0004, 0x01, 0x06, 0x001E, 0x000B, 0, 0x00001020, 0x00000324 },
    { 0x0324, 0x0004, 0x02, 0x06, 0x001E, 0x000B, 0, 0x00001344, 0x0000005C },
    { 0x0324, 0x0005, 0x00, 0x06, 0x000A, 0x0005, 0, 0x00001670, 0x00000010 },
    { 0x0324, 0x0005, 0x01, 0x06, 0x000A, 0x0005, 0, 0x000013B0, 0x00000264 },
    { 0x0324, 0x0005, 0x02, 0x06, 0x000A, 0x0005, 0, 0x00001614, 0x0000005C },
    { 0x0324, 0x0006, 0x00, 0x06, 0x0014, 0x0006, 0, 0x00001B48, 0x00000010 },
    { 0x0324, 0x0006, 0x01, 0x06, 0x0014, 0x0006, 0, 0x00001680, 0x0000046C },
    { 0x0324, 0x0006, 0x02, 0x06, 0x0014, 0x0006, 0, 0x00001AEC, 0x0000005C },
    { 0x0324, 0x0007, 0x00, 0x06, 0x001E, 0x0006, 0, 0x000022D0, 0x00000010 },
    { 0x0324, 0x0007, 0x01, 0x06, 0x001E, 0x0006, 0, 0x00001B60, 0x00000714 },
    { 0x0324, 0x0007, 0x02, 0x06, 0x001E, 0x0006, 0, 0x00002274, 0x0000005C },
    { 0x0324, 0x0008, 0x00, 0x06, 0x001E, 0x000C, 0, 0x00002750, 0x00000010 },
    { 0x0324, 0x0008, 0x01, 0x06, 0x001E, 0x000C, 0, 0x000022E0, 0x00000414 },
    { 0x0324, 0x0008, 0x02, 0x06, 0x001E, 0x000C, 0, 0x000026F4, 0x0000005C },
    { 0x0324, 0x0009, 0x00, 0x06, 0x0014, 0x0008, 0, 0x00002B14, 0x00000010 },
    { 0x0324, 0x0009, 0x01, 0x06, 0x0014, 0x0008, 0, 0x00002760, 0x00000358 },
    { 0x0324, 0x0009, 0x02, 0x06, 0x0014, 0x0008, 0, 0x00002AB8, 0x0000005C },
    { 0x0324, 0x000A, 0x00, 0x06, 0x0014, 0x0006, 0, 0x00002F30, 0x00000010 },
    { 0x0324, 0x000A, 0x01, 0x06, 0x0014, 0x0006, 0, 0x00002B30, 0x000003A4 },
    { 0x0324, 0x000A, 0x02, 0x06, 0x0014, 0x0006, 0, 0x00002ED4, 0x0000005C },
    { 0x0324, 0x000B, 0x00, 0x06, 0x000F, 0x0006, 0, 0x0000325C, 0x00000010 },
    { 0x0324, 0x000B, 0x01, 0x06, 0x000F, 0x0006, 0, 0x00002F40, 0x000002C0 },
    { 0x0324, 0x000B, 0x02, 0x06, 0x000F, 0x0006, 0, 0x00003200, 0x0000005C },
    { 0x0324, 0x000C, 0x00, 0x06, 0x0014, 0x000A, 0, 0x00003538, 0x00000010 },
    { 0x0324, 0x000C, 0x01, 0x06, 0x0014, 0x000A, 0, 0x00003270, 0x0000026C },
    { 0x0324, 0x000C, 0x02, 0x06, 0x0014, 0x000A, 0, 0x000034DC, 0x0000005C },
    { 0x0324, 0x000D, 0x00, 0x06, 0x005F, 0x0004, 0, 0x00004900, 0x00000010 },
    { 0x0324, 0x000D, 0x01, 0x06, 0x005F, 0x0004, 0, 0x00003550, 0x00001354 },
    { 0x0324, 0x000D, 0x02, 0x06, 0x005F, 0x0004, 0, 0x000048A4, 0x0000005C },
    { 0x0324, 0x000E, 0x00, 0x06, 0x005A, 0x0004, 0, 0x00005F40, 0x00000010 },
    { 0x0324, 0x000E, 0x01, 0x06, 0x005A, 0x0004, 0, 0x00004910, 0x000015D4 },
    { 0x0324, 0x000E, 0x02, 0x06, 0x005A, 0x0004, 0, 0x00005EE4, 0x0000005C },
    { 0x0324, 0x000F, 0x00, 0x06, 0x002D, 0x0008, 0, 0x00006778, 0x00000010 },
    { 0x0324, 0x000F, 0x01, 0x06, 0x002D, 0x0008, 0, 0x00005F50, 0x000007CC },
    { 0x0324, 0x000F, 0x02, 0x06, 0x002D, 0x0008, 0, 0x0000671C, 0x0000005C },
    { 0x0324, 0x0010, 0x00, 0x06, 0x005A, 0x0004, 0, 0x00007D0C, 0x00000010 },
    { 0x0324, 0x0010, 0x01, 0x06, 0x005A, 0x0004, 0, 0x00006790, 0x00001520 },
    { 0x0324, 0x0010, 0x02, 0x06, 0x005A, 0x0004, 0, 0x00007CB0, 0x0000005C },
    { 0x0324, 0x0011, 0x00, 0x06, 0x002D, 0x0005, 0, 0x000087B8, 0x00000010 },
    { 0x0324, 0x0011, 0x01, 0x06, 0x002D, 0x0005, 0, 0x00007D20, 0x00000A3C },
    { 0x0324, 0x0011, 0x02, 0x06, 0x002D, 0x0005, 0, 0x0000875C, 0x0000005C },
    { 0x0324, 0x0012, 0x00, 0x06, 0x002E, 0x0006, 0, 0x000090D8, 0x00000010 },
    { 0x0324, 0x0012, 0x01, 0x06, 0x002E, 0x0006, 0, 0x000087D0, 0x000008AC },
    { 0x0324, 0x0012, 0x02, 0x06, 0x002E, 0x0006, 0, 0x0000907C, 0x0000005C },
    { 0x0324, 0x0013, 0x00, 0x06, 0x002D, 0x0005, 0, 0x00009AD4, 0x00000010 },
    { 0x0324, 0x0013, 0x01, 0x06, 0x002D, 0x0005, 0, 0x000090F0, 0x00000988 },
    { 0x0324, 0x0013, 0x02, 0x06, 0x002D, 0x0005, 0, 0x00009A78, 0x0000005C },
    { 0x0324, 0x0014, 0x00, 0x06, 0x002D, 0x000B, 0, 0x0000A15C, 0x00000010 },
    { 0x0324, 0x0014, 0x01, 0x06, 0x002D, 0x000B, 0, 0x00009AF0, 0x00000610 },
    { 0x0324, 0x0014, 0x02, 0x06, 0x002D, 0x000B, 0, 0x0000A100, 0x0000005C },
    { 0x0324, 0x0015, 0x00, 0x06, 0x005A, 0x0017, 0, 0x0000A79C, 0x00000010 },
    { 0x0324, 0x0015, 0x01, 0x06, 0x005A, 0x0017, 0, 0x0000A170, 0x000005D0 },
    { 0x0324, 0x0015, 0x02, 0x06, 0x005A, 0x0017, 0, 0x0000A740, 0x0000005C },
    { 0x0324, 0x0016, 0x00, 0x06, 0x000F, 0x000A, 0, 0x0000AAD4, 0x00000010 },
    { 0x0324, 0x0016, 0x01, 0x06, 0x000F, 0x000A, 0, 0x0000A7B0, 0x000002C8 },
    { 0x0324, 0x0016, 0x02, 0x06, 0x000F, 0x000A, 0, 0x0000AA78, 0x0000005C },
    { 0x0324, 0x0017, 0x00, 0x06, 0x0014, 0x0006, 0, 0x0000AFE0, 0x00000010 },
    { 0x0324, 0x0017, 0x01, 0x06, 0x0014, 0x0006, 0, 0x0000AAF0, 0x00000494 },
    { 0x0324, 0x0017, 0x02, 0x06, 0x0014, 0x0006, 0, 0x0000AF84, 0x0000005C },
    { 0x0324, 0x0018, 0x00, 0x06, 0x000C, 0x0007, 0, 0x0000B224, 0x00000010 },
    { 0x0324, 0x0018, 0x01, 0x06, 0x000C, 0x0007, 0, 0x0000AFF0, 0x000001D8 },
    { 0x0324, 0x0018, 0x02, 0x06, 0x000C, 0x0007, 0, 0x0000B1C8, 0x0000005C },
    { 0x0324, 0x0019, 0x00, 0x06, 0x001E, 0x000B, 0, 0x0000B5FC, 0x00000010 },
    { 0x0324, 0x0019, 0x01, 0x06, 0x001E, 0x000B, 0, 0x0000B240, 0x00000360 },
    { 0x0324, 0x0019, 0x02, 0x06, 0x001E, 0x000B, 0, 0x0000B5A0, 0x0000005C },
    { 0x0325, 0x0000, 0x00, 0x06, 0x000A, 0x000A, 0, 0x000001D8, 0x00000010 },
    { 0x0325, 0x0000, 0x01, 0x06, 0x000A, 0x000A, 0, 0x00000000, 0x0000017C },
    { 0x0325, 0x0000, 0x02, 0x06, 0x000A, 0x000A, 0, 0x0000017C, 0x0000005C },
    { 0x0325, 0x0001, 0x00, 0x06, 0x000F, 0x0009, 0, 0x000004F4, 0x00000010 },
    { 0x0325, 0x0001, 0x01, 0x06, 0x000F, 0x0009, 0, 0x000001F0, 0x000002A8 },
    { 0x0325, 0x0001, 0x02, 0x06, 0x000F, 0x0009, 0, 0x00000498, 0x0000005C },
    { 0x0325, 0x0002, 0x00, 0x06, 0x0037, 0x0005, 0, 0x00001110, 0x00000010 },
    { 0x0325, 0x0002, 0x01, 0x06, 0x0037, 0x0005, 0, 0x00000510, 0x00000BA4 },
    { 0x0325, 0x0002, 0x02, 0x06, 0x0037, 0x0005, 0, 0x000010B4, 0x0000005C },
    { 0x0325, 0x0003, 0x00, 0x06, 0x0014, 0x000B, 0, 0x000014DC, 0x00000010 },
    { 0x0325, 0x0003, 0x01, 0x06, 0x0014, 0x000B, 0, 0x00001120, 0x00000360 },
    { 0x0325, 0x0003, 0x02, 0x06, 0x0014, 0x000B, 0, 0x00001480, 0x0000005C },
    { 0x0325, 0x0004, 0x00, 0x06, 0x0023, 0x0005, 0, 0x00001D8C, 0x00000010 },
    { 0x0325, 0x0004, 0x01, 0x06, 0x0023, 0x0005, 0, 0x000014F0, 0x00000840 },
    { 0x0325, 0x0004, 0x02, 0x06, 0x0023, 0x0005, 0, 0x00001D30, 0x0000005C },
    { 0x0325, 0x0005, 0x00, 0x06, 0x0014, 0x000C, 0, 0x0000210C, 0x00000010 },
    { 0x0325, 0x0005, 0x01, 0x06, 0x0014, 0x000C, 0, 0x00001DA0, 0x00000310 },
    { 0x0325, 0x0005, 0x02, 0x06, 0x0014, 0x000C, 0, 0x000020B0, 0x0000005C },
    { 0x0325, 0x0006, 0x00, 0x06, 0x000A, 0x0009, 0, 0x00002348, 0x00000010 },
    { 0x0325, 0x0006, 0x01, 0x06, 0x000A, 0x0009, 0, 0x00002120, 0x000001CC },
    { 0x0325, 0x0006, 0x02, 0x06, 0x000A, 0x0009, 0, 0x000022EC, 0x0000005C },
    { 0x0325, 0x0007, 0x00, 0x06, 0x000F, 0x0005, 0, 0x00002710, 0x00000010 },
    { 0x0325, 0x0007, 0x01, 0x06, 0x000F, 0x0005, 0, 0x00002360, 0x00000354 },
    { 0x0325, 0x0007, 0x02, 0x06, 0x000F, 0x0005, 0, 0x000026B4, 0x0000005C },
    { 0x0325, 0x0008, 0x00, 0x06, 0x001E, 0x0006, 0, 0x00002E54, 0x00000010 },
    { 0x0325, 0x0008, 0x01, 0x06, 0x001E, 0x0006, 0, 0x00002720, 0x000006D8 },
    { 0x0325, 0x0008, 0x02, 0x06, 0x001E, 0x0006, 0, 0x00002DF8, 0x0000005C },
    { 0x0325, 0x0009, 0x00, 0x06, 0x001E, 0x000B, 0, 0x0000322C, 0x00000010 },
    { 0x0325, 0x0009, 0x01, 0x06, 0x001E, 0x000B, 0, 0x00002E70, 0x00000360 },
    { 0x0325, 0x0009, 0x02, 0x06, 0x001E, 0x000B, 0, 0x000031D0, 0x0000005C },
    { 0x0325, 0x000A, 0x00, 0x06, 0x001E, 0x0005, 0, 0x000038C0, 0x00000010 },
    { 0x0325, 0x000A, 0x01, 0x06, 0x001E, 0x0005, 0, 0x00003240, 0x00000624 },
    { 0x0325, 0x000A, 0x02, 0x06, 0x001E, 0x0005, 0, 0x00003864, 0x0000005C },
    { 0x0325, 0x000B, 0x00, 0x06, 0x0014, 0x0006, 0, 0x00003D20, 0x00000010 },
    { 0x0325, 0x000B, 0x01, 0x06, 0x0014, 0x0006, 0, 0x000038D0, 0x000003F4 },
    { 0x0325, 0x000B, 0x02, 0x06, 0x0014, 0x0006, 0, 0x00003CC4, 0x0000005C },
    { 0x0325, 0x000C, 0x00, 0x06, 0x0014, 0x000A, 0, 0x00003FF8, 0x00000010 },
    { 0x0325, 0x000C, 0x01, 0x06, 0x0014, 0x000A, 0, 0x00003D30, 0x0000026C },
    { 0x0325, 0x000C, 0x02, 0x06, 0x0014, 0x000A, 0, 0x00003F9C, 0x0000005C },
    { 0x0325, 0x000D, 0x00, 0x06, 0x0028, 0x0016, 0, 0x00004408, 0x00000010 },
    { 0x0325, 0x000D, 0x01, 0x06, 0x0028, 0x0016, 0, 0x00004010, 0x0000039C },
    { 0x0325, 0x000D, 0x02, 0x06, 0x0028, 0x0016, 0, 0x000043AC, 0x0000005C },
    { 0x0325, 0x000E, 0x00, 0x06, 0x0019, 0x0006, 0, 0x0000499C, 0x00000010 },
    { 0x0325, 0x000E, 0x01, 0x06, 0x0019, 0x0006, 0, 0x00004420, 0x00000520 },
    { 0x0325, 0x000E, 0x02, 0x06, 0x0019, 0x0006, 0, 0x00004940, 0x0000005C },
    { 0x0325, 0x000F, 0x00, 0x06, 0x0023, 0x0004, 0, 0x00005248, 0x00000010 },
    { 0x0325, 0x000F, 0x01, 0x06, 0x0023, 0x0004, 0, 0x000049B0, 0x0000083C },
    { 0x0325, 0x000F, 0x02, 0x06, 0x0023, 0x0004, 0, 0x000051EC, 0x0000005C },
    { 0x0325, 0x0010, 0x00, 0x06, 0x0014, 0x000E, 0, 0x000054E0, 0x00000010 },
    { 0x0325, 0x0010, 0x01, 0x06, 0x0014, 0x000E, 0, 0x00005260, 0x00000224 },
    { 0x0325, 0x0010, 0x02, 0x06, 0x0014, 0x000E, 0, 0x00005484, 0x0000005C },
    { 0x0325, 0x0011, 0x00, 0x06, 0x001E, 0x0007, 0, 0x00005A0C, 0x00000010 },
    { 0x0325, 0x0011, 0x01, 0x06, 0x001E, 0x0007, 0, 0x000054F0, 0x000004C0 },
    { 0x0325, 0x0011, 0x02, 0x06, 0x001E, 0x0007, 0, 0x000059B0, 0x0000005C },
    { 0x0325, 0x0012, 0x00, 0x06, 0x0028, 0x000C, 0, 0x000061C4, 0x00000010 },
    { 0x0325, 0x0012, 0x01, 0x06, 0x0028, 0x000C, 0, 0x00005A20, 0x00000748 },
    { 0x0325, 0x0012, 0x02, 0x06, 0x0028, 0x000C, 0, 0x00006168, 0x0000005C },
    { 0x0325, 0x0013, 0x00, 0x06, 0x0014, 0x0011, 0, 0x00006508, 0x00000010 },
    { 0x0325, 0x0013, 0x01, 0x06, 0x0014, 0x0011, 0, 0x000061E0, 0x000002CC },
    { 0x0325, 0x0013, 0x02, 0x06, 0x0014, 0x0011, 0, 0x000064AC, 0x0000005C },
    { 0x0325, 0x0014, 0x00, 0x06, 0x0014, 0x0005, 0, 0x00006AB0, 0x00000010 },
    { 0x0325, 0x0014, 0x01, 0x06, 0x0014, 0x0005, 0, 0x00006520, 0x00000534 },
    { 0x0325, 0x0014, 0x02, 0x06, 0x0014, 0x0005, 0, 0x00006A54, 0x0000005C },
    { 0x0325, 0x0015, 0x00, 0x06, 0x000F, 0x0005, 0, 0x00006F04, 0x00000010 },
    { 0x0325, 0x0015, 0x01, 0x06, 0x000F, 0x0005, 0, 0x00006AC0, 0x000003E8 },
    { 0x0325, 0x0015, 0x02, 0x06, 0x000F, 0x0005, 0, 0x00006EA8, 0x0000005C },
    { 0x0325, 0x0016, 0x00, 0x06, 0x0023, 0x0009, 0, 0x00007664, 0x00000010 },
    { 0x0325, 0x0016, 0x01, 0x06, 0x0023, 0x0009, 0, 0x00006F20, 0x000006E8 },
    { 0x0325, 0x0016, 0x02, 0x06, 0x0023, 0x0009, 0, 0x00007608, 0x0000005C },
    { 0x0325, 0x0017, 0x00, 0x06, 0x000F, 0x000B, 0, 0x00007A78, 0x00000010 },
    { 0x0325, 0x0017, 0x01, 0x06, 0x000F, 0x000B, 0, 0x00007680, 0x0000039C },
    { 0x0325, 0x0017, 0x02, 0x06, 0x000F, 0x000B, 0, 0x00007A1C, 0x0000005C },
    { 0x0325, 0x0018, 0x00, 0x06, 0x0014, 0x0018, 0, 0x00007C84, 0x00000010 },
    { 0x0325, 0x0018, 0x01, 0x06, 0x0014, 0x0018, 0, 0x00007A90, 0x00000198 },
    { 0x0325, 0x0018, 0x02, 0x06, 0x0014, 0x0018, 0, 0x00007C28, 0x0000005C },
    { 0x0325, 0x0019, 0x00, 0x06, 0x000F, 0x0006, 0, 0x00008050, 0x00000010 },
    { 0x0325, 0x0019, 0x01, 0x06, 0x000F, 0x0006, 0, 0x00007CA0, 0x00000354 },
    { 0x0325, 0x0019, 0x02, 0x06, 0x000F, 0x0006, 0, 0x00007FF4, 0x0000005C },
    { 0x0325, 0x001A, 0x00, 0x06, 0x000A, 0x0005, 0, 0x000082F8, 0x00000010 },
    { 0x0325, 0x001A, 0x01, 0x06, 0x000A, 0x0005, 0, 0x00008060, 0x0000023C },
    { 0x0325, 0x001A, 0x02, 0x06, 0x000A, 0x0005, 0, 0x0000829C, 0x0000005C },
    { 0x0325, 0x001B, 0x00, 0x06, 0x000F, 0x0005, 0, 0x00008684, 0x00000010 },
    { 0x0325, 0x001B, 0x01, 0x06, 0x000F, 0x0005, 0, 0x00008310, 0x00000318 },
    { 0x0325, 0x001B, 0x02, 0x06, 0x000F, 0x0005, 0, 0x00008628, 0x0000005C },
    { 0x0325, 0x001C, 0x00, 0x06, 0x001E, 0x0009, 0, 0x00008AD0, 0x00000010 },
    { 0x0325, 0x001C, 0x01, 0x06, 0x001E, 0x0009, 0, 0x000086A0, 0x000003D4 },
    { 0x0325, 0x001C, 0x02, 0x06, 0x001E, 0x0009, 0, 0x00008A74, 0x0000005C },
    { 0x0325, 0x001D, 0x00, 0x06, 0x001E, 0x0005, 0, 0x000091D8, 0x00000010 },
    { 0x0325, 0x001D, 0x01, 0x06, 0x001E, 0x0005, 0, 0x00008AE0, 0x0000069C },
    { 0x0325, 0x001D, 0x02, 0x06, 0x001E, 0x0005, 0, 0x0000917C, 0x0000005C },
    { 0x0325, 0x001E, 0x00, 0x06, 0x001E, 0x0007, 0, 0x000099A0, 0x00000010 },
    { 0x0325, 0x001E, 0x01, 0x06, 0x001E, 0x0007, 0, 0x000091F0, 0x00000754 },
    { 0x0325, 0x001E, 0x02, 0x06, 0x001E, 0x0007, 0, 0x00009944, 0x0000005C },
    { 0x0325, 0x001F, 0x00, 0x06, 0x000C, 0x0007, 0, 0x00009BE4, 0x00000010 },
    { 0x0325, 0x001F, 0x01, 0x06, 0x000C, 0x0007, 0, 0x000099B0, 0x000001D8 },
    { 0x0325, 0x001F, 0x02, 0x06, 0x000C, 0x0007, 0, 0x00009B88, 0x0000005C },
    { 0x0325, 0x0020, 0x00, 0x06, 0x001E, 0x000B, 0, 0x00009FBC, 0x00000010 },
    { 0x0325, 0x0020, 0x01, 0x06, 0x001E, 0x000B, 0, 0x00009C00, 0x00000360 },
    { 0x0325, 0x0020, 0x02, 0x06, 0x001E, 0x000B, 0, 0x00009F60, 0x0000005C },
    { 0x0325, 0x0021, 0x00, 0x06, 0x0014, 0x0008, 0, 0x0000A334, 0x00000010 },
    { 0x0325, 0x0021, 0x01, 0x06, 0x0014, 0x0008, 0, 0x00009FD0, 0x00000308 },
    { 0x0325, 0x0021, 0x02, 0x06, 0x0014, 0x0008, 0, 0x0000A2D8, 0x0000005C },
    { 0x0325, 0x0022, 0x00, 0x06, 0x000A, 0x0005, 0, 0x0000A598, 0x00000010 },
    { 0x0325, 0x0022, 0x01, 0x06, 0x000A, 0x0005, 0, 0x0000A350, 0x000001EC },
    { 0x0325, 0x0022, 0x02, 0x06, 0x000A, 0x0005, 0, 0x0000A53C, 0x0000005C },
    { 0x0325, 0x0023, 0x00, 0x06, 0x0014, 0x0007, 0, 0x0000AACC, 0x00000010 },
    { 0x0325, 0x0023, 0x01, 0x06, 0x0014, 0x0007, 0, 0x0000A5B0, 0x000004C0 },
    { 0x0325, 0x0023, 0x02, 0x06, 0x0014, 0x0007, 0, 0x0000AA70, 0x0000005C },
    { 0x0329, 0x0000, 0x00, 0x06, 0x0048, 0x0008, 0, 0x00003B1C, 0x00000010 },
    { 0x0329, 0x0000, 0x01, 0x06, 0x0048, 0x0008, 0, 0x00000000, 0x00003A00 },
    { 0x0329, 0x0000, 0x02, 0x06, 0x0048, 0x0008, 0, 0x00003A00, 0x0000011C },
    { 0x0329, 0x0001, 0x00, 0x06, 0x004D, 0x000C, 0, 0x00007288, 0x00000010 },
    { 0x0329, 0x0001, 0x01, 0x06, 0x004D, 0x000C, 0, 0x00003B30, 0x0000363C },
    { 0x0329, 0x0001, 0x02, 0x06, 0x004D, 0x000C, 0, 0x0000716C, 0x0000011C },
    { 0x0329, 0x0002, 0x00, 0x06, 0x0028, 0x000E, 0, 0x00008EB8, 0x00000010 },
    { 0x0329, 0x0002, 0x01, 0x06, 0x0028, 0x000E, 0, 0x000072A0, 0x00001AFC },
    { 0x0329, 0x0002, 0x02, 0x06, 0x0028, 0x000E, 0, 0x00008D9C, 0x0000011C },
    { 0x0329, 0x0003, 0x00, 0x06, 0x000C, 0x000F, 0, 0x00009654, 0x00000010 },
    { 0x0329, 0x0003, 0x01, 0x06, 0x000C, 0x000F, 0, 0x00008ED0, 0x00000668 },
    { 0x0329, 0x0003, 0x02, 0x06, 0x000C, 0x000F, 0, 0x00009538, 0x0000011C },
    { 0x0329, 0x0004, 0x00, 0x06, 0x0023, 0x000E, 0, 0x0000ADD0, 0x00000010 },
    { 0x0329, 0x0004, 0x01, 0x06, 0x0023, 0x000E, 0, 0x00009670, 0x00001644 },
    { 0x0329, 0x0004, 0x02, 0x06, 0x0023, 0x000E, 0, 0x0000ACB4, 0x0000011C },
    { 0x0329, 0x0005, 0x00, 0x06, 0x002B, 0x000D, 0, 0x0000CAF8, 0x00000010 },
    { 0x0329, 0x0005, 0x01, 0x06, 0x002B, 0x000D, 0, 0x0000ADE0, 0x00001BFC },
    { 0x0329, 0x0005, 0x02, 0x06, 0x002B, 0x000D, 0, 0x0000C9DC, 0x0000011C },
    { 0x0329, 0x0006, 0x00, 0x06, 0x001E, 0x000A, 0, 0x0000DFF0, 0x00000010 },
    { 0x0329, 0x0006, 0x01, 0x06, 0x001E, 0x000A, 0, 0x0000CB10, 0x000013C4 },
    { 0x0329, 0x0006, 0x02, 0x06, 0x001E, 0x000A, 0, 0x0000DED4, 0x0000011C },
    { 0x0329, 0x0007, 0x00, 0x06, 0x000E, 0x0014, 0, 0x0000E8EC, 0x00000010 },
    { 0x0329, 0x0007, 0x01, 0x06, 0x000E, 0x0014, 0, 0x0000E000, 0x000007D0 },
    { 0x0329, 0x0007, 0x02, 0x06, 0x000E, 0x0014, 0, 0x0000E7D0, 0x0000011C },
    { 0x0329, 0x0008, 0x00, 0x06, 0x000E, 0x0014, 0, 0x0000F1D0, 0x00000010 },
    { 0x0329, 0x0008, 0x01, 0x06, 0x000E, 0x0014, 0, 0x0000E900, 0x000007B4 },
    { 0x0329, 0x0008, 0x02, 0x06, 0x000E, 0x0014, 0, 0x0000F0B4, 0x0000011C },
    { 0x0329, 0x0009, 0x00, 0x06, 0x0018, 0x0014, 0, 0x0000FFE4, 0x00000010 },
    { 0x0329, 0x0009, 0x01, 0x06, 0x0018, 0x0014, 0, 0x0000F1E0, 0x00000CE8 },
    { 0x0329, 0x0009, 0x02, 0x06, 0x0018, 0x0014, 0, 0x0000FEC8, 0x0000011C },
    { 0x0329, 0x000A, 0x00, 0x06, 0x0011, 0x000B, 0, 0x00025110, 0x00000010 },
    { 0x0329, 0x000A, 0x01, 0x06, 0x0011, 0x000B, 0, 0x00024580, 0x00000A74 },
    { 0x0329, 0x000A, 0x02, 0x06, 0x0011, 0x000B, 0, 0x00024FF4, 0x0000011C },
    { 0x0329, 0x000B, 0x00, 0x06, 0x000E, 0x002C, 0, 0x000256F4, 0x00000010 },
    { 0x0329, 0x000B, 0x01, 0x06, 0x000E, 0x002C, 0, 0x00025120, 0x000004B8 },
    { 0x0329, 0x000B, 0x02, 0x06, 0x000E, 0x002C, 0, 0x000255D8, 0x0000011C },
    { 0x0329, 0x000C, 0x00, 0x06, 0x0013, 0x000B, 0, 0x00026424, 0x00000010 },
    { 0x0329, 0x000C, 0x01, 0x06, 0x0013, 0x000B, 0, 0x00025710, 0x00000BF8 },
    { 0x0329, 0x000C, 0x02, 0x06, 0x0013, 0x000B, 0, 0x00026308, 0x0000011C },
    { 0x0329, 0x000D, 0x00, 0x06, 0x003C, 0x0006, 0, 0x00029448, 0x00000010 },
    { 0x0329, 0x000D, 0x01, 0x06, 0x003C, 0x0006, 0, 0x00026440, 0x00002EEC },
    { 0x0329, 0x000D, 0x02, 0x06, 0x003C, 0x0006, 0, 0x0002932C, 0x0000011C },
    { 0x0329, 0x000E, 0x00, 0x06, 0x0013, 0x000B, 0, 0x0002A128, 0x00000010 },
    { 0x0329, 0x000E, 0x01, 0x06, 0x0013, 0x000B, 0, 0x00029460, 0x00000BAC },
    { 0x0329, 0x000E, 0x02, 0x06, 0x0013, 0x000B, 0, 0x0002A00C, 0x0000011C },
    { 0x0329, 0x000F, 0x00, 0x06, 0x0011, 0x000B, 0, 0x0002ACD0, 0x00000010 },
    { 0x0329, 0x000F, 0x01, 0x06, 0x0011, 0x000B, 0, 0x0002A140, 0x00000A74 },
    { 0x0329, 0x000F, 0x02, 0x06, 0x0011, 0x000B, 0, 0x0002ABB4, 0x0000011C },
    { 0x0329, 0x0010, 0x00, 0x06, 0x000E, 0x002C, 0, 0x0002B2B4, 0x00000010 },
    { 0x0329, 0x0010, 0x01, 0x06, 0x000E, 0x002C, 0, 0x0002ACE0, 0x000004B8 },
    { 0x0329, 0x0010, 0x02, 0x06, 0x000E, 0x002C, 0, 0x0002B198, 0x0000011C },
    { 0x0329, 0x0011, 0x00, 0x06, 0x0096, 0x0008, 0, 0x000320F8, 0x00000010 },
    { 0x0329, 0x0011, 0x01, 0x06, 0x0096, 0x0008, 0, 0x0002B2D0, 0x00006D0C },
    { 0x0329, 0x0011, 0x02, 0x06, 0x0096, 0x0008, 0, 0x00031FDC, 0x0000011C },
    { 0x0329, 0x0012, 0x00, 0x06, 0x0013, 0x000F, 0, 0x00032E78, 0x00000010 },
    { 0x0329, 0x0012, 0x01, 0x06, 0x0013, 0x000F, 0, 0x00032110, 0x00000C4C },
    { 0x0329, 0x0012, 0x02, 0x06, 0x0013, 0x000F, 0, 0x00032D5C, 0x0000011C },
    { 0x0329, 0x0013, 0x00, 0x06, 0x001E, 0x0012, 0, 0x00033FC0, 0x00000010 },
    { 0x0329, 0x0013, 0x01, 0x06, 0x001E, 0x0012, 0, 0x00032E90, 0x00001014 },
    { 0x0329, 0x0013, 0x02, 0x06, 0x001E, 0x0012, 0, 0x00033EA4, 0x0000011C },
    { 0x0329, 0x0014, 0x00, 0x06, 0x000C, 0x000B, 0, 0x000347DC, 0x00000010 },
    { 0x0329, 0x0014, 0x01, 0x06, 0x000C, 0x000B, 0, 0x00033FD0, 0x000006F0 },
    { 0x0329, 0x0014, 0x02, 0x06, 0x000C, 0x000B, 0, 0x000346C0, 0x0000011C },
    { 0x032A, 0x0000, 0x00, 0x06, 0x0014, 0x0001, 0, 0x00000214, 0x00000010 },
    { 0x032A, 0x0000, 0x01, 0x06, 0x0014, 0x0001, 0, 0x00000000, 0x0000016C },
    { 0x032A, 0x0000, 0x02, 0x06, 0x0014, 0x0001, 0, 0x0000016C, 0x000000A8 },
    { 0x032A, 0x0001, 0x00, 0x06, 0x0014, 0x0002, 0, 0x000067AC, 0x00000010 },
    { 0x032A, 0x0001, 0x01, 0x06, 0x0014, 0x0002, 0, 0x000065C0, 0x00000144 },
    { 0x032A, 0x0001, 0x02, 0x06, 0x0014, 0x0002, 0, 0x00006704, 0x000000A8 },
    { 0x032B, 0x0000, 0x00, 0x06, 0x001D, 0x0007, 0, 0x00000498, 0x00000010 },
    { 0x032B, 0x0000, 0x01, 0x06, 0x001D, 0x0007, 0, 0x00000000, 0x0000045C },
    { 0x032B, 0x0000, 0x02, 0x06, 0x001D, 0x0007, 0, 0x0000045C, 0x0000003C },
    { 0x032F, 0x0000, 0x00, 0x06, 0x0016, 0x000C, 0, 0x000002E4, 0x00000010 },
    { 0x032F, 0x0000, 0x01, 0x06, 0x0016, 0x000C, 0, 0x00000000, 0x000002AC },
    { 0x032F, 0x0000, 0x02, 0x06, 0x0016, 0x000C, 0, 0x000002AC, 0x00000038 },
    { 0x0330, 0x0000, 0x00, 0x06, 0x0030, 0x000B, 0, 0x00000CD8, 0x00000010 },
    { 0x0330, 0x0000, 0x01, 0x06, 0x0030, 0x000B, 0, 0x00000000, 0x00000C78 },
    { 0x0330, 0x0000, 0x02, 0x06, 0x0030, 0x000B, 0, 0x00000C78, 0x00000060 },
    { 0x0330, 0x0001, 0x00, 0x06, 0x003B, 0x0018, 0, 0x0000164C, 0x00000010 },
    { 0x0330, 0x0001, 0x01, 0x06, 0x003B, 0x0018, 0, 0x00000CF0, 0x000008F4 },
    { 0x0330, 0x0001, 0x02, 0x06, 0x003B, 0x0018, 0, 0x000015E4, 0x00000068 },
    { 0x0330, 0x0002, 0x00, 0x06, 0x001B, 0x0012, 0, 0x0000196C, 0x00000010 },
    { 0x0330, 0x0002, 0x01, 0x06, 0x001B, 0x0012, 0, 0x00001660, 0x000002AC },
    { 0x0330, 0x0002, 0x02, 0x06, 0x001B, 0x0012, 0, 0x0000190C, 0x00000060 },
    { 0x0330, 0x0003, 0x00, 0x06, 0x0030, 0x000E, 0, 0x00002254, 0x00000010 },
    { 0x0330, 0x0003, 0x01, 0x06, 0x0030, 0x000E, 0, 0x00001980, 0x0000085C },
    { 0x0330, 0x0003, 0x02, 0x06, 0x0030, 0x000E, 0, 0x000021DC, 0x00000078 },
    { 0x0330, 0x0004, 0x00, 0x06, 0x0025, 0x0005, 0, 0x00002FA0, 0x00000010 },
    { 0x0330, 0x0004, 0x01, 0x06, 0x0025, 0x0005, 0, 0x00002270, 0x00000CC4 },
    { 0x0330, 0x0004, 0x02, 0x06, 0x0025, 0x0005, 0, 0x00002F34, 0x0000006C },
    { 0x0330, 0x0005, 0x00, 0x06, 0x0025, 0x000A, 0, 0x00003A98, 0x00000010 },
    { 0x0330, 0x0005, 0x01, 0x06, 0x0025, 0x000A, 0, 0x00002FB0, 0x00000A7C },
    { 0x0330, 0x0005, 0x02, 0x06, 0x0025, 0x000A, 0, 0x00003A2C, 0x0000006C },
    { 0x0330, 0x0006, 0x00, 0x06, 0x0028, 0x0006, 0, 0x000048F4, 0x00000010 },
    { 0x0330, 0x0006, 0x01, 0x06, 0x0028, 0x0006, 0, 0x00003AB0, 0x00000DCC },
    { 0x0330, 0x0006, 0x02, 0x06, 0x0028, 0x0006, 0, 0x0000487C, 0x00000078 },
    { 0x0330, 0x0007, 0x00, 0x06, 0x001E, 0x0007, 0, 0x0000513C, 0x00000010 },
    { 0x0330, 0x0007, 0x01, 0x06, 0x001E, 0x0007, 0, 0x00004910, 0x000007CC },
    { 0x0330, 0x0007, 0x02, 0x06, 0x001E, 0x0007, 0, 0x000050DC, 0x00000060 },
    { 0x0330, 0x0008, 0x00, 0x06, 0x001B, 0x000D, 0, 0x00005670, 0x00000010 },
    { 0x0330, 0x0008, 0x01, 0x06, 0x001B, 0x000D, 0, 0x00005150, 0x000004C0 },
    { 0x0330, 0x0008, 0x02, 0x06, 0x001B, 0x000D, 0, 0x00005610, 0x00000060 },
    { 0x0330, 0x0009, 0x00, 0x06, 0x0022, 0x0009, 0, 0x00005EA8, 0x00000010 },
    { 0x0330, 0x0009, 0x01, 0x06, 0x0022, 0x0009, 0, 0x00005680, 0x000007C8 },
    { 0x0330, 0x0009, 0x02, 0x06, 0x0022, 0x0009, 0, 0x00005E48, 0x00000060 },
    { 0x0330, 0x000A, 0x00, 0x06, 0x0018, 0x000B, 0, 0x00006220, 0x00000010 },
    { 0x0330, 0x000A, 0x01, 0x06, 0x0018, 0x000B, 0, 0x00005EC0, 0x00000318 },
    { 0x0330, 0x000A, 0x02, 0x06, 0x0018, 0x000B, 0, 0x000061D8, 0x00000048 },
    { 0x0330, 0x000B, 0x00, 0x06, 0x0032, 0x000A, 0, 0x00006930, 0x00000010 },
    { 0x0330, 0x000B, 0x01, 0x06, 0x0032, 0x000A, 0, 0x00006230, 0x000006B8 },
    { 0x0330, 0x000B, 0x02, 0x06, 0x0032, 0x000A, 0, 0x000068E8, 0x00000048 },
    { 0x0330, 0x000C, 0x00, 0x06, 0x0018, 0x000C, 0, 0x00006C40, 0x00000010 },
    { 0x0330, 0x000C, 0x01, 0x06, 0x0018, 0x000C, 0, 0x00006940, 0x000002B8 },
    { 0x0330, 0x000C, 0x02, 0x06, 0x0018, 0x000C, 0, 0x00006BF8, 0x00000048 },
    { 0x0330, 0x000D, 0x00, 0x06, 0x006D, 0x0004, 0, 0x00008D1C, 0x00000010 },
    { 0x0330, 0x000D, 0x01, 0x06, 0x006D, 0x0004, 0, 0x00006C50, 0x00002064 },
    { 0x0330, 0x000D, 0x02, 0x06, 0x006D, 0x0004, 0, 0x00008CB4, 0x00000068 },
    { 0x0330, 0x000E, 0x00, 0x06, 0x0019, 0x000F, 0, 0x00009234, 0x00000010 },
    { 0x0330, 0x000E, 0x01, 0x06, 0x0019, 0x000F, 0, 0x00008D30, 0x0000049C },
    { 0x0330, 0x000E, 0x02, 0x06, 0x0019, 0x000F, 0, 0x000091CC, 0x00000068 },
    { 0x0330, 0x000F, 0x00, 0x06, 0x0018, 0x0011, 0, 0x000095DC, 0x00000010 },
    { 0x0330, 0x000F, 0x01, 0x06, 0x0018, 0x0011, 0, 0x00009250, 0x00000324 },
    { 0x0330, 0x000F, 0x02, 0x06, 0x0018, 0x0011, 0, 0x00009574, 0x00000068 },
    { 0x0330, 0x0010, 0x00, 0x06, 0x0030, 0x0012, 0, 0x00009BB4, 0x00000010 },
    { 0x0330, 0x0010, 0x01, 0x06, 0x0030, 0x0012, 0, 0x000095F0, 0x00000564 },
    { 0x0330, 0x0010, 0x02, 0x06, 0x0030, 0x0012, 0, 0x00009B54, 0x00000060 },
    { 0x0330, 0x0011, 0x00, 0x06, 0x0030, 0x0016, 0, 0x0000A07C, 0x00000010 },
    { 0x0330, 0x0011, 0x01, 0x06, 0x0030, 0x0016, 0, 0x00009BD0, 0x0000044C },
    { 0x0330, 0x0011, 0x02, 0x06, 0x0030, 0x0016, 0, 0x0000A01C, 0x00000060 },
    { 0x0330, 0x0012, 0x00, 0x06, 0x0030, 0x0012, 0, 0x0000A474, 0x00000010 },
    { 0x0330, 0x0012, 0x01, 0x06, 0x0030, 0x0012, 0, 0x0000A090, 0x00000384 },
    { 0x0330, 0x0012, 0x02, 0x06, 0x0030, 0x0012, 0, 0x0000A414, 0x00000060 },
    { 0x0330, 0x0013, 0x00, 0x06, 0x003B, 0x0004, 0, 0x0000AFE0, 0x00000010 },
    { 0x0330, 0x0013, 0x01, 0x06, 0x003B, 0x0004, 0, 0x0000A490, 0x00000B18 },
    { 0x0330, 0x0013, 0x02, 0x06, 0x003B, 0x0004, 0, 0x0000AFA8, 0x00000038 },
    { 0x0330, 0x0014, 0x00, 0x06, 0x0028, 0x0007, 0, 0x0000BD38, 0x00000010 },
    { 0x0330, 0x0014, 0x01, 0x06, 0x0028, 0x0007, 0, 0x0000AFF0, 0x00000CE0 },
    { 0x0330, 0x0014, 0x02, 0x06, 0x0028, 0x0007, 0, 0x0000BCD0, 0x00000068 },
    { 0x0330, 0x0015, 0x00, 0x06, 0x001E, 0x0007, 0, 0x0000C918, 0x00000010 },
    { 0x0330, 0x0015, 0x01, 0x06, 0x001E, 0x0007, 0, 0x0000BD50, 0x00000B50 },
    { 0x0330, 0x0015, 0x02, 0x06, 0x001E, 0x0007, 0, 0x0000C8A0, 0x00000078 },
    { 0x0331, 0x0000, 0x00, 0x06, 0x0002, 0x000E, 0, 0x0000007C, 0x00000010 },
    { 0x0331, 0x0000, 0x01, 0x06, 0x0002, 0x000E, 0, 0x00000000, 0x0000001C },
    { 0x0331, 0x0000, 0x02, 0x06, 0x0002, 0x000E, 0, 0x0000001C, 0x00000060 },
    { 0x0331, 0x0001, 0x00, 0x06, 0x0045, 0x0005, 0, 0x0000453C, 0x00000010 },
    { 0x0331, 0x0001, 0x01, 0x06, 0x0045, 0x0005, 0, 0x00003A30, 0x00000AD4 },
    { 0x0331, 0x0001, 0x02, 0x06, 0x0045, 0x0005, 0, 0x00004504, 0x00000038 },
    { 0x0331, 0x0002, 0x00, 0x06, 0x0002, 0x000C, 0, 0x0000CFE0, 0x00000010 },
    { 0x0331, 0x0002, 0x01, 0x06, 0x0002, 0x000C, 0, 0x0000CF80, 0x00000018 },
    { 0x0331, 0x0002, 0x02, 0x06, 0x0002, 0x000C, 0, 0x0000CF98, 0x00000048 },
    { 0x0334, 0x0000, 0x00, 0x06, 0x0020, 0x0008, 0, 0x00000304, 0x00000010 },
    { 0x0334, 0x0000, 0x01, 0x06, 0x0020, 0x0008, 0, 0x00000000, 0x00000250 },
    { 0x0334, 0x0000, 0x02, 0x06, 0x0020, 0x0008, 0, 0x00000250, 0x000000B4 },
    { 0x0334, 0x0001, 0x00, 0x06, 0x001D, 0x0007, 0, 0x000055F8, 0x00000010 },
    { 0x0334, 0x0001, 0x01, 0x06, 0x001D, 0x0007, 0, 0x000052F0, 0x00000254 },
    { 0x0334, 0x0001, 0x02, 0x06, 0x001D, 0x0007, 0, 0x00005544, 0x000000B4 },
    { 0x0334, 0x0002, 0x00, 0x06, 0x0032, 0x0007, 0, 0x00005BE8, 0x00000010 },
    { 0x0334, 0x0002, 0x01, 0x06, 0x0032, 0x0007, 0, 0x00005610, 0x00000524 },
    { 0x0334, 0x0002, 0x02, 0x06, 0x0032, 0x0007, 0, 0x00005B34, 0x000000B4 },
    { 0x0335, 0x0000, 0x00, 0x06, 0x000D, 0x0004, 0, 0x00000444, 0x00000010 },
    { 0x0335, 0x0000, 0x01, 0x06, 0x000D, 0x0004, 0, 0x00000000, 0x000003CC },
    { 0x0335, 0x0000, 0x02, 0x06, 0x000D, 0x0004, 0, 0x000003CC, 0x00000078 },
    { 0x0335, 0x0001, 0x00, 0x06, 0x0011, 0x0004, 0, 0x00000A74, 0x00000010 },
    { 0x0335, 0x0001, 0x01, 0x06, 0x0011, 0x0004, 0, 0x00000460, 0x0000059C },
    { 0x0335, 0x0001, 0x02, 0x06, 0x0011, 0x0004, 0, 0x000009FC, 0x00000078 },
    { 0x0335, 0x0002, 0x00, 0x06, 0x0008, 0x000A, 0, 0x00000D1C, 0x00000010 },
    { 0x0335, 0x0002, 0x01, 0x06, 0x0008, 0x000A, 0, 0x00000A90, 0x00000214 },
    { 0x0335, 0x0002, 0x02, 0x06, 0x0008, 0x000A, 0, 0x00000CA4, 0x00000078 },
    { 0x0335, 0x0003, 0x00, 0x06, 0x0014, 0x0003, 0, 0x000014B8, 0x00000010 },
    { 0x0335, 0x0003, 0x01, 0x06, 0x0014, 0x0003, 0, 0x00000D30, 0x00000710 },
    { 0x0335, 0x0003, 0x02, 0x06, 0x0014, 0x0003, 0, 0x00001440, 0x00000078 },
    { 0x0335, 0x0004, 0x00, 0x06, 0x0018, 0x0005, 0, 0x00001CA4, 0x00000010 },
    { 0x0335, 0x0004, 0x01, 0x06, 0x0018, 0x0005, 0, 0x000014D0, 0x0000075C },
    { 0x0335, 0x0004, 0x02, 0x06, 0x0018, 0x0005, 0, 0x00001C2C, 0x00000078 },
    { 0x0336, 0x0000, 0x00, 0x06, 0x0047, 0x001E, 0, 0x00000080, 0x00000010 },
    { 0x0336, 0x0000, 0x01, 0x06, 0x0047, 0x001E, 0, 0x00000000, 0x0000003C },
    { 0x0336, 0x0000, 0x02, 0x06, 0x0047, 0x001E, 0, 0x0000003C, 0x00000044 },
    { 0x0336, 0x0001, 0x00, 0x06, 0x0031, 0x000E, 0, 0x00000710, 0x00000010 },
    { 0x0336, 0x0001, 0x01, 0x06, 0x0031, 0x000E, 0, 0x00000090, 0x0000063C },
    { 0x0336, 0x0001, 0x02, 0x06, 0x0031, 0x000E, 0, 0x000006CC, 0x00000044 },
    { 0x0336, 0x0002, 0x00, 0x06, 0x0014, 0x0007, 0, 0x000072AC, 0x00000010 },
    { 0x0336, 0x0002, 0x01, 0x06, 0x0014, 0x0007, 0, 0x00006EC0, 0x000003A8 },
    { 0x0336, 0x0002, 0x02, 0x06, 0x0014, 0x0007, 0, 0x00007268, 0x00000044 },
    { 0x033A, 0x0000, 0x00, 0x06, 0x0012, 0x0005, 0, 0x00000168, 0x00000010 },
    { 0x033A, 0x0000, 0x01, 0x06, 0x0012, 0x0005, 0, 0x00000000, 0x0000012C },
    { 0x033A, 0x0000, 0x02, 0x06, 0x0012, 0x0005, 0, 0x0000012C, 0x0000003C },
    { 0x033A, 0x0001, 0x00, 0x06, 0x000A, 0x0005, 0, 0x000024CC, 0x00000010 },
    { 0x033A, 0x0001, 0x01, 0x06, 0x000A, 0x0005, 0, 0x000023D0, 0x000000C0 },
    { 0x033A, 0x0001, 0x02, 0x06, 0x000A, 0x0005, 0, 0x00002490, 0x0000003C },
    { 0x033A, 0x0002, 0x00, 0x06, 0x0010, 0x0004, 0, 0x000026C4, 0x00000010 },
    { 0x033A, 0x0002, 0x01, 0x06, 0x0010, 0x0004, 0, 0x000024E0, 0x000001A8 },
    { 0x033A, 0x0002, 0x02, 0x06, 0x0010, 0x0004, 0, 0x00002688, 0x0000003C },
    { 0x033A, 0x0003, 0x00, 0x06, 0x0015, 0x0005, 0, 0x00002B90, 0x00000010 },
    { 0x033A, 0x0003, 0x01, 0x06, 0x0015, 0x0005, 0, 0x000029D0, 0x00000184 },
    { 0x033A, 0x0003, 0x02, 0x06, 0x0015, 0x0005, 0, 0x00002B54, 0x0000003C },
    { 0x033A, 0x0004, 0x00, 0x06, 0x001A, 0x0005, 0, 0x00002894, 0x00000010 },
    { 0x033A, 0x0004, 0x01, 0x06, 0x001A, 0x0005, 0, 0x000026E0, 0x00000178 },
    { 0x033A, 0x0004, 0x02, 0x06, 0x001A, 0x0005, 0, 0x00002858, 0x0000003C },
    { 0x033A, 0x0005, 0x00, 0x06, 0x0010, 0x0008, 0, 0x000029BC, 0x00000010 },
    { 0x033A, 0x0005, 0x01, 0x06, 0x0010, 0x0008, 0, 0x000028B0, 0x000000D0 },
    { 0x033A, 0x0005, 0x02, 0x06, 0x0010, 0x0008, 0, 0x00002980, 0x0000003C },
    { 0x033A, 0x0006, 0x00, 0x06, 0x0010, 0x0003, 0, 0x00002E84, 0x00000010 },
    { 0x033A, 0x0006, 0x01, 0x06, 0x0010, 0x0003, 0, 0x00002BA0, 0x000002A8 },
    { 0x033A, 0x0006, 0x02, 0x06, 0x0010, 0x0003, 0, 0x00002E48, 0x0000003C },
    { 0x033A, 0x0007, 0x00, 0x06, 0x000F, 0x0005, 0, 0x00002F7C, 0x00000010 },
    { 0x033A, 0x0007, 0x01, 0x06, 0x000F, 0x0005, 0, 0x00002EA0, 0x000000A0 },
    { 0x033A, 0x0007, 0x02, 0x06, 0x000F, 0x0005, 0, 0x00002F40, 0x0000003C },
    { 0x033A, 0x0008, 0x00, 0x06, 0x000C, 0x0005, 0, 0x00003128, 0x00000010 },
    { 0x033A, 0x0008, 0x01, 0x06, 0x000C, 0x0005, 0, 0x00002F90, 0x0000015C },
    { 0x033A, 0x0008, 0x02, 0x06, 0x000C, 0x0005, 0, 0x000030EC, 0x0000003C },
    { 0x033B, 0x0000, 0x00, 0x06, 0x0027, 0x0005, 0, 0x0000065C, 0x00000010 },
    { 0x033B, 0x0000, 0x01, 0x06, 0x0027, 0x0005, 0, 0x00000000, 0x00000624 },
    { 0x033B, 0x0000, 0x02, 0x06, 0x0027, 0x0005, 0, 0x00000624, 0x00000038 },
    { 0x033D, 0x0000, 0x00, 0x06, 0x0009, 0x000B, 0, 0x00000324, 0x00000010 },
    { 0x033D, 0x0000, 0x01, 0x06, 0x0009, 0x000B, 0, 0x00000000, 0x000002A0 },
    { 0x033D, 0x0000, 0x02, 0x06, 0x0009, 0x000B, 0, 0x000002A0, 0x00000084 },
    { 0x033D, 0x0001, 0x00, 0x06, 0x000B, 0x0004, 0, 0x00000780, 0x00000010 },
    { 0x033D, 0x0001, 0x01, 0x06, 0x000B, 0x0004, 0, 0x00000340, 0x000003BC },
    { 0x033D, 0x0001, 0x02, 0x06, 0x000B, 0x0004, 0, 0x000006FC, 0x00000084 },
    { 0x033D, 0x0002, 0x00, 0x06, 0x001E, 0x0004, 0, 0x000011F4, 0x00000010 },
    { 0x033D, 0x0002, 0x01, 0x06, 0x001E, 0x0004, 0, 0x00000790, 0x000009E0 },
    { 0x033D, 0x0002, 0x02, 0x06, 0x001E, 0x0004, 0, 0x00001170, 0x00000084 },
    { 0x033D, 0x0003, 0x00, 0x06, 0x000B, 0x0007, 0, 0x000015D0, 0x00000010 },
    { 0x033D, 0x0003, 0x01, 0x06, 0x000B, 0x0007, 0, 0x00001210, 0x0000033C },
    { 0x033D, 0x0003, 0x02, 0x06, 0x000B, 0x0007, 0, 0x0000154C, 0x00000084 },
    { 0x033D, 0x0004, 0x00, 0x06, 0x001A, 0x0015, 0, 0x00001B3C, 0x00000010 },
    { 0x033D, 0x0004, 0x01, 0x06, 0x001A, 0x0015, 0, 0x000015E0, 0x000004D8 },
    { 0x033D, 0x0004, 0x02, 0x06, 0x001A, 0x0015, 0, 0x00001AB8, 0x00000084 },
    { 0x033D, 0x0005, 0x00, 0x06, 0x000D, 0x000D, 0, 0x00008D60, 0x00000010 },
    { 0x033D, 0x0005, 0x01, 0x06, 0x000D, 0x000D, 0, 0x00008980, 0x0000035C },
    { 0x033D, 0x0005, 0x02, 0x06, 0x000D, 0x000D, 0, 0x00008CDC, 0x00000084 },
    { 0x033D, 0x0006, 0x00, 0x06, 0x003B, 0x000E, 0, 0x000098AC, 0x00000010 },
    { 0x033D, 0x0006, 0x01, 0x06, 0x003B, 0x000E, 0, 0x00008D70, 0x00000AB8 },
    { 0x033D, 0x0006, 0x02, 0x06, 0x003B, 0x000E, 0, 0x00009828, 0x00000084 },
    { 0x033D, 0x0007, 0x00, 0x06, 0x0019, 0x000C, 0, 0x00009ED4, 0x00000010 },
    { 0x033D, 0x0007, 0x01, 0x06, 0x0019, 0x000C, 0, 0x000098C0, 0x00000590 },
    { 0x033D, 0x0007, 0x02, 0x06, 0x0019, 0x000C, 0, 0x00009E50, 0x00000084 },
    { 0x033E, 0x0000, 0x00, 0x06, 0x0012, 0x000B, 0, 0x000001EC, 0x00000010 },
    { 0x033E, 0x0000, 0x01, 0x06, 0x0012, 0x000B, 0, 0x00000000, 0x00000180 },
    { 0x033E, 0x0000, 0x02, 0x06, 0x0012, 0x000B, 0, 0x00000180, 0x0000006C },
    { 0x033E, 0x0001, 0x00, 0x06, 0x000A, 0x000B, 0, 0x0000039C, 0x00000010 },
    { 0x033E, 0x0001, 0x01, 0x06, 0x000A, 0x000B, 0, 0x00000200, 0x00000130 },
    { 0x033E, 0x0001, 0x02, 0x06, 0x000A, 0x000B, 0, 0x00000330, 0x0000006C },
    { 0x033E, 0x0002, 0x00, 0x06, 0x0010, 0x0003, 0, 0x00000764, 0x00000010 },
    { 0x033E, 0x0002, 0x01, 0x06, 0x0010, 0x0003, 0, 0x000003B0, 0x00000348 },
    { 0x033E, 0x0002, 0x02, 0x06, 0x0010, 0x0003, 0, 0x000006F8, 0x0000006C },
    { 0x033E, 0x0003, 0x00, 0x06, 0x0008, 0x0009, 0, 0x000009A0, 0x00000010 },
    { 0x033E, 0x0003, 0x01, 0x06, 0x0008, 0x0009, 0, 0x00000780, 0x000001B4 },
    { 0x033E, 0x0003, 0x02, 0x06, 0x0008, 0x0009, 0, 0x00000934, 0x0000006C },
    { 0x033E, 0x0004, 0x00, 0x06, 0x001A, 0x000B, 0, 0x00000BA0, 0x00000010 },
    { 0x033E, 0x0004, 0x01, 0x06, 0x001A, 0x000B, 0, 0x000009B0, 0x00000184 },
    { 0x033E, 0x0004, 0x02, 0x06, 0x001A, 0x000B, 0, 0x00000B34, 0x0000006C },
    { 0x033E, 0x0005, 0x00, 0x06, 0x0010, 0x0005, 0, 0x00001108, 0x00000010 },
    { 0x033E, 0x0005, 0x01, 0x06, 0x0010, 0x0005, 0, 0x00000BB0, 0x000004EC },
    { 0x033E, 0x0005, 0x02, 0x06, 0x0010, 0x0005, 0, 0x0000109C, 0x0000006C },
    { 0x033E, 0x0006, 0x00, 0x06, 0x0015, 0x000C, 0, 0x0000139C, 0x00000010 },
    { 0x033E, 0x0006, 0x01, 0x06, 0x0015, 0x000C, 0, 0x00001120, 0x00000210 },
    { 0x033E, 0x0006, 0x02, 0x06, 0x0015, 0x000C, 0, 0x00001330, 0x0000006C },
    { 0x033E, 0x0007, 0x00, 0x06, 0x0008, 0x0004, 0, 0x00004404, 0x00000010 },
    { 0x033E, 0x0007, 0x01, 0x06, 0x0008, 0x0004, 0, 0x000041C0, 0x000001D8 },
    { 0x033E, 0x0007, 0x02, 0x06, 0x0008, 0x0004, 0, 0x00004398, 0x0000006C },
    { 0x033E, 0x0008, 0x00, 0x06, 0x000F, 0x000B, 0, 0x00004574, 0x00000010 },
    { 0x033E, 0x0008, 0x01, 0x06, 0x000F, 0x000B, 0, 0x00004420, 0x000000E8 },
    { 0x033E, 0x0008, 0x02, 0x06, 0x000F, 0x000B, 0, 0x00004508, 0x0000006C },
    { 0x033F, 0x0000, 0x00, 0x06, 0x0011, 0x0004, 0, 0x0000ADF8, 0x00000010 },
    { 0x033F, 0x0000, 0x01, 0x06, 0x0011, 0x0004, 0, 0x0000A830, 0x00000538 },
    { 0x033F, 0x0000, 0x02, 0x06, 0x0011, 0x0004, 0, 0x0000AD68, 0x00000090 },
    { 0x033F, 0x0001, 0x00, 0x06, 0x0013, 0x0007, 0, 0x0000B6D4, 0x00000010 },
    { 0x033F, 0x0001, 0x01, 0x06, 0x0013, 0x0007, 0, 0x0000B090, 0x000005B4 },
    { 0x033F, 0x0001, 0x02, 0x06, 0x0013, 0x0007, 0, 0x0000B644, 0x00000090 },
    { 0x033F, 0x0002, 0x00, 0x06, 0x000A, 0x0004, 0, 0x0000A814, 0x00000010 },
    { 0x033F, 0x0002, 0x01, 0x06, 0x000A, 0x0004, 0, 0x0000A470, 0x00000314 },
    { 0x033F, 0x0002, 0x02, 0x06, 0x000A, 0x0004, 0, 0x0000A784, 0x00000090 },
    { 0x033F, 0x0003, 0x00, 0x06, 0x000B, 0x0004, 0, 0x00001390, 0x00000010 },
    { 0x033F, 0x0003, 0x01, 0x06, 0x000B, 0x0004, 0, 0x00000F70, 0x00000390 },
    { 0x033F, 0x0003, 0x02, 0x06, 0x000B, 0x0004, 0, 0x00001300, 0x00000090 },
    { 0x033F, 0x0004, 0x00, 0x06, 0x0007, 0x000A, 0, 0x000024E8, 0x00000010 },
    { 0x033F, 0x0004, 0x01, 0x06, 0x0007, 0x000A, 0, 0x00002290, 0x000001C8 },
    { 0x033F, 0x0004, 0x02, 0x06, 0x0007, 0x000A, 0, 0x00002458, 0x00000090 },
    { 0x033F, 0x0005, 0x00, 0x06, 0x000A, 0x0004, 0, 0x000003CC, 0x00000010 },
    { 0x033F, 0x0005, 0x01, 0x06, 0x000A, 0x0004, 0, 0x00000000, 0x0000033C },
    { 0x033F, 0x0005, 0x02, 0x06, 0x000A, 0x0004, 0, 0x0000033C, 0x00000090 },
    { 0x033F, 0x0006, 0x00, 0x06, 0x0022, 0x0004, 0, 0x00000F5C, 0x00000010 },
    { 0x033F, 0x0006, 0x01, 0x06, 0x0022, 0x0004, 0, 0x000003E0, 0x00000AEC },
    { 0x033F, 0x0006, 0x02, 0x06, 0x0022, 0x0004, 0, 0x00000ECC, 0x00000090 },
    { 0x033F, 0x0007, 0x00, 0x06, 0x000B, 0x0004, 0, 0x00002280, 0x00000010 },
    { 0x033F, 0x0007, 0x01, 0x06, 0x000B, 0x0004, 0, 0x00001E20, 0x000003D0 },
    { 0x033F, 0x0007, 0x02, 0x06, 0x000B, 0x0004, 0, 0x000021F0, 0x00000090 },
    { 0x033F, 0x0008, 0x00, 0x06, 0x0017, 0x0004, 0, 0x00001E10, 0x00000010 },
    { 0x033F, 0x0008, 0x01, 0x06, 0x0017, 0x0004, 0, 0x00001590, 0x000007F0 },
    { 0x033F, 0x0008, 0x02, 0x06, 0x0017, 0x0004, 0, 0x00001D80, 0x00000090 },
    { 0x033F, 0x0009, 0x00, 0x06, 0x0004, 0x0004, 0, 0x00001578, 0x00000010 },
    { 0x033F, 0x0009, 0x01, 0x06, 0x0004, 0x0004, 0, 0x000013A0, 0x00000148 },
    { 0x033F, 0x0009, 0x02, 0x06, 0x0004, 0x0004, 0, 0x000014E8, 0x00000090 },
    { 0x033F, 0x000A, 0x00, 0x06, 0x000F, 0x001B, 0, 0x0000B07C, 0x00000010 },
    { 0x033F, 0x000A, 0x01, 0x06, 0x000F, 0x001B, 0, 0x0000AE10, 0x000001DC },
    { 0x033F, 0x000A, 0x02, 0x06, 0x000F, 0x001B, 0, 0x0000AFEC, 0x00000090 },
    { 0x0340, 0x0000, 0x00, 0x06, 0x0010, 0x0007, 0, 0x00000378, 0x00000010 },
    { 0x0340, 0x0000, 0x01, 0x06, 0x0010, 0x0007, 0, 0x00000000, 0x00000310 },
    { 0x0340, 0x0000, 0x02, 0x06, 0x0010, 0x0007, 0, 0x00000310, 0x00000068 },
    { 0x0340, 0x0001, 0x00, 0x06, 0x000E, 0x0008, 0, 0x00009C78, 0x00000010 },
    { 0x0340, 0x0001, 0x01, 0x06, 0x000E, 0x0008, 0, 0x00009960, 0x000002B0 },
    { 0x0340, 0x0001, 0x02, 0x06, 0x000E, 0x0008, 0, 0x00009C10, 0x00000068 },
    { 0x0341, 0x0000, 0x00, 0x06, 0x001E, 0x0005, 0, 0x00000278, 0x00000010 },
    { 0x0341, 0x0000, 0x01, 0x06, 0x001E, 0x0005, 0, 0x00000000, 0x00000228 },
    { 0x0341, 0x0000, 0x02, 0x06, 0x001E, 0x0005, 0, 0x00000228, 0x00000050 },
    { 0x0341, 0x0001, 0x00, 0x06, 0x0039, 0x0005, 0, 0x00000928, 0x00000010 },
    { 0x0341, 0x0001, 0x01, 0x06, 0x0039, 0x0005, 0, 0x00000290, 0x00000648 },
    { 0x0341, 0x0001, 0x02, 0x06, 0x0039, 0x0005, 0, 0x000008D8, 0x00000050 },
    { 0x0341, 0x0002, 0x00, 0x06, 0x002E, 0x0009, 0, 0x00000C28, 0x00000010 },
    { 0x0341, 0x0002, 0x01, 0x06, 0x002E, 0x0009, 0, 0x00000940, 0x00000298 },
    { 0x0341, 0x0002, 0x02, 0x06, 0x002E, 0x0009, 0, 0x00000BD8, 0x00000050 },
    { 0x0341, 0x0003, 0x00, 0x06, 0x0008, 0x0003, 0, 0x00000D78, 0x00000010 },
    { 0x0341, 0x0003, 0x01, 0x06, 0x0008, 0x0003, 0, 0x00000C40, 0x000000E8 },
    { 0x0341, 0x0003, 0x02, 0x06, 0x0008, 0x0003, 0, 0x00000D28, 0x00000050 },
    { 0x0341, 0x0004, 0x00, 0x06, 0x001F, 0x0005, 0, 0x00001150, 0x00000010 },
    { 0x0341, 0x0004, 0x01, 0x06, 0x001F, 0x0005, 0, 0x00000D90, 0x00000370 },
    { 0x0341, 0x0004, 0x02, 0x06, 0x001F, 0x0005, 0, 0x00001100, 0x00000050 },
    { 0x0341, 0x0005, 0x00, 0x06, 0x000C, 0x0004, 0, 0x00001368, 0x00000010 },
    { 0x0341, 0x0005, 0x01, 0x06, 0x000C, 0x0004, 0, 0x00001160, 0x000001B8 },
    { 0x0341, 0x0005, 0x02, 0x06, 0x000C, 0x0004, 0, 0x00001318, 0x00000050 },
    { 0x0347, 0x0000, 0x00, 0x06, 0x000A, 0x0007, 0, 0x00000560, 0x00000010 },
    { 0x0347, 0x0000, 0x01, 0x06, 0x000A, 0x0007, 0, 0x00000410, 0x00000100 },
    { 0x0347, 0x0000, 0x02, 0x06, 0x000A, 0x0007, 0, 0x00000510, 0x00000050 },
    { 0x0347, 0x0001, 0x00, 0x06, 0x0005, 0x0005, 0, 0x00000944, 0x00000010 },
    { 0x0347, 0x0001, 0x01, 0x06, 0x0005, 0x0005, 0, 0x00000840, 0x000000B4 },
    { 0x0347, 0x0001, 0x02, 0x06, 0x0005, 0x0005, 0, 0x000008F4, 0x00000050 },
    { 0x0347, 0x0002, 0x00, 0x06, 0x0007, 0x000B, 0, 0x00000A70, 0x00000010 },
    { 0x0347, 0x0002, 0x01, 0x06, 0x0007, 0x000B, 0, 0x00000960, 0x000000C0 },
    { 0x0347, 0x0002, 0x02, 0x06, 0x0007, 0x000B, 0, 0x00000A20, 0x00000050 },
    { 0x0347, 0x0003, 0x00, 0x06, 0x000A, 0x0007, 0, 0x00000BD0, 0x00000010 },
    { 0x0347, 0x0003, 0x01, 0x06, 0x000A, 0x0007, 0, 0x00000A80, 0x00000100 },
    { 0x0347, 0x0003, 0x02, 0x06, 0x000A, 0x0007, 0, 0x00000B80, 0x00000050 },
    { 0x0347, 0x0004, 0x00, 0x06, 0x0009, 0x0003, 0, 0x00000DF8, 0x00000010 },
    { 0x0347, 0x0004, 0x01, 0x06, 0x0009, 0x0003, 0, 0x00000BE0, 0x000001C8 },
    { 0x0347, 0x0004, 0x02, 0x06, 0x0009, 0x0003, 0, 0x00000DA8, 0x00000050 },
    { 0x0347, 0x0005, 0x00, 0x06, 0x0015, 0x0007, 0, 0x000012B0, 0x00000010 },
    { 0x0347, 0x0005, 0x01, 0x06, 0x0015, 0x0007, 0, 0x00000FB0, 0x000002B0 },
    { 0x0347, 0x0005, 0x02, 0x06, 0x0015, 0x0007, 0, 0x00001260, 0x00000050 },
    { 0x0347, 0x0006, 0x00, 0x06, 0x0008, 0x0007, 0, 0x000037C0, 0x00000010 },
    { 0x0347, 0x0006, 0x01, 0x06, 0x0008, 0x0007, 0, 0x00003660, 0x00000110 },
    { 0x0347, 0x0006, 0x02, 0x06, 0x0008, 0x0007, 0, 0x00003770, 0x00000050 },
    { 0x0347, 0x0007, 0x00, 0x06, 0x0012, 0x0003, 0, 0x00000400, 0x00000010 },
    { 0x0347, 0x0007, 0x01, 0x06, 0x0012, 0x0003, 0, 0x00000000, 0x000003B0 },
    { 0x0347, 0x0007, 0x02, 0x06, 0x0012, 0x0003, 0, 0x000003B0, 0x00000050 },
    { 0x0347, 0x0008, 0x00, 0x06, 0x0010, 0x0006, 0, 0x0000082C, 0x00000010 },
    { 0x0347, 0x0008, 0x01, 0x06, 0x0010, 0x0006, 0, 0x00000570, 0x0000026C },
    { 0x0347, 0x0008, 0x02, 0x06, 0x0010, 0x0006, 0, 0x000007DC, 0x00000050 },
    { 0x0347, 0x0009, 0x00, 0x06, 0x0006, 0x000A, 0, 0x00000F98, 0x00000010 },
    { 0x0347, 0x0009, 0x01, 0x06, 0x0006, 0x000A, 0, 0x00000E10, 0x0000011C },
    { 0x0347, 0x0009, 0x02, 0x06, 0x0006, 0x000A, 0, 0x00000F2C, 0x0000006C },
    { 0x0347, 0x000A, 0x00, 0x06, 0x000F, 0x0007, 0, 0x0000364C, 0x00000010 },
    { 0x0347, 0x000A, 0x01, 0x06, 0x000F, 0x0007, 0, 0x000033F0, 0x0000020C },
    { 0x0347, 0x000A, 0x02, 0x06, 0x000F, 0x0007, 0, 0x000035FC, 0x00000050 },
    { 0x0348, 0x0000, 0x00, 0x06, 0x0012, 0x0003, 0, 0x0000031C, 0x00000010 },
    { 0x0348, 0x0000, 0x01, 0x06, 0x0012, 0x0003, 0, 0x00000000, 0x000002D8 },
    { 0x0348, 0x0000, 0x02, 0x06, 0x0012, 0x0003, 0, 0x000002D8, 0x00000044 },
    { 0x0348, 0x0001, 0x00, 0x06, 0x000A, 0x0004, 0, 0x00000430, 0x00000010 },
    { 0x0348, 0x0001, 0x01, 0x06, 0x000A, 0x0004, 0, 0x00000330, 0x000000BC },
    { 0x0348, 0x0001, 0x02, 0x06, 0x000A, 0x0004, 0, 0x000003EC, 0x00000044 },
    { 0x0348, 0x0002, 0x00, 0x06, 0x0010, 0x0003, 0, 0x000006CC, 0x00000010 },
    { 0x0348, 0x0002, 0x01, 0x06, 0x0010, 0x0003, 0, 0x00000440, 0x00000248 },
    { 0x0348, 0x0002, 0x02, 0x06, 0x0010, 0x0003, 0, 0x00000688, 0x00000044 },
    { 0x0348, 0x0003, 0x00, 0x06, 0x0009, 0x0003, 0, 0x00000894, 0x00000010 },
    { 0x0348, 0x0003, 0x01, 0x06, 0x0009, 0x0003, 0, 0x000006E0, 0x00000170 },
    { 0x0348, 0x0003, 0x02, 0x06, 0x0009, 0x0003, 0, 0x00000850, 0x00000044 },
    { 0x0348, 0x0004, 0x00, 0x06, 0x0015, 0x0003, 0, 0x00000B70, 0x00000010 },
    { 0x0348, 0x0004, 0x01, 0x06, 0x0015, 0x0003, 0, 0x000008B0, 0x0000027C },
    { 0x0348, 0x0004, 0x02, 0x06, 0x0015, 0x0003, 0, 0x00000B2C, 0x00000044 },
    { 0x0348, 0x0005, 0x00, 0x06, 0x0008, 0x0004, 0, 0x00002E1C, 0x00000010 },
    { 0x0348, 0x0005, 0x01, 0x06, 0x0008, 0x0004, 0, 0x00002CD0, 0x00000108 },
    { 0x0348, 0x0005, 0x02, 0x06, 0x0008, 0x0004, 0, 0x00002DD8, 0x00000044 },
    { 0x0348, 0x0006, 0x00, 0x06, 0x000F, 0x0005, 0, 0x00002CB8, 0x00000010 },
    { 0x0348, 0x0006, 0x01, 0x06, 0x000F, 0x0005, 0, 0x00002B00, 0x00000174 },
    { 0x0348, 0x0006, 0x02, 0x06, 0x000F, 0x0005, 0, 0x00002C74, 0x00000044 },
    { 0x034F, 0x0000, 0x00, 0x06, 0x0008, 0x0006, 0, 0x00000158, 0x00000010 },
    { 0x034F, 0x0000, 0x01, 0x06, 0x0008, 0x0006, 0, 0x00000000, 0x0000011C },
    { 0x034F, 0x0000, 0x02, 0x06, 0x0008, 0x0006, 0, 0x0000011C, 0x0000003C },
    { 0x034F, 0x0001, 0x00, 0x06, 0x0010, 0x0003, 0, 0x00000454, 0x00000010 },
    { 0x034F, 0x0001, 0x01, 0x06, 0x0010, 0x0003, 0, 0x00000170, 0x000002A8 },
    { 0x034F, 0x0001, 0x02, 0x06, 0x0010, 0x0003, 0, 0x00000418, 0x0000003C },
    { 0x034F, 0x0002, 0x00, 0x06, 0x0008, 0x0005, 0, 0x00000608, 0x00000010 },
    { 0x034F, 0x0002, 0x01, 0x06, 0x0008, 0x0005, 0, 0x00000470, 0x0000015C },
    { 0x034F, 0x0002, 0x02, 0x06, 0x0008, 0x0005, 0, 0x000005CC, 0x0000003C },
    { 0x034F, 0x0003, 0x00, 0x06, 0x0010, 0x0004, 0, 0x00000924, 0x00000010 },
    { 0x034F, 0x0003, 0x01, 0x06, 0x0010, 0x0004, 0, 0x00000620, 0x000002C8 },
    { 0x034F, 0x0003, 0x02, 0x06, 0x0010, 0x0004, 0, 0x000008E8, 0x0000003C },
    { 0x034F, 0x0004, 0x00, 0x06, 0x001E, 0x0004, 0, 0x00000F9C, 0x00000010 },
    { 0x034F, 0x0004, 0x01, 0x06, 0x001E, 0x0004, 0, 0x00000940, 0x00000620 },
    { 0x034F, 0x0004, 0x02, 0x06, 0x001E, 0x0004, 0, 0x00000F60, 0x0000003C },
    { 0x034F, 0x0005, 0x00, 0x06, 0x0014, 0x0002, 0, 0x00001360, 0x00000010 },
    { 0x034F, 0x0005, 0x01, 0x06, 0x0014, 0x0002, 0, 0x00000FB0, 0x00000374 },
    { 0x034F, 0x0005, 0x02, 0x06, 0x0014, 0x0002, 0, 0x00001324, 0x0000003C },
    { 0x0353, 0x0000, 0x00, 0x06, 0x000C, 0x0006, 0, 0x00000540, 0x00000010 },
    { 0x0353, 0x0000, 0x01, 0x06, 0x000C, 0x0006, 0, 0x00000000, 0x000004A4 },
    { 0x0353, 0x0000, 0x02, 0x06, 0x000C, 0x0006, 0, 0x000004A4, 0x0000009C },
    { 0x0353, 0x0001, 0x00, 0x06, 0x0018, 0x0005, 0, 0x00000FE8, 0x00000010 },
    { 0x0353, 0x0001, 0x01, 0x06, 0x0018, 0x0005, 0, 0x00000550, 0x000009FC },
    { 0x0353, 0x0001, 0x02, 0x06, 0x0018, 0x0005, 0, 0x00000F4C, 0x0000009C },
    { 0x0353, 0x0002, 0x00, 0x06, 0x000A, 0x0006, 0, 0x00001440, 0x00000010 },
    { 0x0353, 0x0002, 0x01, 0x06, 0x000A, 0x0006, 0, 0x00001000, 0x000003A4 },
    { 0x0353, 0x0002, 0x02, 0x06, 0x000A, 0x0006, 0, 0x000013A4, 0x0000009C },
    { 0x0353, 0x0003, 0x00, 0x06, 0x000F, 0x0004, 0, 0x00001B0C, 0x00000010 },
    { 0x0353, 0x0003, 0x01, 0x06, 0x000F, 0x0004, 0, 0x00001450, 0x00000620 },
    { 0x0353, 0x0003, 0x02, 0x06, 0x000F, 0x0004, 0, 0x00001A70, 0x0000009C },
    { 0x0353, 0x0004, 0x00, 0x06, 0x000F, 0x0011, 0, 0x00001FF8, 0x00000010 },
    { 0x0353, 0x0004, 0x01, 0x06, 0x000F, 0x0011, 0, 0x00001B20, 0x0000043C },
    { 0x0353, 0x0004, 0x02, 0x06, 0x000F, 0x0011, 0, 0x00001F5C, 0x0000009C },
    { 0x0353, 0x0005, 0x00, 0x06, 0x001D, 0x0005, 0, 0x00002D2C, 0x00000010 },
    { 0x0353, 0x0005, 0x01, 0x06, 0x001D, 0x0005, 0, 0x00002010, 0x00000C80 },
    { 0x0353, 0x0005, 0x02, 0x06, 0x001D, 0x0005, 0, 0x00002C90, 0x0000009C },
    { 0x0353, 0x0006, 0x00, 0x06, 0x000E, 0x0004, 0, 0x0000343C, 0x00000010 },
    { 0x0353, 0x0006, 0x01, 0x06, 0x000E, 0x0004, 0, 0x00002D40, 0x00000660 },
    { 0x0353, 0x0006, 0x02, 0x06, 0x000E, 0x0004, 0, 0x000033A0, 0x0000009C },
    { 0x0353, 0x0007, 0x00, 0x06, 0x0014, 0x0005, 0, 0x00003D40, 0x00000010 },
    { 0x0353, 0x0007, 0x01, 0x06, 0x0014, 0x0005, 0, 0x00003450, 0x00000854 },
    { 0x0353, 0x0007, 0x02, 0x06, 0x0014, 0x0005, 0, 0x00003CA4, 0x0000009C },
    { 0x0353, 0x0008, 0x00, 0x06, 0x0019, 0x0005, 0, 0x00004884, 0x00000010 },
    { 0x0353, 0x0008, 0x01, 0x06, 0x0019, 0x0005, 0, 0x00003D50, 0x00000A98 },
    { 0x0353, 0x0008, 0x02, 0x06, 0x0019, 0x0005, 0, 0x000047E8, 0x0000009C },
    { 0x0353, 0x0009, 0x00, 0x06, 0x000A, 0x0005, 0, 0x00004DA8, 0x00000010 },
    { 0x0353, 0x0009, 0x01, 0x06, 0x000A, 0x0005, 0, 0x000048A0, 0x0000046C },
    { 0x0353, 0x0009, 0x02, 0x06, 0x000A, 0x0005, 0, 0x00004D0C, 0x0000009C },
    { 0x0353, 0x000A, 0x00, 0x06, 0x0019, 0x0006, 0, 0x000058C4, 0x00000010 },
    { 0x0353, 0x000A, 0x01, 0x06, 0x0019, 0x0006, 0, 0x00004DC0, 0x00000A68 },
    { 0x0353, 0x000A, 0x02, 0x06, 0x0019, 0x0006, 0, 0x00005828, 0x0000009C },
    { 0x0353, 0x000B, 0x00, 0x06, 0x0010, 0x0006, 0, 0x00006028, 0x00000010 },
    { 0x0353, 0x000B, 0x01, 0x06, 0x0010, 0x0006, 0, 0x000058E0, 0x000006AC },
    { 0x0353, 0x000B, 0x02, 0x06, 0x0010, 0x0006, 0, 0x00005F8C, 0x0000009C },
    { 0x0353, 0x000C, 0x00, 0x06, 0x0007, 0x0005, 0, 0x000063CC, 0x00000010 },
    { 0x0353, 0x000C, 0x01, 0x06, 0x0007, 0x0005, 0, 0x00006040, 0x000002F0 },
    { 0x0353, 0x000C, 0x02, 0x06, 0x0007, 0x0005, 0, 0x00006330, 0x0000009C },
    { 0x0353, 0x000D, 0x00, 0x06, 0x0010, 0x0011, 0, 0x000069A0, 0x00000010 },
    { 0x0353, 0x000D, 0x01, 0x06, 0x0010, 0x0011, 0, 0x000063E0, 0x00000524 },
    { 0x0353, 0x000D, 0x02, 0x06, 0x0010, 0x0011, 0, 0x00006904, 0x0000009C },
    { 0x0353, 0x000E, 0x00, 0x06, 0x0019, 0x0008, 0, 0x0000738C, 0x00000010 },
    { 0x0353, 0x000E, 0x01, 0x06, 0x0019, 0x0008, 0, 0x000069B0, 0x00000940 },
    { 0x0353, 0x000E, 0x02, 0x06, 0x0019, 0x0008, 0, 0x000072F0, 0x0000009C },
    { 0x0353, 0x000F, 0x00, 0x06, 0x001E, 0x0004, 0, 0x00008128, 0x00000010 },
    { 0x0353, 0x000F, 0x01, 0x06, 0x001E, 0x0004, 0, 0x000073A0, 0x00000CEC },
    { 0x0353, 0x000F, 0x02, 0x06, 0x001E, 0x0004, 0, 0x0000808C, 0x0000009C },
    { 0x0353, 0x0010, 0x00, 0x06, 0x0017, 0x0006, 0, 0x00008A88, 0x00000010 },
    { 0x0353, 0x0010, 0x01, 0x06, 0x0017, 0x0006, 0, 0x00008140, 0x000008AC },
    { 0x0353, 0x0010, 0x02, 0x06, 0x0017, 0x0006, 0, 0x000089EC, 0x0000009C },
    { 0x0353, 0x0011, 0x00, 0x06, 0x0010, 0x0013, 0, 0x00008F44, 0x00000010 },
    { 0x0353, 0x0011, 0x01, 0x06, 0x0010, 0x0013, 0, 0x00008AA0, 0x00000408 },
    { 0x0353, 0x0011, 0x02, 0x06, 0x0010, 0x0013, 0, 0x00008EA8, 0x0000009C },
    { 0x0353, 0x0012, 0x00, 0x06, 0x0010, 0x0009, 0, 0x000096B0, 0x00000010 },
    { 0x0353, 0x0012, 0x01, 0x06, 0x0010, 0x0009, 0, 0x00008F60, 0x000006B4 },
    { 0x0353, 0x0012, 0x02, 0x06, 0x0010, 0x0009, 0, 0x00009614, 0x0000009C },
    { 0x0353, 0x0013, 0x00, 0x06, 0x0014, 0x001B, 0, 0x00009A14, 0x00000010 },
    { 0x0353, 0x0013, 0x01, 0x06, 0x0014, 0x001B, 0, 0x000096C0, 0x000002B8 },
    { 0x0353, 0x0013, 0x02, 0x06, 0x0014, 0x001B, 0, 0x00009978, 0x0000009C },
    { 0x0353, 0x0014, 0x00, 0x06, 0x0008, 0x0008, 0, 0x00009D5C, 0x00000010 },
    { 0x0353, 0x0014, 0x01, 0x06, 0x0008, 0x0008, 0, 0x00009A30, 0x00000290 },
    { 0x0353, 0x0014, 0x02, 0x06, 0x0008, 0x0008, 0, 0x00009CC0, 0x0000009C },
    { 0x0353, 0x0015, 0x00, 0x06, 0x0014, 0x0006, 0, 0x0000A598, 0x00000010 },
    { 0x0353, 0x0015, 0x01, 0x06, 0x0014, 0x0006, 0, 0x00009D70, 0x0000078C },
    { 0x0353, 0x0015, 0x02, 0x06, 0x0014, 0x0006, 0, 0x0000A4FC, 0x0000009C },
    { 0x0353, 0x0016, 0x00, 0x06, 0x000B, 0x0008, 0, 0x0000AA24, 0x00000010 },
    { 0x0353, 0x0016, 0x01, 0x06, 0x000B, 0x0008, 0, 0x0000A5B0, 0x000003D8 },
    { 0x0353, 0x0016, 0x02, 0x06, 0x000B, 0x0008, 0, 0x0000A988, 0x0000009C },
    { 0x0353, 0x0017, 0x00, 0x06, 0x0019, 0x0006, 0, 0x0000B4AC, 0x00000010 },
    { 0x0353, 0x0017, 0x01, 0x06, 0x0019, 0x0006, 0, 0x0000AA40, 0x000009D0 },
    { 0x0353, 0x0017, 0x02, 0x06, 0x0019, 0x0006, 0, 0x0000B410, 0x0000009C },
    { 0x0353, 0x0018, 0x00, 0x06, 0x0014, 0x0009, 0, 0x0000BC28, 0x00000010 },
    { 0x0353, 0x0018, 0x01, 0x06, 0x0014, 0x0009, 0, 0x0000B4C0, 0x000006CC },
    { 0x0353, 0x0018, 0x02, 0x06, 0x0014, 0x0009, 0, 0x0000BB8C, 0x0000009C },
    { 0x0354, 0x0000, 0x00, 0x06, 0x0046, 0x000D, 0, 0x00001F58, 0x00000010 },
    { 0x0354, 0x0000, 0x01, 0x06, 0x0046, 0x000D, 0, 0x00000000, 0x00001EBC },
    { 0x0354, 0x0000, 0x02, 0x06, 0x0046, 0x000D, 0, 0x00001EBC, 0x0000009C },
    { 0x0354, 0x0001, 0x00, 0x06, 0x0028, 0x000E, 0, 0x00003018, 0x00000010 },
    { 0x0354, 0x0001, 0x01, 0x06, 0x0028, 0x000E, 0, 0x00001F70, 0x0000100C },
    { 0x0354, 0x0001, 0x02, 0x06, 0x0028, 0x000E, 0, 0x00002F7C, 0x0000009C },
    { 0x0354, 0x0002, 0x00, 0x06, 0x0028, 0x000B, 0, 0x00004304, 0x00000010 },
    { 0x0354, 0x0002, 0x01, 0x06, 0x0028, 0x000B, 0, 0x00003030, 0x00001238 },
    { 0x0354, 0x0002, 0x02, 0x06, 0x0028, 0x000B, 0, 0x00004268, 0x0000009C },
    { 0x0354, 0x0003, 0x00, 0x06, 0x001E, 0x0015, 0, 0x00004F64, 0x00000010 },
    { 0x0354, 0x0003, 0x01, 0x06, 0x001E, 0x0015, 0, 0x00004320, 0x00000BA8 },
    { 0x0354, 0x0003, 0x02, 0x06, 0x001E, 0x0015, 0, 0x00004EC8, 0x0000009C },
    { 0x0354, 0x0004, 0x00, 0x06, 0x0032, 0x001F, 0, 0x00005FFC, 0x00000010 },
    { 0x0354, 0x0004, 0x01, 0x06, 0x0032, 0x001F, 0, 0x00004F80, 0x00000FE0 },
    { 0x0354, 0x0004, 0x02, 0x06, 0x0032, 0x001F, 0, 0x00005F60, 0x0000009C },
    { 0x0354, 0x0005, 0x00, 0x06, 0x001E, 0x0019, 0, 0x00006AF4, 0x00000010 },
    { 0x0354, 0x0005, 0x01, 0x06, 0x001E, 0x0019, 0, 0x00006010, 0x00000A48 },
    { 0x0354, 0x0005, 0x02, 0x06, 0x001E, 0x0019, 0, 0x00006A58, 0x0000009C },
    { 0x0354, 0x0006, 0x00, 0x06, 0x0014, 0x0016, 0, 0x00007268, 0x00000010 },
    { 0x0354, 0x0006, 0x01, 0x06, 0x0014, 0x0016, 0, 0x00006B10, 0x000006BC },
    { 0x0354, 0x0006, 0x02, 0x06, 0x0014, 0x0016, 0, 0x000071CC, 0x0000009C },
    { 0x0354, 0x0007, 0x00, 0x06, 0x001E, 0x0020, 0, 0x00007A64, 0x00000010 },
    { 0x0354, 0x0007, 0x01, 0x06, 0x001E, 0x0020, 0, 0x00007280, 0x00000748 },
    { 0x0354, 0x0007, 0x02, 0x06, 0x001E, 0x0020, 0, 0x000079C8, 0x0000009C },
    { 0x0354, 0x0008, 0x00, 0x06, 0x0028, 0x0015, 0, 0x000089F8, 0x00000010 },
    { 0x0354, 0x0008, 0x01, 0x06, 0x0028, 0x0015, 0, 0x00007A80, 0x00000EDC },
    { 0x0354, 0x0008, 0x02, 0x06, 0x0028, 0x0015, 0, 0x0000895C, 0x0000009C },
    { 0x0354, 0x0009, 0x00, 0x06, 0x0032, 0x0018, 0, 0x00009AE0, 0x00000010 },
    { 0x0354, 0x0009, 0x01, 0x06, 0x0032, 0x0018, 0, 0x00008A10, 0x00001034 },
    { 0x0354, 0x0009, 0x02, 0x06, 0x0032, 0x0018, 0, 0x00009A44, 0x0000009C },
    { 0x0354, 0x000A, 0x00, 0x06, 0x002D, 0x0003, 0, 0x0000ADDC, 0x00000010 },
    { 0x0354, 0x000A, 0x01, 0x06, 0x002D, 0x0003, 0, 0x00009AF0, 0x00001250 },
    { 0x0354, 0x000A, 0x02, 0x06, 0x002D, 0x0003, 0, 0x0000AD40, 0x0000009C },
    { 0x0354, 0x000B, 0x00, 0x06, 0x0014, 0x0006, 0, 0x0000B668, 0x00000010 },
    { 0x0354, 0x000B, 0x01, 0x06, 0x0014, 0x0006, 0, 0x0000ADF0, 0x000007DC },
    { 0x0354, 0x000B, 0x02, 0x06, 0x0014, 0x0006, 0, 0x0000B5CC, 0x0000009C },
    { 0x0354, 0x000C, 0x00, 0x06, 0x0014, 0x000A, 0, 0x0000BE38, 0x00000010 },
    { 0x0354, 0x000C, 0x01, 0x06, 0x0014, 0x000A, 0, 0x0000B680, 0x0000071C },
    { 0x0354, 0x000C, 0x02, 0x06, 0x0014, 0x000A, 0, 0x0000BD9C, 0x0000009C },
    { 0x0354, 0x000D, 0x00, 0x06, 0x005F, 0x0004, 0, 0x0000EA00, 0x00000010 },
    { 0x0354, 0x000D, 0x01, 0x06, 0x005F, 0x0004, 0, 0x0000BE50, 0x00002B14 },
    { 0x0354, 0x000D, 0x02, 0x06, 0x005F, 0x0004, 0, 0x0000E964, 0x0000009C },
    { 0x0354, 0x000E, 0x00, 0x06, 0x0014, 0x0008, 0, 0x0000F19C, 0x00000010 },
    { 0x0354, 0x000E, 0x01, 0x06, 0x0014, 0x0008, 0, 0x0000EA10, 0x000006F0 },
    { 0x0354, 0x000E, 0x02, 0x06, 0x0014, 0x0008, 0, 0x0000F100, 0x0000009C },
    { 0x0354, 0x000F, 0x00, 0x06, 0x0028, 0x0005, 0, 0x00010298, 0x00000010 },
    { 0x0354, 0x000F, 0x01, 0x06, 0x0028, 0x0005, 0, 0x0000F1B0, 0x0000104C },
    { 0x0354, 0x000F, 0x02, 0x06, 0x0028, 0x0005, 0, 0x000101FC, 0x0000009C },
    { 0x0354, 0x0010, 0x00, 0x06, 0x0005, 0x0008, 0, 0x00010514, 0x00000010 },
    { 0x0354, 0x0010, 0x01, 0x06, 0x0005, 0x0008, 0, 0x000102B0, 0x000001C8 },
    { 0x0354, 0x0010, 0x02, 0x06, 0x0005, 0x0008, 0, 0x00010478, 0x0000009C },
    { 0x0355, 0x0000, 0x00, 0x06, 0x001E, 0x0010, 0, 0x00000BFC, 0x00000010 },
    { 0x0355, 0x0000, 0x01, 0x06, 0x001E, 0x0010, 0, 0x00000000, 0x00000B60 },
    { 0x0355, 0x0000, 0x02, 0x06, 0x001E, 0x0010, 0, 0x00000B60, 0x0000009C },
    { 0x0355, 0x0001, 0x00, 0x06, 0x0037, 0x000E, 0, 0x00002168, 0x00000010 },
    { 0x0355, 0x0001, 0x01, 0x06, 0x0037, 0x000E, 0, 0x00000C10, 0x000014BC },
    { 0x0355, 0x0001, 0x02, 0x06, 0x0037, 0x000E, 0, 0x000020CC, 0x0000009C },
    { 0x0355, 0x0002, 0x00, 0x06, 0x001C, 0x0019, 0, 0x000028A8, 0x00000010 },
    { 0x0355, 0x0002, 0x01, 0x06, 0x001C, 0x0019, 0, 0x00002180, 0x0000068C },
    { 0x0355, 0x0002, 0x02, 0x06, 0x001C, 0x0019, 0, 0x0000280C, 0x0000009C },
    { 0x0355, 0x0003, 0x00, 0x06, 0x000F, 0x0012, 0, 0x00002E6C, 0x00000010 },
    { 0x0355, 0x0003, 0x01, 0x06, 0x000F, 0x0012, 0, 0x000028C0, 0x00000510 },
    { 0x0355, 0x0003, 0x02, 0x06, 0x000F, 0x0012, 0, 0x00002DD0, 0x0000009C },
    { 0x0355, 0x0004, 0x00, 0x06, 0x0020, 0x001B, 0, 0x00003754, 0x00000010 },
    { 0x0355, 0x0004, 0x01, 0x06, 0x0020, 0x001B, 0, 0x00002E80, 0x00000838 },
    { 0x0355, 0x0004, 0x02, 0x06, 0x0020, 0x001B, 0, 0x000036B8, 0x0000009C },
    { 0x0355, 0x0005, 0x00, 0x06, 0x0003, 0x0033, 0, 0x00003884, 0x00000010 },
    { 0x0355, 0x0005, 0x01, 0x06, 0x0003, 0x0033, 0, 0x00003770, 0x00000078 },
    { 0x0355, 0x0005, 0x02, 0x06, 0x0003, 0x0033, 0, 0x000037E8, 0x0000009C },
    { 0x0355, 0x0006, 0x00, 0x06, 0x0014, 0x001A, 0, 0x00003F38, 0x00000010 },
    { 0x0355, 0x0006, 0x01, 0x06, 0x0014, 0x001A, 0, 0x000038A0, 0x000005FC },
    { 0x0355, 0x0006, 0x02, 0x06, 0x0014, 0x001A, 0, 0x00003E9C, 0x0000009C },
    { 0x0355, 0x0007, 0x00, 0x06, 0x0104, 0x0009, 0, 0x00010380, 0x00000010 },
    { 0x0355, 0x0007, 0x01, 0x06, 0x0104, 0x0009, 0, 0x00003F50, 0x0000C314 },
    { 0x0355, 0x0007, 0x02, 0x06, 0x0104, 0x0009, 0, 0x00010264, 0x0000011C },
    { 0x0355, 0x0008, 0x00, 0x06, 0x0074, 0x0011, 0, 0x000147E0, 0x00000010 },
    { 0x0355, 0x0008, 0x01, 0x06, 0x0074, 0x0011, 0, 0x00010390, 0x00004334 },
    { 0x0355, 0x0008, 0x02, 0x06, 0x0074, 0x0011, 0, 0x000146C4, 0x0000011C },
    { 0x0359, 0x0000, 0x00, 0x06, 0x0008, 0x000A, 0, 0x0000020C, 0x00000010 },
    { 0x0359, 0x0000, 0x01, 0x06, 0x0008, 0x000A, 0, 0x00000000, 0x000001C4 },
    { 0x0359, 0x0000, 0x02, 0x06, 0x0008, 0x000A, 0, 0x000001C4, 0x00000048 },
    { 0x0359, 0x0001, 0x00, 0x06, 0x0010, 0x0003, 0, 0x00000570, 0x00000010 },
    { 0x0359, 0x0001, 0x01, 0x06, 0x0010, 0x0003, 0, 0x00000220, 0x00000308 },
    { 0x0359, 0x0001, 0x02, 0x06, 0x0010, 0x0003, 0, 0x00000528, 0x00000048 },
    { 0x0359, 0x0002, 0x00, 0x06, 0x0008, 0x000F, 0, 0x00000708, 0x00000010 },
    { 0x0359, 0x0002, 0x01, 0x06, 0x0008, 0x000F, 0, 0x00000580, 0x00000140 },
    { 0x0359, 0x0002, 0x02, 0x06, 0x0008, 0x000F, 0, 0x000006C0, 0x00000048 },
    { 0x0359, 0x0003, 0x00, 0x06, 0x0010, 0x0009, 0, 0x000009DC, 0x00000010 },
    { 0x0359, 0x0003, 0x01, 0x06, 0x0010, 0x0009, 0, 0x00000720, 0x00000274 },
    { 0x0359, 0x0003, 0x02, 0x06, 0x0010, 0x0009, 0, 0x00000994, 0x00000048 },
    { 0x0359, 0x0004, 0x00, 0x06, 0x001E, 0x0005, 0, 0x00000FE4, 0x00000010 },
    { 0x0359, 0x0004, 0x01, 0x06, 0x001E, 0x0005, 0, 0x000009F0, 0x000005AC },
    { 0x0359, 0x0004, 0x02, 0x06, 0x001E, 0x0005, 0, 0x00000F9C, 0x00000048 },
    { 0x0359, 0x0005, 0x00, 0x06, 0x0014, 0x0007, 0, 0x00001440, 0x00000010 },
    { 0x0359, 0x0005, 0x01, 0x06, 0x0014, 0x0007, 0, 0x00001000, 0x000003F8 },
    { 0x0359, 0x0005, 0x02, 0x06, 0x0014, 0x0007, 0, 0x000013F8, 0x00000048 },
    { 0x035A, 0x0000, 0x00, 0x06, 0x0018, 0x0002, 0, 0x000003F4, 0x00000010 },
    { 0x035A, 0x0000, 0x01, 0x06, 0x0018, 0x0002, 0, 0x00000000, 0x00000394 },
    { 0x035A, 0x0000, 0x02, 0x06, 0x0018, 0x0002, 0, 0x00000394, 0x00000060 },
    { 0x035A, 0x0001, 0x00, 0x06, 0x0002, 0x001F, 0, 0x00005040, 0x00000010 },
    { 0x035A, 0x0001, 0x01, 0x06, 0x0002, 0x001F, 0, 0x00004F80, 0x00000040 },
    { 0x035A, 0x0001, 0x02, 0x06, 0x0002, 0x001F, 0, 0x00004FC0, 0x00000080 },
    { 0x035B, 0x0000, 0x00, 0x06, 0x001E, 0x0005, 0, 0x00004638, 0x00000010 },
    { 0x035B, 0x0000, 0x01, 0x06, 0x001E, 0x0005, 0, 0x00003BD0, 0x000009E4 },
    { 0x035B, 0x0000, 0x02, 0x06, 0x001E, 0x0005, 0, 0x000045B4, 0x00000084 },
    { 0x035B, 0x0001, 0x00, 0x06, 0x000D, 0x000A, 0, 0x00004AD0, 0x00000010 },
    { 0x035B, 0x0001, 0x01, 0x06, 0x000D, 0x000A, 0, 0x00004690, 0x000003BC },
    { 0x035B, 0x0001, 0x02, 0x06, 0x000D, 0x000A, 0, 0x00004A4C, 0x00000084 },
    { 0x035B, 0x0002, 0x00, 0x06, 0x0004, 0x000B, 0, 0x00004CA4, 0x00000010 },
    { 0x035B, 0x0002, 0x01, 0x06, 0x0004, 0x000B, 0, 0x00004B00, 0x00000120 },
    { 0x035B, 0x0002, 0x02, 0x06, 0x0004, 0x000B, 0, 0x00004C20, 0x00000084 },
    { 0x035B, 0x0003, 0x00, 0x06, 0x0019, 0x000A, 0, 0x00005430, 0x00000010 },
    { 0x035B, 0x0003, 0x01, 0x06, 0x0019, 0x000A, 0, 0x00004CC0, 0x000006EC },
    { 0x035B, 0x0003, 0x02, 0x06, 0x0019, 0x000A, 0, 0x000053AC, 0x00000084 },
    { 0x035B, 0x0004, 0x00, 0x06, 0x0009, 0x000A, 0, 0x000057A0, 0x00000010 },
    { 0x035B, 0x0004, 0x01, 0x06, 0x0009, 0x000A, 0, 0x00005480, 0x0000029C },
    { 0x035B, 0x0004, 0x02, 0x06, 0x0009, 0x000A, 0, 0x0000571C, 0x00000084 },
    { 0x035B, 0x0005, 0x00, 0x06, 0x0007, 0x000E, 0, 0x000098C8, 0x00000010 },
    { 0x035B, 0x0005, 0x01, 0x06, 0x0007, 0x000E, 0, 0x000096A0, 0x000001A4 },
    { 0x035B, 0x0005, 0x02, 0x06, 0x0007, 0x000E, 0, 0x00009844, 0x00000084 },
    { 0x035B, 0x0006, 0x00, 0x06, 0x0008, 0x0015, 0, 0x00009B20, 0x00000010 },
    { 0x035B, 0x0006, 0x01, 0x06, 0x0008, 0x0015, 0, 0x000098F0, 0x000001AC },
    { 0x035B, 0x0006, 0x02, 0x06, 0x0008, 0x0015, 0, 0x00009A9C, 0x00000084 },
    { 0x035B, 0x0007, 0x00, 0x06, 0x001D, 0x0008, 0, 0x0000A4AC, 0x00000010 },
    { 0x035B, 0x0007, 0x01, 0x06, 0x001D, 0x0008, 0, 0x00009B40, 0x000008E8 },
    { 0x035B, 0x0007, 0x02, 0x06, 0x001D, 0x0008, 0, 0x0000A428, 0x00000084 },
    { 0x035C, 0x0000, 0x00, 0x06, 0x000B, 0x0004, 0, 0x00000460, 0x00000010 },
    { 0x035C, 0x0000, 0x01, 0x06, 0x000B, 0x0004, 0, 0x00000000, 0x000003E8 },
    { 0x035C, 0x0000, 0x02, 0x06, 0x000B, 0x0004, 0, 0x000003E8, 0x00000078 },
    { 0x035C, 0x0001, 0x00, 0x06, 0x0010, 0x000A, 0, 0x000009DC, 0x00000010 },
    { 0x035C, 0x0001, 0x01, 0x06, 0x0010, 0x000A, 0, 0x00000490, 0x000004D4 },
    { 0x035C, 0x0001, 0x02, 0x06, 0x0010, 0x000A, 0, 0x00000964, 0x00000078 },
    { 0x035C, 0x0002, 0x00, 0x06, 0x0009, 0x0004, 0, 0x00000D98, 0x00000010 },
    { 0x035C, 0x0002, 0x01, 0x06, 0x0009, 0x0004, 0, 0x00000A10, 0x00000310 },
    { 0x035C, 0x0002, 0x02, 0x06, 0x0009, 0x0004, 0, 0x00000D20, 0x00000078 },
    { 0x035C, 0x0003, 0x00, 0x06, 0x001E, 0x0003, 0, 0x00001854, 0x00000010 },
    { 0x035C, 0x0003, 0x01, 0x06, 0x001E, 0x0003, 0, 0x00000DC0, 0x00000A1C },
    { 0x035C, 0x0003, 0x02, 0x06, 0x001E, 0x0003, 0, 0x000017DC, 0x00000078 },
    { 0x035C, 0x0004, 0x00, 0x06, 0x0010, 0x0004, 0, 0x000047E0, 0x00000010 },
    { 0x035C, 0x0004, 0x01, 0x06, 0x0010, 0x0004, 0, 0x00004200, 0x00000568 },
    { 0x035C, 0x0004, 0x02, 0x06, 0x0010, 0x0004, 0, 0x00004768, 0x00000078 },
    { 0x0361, 0x0000, 0x00, 0x06, 0x001D, 0x0003, 0, 0x0000049C, 0x00000010 },
    { 0x0361, 0x0000, 0x01, 0x06, 0x001D, 0x0003, 0, 0x00000000, 0x00000454 },
    { 0x0361, 0x0000, 0x02, 0x06, 0x001D, 0x0003, 0, 0x00000454, 0x00000048 },
    { 0x0361, 0x0001, 0x00, 0x06, 0x001E, 0x0002, 0, 0x0000C8EC, 0x00000010 },
    { 0x0361, 0x0001, 0x01, 0x06, 0x001E, 0x0002, 0, 0x0000C300, 0x000005A4 },
    { 0x0361, 0x0001, 0x02, 0x06, 0x001E, 0x0002, 0, 0x0000C8A4, 0x00000048 },
    { 0x0363, 0x0000, 0x00, 0x06, 0x0008, 0x000B, 0, 0x000000F0, 0x00000010 },
    { 0x0363, 0x0000, 0x01, 0x06, 0x0008, 0x000B, 0, 0x00000000, 0x000000B8 },
    { 0x0363, 0x0000, 0x02, 0x06, 0x0008, 0x000B, 0, 0x000000B8, 0x00000038 },
    { 0x0364, 0x0000, 0x00, 0x06, 0x001E, 0x0001, 0, 0x000001CC, 0x00000010 },
    { 0x0364, 0x0000, 0x01, 0x06, 0x001E, 0x0001, 0, 0x00000000, 0x000001A8 },
    { 0x0364, 0x0000, 0x02, 0x06, 0x001E, 0x0001, 0, 0x000001A8, 0x00000024 },
    { 0x0364, 0x0001, 0x00, 0x06, 0x001E, 0x0001, 0, 0x00004264, 0x00000010 },
    { 0x0364, 0x0001, 0x01, 0x06, 0x001E, 0x0001, 0, 0x00004020, 0x00000220 },
    { 0x0364, 0x0001, 0x02, 0x06, 0x001E, 0x0001, 0, 0x00004240, 0x00000024 },
    { 0x0364, 0x0002, 0x00, 0x06, 0x0014, 0x0002, 0, 0x00004348, 0x00000010 },
    { 0x0364, 0x0002, 0x01, 0x06, 0x0014, 0x0002, 0, 0x00004280, 0x000000A4 },
    { 0x0364, 0x0002, 0x02, 0x06, 0x0014, 0x0002, 0, 0x00004324, 0x00000024 },
    { 0x0364, 0x0003, 0x00, 0x06, 0x0028, 0x0002, 0, 0x00004E98, 0x00000010 },
    { 0x0364, 0x0003, 0x01, 0x06, 0x0028, 0x0002, 0, 0x00004C40, 0x00000234 },
    { 0x0364, 0x0003, 0x02, 0x06, 0x0028, 0x0002, 0, 0x00004E74, 0x00000024 },
    { 0x036A, 0x0000, 0x00, 0x06, 0x001E, 0x0005, 0, 0x00000654, 0x00000010 },
    { 0x036A, 0x0000, 0x01, 0x06, 0x001E, 0x0005, 0, 0x00000000, 0x000005E8 },
    { 0x036A, 0x0000, 0x02, 0x06, 0x001E, 0x0005, 0, 0x000005E8, 0x0000006C },
    { 0x036A, 0x0001, 0x00, 0x06, 0x0014, 0x0005, 0, 0x0000E5C8, 0x00000010 },
    { 0x036A, 0x0001, 0x01, 0x06, 0x0014, 0x0005, 0, 0x0000E050, 0x0000050C },
    { 0x036A, 0x0001, 0x02, 0x06, 0x0014, 0x0005, 0, 0x0000E55C, 0x0000006C },
    { 0x036A, 0x0002, 0x00, 0x06, 0x001E, 0x000A, 0, 0x0000EBC4, 0x00000010 },
    { 0x036A, 0x0002, 0x01, 0x06, 0x001E, 0x000A, 0, 0x0000E5E0, 0x00000578 },
    { 0x036A, 0x0002, 0x02, 0x06, 0x001E, 0x000A, 0, 0x0000EB58, 0x0000006C },
    { 0x036A, 0x0003, 0x00, 0x06, 0x0041, 0x0004, 0, 0x00010DF8, 0x00000010 },
    { 0x036A, 0x0003, 0x01, 0x06, 0x0041, 0x0004, 0, 0x0000F8B0, 0x000014DC },
    { 0x036A, 0x0003, 0x02, 0x06, 0x0041, 0x0004, 0, 0x00010D8C, 0x0000006C },
    { 0x036A, 0x0004, 0x00, 0x06, 0x0014, 0x0006, 0, 0x00011248, 0x00000010 },
    { 0x036A, 0x0004, 0x01, 0x06, 0x0014, 0x0006, 0, 0x00010E10, 0x000003CC },
    { 0x036A, 0x0004, 0x02, 0x06, 0x0014, 0x0006, 0, 0x000111DC, 0x0000006C },
    { 0x036A, 0x0005, 0x00, 0x06, 0x0014, 0x0005, 0, 0x00011698, 0x00000010 },
    { 0x036A, 0x0005, 0x01, 0x06, 0x0014, 0x0005, 0, 0x00011260, 0x000003CC },
    { 0x036A, 0x0005, 0x02, 0x06, 0x0014, 0x0005, 0, 0x0001162C, 0x0000006C },
    { 0x036A, 0x0006, 0x00, 0x06, 0x0014, 0x0004, 0, 0x00011B34, 0x00000010 },
    { 0x036A, 0x0006, 0x01, 0x06, 0x0014, 0x0004, 0, 0x000116B0, 0x00000418 },
    { 0x036A, 0x0006, 0x02, 0x06, 0x0014, 0x0004, 0, 0x00011AC8, 0x0000006C },
    { 0x036A, 0x0007, 0x00, 0x06, 0x001B, 0x0003, 0, 0x000125E4, 0x00000010 },
    { 0x036A, 0x0007, 0x01, 0x06, 0x001B, 0x0003, 0, 0x00011B50, 0x00000A28 },
    { 0x036A, 0x0007, 0x02, 0x06, 0x001B, 0x0003, 0, 0x00012578, 0x0000006C },
    { 0x036A, 0x0008, 0x00, 0x06, 0x0018, 0x0006, 0, 0x00012E58, 0x00000010 },
    { 0x036A, 0x0008, 0x01, 0x06, 0x0018, 0x0006, 0, 0x00012600, 0x000007EC },
    { 0x036A, 0x0008, 0x02, 0x06, 0x0018, 0x0006, 0, 0x00012DEC, 0x0000006C },
    { 0x036A, 0x0009, 0x00, 0x06, 0x0014, 0x0006, 0, 0x00013280, 0x00000010 },
    { 0x036A, 0x0009, 0x01, 0x06, 0x0014, 0x0006, 0, 0x00012E70, 0x000003A4 },
    { 0x036A, 0x0009, 0x02, 0x06, 0x0014, 0x0006, 0, 0x00013214, 0x0000006C },
    { 0x036A, 0x000A, 0x00, 0x06, 0x0014, 0x0005, 0, 0x00013628, 0x00000010 },
    { 0x036A, 0x000A, 0x01, 0x06, 0x0014, 0x0005, 0, 0x00013290, 0x0000032C },
    { 0x036A, 0x000A, 0x02, 0x06, 0x0014, 0x0005, 0, 0x000135BC, 0x0000006C },
    { 0x036A, 0x000B, 0x00, 0x06, 0x0014, 0x0006, 0, 0x00013A50, 0x00000010 },
    { 0x036A, 0x000B, 0x01, 0x06, 0x0014, 0x0006, 0, 0x00013640, 0x000003A4 },
    { 0x036A, 0x000B, 0x02, 0x06, 0x0014, 0x0006, 0, 0x000139E4, 0x0000006C },
    { 0x036A, 0x000C, 0x00, 0x06, 0x001E, 0x0009, 0, 0x00013EA0, 0x00000010 },
    { 0x036A, 0x000C, 0x01, 0x06, 0x001E, 0x0009, 0, 0x00013A60, 0x000003D4 },
    { 0x036A, 0x000C, 0x02, 0x06, 0x001E, 0x0009, 0, 0x00013E34, 0x0000006C },
    { 0x036A, 0x000D, 0x00, 0x06, 0x0057, 0x0003, 0, 0x00015F14, 0x00000010 },
    { 0x036A, 0x000D, 0x01, 0x06, 0x0057, 0x0003, 0, 0x00013EB0, 0x00001FF8 },
    { 0x036A, 0x000D, 0x02, 0x06, 0x0057, 0x0003, 0, 0x00015EA8, 0x0000006C },
    { 0x036A, 0x000E, 0x00, 0x06, 0x0014, 0x0004, 0, 0x0001726C, 0x00000010 },
    { 0x036A, 0x000E, 0x01, 0x06, 0x0014, 0x0004, 0, 0x00016D20, 0x000004E0 },
    { 0x036A, 0x000E, 0x02, 0x06, 0x0014, 0x0004, 0, 0x00017200, 0x0000006C },
    { 0x036A, 0x000F, 0x00, 0x06, 0x001F, 0x000B, 0, 0x00017818, 0x00000010 },
    { 0x036A, 0x000F, 0x01, 0x06, 0x001F, 0x000B, 0, 0x00017280, 0x0000052C },
    { 0x036A, 0x000F, 0x02, 0x06, 0x001F, 0x000B, 0, 0x000177AC, 0x0000006C },
    { 0x036A, 0x0010, 0x00, 0x06, 0x001C, 0x0004, 0, 0x000169B4, 0x00000010 },
    { 0x036A, 0x0010, 0x01, 0x06, 0x001C, 0x0004, 0, 0x00015F30, 0x00000A18 },
    { 0x036A, 0x0010, 0x02, 0x06, 0x001C, 0x0004, 0, 0x00016948, 0x0000006C },
    { 0x036A, 0x0011, 0x00, 0x06, 0x0018, 0x0015, 0, 0x00016D08, 0x00000010 },
    { 0x036A, 0x0011, 0x01, 0x06, 0x0018, 0x0015, 0, 0x000169D0, 0x000002CC },
    { 0x036A, 0x0011, 0x02, 0x06, 0x0018, 0x0015, 0, 0x00016C9C, 0x0000006C },
    { 0x036A, 0x0012, 0x00, 0x06, 0x0018, 0x0008, 0, 0x0001805C, 0x00000010 },
    { 0x036A, 0x0012, 0x01, 0x06, 0x0018, 0x0008, 0, 0x00017830, 0x000007C0 },
    { 0x036A, 0x0012, 0x02, 0x06, 0x0018, 0x0008, 0, 0x00017FF0, 0x0000006C },
    { 0x036A, 0x0013, 0x00, 0x06, 0x0015, 0x0003, 0, 0x00018898, 0x00000010 },
    { 0x036A, 0x0013, 0x01, 0x06, 0x0015, 0x0003, 0, 0x00018070, 0x000007BC },
    { 0x036A, 0x0013, 0x02, 0x06, 0x0015, 0x0003, 0, 0x0001882C, 0x0000006C },
    { 0x036A, 0x0014, 0x00, 0x06, 0x0018, 0x0007, 0, 0x0001910C, 0x00000010 },
    { 0x036A, 0x0014, 0x01, 0x06, 0x0018, 0x0007, 0, 0x000188B0, 0x000007F0 },
    { 0x036A, 0x0014, 0x02, 0x06, 0x0018, 0x0007, 0, 0x000190A0, 0x0000006C },
    { 0x036A, 0x0015, 0x00, 0x06, 0x0014, 0x0009, 0, 0x00019600, 0x00000010 },
    { 0x036A, 0x0015, 0x01, 0x06, 0x0014, 0x0009, 0, 0x00019120, 0x00000474 },
    { 0x036A, 0x0015, 0x02, 0x06, 0x0014, 0x0009, 0, 0x00019594, 0x0000006C },
    { 0x036A, 0x0016, 0x00, 0x06, 0x000F, 0x0006, 0, 0x0001991C, 0x00000010 },
    { 0x036A, 0x0016, 0x01, 0x06, 0x000F, 0x0006, 0, 0x00019610, 0x000002A0 },
    { 0x036A, 0x0016, 0x02, 0x06, 0x000F, 0x0006, 0, 0x000198B0, 0x0000006C },
    { 0x036A, 0x0017, 0x00, 0x06, 0x001A, 0x0004, 0, 0x0001A2FC, 0x00000010 },
    { 0x036A, 0x0017, 0x01, 0x06, 0x001A, 0x0004, 0, 0x00019930, 0x00000960 },
    { 0x036A, 0x0017, 0x02, 0x06, 0x001A, 0x0004, 0, 0x0001A290, 0x0000006C },
    { 0x036A, 0x0018, 0x00, 0x06, 0x0018, 0x0009, 0, 0x0001AAE0, 0x00000010 },
    { 0x036A, 0x0018, 0x01, 0x06, 0x0018, 0x0009, 0, 0x0001A310, 0x00000764 },
    { 0x036A, 0x0018, 0x02, 0x06, 0x0018, 0x0009, 0, 0x0001AA74, 0x0000006C },
    { 0x036A, 0x0019, 0x00, 0x06, 0x0014, 0x0006, 0, 0x0001AE88, 0x00000010 },
    { 0x036A, 0x0019, 0x01, 0x06, 0x0014, 0x0006, 0, 0x0001AAF0, 0x0000032C },
    { 0x036A, 0x0019, 0x02, 0x06, 0x0014, 0x0006, 0, 0x0001AE1C, 0x0000006C },
    { 0x036A, 0x001A, 0x00, 0x06, 0x0028, 0x0003, 0, 0x0001B874, 0x00000010 },
    { 0x036A, 0x001A, 0x01, 0x06, 0x0028, 0x0003, 0, 0x0001AEA0, 0x00000968 },
    { 0x036A, 0x001A, 0x02, 0x06, 0x0028, 0x0003, 0, 0x0001B808, 0x0000006C },
    { 0x036A, 0x001B, 0x00, 0x06, 0x0014, 0x0005, 0, 0x0001BCF0, 0x00000010 },
    { 0x036A, 0x001B, 0x01, 0x06, 0x0014, 0x0005, 0, 0x0001B890, 0x000003F4 },
    { 0x036A, 0x001B, 0x02, 0x06, 0x0014, 0x0005, 0, 0x0001BC84, 0x0000006C },
    { 0x036A, 0x001C, 0x00, 0x06, 0x0018, 0x0005, 0, 0x0001CE08, 0x00000010 },
    { 0x036A, 0x001C, 0x01, 0x06, 0x0018, 0x0005, 0, 0x0001C7C0, 0x000005DC },
    { 0x036A, 0x001C, 0x02, 0x06, 0x0018, 0x0005, 0, 0x0001CD9C, 0x0000006C },
    { 0x036A, 0x001D, 0x00, 0x06, 0x0023, 0x0005, 0, 0x0001C494, 0x00000010 },
    { 0x036A, 0x001D, 0x01, 0x06, 0x0023, 0x0005, 0, 0x0001BD00, 0x00000728 },
    { 0x036A, 0x001D, 0x02, 0x06, 0x0023, 0x0005, 0, 0x0001C428, 0x0000006C },
    { 0x036A, 0x001E, 0x00, 0x06, 0x0014, 0x000A, 0, 0x0001C7B0, 0x00000010 },
    { 0x036A, 0x001E, 0x01, 0x06, 0x0014, 0x000A, 0, 0x0001C4B0, 0x00000294 },
    { 0x036A, 0x001E, 0x02, 0x06, 0x0014, 0x000A, 0, 0x0001C744, 0x0000006C },
    { 0x036A, 0x001F, 0x00, 0x06, 0x000C, 0x0004, 0, 0x0000F0A4, 0x00000010 },
    { 0x036A, 0x001F, 0x01, 0x06, 0x000C, 0x0004, 0, 0x0000EBE0, 0x00000458 },
    { 0x036A, 0x001F, 0x02, 0x06, 0x000C, 0x0004, 0, 0x0000F038, 0x0000006C },
    { 0x036A, 0x0020, 0x00, 0x06, 0x0018, 0x000B, 0, 0x0000F894, 0x00000010 },
    { 0x036A, 0x0020, 0x01, 0x06, 0x0018, 0x000B, 0, 0x0000F0C0, 0x00000768 },
    { 0x036A, 0x0020, 0x02, 0x06, 0x0018, 0x000B, 0, 0x0000F828, 0x0000006C },
};

#define OOT_PSP_ANIMATION_LAYOUT_ANCHOR_COUNT 3471U

#endif
