#ifndef OOT_PSP_SKELETON_LAYOUTS_H
#define OOT_PSP_SKELETON_LAYOUTS_H

typedef struct OotPspSkeletonLayoutAnchor {
    u16 assetIndex;
    u8 skeletonIndex;
    u8 kind;
    u8 limbIndex;
    u8 childIndex;
    u8 segmentId;
    u8 limbType;
    u8 limbCount;
    u8 dListCount;
    u16 padding;
    u32 targetOffset;
    u32 targetSize;
} OotPspSkeletonLayoutAnchor;

static const OotPspSkeletonLayoutAnchor sOotPspSkeletonLayoutAnchors[] = {
    { 0x01ED, 0x00, 0x00, 0x00, 0x00, 0x04, 0x01, 0x04, 0x00, 0, 0x00006010, 0x00000008 },
    { 0x01ED, 0x00, 0x01, 0x00, 0x00, 0x04, 0x01, 0x04, 0x00, 0, 0x00006000, 0x00000010 },
    { 0x01ED, 0x00, 0x02, 0x00, 0x00, 0x04, 0x01, 0x04, 0x00, 0, 0x00005FC0, 0x00000010 },
    { 0x01ED, 0x00, 0x02, 0x01, 0x00, 0x04, 0x01, 0x04, 0x00, 0, 0x00005FD0, 0x00000010 },
    { 0x01ED, 0x00, 0x02, 0x02, 0x00, 0x04, 0x01, 0x04, 0x00, 0, 0x00005FE0, 0x00000010 },
    { 0x01ED, 0x00, 0x02, 0x03, 0x00, 0x04, 0x01, 0x04, 0x00, 0, 0x00005FF0, 0x00000010 },
    { 0x01ED, 0x00, 0x03, 0x03, 0x00, 0x04, 0x01, 0x04, 0x00, 0, 0x00005AA0, 0x000001E0 },
    { 0x01ED, 0x00, 0x03, 0x03, 0x01, 0x04, 0x01, 0x04, 0x00, 0, 0x00005E20, 0x000001A0 },
    { 0x01ED, 0x01, 0x00, 0x00, 0x00, 0x04, 0x00, 0x04, 0x00, 0, 0x00010418, 0x00000008 },
    { 0x01ED, 0x01, 0x01, 0x00, 0x00, 0x04, 0x00, 0x04, 0x00, 0, 0x00010408, 0x00000010 },
    { 0x01ED, 0x01, 0x02, 0x00, 0x00, 0x04, 0x00, 0x04, 0x00, 0, 0x000103D8, 0x0000000C },
    { 0x01ED, 0x01, 0x02, 0x01, 0x00, 0x04, 0x00, 0x04, 0x00, 0, 0x000103E4, 0x0000000C },
    { 0x01ED, 0x01, 0x02, 0x02, 0x00, 0x04, 0x00, 0x04, 0x00, 0, 0x000103F0, 0x0000000C },
    { 0x01ED, 0x01, 0x02, 0x03, 0x00, 0x04, 0x00, 0x04, 0x00, 0, 0x000103FC, 0x0000000C },
    { 0x01ED, 0x01, 0x03, 0x03, 0x00, 0x04, 0x00, 0x04, 0x00, 0, 0x0000F158, 0x00000148 },
    { 0x01ED, 0x02, 0x00, 0x00, 0x00, 0x04, 0x00, 0x0E, 0x00, 0, 0x00016EE8, 0x00000008 },
    { 0x01ED, 0x02, 0x01, 0x00, 0x00, 0x04, 0x00, 0x0E, 0x00, 0, 0x00016EB0, 0x00000038 },
    { 0x01ED, 0x02, 0x02, 0x00, 0x00, 0x04, 0x00, 0x0E, 0x00, 0, 0x00016E08, 0x0000000C },
    { 0x01ED, 0x02, 0x02, 0x01, 0x00, 0x04, 0x00, 0x0E, 0x00, 0, 0x00016E14, 0x0000000C },
    { 0x01ED, 0x02, 0x02, 0x02, 0x00, 0x04, 0x00, 0x0E, 0x00, 0, 0x00016E20, 0x0000000C },
    { 0x01ED, 0x02, 0x02, 0x03, 0x00, 0x04, 0x00, 0x0E, 0x00, 0, 0x00016E2C, 0x0000000C },
    { 0x01ED, 0x02, 0x02, 0x04, 0x00, 0x04, 0x00, 0x0E, 0x00, 0, 0x00016E38, 0x0000000C },
    { 0x01ED, 0x02, 0x02, 0x05, 0x00, 0x04, 0x00, 0x0E, 0x00, 0, 0x00016E44, 0x0000000C },
    { 0x01ED, 0x02, 0x02, 0x06, 0x00, 0x04, 0x00, 0x0E, 0x00, 0, 0x00016E50, 0x0000000C },
    { 0x01ED, 0x02, 0x02, 0x07, 0x00, 0x04, 0x00, 0x0E, 0x00, 0, 0x00016E5C, 0x0000000C },
    { 0x01ED, 0x02, 0x02, 0x08, 0x00, 0x04, 0x00, 0x0E, 0x00, 0, 0x00016E68, 0x0000000C },
    { 0x01ED, 0x02, 0x02, 0x09, 0x00, 0x04, 0x00, 0x0E, 0x00, 0, 0x00016E74, 0x0000000C },
    { 0x01ED, 0x02, 0x02, 0x0A, 0x00, 0x04, 0x00, 0x0E, 0x00, 0, 0x00016E80, 0x0000000C },
    { 0x01ED, 0x02, 0x02, 0x0B, 0x00, 0x04, 0x00, 0x0E, 0x00, 0, 0x00016E8C, 0x0000000C },
    { 0x01ED, 0x02, 0x02, 0x0C, 0x00, 0x04, 0x00, 0x0E, 0x00, 0, 0x00016E98, 0x0000000C },
    { 0x01ED, 0x02, 0x02, 0x0D, 0x00, 0x04, 0x00, 0x0E, 0x00, 0, 0x00016EA4, 0x0000000C },
    { 0x01ED, 0x02, 0x03, 0x03, 0x00, 0x04, 0x00, 0x0E, 0x00, 0, 0x000158A0, 0x00000088 },
    { 0x01ED, 0x02, 0x03, 0x06, 0x00, 0x04, 0x00, 0x0E, 0x00, 0, 0x00015968, 0x00000088 },
    { 0x01ED, 0x02, 0x03, 0x07, 0x00, 0x04, 0x00, 0x0E, 0x00, 0, 0x00015C20, 0x00000168 },
    { 0x01ED, 0x02, 0x03, 0x0A, 0x00, 0x04, 0x00, 0x0E, 0x00, 0, 0x00015A30, 0x00000088 },
    { 0x01ED, 0x02, 0x03, 0x0D, 0x00, 0x04, 0x00, 0x0E, 0x00, 0, 0x00015AF8, 0x00000088 },
    { 0x01ED, 0x03, 0x00, 0x00, 0x00, 0x04, 0x00, 0x06, 0x03, 0, 0x00019480, 0x0000000C },
    { 0x01ED, 0x03, 0x01, 0x00, 0x00, 0x04, 0x00, 0x06, 0x03, 0, 0x00019468, 0x00000018 },
    { 0x01ED, 0x03, 0x02, 0x00, 0x00, 0x04, 0x00, 0x06, 0x03, 0, 0x00019420, 0x0000000C },
    { 0x01ED, 0x03, 0x02, 0x01, 0x00, 0x04, 0x00, 0x06, 0x03, 0, 0x0001942C, 0x0000000C },
    { 0x01ED, 0x03, 0x02, 0x02, 0x00, 0x04, 0x00, 0x06, 0x03, 0, 0x00019438, 0x0000000C },
    { 0x01ED, 0x03, 0x02, 0x03, 0x00, 0x04, 0x00, 0x06, 0x03, 0, 0x00019444, 0x0000000C },
    { 0x01ED, 0x03, 0x02, 0x04, 0x00, 0x04, 0x00, 0x06, 0x03, 0, 0x00019450, 0x0000000C },
    { 0x01ED, 0x03, 0x02, 0x05, 0x00, 0x04, 0x00, 0x06, 0x03, 0, 0x0001945C, 0x0000000C },
    { 0x01ED, 0x03, 0x03, 0x02, 0x00, 0x04, 0x00, 0x06, 0x03, 0, 0x00018F08, 0x00000118 },
    { 0x01ED, 0x03, 0x03, 0x04, 0x00, 0x04, 0x00, 0x06, 0x03, 0, 0x00018DF0, 0x00000118 },
    { 0x01ED, 0x03, 0x03, 0x05, 0x00, 0x04, 0x00, 0x06, 0x03, 0, 0x00018D50, 0x000000A0 },
    { 0x01ED, 0x04, 0x00, 0x00, 0x00, 0x04, 0x00, 0x17, 0x00, 0, 0x00035A30, 0x00000008 },
    { 0x01ED, 0x04, 0x01, 0x00, 0x00, 0x04, 0x00, 0x17, 0x00, 0, 0x000359D4, 0x0000005C },
    { 0x01ED, 0x04, 0x02, 0x00, 0x00, 0x04, 0x00, 0x17, 0x00, 0, 0x000358C0, 0x0000000C },
    { 0x01ED, 0x04, 0x02, 0x01, 0x00, 0x04, 0x00, 0x17, 0x00, 0, 0x000358CC, 0x0000000C },
    { 0x01ED, 0x04, 0x02, 0x02, 0x00, 0x04, 0x00, 0x17, 0x00, 0, 0x000358D8, 0x0000000C },
    { 0x01ED, 0x04, 0x02, 0x03, 0x00, 0x04, 0x00, 0x17, 0x00, 0, 0x000358E4, 0x0000000C },
    { 0x01ED, 0x04, 0x02, 0x04, 0x00, 0x04, 0x00, 0x17, 0x00, 0, 0x000358F0, 0x0000000C },
    { 0x01ED, 0x04, 0x02, 0x05, 0x00, 0x04, 0x00, 0x17, 0x00, 0, 0x000358FC, 0x0000000C },
    { 0x01ED, 0x04, 0x02, 0x06, 0x00, 0x04, 0x00, 0x17, 0x00, 0, 0x00035908, 0x0000000C },
    { 0x01ED, 0x04, 0x02, 0x07, 0x00, 0x04, 0x00, 0x17, 0x00, 0, 0x00035914, 0x0000000C },
    { 0x01ED, 0x04, 0x02, 0x08, 0x00, 0x04, 0x00, 0x17, 0x00, 0, 0x00035920, 0x0000000C },
    { 0x01ED, 0x04, 0x02, 0x09, 0x00, 0x04, 0x00, 0x17, 0x00, 0, 0x0003592C, 0x0000000C },
    { 0x01ED, 0x04, 0x02, 0x0A, 0x00, 0x04, 0x00, 0x17, 0x00, 0, 0x00035938, 0x0000000C },
    { 0x01ED, 0x04, 0x02, 0x0B, 0x00, 0x04, 0x00, 0x17, 0x00, 0, 0x00035944, 0x0000000C },
    { 0x01ED, 0x04, 0x02, 0x0C, 0x00, 0x04, 0x00, 0x17, 0x00, 0, 0x00035950, 0x0000000C },
    { 0x01ED, 0x04, 0x02, 0x0D, 0x00, 0x04, 0x00, 0x17, 0x00, 0, 0x0003595C, 0x0000000C },
    { 0x01ED, 0x04, 0x02, 0x0E, 0x00, 0x04, 0x00, 0x17, 0x00, 0, 0x00035968, 0x0000000C },
    { 0x01ED, 0x04, 0x02, 0x0F, 0x00, 0x04, 0x00, 0x17, 0x00, 0, 0x00035974, 0x0000000C },
    { 0x01ED, 0x04, 0x02, 0x10, 0x00, 0x04, 0x00, 0x17, 0x00, 0, 0x00035980, 0x0000000C },
    { 0x01ED, 0x04, 0x02, 0x11, 0x00, 0x04, 0x00, 0x17, 0x00, 0, 0x0003598C, 0x0000000C },
    { 0x01ED, 0x04, 0x02, 0x12, 0x00, 0x04, 0x00, 0x17, 0x00, 0, 0x00035998, 0x0000000C },
    { 0x01ED, 0x04, 0x02, 0x13, 0x00, 0x04, 0x00, 0x17, 0x00, 0, 0x000359A4, 0x0000000C },
    { 0x01ED, 0x04, 0x02, 0x14, 0x00, 0x04, 0x00, 0x17, 0x00, 0, 0x000359B0, 0x0000000C },
    { 0x01ED, 0x04, 0x02, 0x15, 0x00, 0x04, 0x00, 0x17, 0x00, 0, 0x000359BC, 0x0000000C },
    { 0x01ED, 0x04, 0x02, 0x16, 0x00, 0x04, 0x00, 0x17, 0x00, 0, 0x000359C8, 0x0000000C },
    { 0x01ED, 0x04, 0x03, 0x02, 0x00, 0x04, 0x00, 0x17, 0x00, 0, 0x00034EF0, 0x00000010 },
    { 0x01ED, 0x04, 0x03, 0x06, 0x00, 0x04, 0x00, 0x17, 0x00, 0, 0x00034DF0, 0x00000010 },
    { 0x01ED, 0x04, 0x03, 0x07, 0x00, 0x04, 0x00, 0x17, 0x00, 0, 0x00034D00, 0x00000010 },
    { 0x01ED, 0x04, 0x03, 0x0B, 0x00, 0x04, 0x00, 0x17, 0x00, 0, 0x00034C10, 0x00000010 },
    { 0x01ED, 0x04, 0x03, 0x0C, 0x00, 0x04, 0x00, 0x17, 0x00, 0, 0x00034B20, 0x00000010 },
    { 0x01ED, 0x04, 0x03, 0x10, 0x00, 0x04, 0x00, 0x17, 0x00, 0, 0x00034850, 0x00000010 },
    { 0x01ED, 0x04, 0x03, 0x11, 0x00, 0x04, 0x00, 0x17, 0x00, 0, 0x00034760, 0x00000010 },
    { 0x01ED, 0x04, 0x03, 0x15, 0x00, 0x04, 0x00, 0x17, 0x00, 0, 0x00034A30, 0x00000010 },
    { 0x01ED, 0x04, 0x03, 0x16, 0x00, 0x04, 0x00, 0x17, 0x00, 0, 0x00034940, 0x00000010 },
    { 0x01EE, 0x00, 0x00, 0x00, 0x00, 0x05, 0x00, 0x07, 0x00, 0, 0x000036F0, 0x00000008 },
    { 0x01EE, 0x00, 0x01, 0x00, 0x00, 0x05, 0x00, 0x07, 0x00, 0, 0x000036D4, 0x0000001C },
    { 0x01EE, 0x00, 0x02, 0x00, 0x00, 0x05, 0x00, 0x07, 0x00, 0, 0x00003680, 0x0000000C },
    { 0x01EE, 0x00, 0x02, 0x01, 0x00, 0x05, 0x00, 0x07, 0x00, 0, 0x0000368C, 0x0000000C },
    { 0x01EE, 0x00, 0x02, 0x02, 0x00, 0x05, 0x00, 0x07, 0x00, 0, 0x00003698, 0x0000000C },
    { 0x01EE, 0x00, 0x02, 0x03, 0x00, 0x05, 0x00, 0x07, 0x00, 0, 0x000036A4, 0x0000000C },
    { 0x01EE, 0x00, 0x02, 0x04, 0x00, 0x05, 0x00, 0x07, 0x00, 0, 0x000036B0, 0x0000000C },
    { 0x01EE, 0x00, 0x02, 0x05, 0x00, 0x05, 0x00, 0x07, 0x00, 0, 0x000036BC, 0x0000000C },
    { 0x01EE, 0x00, 0x02, 0x06, 0x00, 0x05, 0x00, 0x07, 0x00, 0, 0x000036C8, 0x0000000C },
    { 0x01EE, 0x00, 0x03, 0x03, 0x00, 0x05, 0x00, 0x07, 0x00, 0, 0x00002530, 0x00000010 },
    { 0x01EE, 0x00, 0x03, 0x06, 0x00, 0x05, 0x00, 0x07, 0x00, 0, 0x00002630, 0x00000010 },
    { 0x01EE, 0x01, 0x00, 0x00, 0x00, 0x05, 0x00, 0x05, 0x00, 0, 0x000088F8, 0x00000008 },
    { 0x01EE, 0x01, 0x01, 0x00, 0x00, 0x05, 0x00, 0x05, 0x00, 0, 0x000088E4, 0x00000014 },
    { 0x01EE, 0x01, 0x02, 0x00, 0x00, 0x05, 0x00, 0x05, 0x00, 0, 0x000088A8, 0x0000000C },
    { 0x01EE, 0x01, 0x02, 0x01, 0x00, 0x05, 0x00, 0x05, 0x00, 0, 0x000088B4, 0x0000000C },
    { 0x01EE, 0x01, 0x02, 0x02, 0x00, 0x05, 0x00, 0x05, 0x00, 0, 0x000088C0, 0x0000000C },
    { 0x01EE, 0x01, 0x02, 0x03, 0x00, 0x05, 0x00, 0x05, 0x00, 0, 0x000088CC, 0x0000000C },
    { 0x01EE, 0x01, 0x02, 0x04, 0x00, 0x05, 0x00, 0x05, 0x00, 0, 0x000088D8, 0x0000000C },
    { 0x01EE, 0x01, 0x03, 0x03, 0x00, 0x05, 0x00, 0x05, 0x00, 0, 0x00006458, 0x00000010 },
    { 0x01EE, 0x01, 0x03, 0x04, 0x00, 0x05, 0x00, 0x05, 0x00, 0, 0x000061F8, 0x00000010 },
    { 0x01F1, 0x00, 0x00, 0x00, 0x00, 0x06, 0x01, 0x15, 0x12, 0, 0x000377F4, 0x0000000C },
    { 0x01F1, 0x00, 0x01, 0x00, 0x00, 0x06, 0x01, 0x15, 0x12, 0, 0x000377A0, 0x00000054 },
    { 0x01F1, 0x00, 0x02, 0x00, 0x00, 0x06, 0x01, 0x15, 0x12, 0, 0x00037650, 0x00000010 },
    { 0x01F1, 0x00, 0x02, 0x01, 0x00, 0x06, 0x01, 0x15, 0x12, 0, 0x00037660, 0x00000010 },
    { 0x01F1, 0x00, 0x02, 0x02, 0x00, 0x06, 0x01, 0x15, 0x12, 0, 0x00037670, 0x00000010 },
    { 0x01F1, 0x00, 0x02, 0x03, 0x00, 0x06, 0x01, 0x15, 0x12, 0, 0x00037680, 0x00000010 },
    { 0x01F1, 0x00, 0x02, 0x04, 0x00, 0x06, 0x01, 0x15, 0x12, 0, 0x00037690, 0x00000010 },
    { 0x01F1, 0x00, 0x02, 0x05, 0x00, 0x06, 0x01, 0x15, 0x12, 0, 0x000376A0, 0x00000010 },
    { 0x01F1, 0x00, 0x02, 0x06, 0x00, 0x06, 0x01, 0x15, 0x12, 0, 0x000376B0, 0x00000010 },
    { 0x01F1, 0x00, 0x02, 0x07, 0x00, 0x06, 0x01, 0x15, 0x12, 0, 0x000376C0, 0x00000010 },
    { 0x01F1, 0x00, 0x02, 0x08, 0x00, 0x06, 0x01, 0x15, 0x12, 0, 0x000376D0, 0x00000010 },
    { 0x01F1, 0x00, 0x02, 0x09, 0x00, 0x06, 0x01, 0x15, 0x12, 0, 0x000376E0, 0x00000010 },
    { 0x01F1, 0x00, 0x02, 0x0A, 0x00, 0x06, 0x01, 0x15, 0x12, 0, 0x000376F0, 0x00000010 },
    { 0x01F1, 0x00, 0x02, 0x0B, 0x00, 0x06, 0x01, 0x15, 0x12, 0, 0x00037700, 0x00000010 },
    { 0x01F1, 0x00, 0x02, 0x0C, 0x00, 0x06, 0x01, 0x15, 0x12, 0, 0x00037710, 0x00000010 },
    { 0x01F1, 0x00, 0x02, 0x0D, 0x00, 0x06, 0x01, 0x15, 0x12, 0, 0x00037720, 0x00000010 },
    { 0x01F1, 0x00, 0x02, 0x0E, 0x00, 0x06, 0x01, 0x15, 0x12, 0, 0x00037730, 0x00000010 },
    { 0x01F1, 0x00, 0x02, 0x0F, 0x00, 0x06, 0x01, 0x15, 0x12, 0, 0x00037740, 0x00000010 },
    { 0x01F1, 0x00, 0x02, 0x10, 0x00, 0x06, 0x01, 0x15, 0x12, 0, 0x00037750, 0x00000010 },
    { 0x01F1, 0x00, 0x02, 0x11, 0x00, 0x06, 0x01, 0x15, 0x12, 0, 0x00037760, 0x00000010 },
    { 0x01F1, 0x00, 0x02, 0x12, 0x00, 0x06, 0x01, 0x15, 0x12, 0, 0x00037770, 0x00000010 },
    { 0x01F1, 0x00, 0x02, 0x13, 0x00, 0x06, 0x01, 0x15, 0x12, 0, 0x00037780, 0x00000010 },
    { 0x01F1, 0x00, 0x02, 0x14, 0x00, 0x06, 0x01, 0x15, 0x12, 0, 0x00037790, 0x00000010 },
    { 0x01F1, 0x00, 0x03, 0x01, 0x00, 0x06, 0x01, 0x15, 0x12, 0, 0x00035330, 0x00000348 },
    { 0x01F1, 0x00, 0x03, 0x01, 0x01, 0x06, 0x01, 0x15, 0x12, 0, 0x0002F530, 0x00000270 },
    { 0x01F1, 0x00, 0x03, 0x03, 0x00, 0x06, 0x01, 0x15, 0x12, 0, 0x00035678, 0x00000238 },
    { 0x01F1, 0x00, 0x03, 0x03, 0x01, 0x06, 0x01, 0x15, 0x12, 0, 0x0002F7A0, 0x00000218 },
    { 0x01F1, 0x00, 0x03, 0x04, 0x00, 0x06, 0x01, 0x15, 0x12, 0, 0x000358B0, 0x000002B0 },
    { 0x01F1, 0x00, 0x03, 0x04, 0x01, 0x06, 0x01, 0x15, 0x12, 0, 0x0002F9B8, 0x000001C8 },
    { 0x01F1, 0x00, 0x03, 0x05, 0x00, 0x06, 0x01, 0x15, 0x12, 0, 0x00035B60, 0x00000158 },
    { 0x01F1, 0x00, 0x03, 0x05, 0x01, 0x06, 0x01, 0x15, 0x12, 0, 0x0002FB80, 0x00000120 },
    { 0x01F1, 0x00, 0x03, 0x06, 0x00, 0x06, 0x01, 0x15, 0x12, 0, 0x00035CB8, 0x00000238 },
    { 0x01F1, 0x00, 0x03, 0x06, 0x01, 0x06, 0x01, 0x15, 0x12, 0, 0x0002FCA0, 0x00000220 },
    { 0x01F1, 0x00, 0x03, 0x07, 0x00, 0x06, 0x01, 0x15, 0x12, 0, 0x00035EF0, 0x000002B0 },
    { 0x01F1, 0x00, 0x03, 0x07, 0x01, 0x06, 0x01, 0x15, 0x12, 0, 0x0002FEC0, 0x000001C8 },
    { 0x01F1, 0x00, 0x03, 0x08, 0x00, 0x06, 0x01, 0x15, 0x12, 0, 0x000361A0, 0x00000158 },
    { 0x01F1, 0x00, 0x03, 0x08, 0x01, 0x06, 0x01, 0x15, 0x12, 0, 0x00030088, 0x00000120 },
    { 0x01F1, 0x00, 0x03, 0x0A, 0x00, 0x06, 0x01, 0x15, 0x12, 0, 0x000365E8, 0x00000748 },
    { 0x01F1, 0x00, 0x03, 0x0A, 0x01, 0x06, 0x01, 0x15, 0x12, 0, 0x00030400, 0x000005B0 },
    { 0x01F1, 0x00, 0x03, 0x0B, 0x00, 0x06, 0x01, 0x15, 0x12, 0, 0x00036D30, 0x00000128 },
    { 0x01F1, 0x00, 0x03, 0x0B, 0x01, 0x06, 0x01, 0x15, 0x12, 0, 0x000309B0, 0x000000F0 },
    { 0x01F1, 0x00, 0x03, 0x0C, 0x00, 0x06, 0x01, 0x15, 0x12, 0, 0x000362F8, 0x000000C0 },
    { 0x01F1, 0x00, 0x03, 0x0C, 0x01, 0x06, 0x01, 0x15, 0x12, 0, 0x000301A8, 0x000000A8 },
    { 0x01F1, 0x00, 0x03, 0x0D, 0x00, 0x06, 0x01, 0x15, 0x12, 0, 0x00037210, 0x000001C8 },
    { 0x01F1, 0x00, 0x03, 0x0D, 0x01, 0x06, 0x01, 0x15, 0x12, 0, 0x00030EF8, 0x000001A8 },
    { 0x01F1, 0x00, 0x03, 0x0E, 0x00, 0x06, 0x01, 0x15, 0x12, 0, 0x000373D8, 0x00000278 },
    { 0x01F1, 0x00, 0x03, 0x0E, 0x01, 0x06, 0x01, 0x15, 0x12, 0, 0x000310A0, 0x000002B0 },
    { 0x01F1, 0x00, 0x03, 0x0F, 0x00, 0x06, 0x01, 0x15, 0x12, 0, 0x00021AA8, 0x00000240 },
    { 0x01F1, 0x00, 0x03, 0x0F, 0x01, 0x06, 0x01, 0x15, 0x12, 0, 0x00026C58, 0x00000198 },
    { 0x01F1, 0x00, 0x03, 0x10, 0x00, 0x06, 0x01, 0x15, 0x12, 0, 0x00036E58, 0x000001C0 },
    { 0x01F1, 0x00, 0x03, 0x10, 0x01, 0x06, 0x01, 0x15, 0x12, 0, 0x00030AA0, 0x000001A8 },
    { 0x01F1, 0x00, 0x03, 0x11, 0x00, 0x06, 0x01, 0x15, 0x12, 0, 0x00037018, 0x000001F8 },
    { 0x01F1, 0x00, 0x03, 0x11, 0x01, 0x06, 0x01, 0x15, 0x12, 0, 0x00030C48, 0x000002B0 },
    { 0x01F1, 0x00, 0x03, 0x12, 0x00, 0x06, 0x01, 0x15, 0x12, 0, 0x00022498, 0x00000248 },
    { 0x01F1, 0x00, 0x03, 0x12, 0x01, 0x06, 0x01, 0x15, 0x12, 0, 0x000274F8, 0x00000198 },
    { 0x01F1, 0x00, 0x03, 0x13, 0x00, 0x06, 0x01, 0x15, 0x12, 0, 0x00023160, 0x00000280 },
    { 0x01F1, 0x00, 0x03, 0x13, 0x01, 0x06, 0x01, 0x15, 0x12, 0, 0x00027F00, 0x00000250 },
    { 0x01F1, 0x00, 0x03, 0x14, 0x00, 0x06, 0x01, 0x15, 0x12, 0, 0x000363B8, 0x00000230 },
    { 0x01F1, 0x00, 0x03, 0x14, 0x01, 0x06, 0x01, 0x15, 0x12, 0, 0x00030250, 0x000001B0 },
    { 0x01F2, 0x00, 0x00, 0x00, 0x00, 0x06, 0x01, 0x15, 0x12, 0, 0x0002CF6C, 0x0000000C },
    { 0x01F2, 0x00, 0x01, 0x00, 0x00, 0x06, 0x01, 0x15, 0x12, 0, 0x0002CF18, 0x00000054 },
    { 0x01F2, 0x00, 0x02, 0x00, 0x00, 0x06, 0x01, 0x15, 0x12, 0, 0x0002CDC8, 0x00000010 },
    { 0x01F2, 0x00, 0x02, 0x01, 0x00, 0x06, 0x01, 0x15, 0x12, 0, 0x0002CDD8, 0x00000010 },
    { 0x01F2, 0x00, 0x02, 0x02, 0x00, 0x06, 0x01, 0x15, 0x12, 0, 0x0002CDE8, 0x00000010 },
    { 0x01F2, 0x00, 0x02, 0x03, 0x00, 0x06, 0x01, 0x15, 0x12, 0, 0x0002CDF8, 0x00000010 },
    { 0x01F2, 0x00, 0x02, 0x04, 0x00, 0x06, 0x01, 0x15, 0x12, 0, 0x0002CE08, 0x00000010 },
    { 0x01F2, 0x00, 0x02, 0x05, 0x00, 0x06, 0x01, 0x15, 0x12, 0, 0x0002CE18, 0x00000010 },
    { 0x01F2, 0x00, 0x02, 0x06, 0x00, 0x06, 0x01, 0x15, 0x12, 0, 0x0002CE28, 0x00000010 },
    { 0x01F2, 0x00, 0x02, 0x07, 0x00, 0x06, 0x01, 0x15, 0x12, 0, 0x0002CE38, 0x00000010 },
    { 0x01F2, 0x00, 0x02, 0x08, 0x00, 0x06, 0x01, 0x15, 0x12, 0, 0x0002CE48, 0x00000010 },
    { 0x01F2, 0x00, 0x02, 0x09, 0x00, 0x06, 0x01, 0x15, 0x12, 0, 0x0002CE58, 0x00000010 },
    { 0x01F2, 0x00, 0x02, 0x0A, 0x00, 0x06, 0x01, 0x15, 0x12, 0, 0x0002CE68, 0x00000010 },
    { 0x01F2, 0x00, 0x02, 0x0B, 0x00, 0x06, 0x01, 0x15, 0x12, 0, 0x0002CE78, 0x00000010 },
    { 0x01F2, 0x00, 0x02, 0x0C, 0x00, 0x06, 0x01, 0x15, 0x12, 0, 0x0002CE88, 0x00000010 },
    { 0x01F2, 0x00, 0x02, 0x0D, 0x00, 0x06, 0x01, 0x15, 0x12, 0, 0x0002CE98, 0x00000010 },
    { 0x01F2, 0x00, 0x02, 0x0E, 0x00, 0x06, 0x01, 0x15, 0x12, 0, 0x0002CEA8, 0x00000010 },
    { 0x01F2, 0x00, 0x02, 0x0F, 0x00, 0x06, 0x01, 0x15, 0x12, 0, 0x0002CEB8, 0x00000010 },
    { 0x01F2, 0x00, 0x02, 0x10, 0x00, 0x06, 0x01, 0x15, 0x12, 0, 0x0002CEC8, 0x00000010 },
    { 0x01F2, 0x00, 0x02, 0x11, 0x00, 0x06, 0x01, 0x15, 0x12, 0, 0x0002CED8, 0x00000010 },
    { 0x01F2, 0x00, 0x02, 0x12, 0x00, 0x06, 0x01, 0x15, 0x12, 0, 0x0002CEE8, 0x00000010 },
    { 0x01F2, 0x00, 0x02, 0x13, 0x00, 0x06, 0x01, 0x15, 0x12, 0, 0x0002CEF8, 0x00000010 },
    { 0x01F2, 0x00, 0x02, 0x14, 0x00, 0x06, 0x01, 0x15, 0x12, 0, 0x0002CF08, 0x00000010 },
    { 0x01F2, 0x00, 0x03, 0x01, 0x00, 0x06, 0x01, 0x15, 0x12, 0, 0x000202A8, 0x00000248 },
    { 0x01F2, 0x00, 0x03, 0x01, 0x01, 0x06, 0x01, 0x15, 0x12, 0, 0x0001AEC8, 0x00000230 },
    { 0x01F2, 0x00, 0x03, 0x03, 0x00, 0x06, 0x01, 0x15, 0x12, 0, 0x000204F0, 0x000001F8 },
    { 0x01F2, 0x00, 0x03, 0x03, 0x01, 0x06, 0x01, 0x15, 0x12, 0, 0x0001B0F8, 0x000001C0 },
    { 0x01F2, 0x00, 0x03, 0x04, 0x00, 0x06, 0x01, 0x15, 0x12, 0, 0x000206E8, 0x00000290 },
    { 0x01F2, 0x00, 0x03, 0x04, 0x01, 0x06, 0x01, 0x15, 0x12, 0, 0x0001B2B8, 0x00000258 },
    { 0x01F2, 0x00, 0x03, 0x05, 0x00, 0x06, 0x01, 0x15, 0x12, 0, 0x00020978, 0x00000160 },
    { 0x01F2, 0x00, 0x03, 0x05, 0x01, 0x06, 0x01, 0x15, 0x12, 0, 0x0001B510, 0x00000128 },
    { 0x01F2, 0x00, 0x03, 0x06, 0x00, 0x06, 0x01, 0x15, 0x12, 0, 0x00020AD8, 0x000001F8 },
    { 0x01F2, 0x00, 0x03, 0x06, 0x01, 0x06, 0x01, 0x15, 0x12, 0, 0x0001B638, 0x000001C0 },
    { 0x01F2, 0x00, 0x03, 0x07, 0x00, 0x06, 0x01, 0x15, 0x12, 0, 0x00020CD0, 0x00000290 },
    { 0x01F2, 0x00, 0x03, 0x07, 0x01, 0x06, 0x01, 0x15, 0x12, 0, 0x0001B7F8, 0x00000258 },
    { 0x01F2, 0x00, 0x03, 0x08, 0x00, 0x06, 0x01, 0x15, 0x12, 0, 0x00020F60, 0x00000160 },
    { 0x01F2, 0x00, 0x03, 0x08, 0x01, 0x06, 0x01, 0x15, 0x12, 0, 0x0001BA50, 0x00000128 },
    { 0x01F2, 0x00, 0x03, 0x0A, 0x00, 0x06, 0x01, 0x15, 0x12, 0, 0x00021360, 0x00000650 },
    { 0x01F2, 0x00, 0x03, 0x0A, 0x01, 0x06, 0x01, 0x15, 0x12, 0, 0x0001BDA0, 0x00000508 },
    { 0x01F2, 0x00, 0x03, 0x0B, 0x00, 0x06, 0x01, 0x15, 0x12, 0, 0x000219B0, 0x00000138 },
    { 0x01F2, 0x00, 0x03, 0x0B, 0x01, 0x06, 0x01, 0x15, 0x12, 0, 0x0001C2A8, 0x000000F0 },
    { 0x01F2, 0x00, 0x03, 0x0C, 0x00, 0x06, 0x01, 0x15, 0x12, 0, 0x000210C0, 0x00000070 },
    { 0x01F2, 0x00, 0x03, 0x0C, 0x01, 0x06, 0x01, 0x15, 0x12, 0, 0x0001BB78, 0x00000060 },
    { 0x01F2, 0x00, 0x03, 0x0D, 0x00, 0x06, 0x01, 0x15, 0x12, 0, 0x00021E18, 0x000001D0 },
    { 0x01F2, 0x00, 0x03, 0x0D, 0x01, 0x06, 0x01, 0x15, 0x12, 0, 0x0001C688, 0x000001C0 },
    { 0x01F2, 0x00, 0x03, 0x0E, 0x00, 0x06, 0x01, 0x15, 0x12, 0, 0x00021FE8, 0x00000160 },
    { 0x01F2, 0x00, 0x03, 0x0E, 0x01, 0x06, 0x01, 0x15, 0x12, 0, 0x0001C848, 0x00000130 },
    { 0x01F2, 0x00, 0x03, 0x0F, 0x00, 0x06, 0x01, 0x15, 0x12, 0, 0x00013CB0, 0x00000168 },
    { 0x01F2, 0x00, 0x03, 0x0F, 0x01, 0x06, 0x01, 0x15, 0x12, 0, 0x00016280, 0x00000140 },
    { 0x01F2, 0x00, 0x03, 0x10, 0x00, 0x06, 0x01, 0x15, 0x12, 0, 0x00021AE8, 0x000001D0 },
    { 0x01F2, 0x00, 0x03, 0x10, 0x01, 0x06, 0x01, 0x15, 0x12, 0, 0x0001C398, 0x000001C0 },
    { 0x01F2, 0x00, 0x03, 0x11, 0x00, 0x06, 0x01, 0x15, 0x12, 0, 0x00021CB8, 0x00000160 },
    { 0x01F2, 0x00, 0x03, 0x11, 0x01, 0x06, 0x01, 0x15, 0x12, 0, 0x0001C558, 0x00000130 },
    { 0x01F2, 0x00, 0x03, 0x12, 0x00, 0x06, 0x01, 0x15, 0x12, 0, 0x000141C0, 0x00000160 },
    { 0x01F2, 0x00, 0x03, 0x12, 0x01, 0x06, 0x01, 0x15, 0x12, 0, 0x000164E0, 0x00000140 },
    { 0x01F2, 0x00, 0x03, 0x13, 0x00, 0x06, 0x01, 0x15, 0x12, 0, 0x00015248, 0x000001C0 },
    { 0x01F2, 0x00, 0x03, 0x13, 0x01, 0x06, 0x01, 0x15, 0x12, 0, 0x00017360, 0x000001A0 },
    { 0x01F2, 0x00, 0x03, 0x14, 0x00, 0x06, 0x01, 0x15, 0x12, 0, 0x00021130, 0x00000230 },
    { 0x01F2, 0x00, 0x03, 0x14, 0x01, 0x06, 0x01, 0x15, 0x12, 0, 0x0001BBD8, 0x000001C8 },
    { 0x01F3, 0x00, 0x00, 0x00, 0x00, 0x06, 0x03, 0x0E, 0x00, 0, 0x00005EB8, 0x00000008 },
    { 0x01F3, 0x00, 0x01, 0x00, 0x00, 0x06, 0x03, 0x0E, 0x00, 0, 0x00005E80, 0x00000038 },
    { 0x01F3, 0x00, 0x02, 0x00, 0x00, 0x06, 0x03, 0x0E, 0x00, 0, 0x00005DD8, 0x0000000C },
    { 0x01F3, 0x00, 0x02, 0x01, 0x00, 0x06, 0x03, 0x0E, 0x00, 0, 0x00005DE4, 0x0000000C },
    { 0x01F3, 0x00, 0x02, 0x02, 0x00, 0x06, 0x03, 0x0E, 0x00, 0, 0x00005DF0, 0x0000000C },
    { 0x01F3, 0x00, 0x02, 0x03, 0x00, 0x06, 0x03, 0x0E, 0x00, 0, 0x00005DFC, 0x0000000C },
    { 0x01F3, 0x00, 0x02, 0x04, 0x00, 0x06, 0x03, 0x0E, 0x00, 0, 0x00005E08, 0x0000000C },
    { 0x01F3, 0x00, 0x02, 0x05, 0x00, 0x06, 0x03, 0x0E, 0x00, 0, 0x00005E14, 0x0000000C },
    { 0x01F3, 0x00, 0x02, 0x06, 0x00, 0x06, 0x03, 0x0E, 0x00, 0, 0x00005E20, 0x0000000C },
    { 0x01F3, 0x00, 0x02, 0x07, 0x00, 0x06, 0x03, 0x0E, 0x00, 0, 0x00005E2C, 0x0000000C },
    { 0x01F3, 0x00, 0x02, 0x08, 0x00, 0x06, 0x03, 0x0E, 0x00, 0, 0x00005E38, 0x0000000C },
    { 0x01F3, 0x00, 0x02, 0x09, 0x00, 0x06, 0x03, 0x0E, 0x00, 0, 0x00005E44, 0x0000000C },
    { 0x01F3, 0x00, 0x02, 0x0A, 0x00, 0x06, 0x03, 0x0E, 0x00, 0, 0x00005E50, 0x0000000C },
    { 0x01F3, 0x00, 0x02, 0x0B, 0x00, 0x06, 0x03, 0x0E, 0x00, 0, 0x00005E5C, 0x0000000C },
    { 0x01F3, 0x00, 0x02, 0x0C, 0x00, 0x06, 0x03, 0x0E, 0x00, 0, 0x00005E68, 0x0000000C },
    { 0x01F3, 0x00, 0x02, 0x0D, 0x00, 0x06, 0x03, 0x0E, 0x00, 0, 0x00005E74, 0x0000000C },
    { 0x01F3, 0x00, 0x03, 0x01, 0x01, 0x06, 0x03, 0x0E, 0x00, 0, 0x000059D0, 0x000000E8 },
    { 0x01F3, 0x00, 0x03, 0x04, 0x01, 0x06, 0x03, 0x0E, 0x00, 0, 0x00005C48, 0x000000C8 },
    { 0x01F3, 0x00, 0x03, 0x07, 0x01, 0x06, 0x03, 0x0E, 0x00, 0, 0x00005B80, 0x000000C8 },
    { 0x01F3, 0x00, 0x03, 0x0A, 0x01, 0x06, 0x03, 0x0E, 0x00, 0, 0x00005D10, 0x000000C8 },
    { 0x01F3, 0x00, 0x03, 0x0D, 0x01, 0x06, 0x03, 0x0E, 0x00, 0, 0x00005AB8, 0x000000C8 },
    { 0x01F3, 0x01, 0x00, 0x00, 0x00, 0x06, 0x00, 0x04, 0x03, 0, 0x000047D8, 0x0000000C },
    { 0x01F3, 0x01, 0x01, 0x00, 0x00, 0x06, 0x00, 0x04, 0x03, 0, 0x000047C8, 0x00000010 },
    { 0x01F3, 0x01, 0x02, 0x00, 0x00, 0x06, 0x00, 0x04, 0x03, 0, 0x00004798, 0x0000000C },
    { 0x01F3, 0x01, 0x02, 0x01, 0x00, 0x06, 0x00, 0x04, 0x03, 0, 0x000047A4, 0x0000000C },
    { 0x01F3, 0x01, 0x02, 0x02, 0x00, 0x06, 0x00, 0x04, 0x03, 0, 0x000047B0, 0x0000000C },
    { 0x01F3, 0x01, 0x02, 0x03, 0x00, 0x06, 0x00, 0x04, 0x03, 0, 0x000047BC, 0x0000000C },
    { 0x01F5, 0x00, 0x00, 0x00, 0x00, 0x06, 0x00, 0x25, 0x00, 0, 0x00003660, 0x00000008 },
    { 0x01F5, 0x00, 0x01, 0x00, 0x00, 0x06, 0x00, 0x25, 0x00, 0, 0x000035CC, 0x00000094 },
    { 0x01F5, 0x00, 0x02, 0x00, 0x00, 0x06, 0x00, 0x25, 0x00, 0, 0x00003410, 0x0000000C },
    { 0x01F5, 0x00, 0x02, 0x01, 0x00, 0x06, 0x00, 0x25, 0x00, 0, 0x0000341C, 0x0000000C },
    { 0x01F5, 0x00, 0x02, 0x02, 0x00, 0x06, 0x00, 0x25, 0x00, 0, 0x00003428, 0x0000000C },
    { 0x01F5, 0x00, 0x02, 0x03, 0x00, 0x06, 0x00, 0x25, 0x00, 0, 0x00003434, 0x0000000C },
    { 0x01F5, 0x00, 0x02, 0x04, 0x00, 0x06, 0x00, 0x25, 0x00, 0, 0x00003440, 0x0000000C },
    { 0x01F5, 0x00, 0x02, 0x05, 0x00, 0x06, 0x00, 0x25, 0x00, 0, 0x0000344C, 0x0000000C },
    { 0x01F5, 0x00, 0x02, 0x06, 0x00, 0x06, 0x00, 0x25, 0x00, 0, 0x00003458, 0x0000000C },
    { 0x01F5, 0x00, 0x02, 0x07, 0x00, 0x06, 0x00, 0x25, 0x00, 0, 0x00003464, 0x0000000C },
    { 0x01F5, 0x00, 0x02, 0x08, 0x00, 0x06, 0x00, 0x25, 0x00, 0, 0x00003470, 0x0000000C },
    { 0x01F5, 0x00, 0x02, 0x09, 0x00, 0x06, 0x00, 0x25, 0x00, 0, 0x0000347C, 0x0000000C },
    { 0x01F5, 0x00, 0x02, 0x0A, 0x00, 0x06, 0x00, 0x25, 0x00, 0, 0x00003488, 0x0000000C },
    { 0x01F5, 0x00, 0x02, 0x0B, 0x00, 0x06, 0x00, 0x25, 0x00, 0, 0x00003494, 0x0000000C },
    { 0x01F5, 0x00, 0x02, 0x0C, 0x00, 0x06, 0x00, 0x25, 0x00, 0, 0x000034A0, 0x0000000C },
    { 0x01F5, 0x00, 0x02, 0x0D, 0x00, 0x06, 0x00, 0x25, 0x00, 0, 0x000034AC, 0x0000000C },
    { 0x01F5, 0x00, 0x02, 0x0E, 0x00, 0x06, 0x00, 0x25, 0x00, 0, 0x000034B8, 0x0000000C },
    { 0x01F5, 0x00, 0x02, 0x0F, 0x00, 0x06, 0x00, 0x25, 0x00, 0, 0x000034C4, 0x0000000C },
    { 0x01F5, 0x00, 0x02, 0x10, 0x00, 0x06, 0x00, 0x25, 0x00, 0, 0x000034D0, 0x0000000C },
    { 0x01F5, 0x00, 0x02, 0x11, 0x00, 0x06, 0x00, 0x25, 0x00, 0, 0x000034DC, 0x0000000C },
    { 0x01F5, 0x00, 0x02, 0x12, 0x00, 0x06, 0x00, 0x25, 0x00, 0, 0x000034E8, 0x0000000C },
    { 0x01F5, 0x00, 0x02, 0x13, 0x00, 0x06, 0x00, 0x25, 0x00, 0, 0x000034F4, 0x0000000C },
    { 0x01F5, 0x00, 0x02, 0x14, 0x00, 0x06, 0x00, 0x25, 0x00, 0, 0x00003500, 0x0000000C },
    { 0x01F5, 0x00, 0x02, 0x15, 0x00, 0x06, 0x00, 0x25, 0x00, 0, 0x0000350C, 0x0000000C },
    { 0x01F5, 0x00, 0x02, 0x16, 0x00, 0x06, 0x00, 0x25, 0x00, 0, 0x00003518, 0x0000000C },
    { 0x01F5, 0x00, 0x02, 0x17, 0x00, 0x06, 0x00, 0x25, 0x00, 0, 0x00003524, 0x0000000C },
    { 0x01F5, 0x00, 0x02, 0x18, 0x00, 0x06, 0x00, 0x25, 0x00, 0, 0x00003530, 0x0000000C },
    { 0x01F5, 0x00, 0x02, 0x19, 0x00, 0x06, 0x00, 0x25, 0x00, 0, 0x0000353C, 0x0000000C },
    { 0x01F5, 0x00, 0x02, 0x1A, 0x00, 0x06, 0x00, 0x25, 0x00, 0, 0x00003548, 0x0000000C },
    { 0x01F5, 0x00, 0x02, 0x1B, 0x00, 0x06, 0x00, 0x25, 0x00, 0, 0x00003554, 0x0000000C },
    { 0x01F5, 0x00, 0x02, 0x1C, 0x00, 0x06, 0x00, 0x25, 0x00, 0, 0x00003560, 0x0000000C },
    { 0x01F5, 0x00, 0x02, 0x1D, 0x00, 0x06, 0x00, 0x25, 0x00, 0, 0x0000356C, 0x0000000C },
    { 0x01F5, 0x00, 0x02, 0x1E, 0x00, 0x06, 0x00, 0x25, 0x00, 0, 0x00003578, 0x0000000C },
    { 0x01F5, 0x00, 0x02, 0x1F, 0x00, 0x06, 0x00, 0x25, 0x00, 0, 0x00003584, 0x0000000C },
    { 0x01F5, 0x00, 0x02, 0x20, 0x00, 0x06, 0x00, 0x25, 0x00, 0, 0x00003590, 0x0000000C },
    { 0x01F5, 0x00, 0x02, 0x21, 0x00, 0x06, 0x00, 0x25, 0x00, 0, 0x0000359C, 0x0000000C },
    { 0x01F5, 0x00, 0x02, 0x22, 0x00, 0x06, 0x00, 0x25, 0x00, 0, 0x000035A8, 0x0000000C },
    { 0x01F5, 0x00, 0x02, 0x23, 0x00, 0x06, 0x00, 0x25, 0x00, 0, 0x000035B4, 0x0000000C },
    { 0x01F5, 0x00, 0x02, 0x24, 0x00, 0x06, 0x00, 0x25, 0x00, 0, 0x000035C0, 0x0000000C },
    { 0x01F5, 0x00, 0x03, 0x04, 0x00, 0x06, 0x00, 0x25, 0x00, 0, 0x000017C0, 0x000002B0 },
    { 0x01F5, 0x00, 0x03, 0x07, 0x00, 0x06, 0x00, 0x25, 0x00, 0, 0x00001A70, 0x00000100 },
    { 0x01F5, 0x00, 0x03, 0x0C, 0x00, 0x06, 0x00, 0x25, 0x00, 0, 0x00001B70, 0x00000090 },
    { 0x01F5, 0x00, 0x03, 0x0D, 0x00, 0x06, 0x00, 0x25, 0x00, 0, 0x00001C00, 0x00000098 },
    { 0x01F5, 0x00, 0x03, 0x0E, 0x00, 0x06, 0x00, 0x25, 0x00, 0, 0x00001C98, 0x00000090 },
    { 0x01F5, 0x00, 0x03, 0x13, 0x00, 0x06, 0x00, 0x25, 0x00, 0, 0x00001EE0, 0x00000090 },
    { 0x01F5, 0x00, 0x03, 0x14, 0x00, 0x06, 0x00, 0x25, 0x00, 0, 0x00001F70, 0x00000098 },
    { 0x01F5, 0x00, 0x03, 0x15, 0x00, 0x06, 0x00, 0x25, 0x00, 0, 0x00002008, 0x00000090 },
    { 0x01F5, 0x00, 0x03, 0x1A, 0x00, 0x06, 0x00, 0x25, 0x00, 0, 0x00002098, 0x00000090 },
    { 0x01F5, 0x00, 0x03, 0x1B, 0x00, 0x06, 0x00, 0x25, 0x00, 0, 0x00002128, 0x00000098 },
    { 0x01F5, 0x00, 0x03, 0x1C, 0x00, 0x06, 0x00, 0x25, 0x00, 0, 0x000021C0, 0x00000090 },
    { 0x01F5, 0x00, 0x03, 0x21, 0x00, 0x06, 0x00, 0x25, 0x00, 0, 0x00001D28, 0x00000090 },
    { 0x01F5, 0x00, 0x03, 0x22, 0x00, 0x06, 0x00, 0x25, 0x00, 0, 0x00001DB8, 0x00000098 },
    { 0x01F5, 0x00, 0x03, 0x23, 0x00, 0x06, 0x00, 0x25, 0x00, 0, 0x00001E50, 0x00000090 },
    { 0x01F5, 0x00, 0x03, 0x24, 0x00, 0x06, 0x00, 0x25, 0x00, 0, 0x000016D0, 0x000000F0 },
    { 0x01F6, 0x00, 0x00, 0x00, 0x00, 0x06, 0x00, 0x14, 0x00, 0, 0x000050D0, 0x00000008 },
    { 0x01F6, 0x00, 0x01, 0x00, 0x00, 0x06, 0x00, 0x14, 0x00, 0, 0x00005080, 0x00000050 },
    { 0x01F6, 0x00, 0x02, 0x00, 0x00, 0x06, 0x00, 0x14, 0x00, 0, 0x00004F90, 0x0000000C },
    { 0x01F6, 0x00, 0x02, 0x01, 0x00, 0x06, 0x00, 0x14, 0x00, 0, 0x00004F9C, 0x0000000C },
    { 0x01F6, 0x00, 0x02, 0x02, 0x00, 0x06, 0x00, 0x14, 0x00, 0, 0x00004FA8, 0x0000000C },
    { 0x01F6, 0x00, 0x02, 0x03, 0x00, 0x06, 0x00, 0x14, 0x00, 0, 0x00004FB4, 0x0000000C },
    { 0x01F6, 0x00, 0x02, 0x04, 0x00, 0x06, 0x00, 0x14, 0x00, 0, 0x00004FC0, 0x0000000C },
    { 0x01F6, 0x00, 0x02, 0x05, 0x00, 0x06, 0x00, 0x14, 0x00, 0, 0x00004FCC, 0x0000000C },
    { 0x01F6, 0x00, 0x02, 0x06, 0x00, 0x06, 0x00, 0x14, 0x00, 0, 0x00004FD8, 0x0000000C },
    { 0x01F6, 0x00, 0x02, 0x07, 0x00, 0x06, 0x00, 0x14, 0x00, 0, 0x00004FE4, 0x0000000C },
    { 0x01F6, 0x00, 0x02, 0x08, 0x00, 0x06, 0x00, 0x14, 0x00, 0, 0x00004FF0, 0x0000000C },
    { 0x01F6, 0x00, 0x02, 0x09, 0x00, 0x06, 0x00, 0x14, 0x00, 0, 0x00004FFC, 0x0000000C },
    { 0x01F6, 0x00, 0x02, 0x0A, 0x00, 0x06, 0x00, 0x14, 0x00, 0, 0x00005008, 0x0000000C },
    { 0x01F6, 0x00, 0x02, 0x0B, 0x00, 0x06, 0x00, 0x14, 0x00, 0, 0x00005014, 0x0000000C },
    { 0x01F6, 0x00, 0x02, 0x0C, 0x00, 0x06, 0x00, 0x14, 0x00, 0, 0x00005020, 0x0000000C },
    { 0x01F6, 0x00, 0x02, 0x0D, 0x00, 0x06, 0x00, 0x14, 0x00, 0, 0x0000502C, 0x0000000C },
    { 0x01F6, 0x00, 0x02, 0x0E, 0x00, 0x06, 0x00, 0x14, 0x00, 0, 0x00005038, 0x0000000C },
    { 0x01F6, 0x00, 0x02, 0x0F, 0x00, 0x06, 0x00, 0x14, 0x00, 0, 0x00005044, 0x0000000C },
    { 0x01F6, 0x00, 0x02, 0x10, 0x00, 0x06, 0x00, 0x14, 0x00, 0, 0x00005050, 0x0000000C },
    { 0x01F6, 0x00, 0x02, 0x11, 0x00, 0x06, 0x00, 0x14, 0x00, 0, 0x0000505C, 0x0000000C },
    { 0x01F6, 0x00, 0x02, 0x12, 0x00, 0x06, 0x00, 0x14, 0x00, 0, 0x00005068, 0x0000000C },
    { 0x01F6, 0x00, 0x02, 0x13, 0x00, 0x06, 0x00, 0x14, 0x00, 0, 0x00005074, 0x0000000C },
    { 0x01F6, 0x00, 0x03, 0x03, 0x00, 0x06, 0x00, 0x14, 0x00, 0, 0x00002F58, 0x000000B8 },
    { 0x01F6, 0x00, 0x03, 0x04, 0x00, 0x06, 0x00, 0x14, 0x00, 0, 0x00001FB0, 0x000001A8 },
    { 0x01F6, 0x00, 0x03, 0x08, 0x00, 0x06, 0x00, 0x14, 0x00, 0, 0x00001898, 0x00000180 },
    { 0x01F6, 0x00, 0x03, 0x09, 0x00, 0x06, 0x00, 0x14, 0x00, 0, 0x00001620, 0x00000098 },
    { 0x01F6, 0x00, 0x03, 0x0A, 0x00, 0x06, 0x00, 0x14, 0x00, 0, 0x00002910, 0x000000C8 },
    { 0x01F6, 0x00, 0x03, 0x0F, 0x00, 0x06, 0x00, 0x14, 0x00, 0, 0x00001C68, 0x00000078 },
    { 0x01F6, 0x00, 0x03, 0x11, 0x00, 0x06, 0x00, 0x14, 0x00, 0, 0x00002D28, 0x00000190 },
    { 0x01F6, 0x00, 0x03, 0x12, 0x00, 0x06, 0x00, 0x14, 0x00, 0, 0x00001B70, 0x00000098 },
    { 0x01F6, 0x00, 0x03, 0x13, 0x00, 0x06, 0x00, 0x14, 0x00, 0, 0x00001A78, 0x00000098 },
    { 0x01F7, 0x00, 0x00, 0x00, 0x00, 0x06, 0x00, 0x18, 0x0E, 0, 0x00008FB0, 0x0000000C },
    { 0x01F7, 0x00, 0x01, 0x00, 0x00, 0x06, 0x00, 0x18, 0x0E, 0, 0x00008F50, 0x00000060 },
    { 0x01F7, 0x00, 0x02, 0x00, 0x00, 0x06, 0x00, 0x18, 0x0E, 0, 0x00008E30, 0x0000000C },
    { 0x01F7, 0x00, 0x02, 0x01, 0x00, 0x06, 0x00, 0x18, 0x0E, 0, 0x00008E3C, 0x0000000C },
    { 0x01F7, 0x00, 0x02, 0x02, 0x00, 0x06, 0x00, 0x18, 0x0E, 0, 0x00008E48, 0x0000000C },
    { 0x01F7, 0x00, 0x02, 0x03, 0x00, 0x06, 0x00, 0x18, 0x0E, 0, 0x00008E54, 0x0000000C },
    { 0x01F7, 0x00, 0x02, 0x04, 0x00, 0x06, 0x00, 0x18, 0x0E, 0, 0x00008E60, 0x0000000C },
    { 0x01F7, 0x00, 0x02, 0x05, 0x00, 0x06, 0x00, 0x18, 0x0E, 0, 0x00008E6C, 0x0000000C },
    { 0x01F7, 0x00, 0x02, 0x06, 0x00, 0x06, 0x00, 0x18, 0x0E, 0, 0x00008E78, 0x0000000C },
    { 0x01F7, 0x00, 0x02, 0x07, 0x00, 0x06, 0x00, 0x18, 0x0E, 0, 0x00008E84, 0x0000000C },
    { 0x01F7, 0x00, 0x02, 0x08, 0x00, 0x06, 0x00, 0x18, 0x0E, 0, 0x00008E90, 0x0000000C },
    { 0x01F7, 0x00, 0x02, 0x09, 0x00, 0x06, 0x00, 0x18, 0x0E, 0, 0x00008E9C, 0x0000000C },
    { 0x01F7, 0x00, 0x02, 0x0A, 0x00, 0x06, 0x00, 0x18, 0x0E, 0, 0x00008EA8, 0x0000000C },
    { 0x01F7, 0x00, 0x02, 0x0B, 0x00, 0x06, 0x00, 0x18, 0x0E, 0, 0x00008EB4, 0x0000000C },
    { 0x01F7, 0x00, 0x02, 0x0C, 0x00, 0x06, 0x00, 0x18, 0x0E, 0, 0x00008EC0, 0x0000000C },
    { 0x01F7, 0x00, 0x02, 0x0D, 0x00, 0x06, 0x00, 0x18, 0x0E, 0, 0x00008ECC, 0x0000000C },
    { 0x01F7, 0x00, 0x02, 0x0E, 0x00, 0x06, 0x00, 0x18, 0x0E, 0, 0x00008ED8, 0x0000000C },
    { 0x01F7, 0x00, 0x02, 0x0F, 0x00, 0x06, 0x00, 0x18, 0x0E, 0, 0x00008EE4, 0x0000000C },
    { 0x01F7, 0x00, 0x02, 0x10, 0x00, 0x06, 0x00, 0x18, 0x0E, 0, 0x00008EF0, 0x0000000C },
    { 0x01F7, 0x00, 0x02, 0x11, 0x00, 0x06, 0x00, 0x18, 0x0E, 0, 0x00008EFC, 0x0000000C },
    { 0x01F7, 0x00, 0x02, 0x12, 0x00, 0x06, 0x00, 0x18, 0x0E, 0, 0x00008F08, 0x0000000C },
    { 0x01F7, 0x00, 0x02, 0x13, 0x00, 0x06, 0x00, 0x18, 0x0E, 0, 0x00008F14, 0x0000000C },
    { 0x01F7, 0x00, 0x02, 0x14, 0x00, 0x06, 0x00, 0x18, 0x0E, 0, 0x00008F20, 0x0000000C },
    { 0x01F7, 0x00, 0x02, 0x15, 0x00, 0x06, 0x00, 0x18, 0x0E, 0, 0x00008F2C, 0x0000000C },
    { 0x01F7, 0x00, 0x02, 0x16, 0x00, 0x06, 0x00, 0x18, 0x0E, 0, 0x00008F38, 0x0000000C },
    { 0x01F7, 0x00, 0x02, 0x17, 0x00, 0x06, 0x00, 0x18, 0x0E, 0, 0x00008F44, 0x0000000C },
    { 0x01F7, 0x00, 0x03, 0x01, 0x00, 0x06, 0x00, 0x18, 0x0E, 0, 0x00007E98, 0x00000450 },
    { 0x01F7, 0x00, 0x03, 0x03, 0x00, 0x06, 0x00, 0x18, 0x0E, 0, 0x00007CE8, 0x000001B0 },
    { 0x01F7, 0x00, 0x03, 0x05, 0x00, 0x06, 0x00, 0x18, 0x0E, 0, 0x00007B18, 0x000001D0 },
    { 0x01F7, 0x00, 0x03, 0x06, 0x00, 0x06, 0x00, 0x18, 0x0E, 0, 0x00007978, 0x000001A0 },
    { 0x01F7, 0x00, 0x03, 0x08, 0x00, 0x06, 0x00, 0x18, 0x0E, 0, 0x000077C8, 0x000001B0 },
    { 0x01F7, 0x00, 0x03, 0x0A, 0x00, 0x06, 0x00, 0x18, 0x0E, 0, 0x000075A8, 0x00000220 },
    { 0x01F7, 0x00, 0x03, 0x0B, 0x00, 0x06, 0x00, 0x18, 0x0E, 0, 0x00007408, 0x000001A0 },
    { 0x01F7, 0x00, 0x03, 0x0D, 0x00, 0x06, 0x00, 0x18, 0x0E, 0, 0x00007258, 0x000001B0 },
    { 0x01F7, 0x00, 0x03, 0x0F, 0x00, 0x06, 0x00, 0x18, 0x0E, 0, 0x00007038, 0x00000220 },
    { 0x01F7, 0x00, 0x03, 0x10, 0x00, 0x06, 0x00, 0x18, 0x0E, 0, 0x00006E98, 0x000001A0 },
    { 0x01F7, 0x00, 0x03, 0x12, 0x00, 0x06, 0x00, 0x18, 0x0E, 0, 0x00006C58, 0x00000240 },
    { 0x01F7, 0x00, 0x03, 0x14, 0x00, 0x06, 0x00, 0x18, 0x0E, 0, 0x00006A20, 0x00000238 },
    { 0x01F7, 0x00, 0x03, 0x16, 0x00, 0x06, 0x00, 0x18, 0x0E, 0, 0x00006800, 0x00000220 },
    { 0x01F7, 0x00, 0x03, 0x17, 0x00, 0x06, 0x00, 0x18, 0x0E, 0, 0x00006660, 0x000001A0 },
    { 0x01F8, 0x00, 0x00, 0x00, 0x00, 0x06, 0x00, 0x1B, 0x1B, 0, 0x0001C450, 0x0000000C },
    { 0x01F8, 0x00, 0x01, 0x00, 0x00, 0x06, 0x00, 0x1B, 0x1B, 0, 0x0001C3E4, 0x0000006C },
    { 0x01F8, 0x00, 0x02, 0x00, 0x00, 0x06, 0x00, 0x1B, 0x1B, 0, 0x0001C2A0, 0x0000000C },
    { 0x01F8, 0x00, 0x02, 0x01, 0x00, 0x06, 0x00, 0x1B, 0x1B, 0, 0x0001C2AC, 0x0000000C },
    { 0x01F8, 0x00, 0x02, 0x02, 0x00, 0x06, 0x00, 0x1B, 0x1B, 0, 0x0001C2B8, 0x0000000C },
    { 0x01F8, 0x00, 0x02, 0x03, 0x00, 0x06, 0x00, 0x1B, 0x1B, 0, 0x0001C2C4, 0x0000000C },
    { 0x01F8, 0x00, 0x02, 0x04, 0x00, 0x06, 0x00, 0x1B, 0x1B, 0, 0x0001C2D0, 0x0000000C },
    { 0x01F8, 0x00, 0x02, 0x05, 0x00, 0x06, 0x00, 0x1B, 0x1B, 0, 0x0001C2DC, 0x0000000C },
    { 0x01F8, 0x00, 0x02, 0x06, 0x00, 0x06, 0x00, 0x1B, 0x1B, 0, 0x0001C2E8, 0x0000000C },
    { 0x01F8, 0x00, 0x02, 0x07, 0x00, 0x06, 0x00, 0x1B, 0x1B, 0, 0x0001C2F4, 0x0000000C },
    { 0x01F8, 0x00, 0x02, 0x08, 0x00, 0x06, 0x00, 0x1B, 0x1B, 0, 0x0001C300, 0x0000000C },
    { 0x01F8, 0x00, 0x02, 0x09, 0x00, 0x06, 0x00, 0x1B, 0x1B, 0, 0x0001C30C, 0x0000000C },
    { 0x01F8, 0x00, 0x02, 0x0A, 0x00, 0x06, 0x00, 0x1B, 0x1B, 0, 0x0001C318, 0x0000000C },
    { 0x01F8, 0x00, 0x02, 0x0B, 0x00, 0x06, 0x00, 0x1B, 0x1B, 0, 0x0001C324, 0x0000000C },
    { 0x01F8, 0x00, 0x02, 0x0C, 0x00, 0x06, 0x00, 0x1B, 0x1B, 0, 0x0001C330, 0x0000000C },
    { 0x01F8, 0x00, 0x02, 0x0D, 0x00, 0x06, 0x00, 0x1B, 0x1B, 0, 0x0001C33C, 0x0000000C },
    { 0x01F8, 0x00, 0x02, 0x0E, 0x00, 0x06, 0x00, 0x1B, 0x1B, 0, 0x0001C348, 0x0000000C },
    { 0x01F8, 0x00, 0x02, 0x0F, 0x00, 0x06, 0x00, 0x1B, 0x1B, 0, 0x0001C354, 0x0000000C },
    { 0x01F8, 0x00, 0x02, 0x10, 0x00, 0x06, 0x00, 0x1B, 0x1B, 0, 0x0001C360, 0x0000000C },
    { 0x01F8, 0x00, 0x02, 0x11, 0x00, 0x06, 0x00, 0x1B, 0x1B, 0, 0x0001C36C, 0x0000000C },
    { 0x01F8, 0x00, 0x02, 0x12, 0x00, 0x06, 0x00, 0x1B, 0x1B, 0, 0x0001C378, 0x0000000C },
    { 0x01F8, 0x00, 0x02, 0x13, 0x00, 0x06, 0x00, 0x1B, 0x1B, 0, 0x0001C384, 0x0000000C },
    { 0x01F8, 0x00, 0x02, 0x14, 0x00, 0x06, 0x00, 0x1B, 0x1B, 0, 0x0001C390, 0x0000000C },
    { 0x01F8, 0x00, 0x02, 0x15, 0x00, 0x06, 0x00, 0x1B, 0x1B, 0, 0x0001C39C, 0x0000000C },
    { 0x01F8, 0x00, 0x02, 0x16, 0x00, 0x06, 0x00, 0x1B, 0x1B, 0, 0x0001C3A8, 0x0000000C },
    { 0x01F8, 0x00, 0x02, 0x17, 0x00, 0x06, 0x00, 0x1B, 0x1B, 0, 0x0001C3B4, 0x0000000C },
    { 0x01F8, 0x00, 0x02, 0x18, 0x00, 0x06, 0x00, 0x1B, 0x1B, 0, 0x0001C3C0, 0x0000000C },
    { 0x01F8, 0x00, 0x02, 0x19, 0x00, 0x06, 0x00, 0x1B, 0x1B, 0, 0x0001C3CC, 0x0000000C },
    { 0x01F8, 0x00, 0x02, 0x1A, 0x00, 0x06, 0x00, 0x1B, 0x1B, 0, 0x0001C3D8, 0x0000000C },
    { 0x01F8, 0x00, 0x03, 0x00, 0x00, 0x06, 0x00, 0x1B, 0x1B, 0, 0x000136D0, 0x00000128 },
    { 0x01F8, 0x00, 0x03, 0x01, 0x00, 0x06, 0x00, 0x1B, 0x1B, 0, 0x000160D8, 0x00000280 },
    { 0x01F8, 0x00, 0x03, 0x02, 0x00, 0x06, 0x00, 0x1B, 0x1B, 0, 0x00016358, 0x00000170 },
    { 0x01F8, 0x00, 0x03, 0x03, 0x00, 0x06, 0x00, 0x1B, 0x1B, 0, 0x000164C8, 0x00000128 },
    { 0x01F8, 0x00, 0x03, 0x04, 0x00, 0x06, 0x00, 0x1B, 0x1B, 0, 0x00015A58, 0x000003E8 },
    { 0x01F8, 0x00, 0x03, 0x05, 0x00, 0x06, 0x00, 0x1B, 0x1B, 0, 0x00015E40, 0x00000170 },
    { 0x01F8, 0x00, 0x03, 0x06, 0x00, 0x06, 0x00, 0x1B, 0x1B, 0, 0x00015FB0, 0x00000128 },
    { 0x01F8, 0x00, 0x03, 0x07, 0x00, 0x06, 0x00, 0x1B, 0x1B, 0, 0x000137F8, 0x000003F0 },
    { 0x01F8, 0x00, 0x03, 0x08, 0x00, 0x06, 0x00, 0x1B, 0x1B, 0, 0x000154F0, 0x00000138 },
    { 0x01F8, 0x00, 0x03, 0x09, 0x00, 0x06, 0x00, 0x1B, 0x1B, 0, 0x00015628, 0x00000238 },
    { 0x01F8, 0x00, 0x03, 0x0A, 0x00, 0x06, 0x00, 0x1B, 0x1B, 0, 0x00015860, 0x000001F8 },
    { 0x01F8, 0x00, 0x03, 0x0B, 0x00, 0x06, 0x00, 0x1B, 0x1B, 0, 0x00015018, 0x00000138 },
    { 0x01F8, 0x00, 0x03, 0x0C, 0x00, 0x06, 0x00, 0x1B, 0x1B, 0, 0x00015150, 0x000001A8 },
    { 0x01F8, 0x00, 0x03, 0x0D, 0x00, 0x06, 0x00, 0x1B, 0x1B, 0, 0x000152F8, 0x000001F8 },
    { 0x01F8, 0x00, 0x03, 0x0E, 0x00, 0x06, 0x00, 0x1B, 0x1B, 0, 0x00013BE8, 0x00000618 },
    { 0x01F8, 0x00, 0x03, 0x0F, 0x00, 0x06, 0x00, 0x1B, 0x1B, 0, 0x00014B80, 0x00000190 },
    { 0x01F8, 0x00, 0x03, 0x10, 0x00, 0x06, 0x00, 0x1B, 0x1B, 0, 0x00014D10, 0x00000108 },
    { 0x01F8, 0x00, 0x03, 0x11, 0x00, 0x06, 0x00, 0x1B, 0x1B, 0, 0x00014E18, 0x00000108 },
    { 0x01F8, 0x00, 0x03, 0x12, 0x00, 0x06, 0x00, 0x1B, 0x1B, 0, 0x00014F20, 0x000000F8 },
    { 0x01F8, 0x00, 0x03, 0x13, 0x00, 0x06, 0x00, 0x1B, 0x1B, 0, 0x00014680, 0x00000190 },
    { 0x01F8, 0x00, 0x03, 0x14, 0x00, 0x06, 0x00, 0x1B, 0x1B, 0, 0x00014810, 0x00000100 },
    { 0x01F8, 0x00, 0x03, 0x15, 0x00, 0x06, 0x00, 0x1B, 0x1B, 0, 0x00014910, 0x00000178 },
    { 0x01F8, 0x00, 0x03, 0x16, 0x00, 0x06, 0x00, 0x1B, 0x1B, 0, 0x00014A88, 0x000000F8 },
    { 0x01F8, 0x00, 0x03, 0x17, 0x00, 0x06, 0x00, 0x1B, 0x1B, 0, 0x00014200, 0x00000110 },
    { 0x01F8, 0x00, 0x03, 0x18, 0x00, 0x06, 0x00, 0x1B, 0x1B, 0, 0x00014310, 0x00000178 },
    { 0x01F8, 0x00, 0x03, 0x19, 0x00, 0x06, 0x00, 0x1B, 0x1B, 0, 0x00014488, 0x00000100 },
    { 0x01F8, 0x00, 0x03, 0x1A, 0x00, 0x06, 0x00, 0x1B, 0x1B, 0, 0x00014588, 0x000000F8 },
    { 0x01F9, 0x00, 0x00, 0x00, 0x00, 0x06, 0x00, 0x1B, 0x00, 0, 0x000018B8, 0x00000008 },
    { 0x01F9, 0x00, 0x01, 0x00, 0x00, 0x06, 0x00, 0x1B, 0x00, 0, 0x0000184C, 0x0000006C },
    { 0x01F9, 0x00, 0x02, 0x00, 0x00, 0x06, 0x00, 0x1B, 0x00, 0, 0x00001708, 0x0000000C },
    { 0x01F9, 0x00, 0x02, 0x01, 0x00, 0x06, 0x00, 0x1B, 0x00, 0, 0x00001714, 0x0000000C },
    { 0x01F9, 0x00, 0x02, 0x02, 0x00, 0x06, 0x00, 0x1B, 0x00, 0, 0x00001720, 0x0000000C },
    { 0x01F9, 0x00, 0x02, 0x03, 0x00, 0x06, 0x00, 0x1B, 0x00, 0, 0x0000172C, 0x0000000C },
    { 0x01F9, 0x00, 0x02, 0x04, 0x00, 0x06, 0x00, 0x1B, 0x00, 0, 0x00001738, 0x0000000C },
    { 0x01F9, 0x00, 0x02, 0x05, 0x00, 0x06, 0x00, 0x1B, 0x00, 0, 0x00001744, 0x0000000C },
    { 0x01F9, 0x00, 0x02, 0x06, 0x00, 0x06, 0x00, 0x1B, 0x00, 0, 0x00001750, 0x0000000C },
    { 0x01F9, 0x00, 0x02, 0x07, 0x00, 0x06, 0x00, 0x1B, 0x00, 0, 0x0000175C, 0x0000000C },
    { 0x01F9, 0x00, 0x02, 0x08, 0x00, 0x06, 0x00, 0x1B, 0x00, 0, 0x00001768, 0x0000000C },
    { 0x01F9, 0x00, 0x02, 0x09, 0x00, 0x06, 0x00, 0x1B, 0x00, 0, 0x00001774, 0x0000000C },
    { 0x01F9, 0x00, 0x02, 0x0A, 0x00, 0x06, 0x00, 0x1B, 0x00, 0, 0x00001780, 0x0000000C },
    { 0x01F9, 0x00, 0x02, 0x0B, 0x00, 0x06, 0x00, 0x1B, 0x00, 0, 0x0000178C, 0x0000000C },
    { 0x01F9, 0x00, 0x02, 0x0C, 0x00, 0x06, 0x00, 0x1B, 0x00, 0, 0x00001798, 0x0000000C },
    { 0x01F9, 0x00, 0x02, 0x0D, 0x00, 0x06, 0x00, 0x1B, 0x00, 0, 0x000017A4, 0x0000000C },
    { 0x01F9, 0x00, 0x02, 0x0E, 0x00, 0x06, 0x00, 0x1B, 0x00, 0, 0x000017B0, 0x0000000C },
    { 0x01F9, 0x00, 0x02, 0x0F, 0x00, 0x06, 0x00, 0x1B, 0x00, 0, 0x000017BC, 0x0000000C },
    { 0x01F9, 0x00, 0x02, 0x10, 0x00, 0x06, 0x00, 0x1B, 0x00, 0, 0x000017C8, 0x0000000C },
    { 0x01F9, 0x00, 0x02, 0x11, 0x00, 0x06, 0x00, 0x1B, 0x00, 0, 0x000017D4, 0x0000000C },
    { 0x01F9, 0x00, 0x02, 0x12, 0x00, 0x06, 0x00, 0x1B, 0x00, 0, 0x000017E0, 0x0000000C },
    { 0x01F9, 0x00, 0x02, 0x13, 0x00, 0x06, 0x00, 0x1B, 0x00, 0, 0x000017EC, 0x0000000C },
    { 0x01F9, 0x00, 0x02, 0x14, 0x00, 0x06, 0x00, 0x1B, 0x00, 0, 0x000017F8, 0x0000000C },
    { 0x01F9, 0x00, 0x02, 0x15, 0x00, 0x06, 0x00, 0x1B, 0x00, 0, 0x00001804, 0x0000000C },
    { 0x01F9, 0x00, 0x02, 0x16, 0x00, 0x06, 0x00, 0x1B, 0x00, 0, 0x00001810, 0x0000000C },
    { 0x01F9, 0x00, 0x02, 0x17, 0x00, 0x06, 0x00, 0x1B, 0x00, 0, 0x0000181C, 0x0000000C },
    { 0x01F9, 0x00, 0x02, 0x18, 0x00, 0x06, 0x00, 0x1B, 0x00, 0, 0x00001828, 0x0000000C },
    { 0x01F9, 0x00, 0x02, 0x19, 0x00, 0x06, 0x00, 0x1B, 0x00, 0, 0x00001834, 0x0000000C },
    { 0x01F9, 0x00, 0x02, 0x1A, 0x00, 0x06, 0x00, 0x1B, 0x00, 0, 0x00001840, 0x0000000C },
    { 0x01F9, 0x00, 0x03, 0x05, 0x00, 0x06, 0x00, 0x1B, 0x00, 0, 0x00001100, 0x000000C8 },
    { 0x01F9, 0x00, 0x03, 0x08, 0x00, 0x06, 0x00, 0x1B, 0x00, 0, 0x00001038, 0x000000C8 },
    { 0x01F9, 0x00, 0x03, 0x09, 0x00, 0x06, 0x00, 0x1B, 0x00, 0, 0x00000F40, 0x000000F8 },
    { 0x01F9, 0x00, 0x03, 0x0E, 0x00, 0x06, 0x00, 0x1B, 0x00, 0, 0x00001420, 0x000000C8 },
    { 0x01F9, 0x00, 0x03, 0x0F, 0x00, 0x06, 0x00, 0x1B, 0x00, 0, 0x000014E8, 0x000000C8 },
    { 0x01F9, 0x00, 0x03, 0x10, 0x00, 0x06, 0x00, 0x1B, 0x00, 0, 0x000015B0, 0x000000C8 },
    { 0x01F9, 0x00, 0x03, 0x15, 0x00, 0x06, 0x00, 0x1B, 0x00, 0, 0x00001358, 0x000000C8 },
    { 0x01F9, 0x00, 0x03, 0x16, 0x00, 0x06, 0x00, 0x1B, 0x00, 0, 0x00001290, 0x000000C8 },
    { 0x01F9, 0x00, 0x03, 0x17, 0x00, 0x06, 0x00, 0x1B, 0x00, 0, 0x000011C8, 0x000000C8 },
    { 0x01F9, 0x00, 0x03, 0x1A, 0x00, 0x06, 0x00, 0x1B, 0x00, 0, 0x00000D30, 0x00000210 },
    { 0x01FA, 0x00, 0x00, 0x00, 0x00, 0x06, 0x00, 0x1E, 0x00, 0, 0x00008318, 0x00000008 },
    { 0x01FA, 0x00, 0x01, 0x00, 0x00, 0x06, 0x00, 0x1E, 0x00, 0, 0x000082A0, 0x00000078 },
    { 0x01FA, 0x00, 0x02, 0x00, 0x00, 0x06, 0x00, 0x1E, 0x00, 0, 0x00008138, 0x0000000C },
    { 0x01FA, 0x00, 0x02, 0x01, 0x00, 0x06, 0x00, 0x1E, 0x00, 0, 0x00008144, 0x0000000C },
    { 0x01FA, 0x00, 0x02, 0x02, 0x00, 0x06, 0x00, 0x1E, 0x00, 0, 0x00008150, 0x0000000C },
    { 0x01FA, 0x00, 0x02, 0x03, 0x00, 0x06, 0x00, 0x1E, 0x00, 0, 0x0000815C, 0x0000000C },
    { 0x01FA, 0x00, 0x02, 0x04, 0x00, 0x06, 0x00, 0x1E, 0x00, 0, 0x00008168, 0x0000000C },
    { 0x01FA, 0x00, 0x02, 0x05, 0x00, 0x06, 0x00, 0x1E, 0x00, 0, 0x00008174, 0x0000000C },
    { 0x01FA, 0x00, 0x02, 0x06, 0x00, 0x06, 0x00, 0x1E, 0x00, 0, 0x00008180, 0x0000000C },
    { 0x01FA, 0x00, 0x02, 0x07, 0x00, 0x06, 0x00, 0x1E, 0x00, 0, 0x0000818C, 0x0000000C },
    { 0x01FA, 0x00, 0x02, 0x08, 0x00, 0x06, 0x00, 0x1E, 0x00, 0, 0x00008198, 0x0000000C },
    { 0x01FA, 0x00, 0x02, 0x09, 0x00, 0x06, 0x00, 0x1E, 0x00, 0, 0x000081A4, 0x0000000C },
    { 0x01FA, 0x00, 0x02, 0x0A, 0x00, 0x06, 0x00, 0x1E, 0x00, 0, 0x000081B0, 0x0000000C },
    { 0x01FA, 0x00, 0x02, 0x0B, 0x00, 0x06, 0x00, 0x1E, 0x00, 0, 0x000081BC, 0x0000000C },
    { 0x01FA, 0x00, 0x02, 0x0C, 0x00, 0x06, 0x00, 0x1E, 0x00, 0, 0x000081C8, 0x0000000C },
    { 0x01FA, 0x00, 0x02, 0x0D, 0x00, 0x06, 0x00, 0x1E, 0x00, 0, 0x000081D4, 0x0000000C },
    { 0x01FA, 0x00, 0x02, 0x0E, 0x00, 0x06, 0x00, 0x1E, 0x00, 0, 0x000081E0, 0x0000000C },
    { 0x01FA, 0x00, 0x02, 0x0F, 0x00, 0x06, 0x00, 0x1E, 0x00, 0, 0x000081EC, 0x0000000C },
    { 0x01FA, 0x00, 0x02, 0x10, 0x00, 0x06, 0x00, 0x1E, 0x00, 0, 0x000081F8, 0x0000000C },
    { 0x01FA, 0x00, 0x02, 0x11, 0x00, 0x06, 0x00, 0x1E, 0x00, 0, 0x00008204, 0x0000000C },
    { 0x01FA, 0x00, 0x02, 0x12, 0x00, 0x06, 0x00, 0x1E, 0x00, 0, 0x00008210, 0x0000000C },
    { 0x01FA, 0x00, 0x02, 0x13, 0x00, 0x06, 0x00, 0x1E, 0x00, 0, 0x0000821C, 0x0000000C },
    { 0x01FA, 0x00, 0x02, 0x14, 0x00, 0x06, 0x00, 0x1E, 0x00, 0, 0x00008228, 0x0000000C },
    { 0x01FA, 0x00, 0x02, 0x15, 0x00, 0x06, 0x00, 0x1E, 0x00, 0, 0x00008234, 0x0000000C },
    { 0x01FA, 0x00, 0x02, 0x16, 0x00, 0x06, 0x00, 0x1E, 0x00, 0, 0x00008240, 0x0000000C },
    { 0x01FA, 0x00, 0x02, 0x17, 0x00, 0x06, 0x00, 0x1E, 0x00, 0, 0x0000824C, 0x0000000C },
    { 0x01FA, 0x00, 0x02, 0x18, 0x00, 0x06, 0x00, 0x1E, 0x00, 0, 0x00008258, 0x0000000C },
    { 0x01FA, 0x00, 0x02, 0x19, 0x00, 0x06, 0x00, 0x1E, 0x00, 0, 0x00008264, 0x0000000C },
    { 0x01FA, 0x00, 0x02, 0x1A, 0x00, 0x06, 0x00, 0x1E, 0x00, 0, 0x00008270, 0x0000000C },
    { 0x01FA, 0x00, 0x02, 0x1B, 0x00, 0x06, 0x00, 0x1E, 0x00, 0, 0x0000827C, 0x0000000C },
    { 0x01FA, 0x00, 0x02, 0x1C, 0x00, 0x06, 0x00, 0x1E, 0x00, 0, 0x00008288, 0x0000000C },
    { 0x01FA, 0x00, 0x02, 0x1D, 0x00, 0x06, 0x00, 0x1E, 0x00, 0, 0x00008294, 0x0000000C },
    { 0x01FA, 0x00, 0x03, 0x05, 0x00, 0x06, 0x00, 0x1E, 0x00, 0, 0x00006FD8, 0x000001C0 },
    { 0x01FA, 0x00, 0x03, 0x06, 0x00, 0x06, 0x00, 0x1E, 0x00, 0, 0x00006D88, 0x00000250 },
    { 0x01FA, 0x00, 0x03, 0x0C, 0x00, 0x06, 0x00, 0x1E, 0x00, 0, 0x00006CA8, 0x000000E0 },
    { 0x01FA, 0x00, 0x03, 0x0D, 0x00, 0x06, 0x00, 0x1E, 0x00, 0, 0x00006BA8, 0x00000100 },
    { 0x01FA, 0x00, 0x03, 0x0E, 0x00, 0x06, 0x00, 0x1E, 0x00, 0, 0x00006AA0, 0x00000108 },
    { 0x01FA, 0x00, 0x03, 0x0F, 0x00, 0x06, 0x00, 0x1E, 0x00, 0, 0x00006960, 0x00000140 },
    { 0x01FA, 0x00, 0x03, 0x14, 0x00, 0x06, 0x00, 0x1E, 0x00, 0, 0x00006640, 0x00000110 },
    { 0x01FA, 0x00, 0x03, 0x15, 0x00, 0x06, 0x00, 0x1E, 0x00, 0, 0x00006750, 0x00000110 },
    { 0x01FA, 0x00, 0x03, 0x16, 0x00, 0x06, 0x00, 0x1E, 0x00, 0, 0x00006860, 0x00000100 },
    { 0x01FA, 0x00, 0x03, 0x1B, 0x00, 0x06, 0x00, 0x1E, 0x00, 0, 0x000073A8, 0x00000110 },
    { 0x01FA, 0x00, 0x03, 0x1C, 0x00, 0x06, 0x00, 0x1E, 0x00, 0, 0x00007298, 0x00000110 },
    { 0x01FA, 0x00, 0x03, 0x1D, 0x00, 0x06, 0x00, 0x1E, 0x00, 0, 0x00007198, 0x00000100 },
    { 0x01FC, 0x00, 0x00, 0x00, 0x00, 0x06, 0x00, 0x0F, 0x07, 0, 0x00002530, 0x0000000C },
    { 0x01FC, 0x00, 0x01, 0x00, 0x00, 0x06, 0x00, 0x0F, 0x07, 0, 0x000024F4, 0x0000003C },
    { 0x01FC, 0x00, 0x02, 0x00, 0x00, 0x06, 0x00, 0x0F, 0x07, 0, 0x00002440, 0x0000000C },
    { 0x01FC, 0x00, 0x02, 0x01, 0x00, 0x06, 0x00, 0x0F, 0x07, 0, 0x0000244C, 0x0000000C },
    { 0x01FC, 0x00, 0x02, 0x02, 0x00, 0x06, 0x00, 0x0F, 0x07, 0, 0x00002458, 0x0000000C },
    { 0x01FC, 0x00, 0x02, 0x03, 0x00, 0x06, 0x00, 0x0F, 0x07, 0, 0x00002464, 0x0000000C },
    { 0x01FC, 0x00, 0x02, 0x04, 0x00, 0x06, 0x00, 0x0F, 0x07, 0, 0x00002470, 0x0000000C },
    { 0x01FC, 0x00, 0x02, 0x05, 0x00, 0x06, 0x00, 0x0F, 0x07, 0, 0x0000247C, 0x0000000C },
    { 0x01FC, 0x00, 0x02, 0x06, 0x00, 0x06, 0x00, 0x0F, 0x07, 0, 0x00002488, 0x0000000C },
    { 0x01FC, 0x00, 0x02, 0x07, 0x00, 0x06, 0x00, 0x0F, 0x07, 0, 0x00002494, 0x0000000C },
    { 0x01FC, 0x00, 0x02, 0x08, 0x00, 0x06, 0x00, 0x0F, 0x07, 0, 0x000024A0, 0x0000000C },
    { 0x01FC, 0x00, 0x02, 0x09, 0x00, 0x06, 0x00, 0x0F, 0x07, 0, 0x000024AC, 0x0000000C },
    { 0x01FC, 0x00, 0x02, 0x0A, 0x00, 0x06, 0x00, 0x0F, 0x07, 0, 0x000024B8, 0x0000000C },
    { 0x01FC, 0x00, 0x02, 0x0B, 0x00, 0x06, 0x00, 0x0F, 0x07, 0, 0x000024C4, 0x0000000C },
    { 0x01FC, 0x00, 0x02, 0x0C, 0x00, 0x06, 0x00, 0x0F, 0x07, 0, 0x000024D0, 0x0000000C },
    { 0x01FC, 0x00, 0x02, 0x0D, 0x00, 0x06, 0x00, 0x0F, 0x07, 0, 0x000024DC, 0x0000000C },
    { 0x01FC, 0x00, 0x02, 0x0E, 0x00, 0x06, 0x00, 0x0F, 0x07, 0, 0x000024E8, 0x0000000C },
    { 0x01FC, 0x00, 0x03, 0x03, 0x00, 0x06, 0x00, 0x0F, 0x07, 0, 0x00000DF0, 0x000001E0 },
    { 0x01FC, 0x00, 0x03, 0x05, 0x00, 0x06, 0x00, 0x0F, 0x07, 0, 0x000011E0, 0x000000A0 },
    { 0x01FC, 0x00, 0x03, 0x07, 0x00, 0x06, 0x00, 0x0F, 0x07, 0, 0x00001128, 0x000000B8 },
    { 0x01FC, 0x00, 0x03, 0x09, 0x00, 0x06, 0x00, 0x0F, 0x07, 0, 0x00001088, 0x000000A0 },
    { 0x01FC, 0x00, 0x03, 0x0B, 0x00, 0x06, 0x00, 0x0F, 0x07, 0, 0x00000FD0, 0x000000B8 },
    { 0x01FC, 0x00, 0x03, 0x0D, 0x00, 0x06, 0x00, 0x0F, 0x07, 0, 0x000009C0, 0x000000D8 },
    { 0x01FC, 0x00, 0x03, 0x0E, 0x00, 0x06, 0x00, 0x0F, 0x07, 0, 0x00000A98, 0x00000358 },
    { 0x01FD, 0x00, 0x00, 0x00, 0x00, 0x06, 0x00, 0x18, 0x00, 0, 0x00003A20, 0x00000008 },
    { 0x01FD, 0x00, 0x01, 0x00, 0x00, 0x06, 0x00, 0x18, 0x00, 0, 0x000039C0, 0x00000060 },
    { 0x01FD, 0x00, 0x02, 0x00, 0x00, 0x06, 0x00, 0x18, 0x00, 0, 0x000038A0, 0x0000000C },
    { 0x01FD, 0x00, 0x02, 0x01, 0x00, 0x06, 0x00, 0x18, 0x00, 0, 0x000038AC, 0x0000000C },
    { 0x01FD, 0x00, 0x02, 0x02, 0x00, 0x06, 0x00, 0x18, 0x00, 0, 0x000038B8, 0x0000000C },
    { 0x01FD, 0x00, 0x02, 0x03, 0x00, 0x06, 0x00, 0x18, 0x00, 0, 0x000038C4, 0x0000000C },
    { 0x01FD, 0x00, 0x02, 0x04, 0x00, 0x06, 0x00, 0x18, 0x00, 0, 0x000038D0, 0x0000000C },
    { 0x01FD, 0x00, 0x02, 0x05, 0x00, 0x06, 0x00, 0x18, 0x00, 0, 0x000038DC, 0x0000000C },
    { 0x01FD, 0x00, 0x02, 0x06, 0x00, 0x06, 0x00, 0x18, 0x00, 0, 0x000038E8, 0x0000000C },
    { 0x01FD, 0x00, 0x02, 0x07, 0x00, 0x06, 0x00, 0x18, 0x00, 0, 0x000038F4, 0x0000000C },
    { 0x01FD, 0x00, 0x02, 0x08, 0x00, 0x06, 0x00, 0x18, 0x00, 0, 0x00003900, 0x0000000C },
    { 0x01FD, 0x00, 0x02, 0x09, 0x00, 0x06, 0x00, 0x18, 0x00, 0, 0x0000390C, 0x0000000C },
    { 0x01FD, 0x00, 0x02, 0x0A, 0x00, 0x06, 0x00, 0x18, 0x00, 0, 0x00003918, 0x0000000C },
    { 0x01FD, 0x00, 0x02, 0x0B, 0x00, 0x06, 0x00, 0x18, 0x00, 0, 0x00003924, 0x0000000C },
    { 0x01FD, 0x00, 0x02, 0x0C, 0x00, 0x06, 0x00, 0x18, 0x00, 0, 0x00003930, 0x0000000C },
    { 0x01FD, 0x00, 0x02, 0x0D, 0x00, 0x06, 0x00, 0x18, 0x00, 0, 0x0000393C, 0x0000000C },
    { 0x01FD, 0x00, 0x02, 0x0E, 0x00, 0x06, 0x00, 0x18, 0x00, 0, 0x00003948, 0x0000000C },
    { 0x01FD, 0x00, 0x02, 0x0F, 0x00, 0x06, 0x00, 0x18, 0x00, 0, 0x00003954, 0x0000000C },
    { 0x01FD, 0x00, 0x02, 0x10, 0x00, 0x06, 0x00, 0x18, 0x00, 0, 0x00003960, 0x0000000C },
    { 0x01FD, 0x00, 0x02, 0x11, 0x00, 0x06, 0x00, 0x18, 0x00, 0, 0x0000396C, 0x0000000C },
    { 0x01FD, 0x00, 0x02, 0x12, 0x00, 0x06, 0x00, 0x18, 0x00, 0, 0x00003978, 0x0000000C },
    { 0x01FD, 0x00, 0x02, 0x13, 0x00, 0x06, 0x00, 0x18, 0x00, 0, 0x00003984, 0x0000000C },
    { 0x01FD, 0x00, 0x02, 0x14, 0x00, 0x06, 0x00, 0x18, 0x00, 0, 0x00003990, 0x0000000C },
    { 0x01FD, 0x00, 0x02, 0x15, 0x00, 0x06, 0x00, 0x18, 0x00, 0, 0x0000399C, 0x0000000C },
    { 0x01FD, 0x00, 0x02, 0x16, 0x00, 0x06, 0x00, 0x18, 0x00, 0, 0x000039A8, 0x0000000C },
    { 0x01FD, 0x00, 0x02, 0x17, 0x00, 0x06, 0x00, 0x18, 0x00, 0, 0x000039B4, 0x0000000C },
    { 0x01FD, 0x00, 0x03, 0x03, 0x00, 0x06, 0x00, 0x18, 0x00, 0, 0x00002FF0, 0x00000170 },
    { 0x01FD, 0x00, 0x03, 0x07, 0x00, 0x06, 0x00, 0x18, 0x00, 0, 0x000036D0, 0x00000130 },
    { 0x01FD, 0x00, 0x03, 0x08, 0x00, 0x06, 0x00, 0x18, 0x00, 0, 0x00003800, 0x000000A0 },
    { 0x01FD, 0x00, 0x03, 0x0C, 0x00, 0x06, 0x00, 0x18, 0x00, 0, 0x00003500, 0x00000130 },
    { 0x01FD, 0x00, 0x03, 0x0D, 0x00, 0x06, 0x00, 0x18, 0x00, 0, 0x00003630, 0x000000A0 },
    { 0x01FD, 0x00, 0x03, 0x11, 0x00, 0x06, 0x00, 0x18, 0x00, 0, 0x00003330, 0x00000130 },
    { 0x01FD, 0x00, 0x03, 0x12, 0x00, 0x06, 0x00, 0x18, 0x00, 0, 0x00003460, 0x000000A0 },
    { 0x01FD, 0x00, 0x03, 0x16, 0x00, 0x06, 0x00, 0x18, 0x00, 0, 0x00003160, 0x00000130 },
    { 0x01FD, 0x00, 0x03, 0x17, 0x00, 0x06, 0x00, 0x18, 0x00, 0, 0x00003290, 0x000000A0 },
    { 0x01FE, 0x00, 0x00, 0x00, 0x00, 0x06, 0x00, 0x11, 0x00, 0, 0x00001EE8, 0x00000008 },
    { 0x01FE, 0x00, 0x01, 0x00, 0x00, 0x06, 0x00, 0x11, 0x00, 0, 0x00001EA4, 0x00000044 },
    { 0x01FE, 0x00, 0x02, 0x00, 0x00, 0x06, 0x00, 0x11, 0x00, 0, 0x00001DD8, 0x0000000C },
    { 0x01FE, 0x00, 0x02, 0x01, 0x00, 0x06, 0x00, 0x11, 0x00, 0, 0x00001DE4, 0x0000000C },
    { 0x01FE, 0x00, 0x02, 0x02, 0x00, 0x06, 0x00, 0x11, 0x00, 0, 0x00001DF0, 0x0000000C },
    { 0x01FE, 0x00, 0x02, 0x03, 0x00, 0x06, 0x00, 0x11, 0x00, 0, 0x00001DFC, 0x0000000C },
    { 0x01FE, 0x00, 0x02, 0x04, 0x00, 0x06, 0x00, 0x11, 0x00, 0, 0x00001E08, 0x0000000C },
    { 0x01FE, 0x00, 0x02, 0x05, 0x00, 0x06, 0x00, 0x11, 0x00, 0, 0x00001E14, 0x0000000C },
    { 0x01FE, 0x00, 0x02, 0x06, 0x00, 0x06, 0x00, 0x11, 0x00, 0, 0x00001E20, 0x0000000C },
    { 0x01FE, 0x00, 0x02, 0x07, 0x00, 0x06, 0x00, 0x11, 0x00, 0, 0x00001E2C, 0x0000000C },
    { 0x01FE, 0x00, 0x02, 0x08, 0x00, 0x06, 0x00, 0x11, 0x00, 0, 0x00001E38, 0x0000000C },
    { 0x01FE, 0x00, 0x02, 0x09, 0x00, 0x06, 0x00, 0x11, 0x00, 0, 0x00001E44, 0x0000000C },
    { 0x01FE, 0x00, 0x02, 0x0A, 0x00, 0x06, 0x00, 0x11, 0x00, 0, 0x00001E50, 0x0000000C },
    { 0x01FE, 0x00, 0x02, 0x0B, 0x00, 0x06, 0x00, 0x11, 0x00, 0, 0x00001E5C, 0x0000000C },
    { 0x01FE, 0x00, 0x02, 0x0C, 0x00, 0x06, 0x00, 0x11, 0x00, 0, 0x00001E68, 0x0000000C },
    { 0x01FE, 0x00, 0x02, 0x0D, 0x00, 0x06, 0x00, 0x11, 0x00, 0, 0x00001E74, 0x0000000C },
    { 0x01FE, 0x00, 0x02, 0x0E, 0x00, 0x06, 0x00, 0x11, 0x00, 0, 0x00001E80, 0x0000000C },
    { 0x01FE, 0x00, 0x02, 0x0F, 0x00, 0x06, 0x00, 0x11, 0x00, 0, 0x00001E8C, 0x0000000C },
    { 0x01FE, 0x00, 0x02, 0x10, 0x00, 0x06, 0x00, 0x11, 0x00, 0, 0x00001E98, 0x0000000C },
    { 0x01FE, 0x00, 0x03, 0x03, 0x00, 0x06, 0x00, 0x11, 0x00, 0, 0x00000580, 0x00000010 },
    { 0x01FE, 0x00, 0x03, 0x06, 0x00, 0x06, 0x00, 0x11, 0x00, 0, 0x00000808, 0x00000010 },
    { 0x01FE, 0x00, 0x03, 0x09, 0x00, 0x06, 0x00, 0x11, 0x00, 0, 0x00000960, 0x00000010 },
    { 0x01FE, 0x00, 0x03, 0x0C, 0x00, 0x06, 0x00, 0x11, 0x00, 0, 0x00000AC0, 0x00000010 },
    { 0x01FE, 0x00, 0x03, 0x0F, 0x00, 0x06, 0x00, 0x11, 0x00, 0, 0x00000C28, 0x00000010 },
    { 0x01FE, 0x00, 0x03, 0x10, 0x00, 0x06, 0x00, 0x11, 0x00, 0, 0x000002E0, 0x00000010 },
    { 0x01FF, 0x00, 0x00, 0x00, 0x00, 0x06, 0x00, 0x17, 0x00, 0, 0x00001C80, 0x00000008 },
    { 0x01FF, 0x00, 0x01, 0x00, 0x00, 0x06, 0x00, 0x17, 0x00, 0, 0x00001C24, 0x0000005C },
    { 0x01FF, 0x00, 0x02, 0x00, 0x00, 0x06, 0x00, 0x17, 0x00, 0, 0x00001B10, 0x0000000C },
    { 0x01FF, 0x00, 0x02, 0x01, 0x00, 0x06, 0x00, 0x17, 0x00, 0, 0x00001B1C, 0x0000000C },
    { 0x01FF, 0x00, 0x02, 0x02, 0x00, 0x06, 0x00, 0x17, 0x00, 0, 0x00001B28, 0x0000000C },
    { 0x01FF, 0x00, 0x02, 0x03, 0x00, 0x06, 0x00, 0x17, 0x00, 0, 0x00001B34, 0x0000000C },
    { 0x01FF, 0x00, 0x02, 0x04, 0x00, 0x06, 0x00, 0x17, 0x00, 0, 0x00001B40, 0x0000000C },
    { 0x01FF, 0x00, 0x02, 0x05, 0x00, 0x06, 0x00, 0x17, 0x00, 0, 0x00001B4C, 0x0000000C },
    { 0x01FF, 0x00, 0x02, 0x06, 0x00, 0x06, 0x00, 0x17, 0x00, 0, 0x00001B58, 0x0000000C },
    { 0x01FF, 0x00, 0x02, 0x07, 0x00, 0x06, 0x00, 0x17, 0x00, 0, 0x00001B64, 0x0000000C },
    { 0x01FF, 0x00, 0x02, 0x08, 0x00, 0x06, 0x00, 0x17, 0x00, 0, 0x00001B70, 0x0000000C },
    { 0x01FF, 0x00, 0x02, 0x09, 0x00, 0x06, 0x00, 0x17, 0x00, 0, 0x00001B7C, 0x0000000C },
    { 0x01FF, 0x00, 0x02, 0x0A, 0x00, 0x06, 0x00, 0x17, 0x00, 0, 0x00001B88, 0x0000000C },
    { 0x01FF, 0x00, 0x02, 0x0B, 0x00, 0x06, 0x00, 0x17, 0x00, 0, 0x00001B94, 0x0000000C },
    { 0x01FF, 0x00, 0x02, 0x0C, 0x00, 0x06, 0x00, 0x17, 0x00, 0, 0x00001BA0, 0x0000000C },
    { 0x01FF, 0x00, 0x02, 0x0D, 0x00, 0x06, 0x00, 0x17, 0x00, 0, 0x00001BAC, 0x0000000C },
    { 0x01FF, 0x00, 0x02, 0x0E, 0x00, 0x06, 0x00, 0x17, 0x00, 0, 0x00001BB8, 0x0000000C },
    { 0x01FF, 0x00, 0x02, 0x0F, 0x00, 0x06, 0x00, 0x17, 0x00, 0, 0x00001BC4, 0x0000000C },
    { 0x01FF, 0x00, 0x02, 0x10, 0x00, 0x06, 0x00, 0x17, 0x00, 0, 0x00001BD0, 0x0000000C },
    { 0x01FF, 0x00, 0x02, 0x11, 0x00, 0x06, 0x00, 0x17, 0x00, 0, 0x00001BDC, 0x0000000C },
    { 0x01FF, 0x00, 0x02, 0x12, 0x00, 0x06, 0x00, 0x17, 0x00, 0, 0x00001BE8, 0x0000000C },
    { 0x01FF, 0x00, 0x02, 0x13, 0x00, 0x06, 0x00, 0x17, 0x00, 0, 0x00001BF4, 0x0000000C },
    { 0x01FF, 0x00, 0x02, 0x14, 0x00, 0x06, 0x00, 0x17, 0x00, 0, 0x00001C00, 0x0000000C },
    { 0x01FF, 0x00, 0x02, 0x15, 0x00, 0x06, 0x00, 0x17, 0x00, 0, 0x00001C0C, 0x0000000C },
    { 0x01FF, 0x00, 0x02, 0x16, 0x00, 0x06, 0x00, 0x17, 0x00, 0, 0x00001C18, 0x0000000C },
    { 0x01FF, 0x00, 0x03, 0x02, 0x00, 0x06, 0x00, 0x17, 0x00, 0, 0x000012F0, 0x00000120 },
    { 0x01FF, 0x00, 0x03, 0x06, 0x00, 0x06, 0x00, 0x17, 0x00, 0, 0x00000ED0, 0x00000090 },
    { 0x01FF, 0x00, 0x03, 0x09, 0x00, 0x06, 0x00, 0x17, 0x00, 0, 0x00000F60, 0x00000090 },
    { 0x01FF, 0x00, 0x03, 0x0C, 0x00, 0x06, 0x00, 0x17, 0x00, 0, 0x00000FF0, 0x00000090 },
    { 0x01FF, 0x00, 0x03, 0x0F, 0x00, 0x06, 0x00, 0x17, 0x00, 0, 0x00001080, 0x00000090 },
    { 0x01FF, 0x00, 0x03, 0x12, 0x00, 0x06, 0x00, 0x17, 0x00, 0, 0x00001110, 0x00000090 },
    { 0x01FF, 0x00, 0x03, 0x15, 0x00, 0x06, 0x00, 0x17, 0x00, 0, 0x000011A0, 0x00000090 },
    { 0x01FF, 0x00, 0x03, 0x16, 0x00, 0x06, 0x00, 0x17, 0x00, 0, 0x00001230, 0x000000C0 },
    { 0x0200, 0x00, 0x00, 0x00, 0x00, 0x06, 0x00, 0x30, 0x00, 0, 0x00019F10, 0x00000008 },
    { 0x0200, 0x00, 0x01, 0x00, 0x00, 0x06, 0x00, 0x30, 0x00, 0, 0x00019E50, 0x000000C0 },
    { 0x0200, 0x00, 0x02, 0x00, 0x00, 0x06, 0x00, 0x30, 0x00, 0, 0x00019C10, 0x0000000C },
    { 0x0200, 0x00, 0x02, 0x01, 0x00, 0x06, 0x00, 0x30, 0x00, 0, 0x00019C1C, 0x0000000C },
    { 0x0200, 0x00, 0x02, 0x02, 0x00, 0x06, 0x00, 0x30, 0x00, 0, 0x00019C28, 0x0000000C },
    { 0x0200, 0x00, 0x02, 0x03, 0x00, 0x06, 0x00, 0x30, 0x00, 0, 0x00019C34, 0x0000000C },
    { 0x0200, 0x00, 0x02, 0x04, 0x00, 0x06, 0x00, 0x30, 0x00, 0, 0x00019C40, 0x0000000C },
    { 0x0200, 0x00, 0x02, 0x05, 0x00, 0x06, 0x00, 0x30, 0x00, 0, 0x00019C4C, 0x0000000C },
    { 0x0200, 0x00, 0x02, 0x06, 0x00, 0x06, 0x00, 0x30, 0x00, 0, 0x00019C58, 0x0000000C },
    { 0x0200, 0x00, 0x02, 0x07, 0x00, 0x06, 0x00, 0x30, 0x00, 0, 0x00019C64, 0x0000000C },
    { 0x0200, 0x00, 0x02, 0x08, 0x00, 0x06, 0x00, 0x30, 0x00, 0, 0x00019C70, 0x0000000C },
    { 0x0200, 0x00, 0x02, 0x09, 0x00, 0x06, 0x00, 0x30, 0x00, 0, 0x00019C7C, 0x0000000C },
    { 0x0200, 0x00, 0x02, 0x0A, 0x00, 0x06, 0x00, 0x30, 0x00, 0, 0x00019C88, 0x0000000C },
    { 0x0200, 0x00, 0x02, 0x0B, 0x00, 0x06, 0x00, 0x30, 0x00, 0, 0x00019C94, 0x0000000C },
    { 0x0200, 0x00, 0x02, 0x0C, 0x00, 0x06, 0x00, 0x30, 0x00, 0, 0x00019CA0, 0x0000000C },
    { 0x0200, 0x00, 0x02, 0x0D, 0x00, 0x06, 0x00, 0x30, 0x00, 0, 0x00019CAC, 0x0000000C },
    { 0x0200, 0x00, 0x02, 0x0E, 0x00, 0x06, 0x00, 0x30, 0x00, 0, 0x00019CB8, 0x0000000C },
    { 0x0200, 0x00, 0x02, 0x0F, 0x00, 0x06, 0x00, 0x30, 0x00, 0, 0x00019CC4, 0x0000000C },
    { 0x0200, 0x00, 0x02, 0x10, 0x00, 0x06, 0x00, 0x30, 0x00, 0, 0x00019CD0, 0x0000000C },
    { 0x0200, 0x00, 0x02, 0x11, 0x00, 0x06, 0x00, 0x30, 0x00, 0, 0x00019CDC, 0x0000000C },
    { 0x0200, 0x00, 0x02, 0x12, 0x00, 0x06, 0x00, 0x30, 0x00, 0, 0x00019CE8, 0x0000000C },
    { 0x0200, 0x00, 0x02, 0x13, 0x00, 0x06, 0x00, 0x30, 0x00, 0, 0x00019CF4, 0x0000000C },
    { 0x0200, 0x00, 0x02, 0x14, 0x00, 0x06, 0x00, 0x30, 0x00, 0, 0x00019D00, 0x0000000C },
    { 0x0200, 0x00, 0x02, 0x15, 0x00, 0x06, 0x00, 0x30, 0x00, 0, 0x00019D0C, 0x0000000C },
    { 0x0200, 0x00, 0x02, 0x16, 0x00, 0x06, 0x00, 0x30, 0x00, 0, 0x00019D18, 0x0000000C },
    { 0x0200, 0x00, 0x02, 0x17, 0x00, 0x06, 0x00, 0x30, 0x00, 0, 0x00019D24, 0x0000000C },
    { 0x0200, 0x00, 0x02, 0x18, 0x00, 0x06, 0x00, 0x30, 0x00, 0, 0x00019D30, 0x0000000C },
    { 0x0200, 0x00, 0x02, 0x19, 0x00, 0x06, 0x00, 0x30, 0x00, 0, 0x00019D3C, 0x0000000C },
    { 0x0200, 0x00, 0x02, 0x1A, 0x00, 0x06, 0x00, 0x30, 0x00, 0, 0x00019D48, 0x0000000C },
    { 0x0200, 0x00, 0x02, 0x1B, 0x00, 0x06, 0x00, 0x30, 0x00, 0, 0x00019D54, 0x0000000C },
    { 0x0200, 0x00, 0x02, 0x1C, 0x00, 0x06, 0x00, 0x30, 0x00, 0, 0x00019D60, 0x0000000C },
    { 0x0200, 0x00, 0x02, 0x1D, 0x00, 0x06, 0x00, 0x30, 0x00, 0, 0x00019D6C, 0x0000000C },
    { 0x0200, 0x00, 0x02, 0x1E, 0x00, 0x06, 0x00, 0x30, 0x00, 0, 0x00019D78, 0x0000000C },
    { 0x0200, 0x00, 0x02, 0x1F, 0x00, 0x06, 0x00, 0x30, 0x00, 0, 0x00019D84, 0x0000000C },
    { 0x0200, 0x00, 0x02, 0x20, 0x00, 0x06, 0x00, 0x30, 0x00, 0, 0x00019D90, 0x0000000C },
    { 0x0200, 0x00, 0x02, 0x21, 0x00, 0x06, 0x00, 0x30, 0x00, 0, 0x00019D9C, 0x0000000C },
    { 0x0200, 0x00, 0x02, 0x22, 0x00, 0x06, 0x00, 0x30, 0x00, 0, 0x00019DA8, 0x0000000C },
    { 0x0200, 0x00, 0x02, 0x23, 0x00, 0x06, 0x00, 0x30, 0x00, 0, 0x00019DB4, 0x0000000C },
    { 0x0200, 0x00, 0x02, 0x24, 0x00, 0x06, 0x00, 0x30, 0x00, 0, 0x00019DC0, 0x0000000C },
    { 0x0200, 0x00, 0x02, 0x25, 0x00, 0x06, 0x00, 0x30, 0x00, 0, 0x00019DCC, 0x0000000C },
    { 0x0200, 0x00, 0x02, 0x26, 0x00, 0x06, 0x00, 0x30, 0x00, 0, 0x00019DD8, 0x0000000C },
    { 0x0200, 0x00, 0x02, 0x27, 0x00, 0x06, 0x00, 0x30, 0x00, 0, 0x00019DE4, 0x0000000C },
    { 0x0200, 0x00, 0x02, 0x28, 0x00, 0x06, 0x00, 0x30, 0x00, 0, 0x00019DF0, 0x0000000C },
    { 0x0200, 0x00, 0x02, 0x29, 0x00, 0x06, 0x00, 0x30, 0x00, 0, 0x00019DFC, 0x0000000C },
    { 0x0200, 0x00, 0x02, 0x2A, 0x00, 0x06, 0x00, 0x30, 0x00, 0, 0x00019E08, 0x0000000C },
    { 0x0200, 0x00, 0x02, 0x2B, 0x00, 0x06, 0x00, 0x30, 0x00, 0, 0x00019E14, 0x0000000C },
    { 0x0200, 0x00, 0x02, 0x2C, 0x00, 0x06, 0x00, 0x30, 0x00, 0, 0x00019E20, 0x0000000C },
    { 0x0200, 0x00, 0x02, 0x2D, 0x00, 0x06, 0x00, 0x30, 0x00, 0, 0x00019E2C, 0x0000000C },
    { 0x0200, 0x00, 0x02, 0x2E, 0x00, 0x06, 0x00, 0x30, 0x00, 0, 0x00019E38, 0x0000000C },
    { 0x0200, 0x00, 0x02, 0x2F, 0x00, 0x06, 0x00, 0x30, 0x00, 0, 0x00019E44, 0x0000000C },
    { 0x0200, 0x00, 0x03, 0x05, 0x00, 0x06, 0x00, 0x30, 0x00, 0, 0x00015630, 0x00000260 },
    { 0x0200, 0x00, 0x03, 0x06, 0x00, 0x06, 0x00, 0x30, 0x00, 0, 0x00014A30, 0x00000320 },
    { 0x0200, 0x00, 0x03, 0x0E, 0x00, 0x06, 0x00, 0x30, 0x00, 0, 0x00014100, 0x000000E0 },
    { 0x0200, 0x00, 0x03, 0x0F, 0x00, 0x06, 0x00, 0x30, 0x00, 0, 0x00013EF8, 0x00000148 },
    { 0x0200, 0x00, 0x03, 0x10, 0x00, 0x06, 0x00, 0x30, 0x00, 0, 0x00013C20, 0x00000158 },
    { 0x0200, 0x00, 0x03, 0x15, 0x00, 0x06, 0x00, 0x30, 0x00, 0, 0x0000F310, 0x00000160 },
    { 0x0200, 0x00, 0x03, 0x16, 0x00, 0x06, 0x00, 0x30, 0x00, 0, 0x0000FAC0, 0x00000128 },
    { 0x0200, 0x00, 0x03, 0x17, 0x00, 0x06, 0x00, 0x30, 0x00, 0, 0x0000F6C0, 0x00000180 },
    { 0x0200, 0x00, 0x03, 0x1C, 0x00, 0x06, 0x00, 0x30, 0x00, 0, 0x00010BE0, 0x00000160 },
    { 0x0200, 0x00, 0x03, 0x1D, 0x00, 0x06, 0x00, 0x30, 0x00, 0, 0x00011390, 0x00000128 },
    { 0x0200, 0x00, 0x03, 0x1E, 0x00, 0x06, 0x00, 0x30, 0x00, 0, 0x00010F90, 0x00000180 },
    { 0x0200, 0x00, 0x03, 0x1F, 0x00, 0x06, 0x00, 0x30, 0x00, 0, 0x000137B0, 0x00000260 },
    { 0x0200, 0x00, 0x03, 0x20, 0x00, 0x06, 0x00, 0x30, 0x00, 0, 0x00012F28, 0x00000238 },
    { 0x0200, 0x00, 0x03, 0x25, 0x00, 0x06, 0x00, 0x30, 0x00, 0, 0x00011838, 0x000001B8 },
    { 0x0200, 0x00, 0x03, 0x26, 0x00, 0x06, 0x00, 0x30, 0x00, 0, 0x00012148, 0x00000148 },
    { 0x0200, 0x00, 0x03, 0x27, 0x00, 0x06, 0x00, 0x30, 0x00, 0, 0x00011C60, 0x00000178 },
    { 0x0200, 0x00, 0x03, 0x2C, 0x00, 0x06, 0x00, 0x30, 0x00, 0, 0x0000FF68, 0x000001B8 },
    { 0x0200, 0x00, 0x03, 0x2D, 0x00, 0x06, 0x00, 0x30, 0x00, 0, 0x00010878, 0x00000148 },
    { 0x0200, 0x00, 0x03, 0x2E, 0x00, 0x06, 0x00, 0x30, 0x00, 0, 0x00010390, 0x00000178 },
    { 0x0200, 0x00, 0x03, 0x2F, 0x00, 0x06, 0x00, 0x30, 0x00, 0, 0x000127D0, 0x00000258 },
    { 0x0201, 0x00, 0x00, 0x00, 0x00, 0x06, 0x02, 0x2F, 0x00, 0, 0x00009D74, 0x00000008 },
    { 0x0201, 0x00, 0x01, 0x00, 0x00, 0x06, 0x02, 0x2F, 0x00, 0, 0x00009CB8, 0x000000BC },
    { 0x0201, 0x00, 0x02, 0x00, 0x00, 0x06, 0x02, 0x2F, 0x00, 0, 0x000099C8, 0x00000010 },
    { 0x0201, 0x00, 0x02, 0x01, 0x00, 0x06, 0x02, 0x2F, 0x00, 0, 0x000099D8, 0x00000010 },
    { 0x0201, 0x00, 0x02, 0x02, 0x00, 0x06, 0x02, 0x2F, 0x00, 0, 0x000099E8, 0x00000010 },
    { 0x0201, 0x00, 0x02, 0x03, 0x00, 0x06, 0x02, 0x2F, 0x00, 0, 0x000099F8, 0x00000010 },
    { 0x0201, 0x00, 0x02, 0x04, 0x00, 0x06, 0x02, 0x2F, 0x00, 0, 0x00009A08, 0x00000010 },
    { 0x0201, 0x00, 0x02, 0x05, 0x00, 0x06, 0x02, 0x2F, 0x00, 0, 0x00009A18, 0x00000010 },
    { 0x0201, 0x00, 0x02, 0x06, 0x00, 0x06, 0x02, 0x2F, 0x00, 0, 0x00009A28, 0x00000010 },
    { 0x0201, 0x00, 0x02, 0x07, 0x00, 0x06, 0x02, 0x2F, 0x00, 0, 0x00009A38, 0x00000010 },
    { 0x0201, 0x00, 0x02, 0x08, 0x00, 0x06, 0x02, 0x2F, 0x00, 0, 0x00009A48, 0x00000010 },
    { 0x0201, 0x00, 0x02, 0x09, 0x00, 0x06, 0x02, 0x2F, 0x00, 0, 0x00009A58, 0x00000010 },
    { 0x0201, 0x00, 0x02, 0x0A, 0x00, 0x06, 0x02, 0x2F, 0x00, 0, 0x00009A68, 0x00000010 },
    { 0x0201, 0x00, 0x02, 0x0B, 0x00, 0x06, 0x02, 0x2F, 0x00, 0, 0x00009A78, 0x00000010 },
    { 0x0201, 0x00, 0x02, 0x0C, 0x00, 0x06, 0x02, 0x2F, 0x00, 0, 0x00009A88, 0x00000010 },
    { 0x0201, 0x00, 0x02, 0x0D, 0x00, 0x06, 0x02, 0x2F, 0x00, 0, 0x00009A98, 0x00000010 },
    { 0x0201, 0x00, 0x02, 0x0E, 0x00, 0x06, 0x02, 0x2F, 0x00, 0, 0x00009AA8, 0x00000010 },
    { 0x0201, 0x00, 0x02, 0x0F, 0x00, 0x06, 0x02, 0x2F, 0x00, 0, 0x00009AB8, 0x00000010 },
    { 0x0201, 0x00, 0x02, 0x10, 0x00, 0x06, 0x02, 0x2F, 0x00, 0, 0x00009AC8, 0x00000010 },
    { 0x0201, 0x00, 0x02, 0x11, 0x00, 0x06, 0x02, 0x2F, 0x00, 0, 0x00009AD8, 0x00000010 },
    { 0x0201, 0x00, 0x02, 0x12, 0x00, 0x06, 0x02, 0x2F, 0x00, 0, 0x00009AE8, 0x00000010 },
    { 0x0201, 0x00, 0x02, 0x13, 0x00, 0x06, 0x02, 0x2F, 0x00, 0, 0x00009AF8, 0x00000010 },
    { 0x0201, 0x00, 0x02, 0x14, 0x00, 0x06, 0x02, 0x2F, 0x00, 0, 0x00009B08, 0x00000010 },
    { 0x0201, 0x00, 0x02, 0x15, 0x00, 0x06, 0x02, 0x2F, 0x00, 0, 0x00009B18, 0x00000010 },
    { 0x0201, 0x00, 0x02, 0x16, 0x00, 0x06, 0x02, 0x2F, 0x00, 0, 0x00009B28, 0x00000010 },
    { 0x0201, 0x00, 0x02, 0x17, 0x00, 0x06, 0x02, 0x2F, 0x00, 0, 0x00009B38, 0x00000010 },
    { 0x0201, 0x00, 0x02, 0x18, 0x00, 0x06, 0x02, 0x2F, 0x00, 0, 0x00009B48, 0x00000010 },
    { 0x0201, 0x00, 0x02, 0x19, 0x00, 0x06, 0x02, 0x2F, 0x00, 0, 0x00009B58, 0x00000010 },
    { 0x0201, 0x00, 0x02, 0x1A, 0x00, 0x06, 0x02, 0x2F, 0x00, 0, 0x00009B68, 0x00000010 },
    { 0x0201, 0x00, 0x02, 0x1B, 0x00, 0x06, 0x02, 0x2F, 0x00, 0, 0x00009B78, 0x00000010 },
    { 0x0201, 0x00, 0x02, 0x1C, 0x00, 0x06, 0x02, 0x2F, 0x00, 0, 0x00009B88, 0x00000010 },
    { 0x0201, 0x00, 0x02, 0x1D, 0x00, 0x06, 0x02, 0x2F, 0x00, 0, 0x00009B98, 0x00000010 },
    { 0x0201, 0x00, 0x02, 0x1E, 0x00, 0x06, 0x02, 0x2F, 0x00, 0, 0x00009BA8, 0x00000010 },
    { 0x0201, 0x00, 0x02, 0x1F, 0x00, 0x06, 0x02, 0x2F, 0x00, 0, 0x00009BB8, 0x00000010 },
    { 0x0201, 0x00, 0x02, 0x20, 0x00, 0x06, 0x02, 0x2F, 0x00, 0, 0x00009BC8, 0x00000010 },
    { 0x0201, 0x00, 0x02, 0x21, 0x00, 0x06, 0x02, 0x2F, 0x00, 0, 0x00009BD8, 0x00000010 },
    { 0x0201, 0x00, 0x02, 0x22, 0x00, 0x06, 0x02, 0x2F, 0x00, 0, 0x00009BE8, 0x00000010 },
    { 0x0201, 0x00, 0x02, 0x23, 0x00, 0x06, 0x02, 0x2F, 0x00, 0, 0x00009BF8, 0x00000010 },
    { 0x0201, 0x00, 0x02, 0x24, 0x00, 0x06, 0x02, 0x2F, 0x00, 0, 0x00009C08, 0x00000010 },
    { 0x0201, 0x00, 0x02, 0x25, 0x00, 0x06, 0x02, 0x2F, 0x00, 0, 0x00009C18, 0x00000010 },
    { 0x0201, 0x00, 0x02, 0x26, 0x00, 0x06, 0x02, 0x2F, 0x00, 0, 0x00009C28, 0x00000010 },
    { 0x0201, 0x00, 0x02, 0x27, 0x00, 0x06, 0x02, 0x2F, 0x00, 0, 0x00009C38, 0x00000010 },
    { 0x0201, 0x00, 0x02, 0x28, 0x00, 0x06, 0x02, 0x2F, 0x00, 0, 0x00009C48, 0x00000010 },
    { 0x0201, 0x00, 0x02, 0x29, 0x00, 0x06, 0x02, 0x2F, 0x00, 0, 0x00009C58, 0x00000010 },
    { 0x0201, 0x00, 0x02, 0x2A, 0x00, 0x06, 0x02, 0x2F, 0x00, 0, 0x00009C68, 0x00000010 },
    { 0x0201, 0x00, 0x02, 0x2B, 0x00, 0x06, 0x02, 0x2F, 0x00, 0, 0x00009C78, 0x00000010 },
    { 0x0201, 0x00, 0x02, 0x2C, 0x00, 0x06, 0x02, 0x2F, 0x00, 0, 0x00009C88, 0x00000010 },
    { 0x0201, 0x00, 0x02, 0x2D, 0x00, 0x06, 0x02, 0x2F, 0x00, 0, 0x00009C98, 0x00000010 },
    { 0x0201, 0x00, 0x02, 0x2E, 0x00, 0x06, 0x02, 0x2F, 0x00, 0, 0x00009CA8, 0x00000010 },
    { 0x0201, 0x00, 0x03, 0x05, 0x00, 0x06, 0x02, 0x2F, 0x00, 0, 0x0000B7C0, 0x00000750 },
    { 0x0201, 0x00, 0x03, 0x0D, 0x00, 0x06, 0x02, 0x2F, 0x00, 0, 0x0000AC20, 0x000003B8 },
    { 0x0201, 0x00, 0x03, 0x14, 0x00, 0x06, 0x02, 0x2F, 0x00, 0, 0x000009B0, 0x00000110 },
    { 0x0201, 0x00, 0x03, 0x15, 0x00, 0x06, 0x02, 0x2F, 0x00, 0, 0x00000BB0, 0x000000B0 },
    { 0x0201, 0x00, 0x03, 0x1C, 0x00, 0x06, 0x02, 0x2F, 0x00, 0, 0x00000DA0, 0x00000110 },
    { 0x0201, 0x00, 0x03, 0x1D, 0x00, 0x06, 0x02, 0x2F, 0x00, 0, 0x00000FA0, 0x000000B0 },
    { 0x0201, 0x00, 0x03, 0x1E, 0x00, 0x06, 0x02, 0x2F, 0x00, 0, 0x0000B5E0, 0x000001E0 },
    { 0x0201, 0x00, 0x03, 0x25, 0x00, 0x06, 0x02, 0x2F, 0x00, 0, 0x00001170, 0x00000110 },
    { 0x0201, 0x00, 0x03, 0x26, 0x00, 0x06, 0x02, 0x2F, 0x00, 0, 0x00001370, 0x000000B0 },
    { 0x0201, 0x00, 0x03, 0x2D, 0x00, 0x06, 0x02, 0x2F, 0x00, 0, 0x00001540, 0x00000110 },
    { 0x0201, 0x00, 0x03, 0x2E, 0x00, 0x06, 0x02, 0x2F, 0x00, 0, 0x00001740, 0x000000B0 },
    { 0x0201, 0x00, 0x04, 0x05, 0x00, 0x06, 0x02, 0x2F, 0x00, 0, 0x000099BC, 0x0000000C },
    { 0x0201, 0x00, 0x05, 0x05, 0x00, 0x06, 0x02, 0x2F, 0x00, 0, 0x0000915C, 0x00000860 },
    { 0x0201, 0x00, 0x06, 0x05, 0x00, 0x06, 0x02, 0x2F, 0x00, 0, 0x00008238, 0x00000032 },
    { 0x0201, 0x00, 0x06, 0x05, 0x01, 0x06, 0x02, 0x2F, 0x00, 0, 0x0000826C, 0x00000014 },
    { 0x0201, 0x00, 0x06, 0x05, 0x02, 0x06, 0x02, 0x2F, 0x00, 0, 0x00008280, 0x00000014 },
    { 0x0201, 0x00, 0x06, 0x05, 0x03, 0x06, 0x02, 0x2F, 0x00, 0, 0x00008294, 0x00000014 },
    { 0x0201, 0x00, 0x06, 0x05, 0x04, 0x06, 0x02, 0x2F, 0x00, 0, 0x000082A8, 0x0000001E },
    { 0x0201, 0x00, 0x06, 0x05, 0x05, 0x06, 0x02, 0x2F, 0x00, 0, 0x000082C8, 0x0000001E },
    { 0x0201, 0x00, 0x06, 0x05, 0x06, 0x06, 0x02, 0x2F, 0x00, 0, 0x000082E8, 0x00000014 },
    { 0x0201, 0x00, 0x06, 0x05, 0x07, 0x06, 0x02, 0x2F, 0x00, 0, 0x000082FC, 0x0000001E },
    { 0x0201, 0x00, 0x06, 0x05, 0x08, 0x06, 0x02, 0x2F, 0x00, 0, 0x0000831C, 0x0000001E },
    { 0x0201, 0x00, 0x06, 0x05, 0x09, 0x06, 0x02, 0x2F, 0x00, 0, 0x0000833C, 0x0000003C },
    { 0x0201, 0x00, 0x06, 0x05, 0x0A, 0x06, 0x02, 0x2F, 0x00, 0, 0x00008378, 0x0000001E },
    { 0x0201, 0x00, 0x06, 0x05, 0x0B, 0x06, 0x02, 0x2F, 0x00, 0, 0x00008398, 0x00000014 },
    { 0x0201, 0x00, 0x06, 0x05, 0x0C, 0x06, 0x02, 0x2F, 0x00, 0, 0x000083AC, 0x00000014 },
    { 0x0201, 0x00, 0x06, 0x05, 0x0D, 0x06, 0x02, 0x2F, 0x00, 0, 0x000083C0, 0x00000014 },
    { 0x0201, 0x00, 0x06, 0x05, 0x0E, 0x06, 0x02, 0x2F, 0x00, 0, 0x000083D4, 0x0000001E },
    { 0x0201, 0x00, 0x06, 0x05, 0x0F, 0x06, 0x02, 0x2F, 0x00, 0, 0x000083F4, 0x0000001E },
    { 0x0201, 0x00, 0x06, 0x05, 0x10, 0x06, 0x02, 0x2F, 0x00, 0, 0x00008414, 0x00000028 },
    { 0x0201, 0x00, 0x06, 0x05, 0x11, 0x06, 0x02, 0x2F, 0x00, 0, 0x0000843C, 0x00000028 },
    { 0x0201, 0x00, 0x06, 0x05, 0x12, 0x06, 0x02, 0x2F, 0x00, 0, 0x00008464, 0x00000028 },
    { 0x0201, 0x00, 0x06, 0x05, 0x13, 0x06, 0x02, 0x2F, 0x00, 0, 0x0000848C, 0x00000014 },
    { 0x0201, 0x00, 0x06, 0x05, 0x14, 0x06, 0x02, 0x2F, 0x00, 0, 0x000084A0, 0x0000001E },
    { 0x0201, 0x00, 0x06, 0x05, 0x15, 0x06, 0x02, 0x2F, 0x00, 0, 0x000084C0, 0x0000000A },
    { 0x0201, 0x00, 0x06, 0x05, 0x16, 0x06, 0x02, 0x2F, 0x00, 0, 0x000084CC, 0x00000028 },
    { 0x0201, 0x00, 0x06, 0x05, 0x17, 0x06, 0x02, 0x2F, 0x00, 0, 0x000084F4, 0x0000001E },
    { 0x0201, 0x00, 0x06, 0x05, 0x18, 0x06, 0x02, 0x2F, 0x00, 0, 0x00008514, 0x0000001E },
    { 0x0201, 0x00, 0x06, 0x05, 0x19, 0x06, 0x02, 0x2F, 0x00, 0, 0x00008534, 0x00000014 },
    { 0x0201, 0x00, 0x06, 0x05, 0x1A, 0x06, 0x02, 0x2F, 0x00, 0, 0x00008548, 0x0000000A },
    { 0x0201, 0x00, 0x06, 0x05, 0x1B, 0x06, 0x02, 0x2F, 0x00, 0, 0x00008554, 0x0000001E },
    { 0x0201, 0x00, 0x06, 0x05, 0x1C, 0x06, 0x02, 0x2F, 0x00, 0, 0x00008574, 0x00000032 },
    { 0x0201, 0x00, 0x06, 0x05, 0x1D, 0x06, 0x02, 0x2F, 0x00, 0, 0x000085A8, 0x0000001E },
    { 0x0201, 0x00, 0x06, 0x05, 0x1E, 0x06, 0x02, 0x2F, 0x00, 0, 0x000085C8, 0x00000014 },
    { 0x0201, 0x00, 0x06, 0x05, 0x1F, 0x06, 0x02, 0x2F, 0x00, 0, 0x000085DC, 0x0000001E },
    { 0x0201, 0x00, 0x06, 0x05, 0x20, 0x06, 0x02, 0x2F, 0x00, 0, 0x000085FC, 0x00000014 },
    { 0x0201, 0x00, 0x06, 0x05, 0x21, 0x06, 0x02, 0x2F, 0x00, 0, 0x00008610, 0x00000014 },
    { 0x0201, 0x00, 0x06, 0x05, 0x22, 0x06, 0x02, 0x2F, 0x00, 0, 0x00008624, 0x0000000A },
    { 0x0201, 0x00, 0x06, 0x05, 0x23, 0x06, 0x02, 0x2F, 0x00, 0, 0x00008630, 0x00000028 },
    { 0x0201, 0x00, 0x06, 0x05, 0x24, 0x06, 0x02, 0x2F, 0x00, 0, 0x00008658, 0x00000028 },
    { 0x0201, 0x00, 0x06, 0x05, 0x25, 0x06, 0x02, 0x2F, 0x00, 0, 0x00008680, 0x00000014 },
    { 0x0201, 0x00, 0x06, 0x05, 0x26, 0x06, 0x02, 0x2F, 0x00, 0, 0x00008694, 0x00000014 },
    { 0x0201, 0x00, 0x06, 0x05, 0x27, 0x06, 0x02, 0x2F, 0x00, 0, 0x000086A8, 0x0000001E },
    { 0x0201, 0x00, 0x06, 0x05, 0x28, 0x06, 0x02, 0x2F, 0x00, 0, 0x000086C8, 0x0000001E },
    { 0x0201, 0x00, 0x06, 0x05, 0x29, 0x06, 0x02, 0x2F, 0x00, 0, 0x000086E8, 0x00000014 },
    { 0x0201, 0x00, 0x06, 0x05, 0x2A, 0x06, 0x02, 0x2F, 0x00, 0, 0x000086FC, 0x00000028 },
    { 0x0201, 0x00, 0x06, 0x05, 0x2B, 0x06, 0x02, 0x2F, 0x00, 0, 0x00008724, 0x00000014 },
    { 0x0201, 0x00, 0x06, 0x05, 0x2C, 0x06, 0x02, 0x2F, 0x00, 0, 0x00008738, 0x0000001E },
    { 0x0201, 0x00, 0x06, 0x05, 0x2D, 0x06, 0x02, 0x2F, 0x00, 0, 0x00008758, 0x0000000A },
    { 0x0201, 0x00, 0x06, 0x05, 0x2E, 0x06, 0x02, 0x2F, 0x00, 0, 0x00008764, 0x0000001E },
    { 0x0201, 0x00, 0x06, 0x05, 0x2F, 0x06, 0x02, 0x2F, 0x00, 0, 0x00008784, 0x00000014 },
    { 0x0201, 0x00, 0x06, 0x05, 0x30, 0x06, 0x02, 0x2F, 0x00, 0, 0x00008798, 0x0000003C },
    { 0x0201, 0x00, 0x06, 0x05, 0x31, 0x06, 0x02, 0x2F, 0x00, 0, 0x000087D4, 0x00000028 },
    { 0x0201, 0x00, 0x06, 0x05, 0x32, 0x06, 0x02, 0x2F, 0x00, 0, 0x000087FC, 0x0000000A },
    { 0x0201, 0x00, 0x06, 0x05, 0x33, 0x06, 0x02, 0x2F, 0x00, 0, 0x00008808, 0x00000014 },
    { 0x0201, 0x00, 0x06, 0x05, 0x34, 0x06, 0x02, 0x2F, 0x00, 0, 0x0000881C, 0x00000014 },
    { 0x0201, 0x00, 0x06, 0x05, 0x35, 0x06, 0x02, 0x2F, 0x00, 0, 0x00008830, 0x00000014 },
    { 0x0201, 0x00, 0x06, 0x05, 0x36, 0x06, 0x02, 0x2F, 0x00, 0, 0x00008844, 0x0000001E },
    { 0x0201, 0x00, 0x06, 0x05, 0x37, 0x06, 0x02, 0x2F, 0x00, 0, 0x00008864, 0x0000000A },
    { 0x0201, 0x00, 0x06, 0x05, 0x38, 0x06, 0x02, 0x2F, 0x00, 0, 0x00008870, 0x0000001E },
    { 0x0201, 0x00, 0x06, 0x05, 0x39, 0x06, 0x02, 0x2F, 0x00, 0, 0x00008890, 0x0000000A },
    { 0x0201, 0x00, 0x06, 0x05, 0x3A, 0x06, 0x02, 0x2F, 0x00, 0, 0x0000889C, 0x0000000A },
    { 0x0201, 0x00, 0x06, 0x05, 0x3B, 0x06, 0x02, 0x2F, 0x00, 0, 0x000088A8, 0x0000000A },
    { 0x0201, 0x00, 0x06, 0x05, 0x3C, 0x06, 0x02, 0x2F, 0x00, 0, 0x000088B4, 0x0000000A },
    { 0x0201, 0x00, 0x06, 0x05, 0x3D, 0x06, 0x02, 0x2F, 0x00, 0, 0x000088C0, 0x0000000A },
    { 0x0201, 0x00, 0x06, 0x05, 0x3E, 0x06, 0x02, 0x2F, 0x00, 0, 0x000088CC, 0x0000000A },
    { 0x0201, 0x00, 0x06, 0x05, 0x3F, 0x06, 0x02, 0x2F, 0x00, 0, 0x000088D8, 0x0000001E },
    { 0x0201, 0x00, 0x06, 0x05, 0x40, 0x06, 0x02, 0x2F, 0x00, 0, 0x000088F8, 0x0000001E },
    { 0x0201, 0x00, 0x06, 0x05, 0x41, 0x06, 0x02, 0x2F, 0x00, 0, 0x00008918, 0x00000014 },
    { 0x0201, 0x00, 0x06, 0x05, 0x42, 0x06, 0x02, 0x2F, 0x00, 0, 0x0000892C, 0x0000000A },
    { 0x0201, 0x00, 0x06, 0x05, 0x43, 0x06, 0x02, 0x2F, 0x00, 0, 0x00008938, 0x00000014 },
    { 0x0201, 0x00, 0x06, 0x05, 0x44, 0x06, 0x02, 0x2F, 0x00, 0, 0x0000894C, 0x0000000A },
    { 0x0201, 0x00, 0x06, 0x05, 0x45, 0x06, 0x02, 0x2F, 0x00, 0, 0x00008958, 0x00000028 },
    { 0x0201, 0x00, 0x06, 0x05, 0x46, 0x06, 0x02, 0x2F, 0x00, 0, 0x00008980, 0x0000001E },
    { 0x0201, 0x00, 0x06, 0x05, 0x47, 0x06, 0x02, 0x2F, 0x00, 0, 0x000089A0, 0x00000014 },
    { 0x0201, 0x00, 0x06, 0x05, 0x48, 0x06, 0x02, 0x2F, 0x00, 0, 0x000089B4, 0x00000028 },
    { 0x0201, 0x00, 0x06, 0x05, 0x49, 0x06, 0x02, 0x2F, 0x00, 0, 0x000089DC, 0x00000014 },
    { 0x0201, 0x00, 0x06, 0x05, 0x4A, 0x06, 0x02, 0x2F, 0x00, 0, 0x000089F0, 0x00000028 },
    { 0x0201, 0x00, 0x06, 0x05, 0x4B, 0x06, 0x02, 0x2F, 0x00, 0, 0x00008A18, 0x0000001E },
    { 0x0201, 0x00, 0x06, 0x05, 0x4C, 0x06, 0x02, 0x2F, 0x00, 0, 0x00008A38, 0x00000028 },
    { 0x0201, 0x00, 0x06, 0x05, 0x4D, 0x06, 0x02, 0x2F, 0x00, 0, 0x00008A60, 0x00000032 },
    { 0x0201, 0x00, 0x06, 0x05, 0x4E, 0x06, 0x02, 0x2F, 0x00, 0, 0x00008A94, 0x0000000A },
    { 0x0201, 0x00, 0x06, 0x05, 0x4F, 0x06, 0x02, 0x2F, 0x00, 0, 0x00008AA0, 0x00000014 },
    { 0x0201, 0x00, 0x06, 0x05, 0x50, 0x06, 0x02, 0x2F, 0x00, 0, 0x00008AB4, 0x00000014 },
    { 0x0201, 0x00, 0x06, 0x05, 0x51, 0x06, 0x02, 0x2F, 0x00, 0, 0x00008AC8, 0x0000000A },
    { 0x0201, 0x00, 0x06, 0x05, 0x52, 0x06, 0x02, 0x2F, 0x00, 0, 0x00008AD4, 0x00000014 },
    { 0x0201, 0x00, 0x06, 0x05, 0x53, 0x06, 0x02, 0x2F, 0x00, 0, 0x00008AE8, 0x0000000A },
    { 0x0201, 0x00, 0x06, 0x05, 0x54, 0x06, 0x02, 0x2F, 0x00, 0, 0x00008AF4, 0x00000014 },
    { 0x0201, 0x00, 0x06, 0x05, 0x55, 0x06, 0x02, 0x2F, 0x00, 0, 0x00008B08, 0x00000014 },
    { 0x0201, 0x00, 0x06, 0x05, 0x56, 0x06, 0x02, 0x2F, 0x00, 0, 0x00008B1C, 0x00000028 },
    { 0x0201, 0x00, 0x06, 0x05, 0x57, 0x06, 0x02, 0x2F, 0x00, 0, 0x00008B44, 0x0000000A },
    { 0x0201, 0x00, 0x06, 0x05, 0x58, 0x06, 0x02, 0x2F, 0x00, 0, 0x00008B50, 0x0000000A },
    { 0x0201, 0x00, 0x06, 0x05, 0x59, 0x06, 0x02, 0x2F, 0x00, 0, 0x00008B5C, 0x0000000A },
    { 0x0201, 0x00, 0x06, 0x05, 0x5A, 0x06, 0x02, 0x2F, 0x00, 0, 0x00008B68, 0x0000000A },
    { 0x0201, 0x00, 0x06, 0x05, 0x5B, 0x06, 0x02, 0x2F, 0x00, 0, 0x00008B74, 0x0000001E },
    { 0x0201, 0x00, 0x06, 0x05, 0x5C, 0x06, 0x02, 0x2F, 0x00, 0, 0x00008B94, 0x0000001E },
    { 0x0201, 0x00, 0x06, 0x05, 0x5D, 0x06, 0x02, 0x2F, 0x00, 0, 0x00008BB4, 0x00000028 },
    { 0x0201, 0x00, 0x06, 0x05, 0x5E, 0x06, 0x02, 0x2F, 0x00, 0, 0x00008BDC, 0x00000032 },
    { 0x0201, 0x00, 0x06, 0x05, 0x5F, 0x06, 0x02, 0x2F, 0x00, 0, 0x00008C10, 0x0000001E },
    { 0x0201, 0x00, 0x06, 0x05, 0x60, 0x06, 0x02, 0x2F, 0x00, 0, 0x00008C30, 0x0000001E },
    { 0x0201, 0x00, 0x06, 0x05, 0x61, 0x06, 0x02, 0x2F, 0x00, 0, 0x00008C50, 0x00000014 },
    { 0x0201, 0x00, 0x06, 0x05, 0x62, 0x06, 0x02, 0x2F, 0x00, 0, 0x00008C64, 0x00000028 },
    { 0x0201, 0x00, 0x06, 0x05, 0x63, 0x06, 0x02, 0x2F, 0x00, 0, 0x00008C8C, 0x00000028 },
    { 0x0201, 0x00, 0x06, 0x05, 0x64, 0x06, 0x02, 0x2F, 0x00, 0, 0x00008CB4, 0x00000032 },
    { 0x0201, 0x00, 0x06, 0x05, 0x65, 0x06, 0x02, 0x2F, 0x00, 0, 0x00008CE8, 0x0000001E },
    { 0x0201, 0x00, 0x06, 0x05, 0x66, 0x06, 0x02, 0x2F, 0x00, 0, 0x00008D08, 0x00000032 },
    { 0x0201, 0x00, 0x06, 0x05, 0x67, 0x06, 0x02, 0x2F, 0x00, 0, 0x00008D3C, 0x00000028 },
    { 0x0201, 0x00, 0x06, 0x05, 0x68, 0x06, 0x02, 0x2F, 0x00, 0, 0x00008D64, 0x0000001E },
    { 0x0201, 0x00, 0x06, 0x05, 0x69, 0x06, 0x02, 0x2F, 0x00, 0, 0x00008D84, 0x00000032 },
    { 0x0201, 0x00, 0x06, 0x05, 0x6A, 0x06, 0x02, 0x2F, 0x00, 0, 0x00008DB8, 0x0000001E },
    { 0x0201, 0x00, 0x06, 0x05, 0x6B, 0x06, 0x02, 0x2F, 0x00, 0, 0x00008DD8, 0x00000014 },
    { 0x0201, 0x00, 0x06, 0x05, 0x6C, 0x06, 0x02, 0x2F, 0x00, 0, 0x00008DEC, 0x0000001E },
    { 0x0201, 0x00, 0x06, 0x05, 0x6D, 0x06, 0x02, 0x2F, 0x00, 0, 0x00008E0C, 0x0000001E },
    { 0x0201, 0x00, 0x06, 0x05, 0x6E, 0x06, 0x02, 0x2F, 0x00, 0, 0x00008E2C, 0x00000028 },
    { 0x0201, 0x00, 0x06, 0x05, 0x6F, 0x06, 0x02, 0x2F, 0x00, 0, 0x00008E54, 0x00000014 },
    { 0x0201, 0x00, 0x06, 0x05, 0x70, 0x06, 0x02, 0x2F, 0x00, 0, 0x00008E68, 0x00000032 },
    { 0x0201, 0x00, 0x06, 0x05, 0x71, 0x06, 0x02, 0x2F, 0x00, 0, 0x00008E9C, 0x0000001E },
    { 0x0201, 0x00, 0x06, 0x05, 0x72, 0x06, 0x02, 0x2F, 0x00, 0, 0x00008EBC, 0x00000014 },
    { 0x0201, 0x00, 0x06, 0x05, 0x73, 0x06, 0x02, 0x2F, 0x00, 0, 0x00008ED0, 0x00000014 },
    { 0x0201, 0x00, 0x06, 0x05, 0x74, 0x06, 0x02, 0x2F, 0x00, 0, 0x00008EE4, 0x0000001E },
    { 0x0201, 0x00, 0x06, 0x05, 0x75, 0x06, 0x02, 0x2F, 0x00, 0, 0x00008F04, 0x00000028 },
    { 0x0201, 0x00, 0x06, 0x05, 0x76, 0x06, 0x02, 0x2F, 0x00, 0, 0x00008F2C, 0x0000003C },
    { 0x0201, 0x00, 0x06, 0x05, 0x77, 0x06, 0x02, 0x2F, 0x00, 0, 0x00008F68, 0x00000014 },
    { 0x0201, 0x00, 0x06, 0x05, 0x78, 0x06, 0x02, 0x2F, 0x00, 0, 0x00008F7C, 0x00000014 },
    { 0x0201, 0x00, 0x06, 0x05, 0x79, 0x06, 0x02, 0x2F, 0x00, 0, 0x00008F90, 0x00000014 },
    { 0x0201, 0x00, 0x06, 0x05, 0x7A, 0x06, 0x02, 0x2F, 0x00, 0, 0x00008FA4, 0x0000003C },
    { 0x0201, 0x00, 0x06, 0x05, 0x7B, 0x06, 0x02, 0x2F, 0x00, 0, 0x00008FE0, 0x00000014 },
    { 0x0201, 0x00, 0x06, 0x05, 0x7C, 0x06, 0x02, 0x2F, 0x00, 0, 0x00008FF4, 0x0000000A },
    { 0x0201, 0x00, 0x06, 0x05, 0x7D, 0x06, 0x02, 0x2F, 0x00, 0, 0x00009000, 0x00000014 },
    { 0x0201, 0x00, 0x06, 0x05, 0x7E, 0x06, 0x02, 0x2F, 0x00, 0, 0x00009014, 0x0000003C },
    { 0x0201, 0x00, 0x06, 0x05, 0x7F, 0x06, 0x02, 0x2F, 0x00, 0, 0x00009050, 0x00000046 },
    { 0x0201, 0x00, 0x06, 0x05, 0x80, 0x06, 0x02, 0x2F, 0x00, 0, 0x00009098, 0x00000028 },
    { 0x0201, 0x00, 0x06, 0x05, 0x81, 0x06, 0x02, 0x2F, 0x00, 0, 0x000090C0, 0x0000001E },
    { 0x0201, 0x00, 0x06, 0x05, 0x82, 0x06, 0x02, 0x2F, 0x00, 0, 0x000090E0, 0x00000028 },
    { 0x0201, 0x00, 0x06, 0x05, 0x83, 0x06, 0x02, 0x2F, 0x00, 0, 0x00009108, 0x0000000A },
    { 0x0201, 0x00, 0x06, 0x05, 0x84, 0x06, 0x02, 0x2F, 0x00, 0, 0x00009114, 0x0000001E },
    { 0x0201, 0x00, 0x06, 0x05, 0x85, 0x06, 0x02, 0x2F, 0x00, 0, 0x00009134, 0x00000028 },
    { 0x0201, 0x00, 0x07, 0x05, 0x00, 0x06, 0x02, 0x2F, 0x00, 0, 0x00007600, 0x00000014 },
    { 0x0201, 0x00, 0x07, 0x05, 0x01, 0x06, 0x02, 0x2F, 0x00, 0, 0x00007614, 0x0000001E },
    { 0x0201, 0x00, 0x07, 0x05, 0x02, 0x06, 0x02, 0x2F, 0x00, 0, 0x00007634, 0x00000014 },
    { 0x0201, 0x00, 0x07, 0x05, 0x03, 0x06, 0x02, 0x2F, 0x00, 0, 0x00007648, 0x00000014 },
    { 0x0201, 0x00, 0x07, 0x05, 0x04, 0x06, 0x02, 0x2F, 0x00, 0, 0x0000765C, 0x0000000A },
    { 0x0201, 0x00, 0x07, 0x05, 0x05, 0x06, 0x02, 0x2F, 0x00, 0, 0x00007668, 0x0000000A },
    { 0x0201, 0x00, 0x07, 0x05, 0x06, 0x06, 0x02, 0x2F, 0x00, 0, 0x00007674, 0x0000001E },
    { 0x0201, 0x00, 0x07, 0x05, 0x07, 0x06, 0x02, 0x2F, 0x00, 0, 0x00007694, 0x0000001E },
    { 0x0201, 0x00, 0x07, 0x05, 0x08, 0x06, 0x02, 0x2F, 0x00, 0, 0x000076B4, 0x0000001E },
    { 0x0201, 0x00, 0x07, 0x05, 0x09, 0x06, 0x02, 0x2F, 0x00, 0, 0x000076D4, 0x0000001E },
    { 0x0201, 0x00, 0x07, 0x05, 0x0A, 0x06, 0x02, 0x2F, 0x00, 0, 0x000076F4, 0x00000014 },
    { 0x0201, 0x00, 0x07, 0x05, 0x0B, 0x06, 0x02, 0x2F, 0x00, 0, 0x00007708, 0x00000032 },
    { 0x0201, 0x00, 0x07, 0x05, 0x0C, 0x06, 0x02, 0x2F, 0x00, 0, 0x0000773C, 0x00000014 },
    { 0x0201, 0x00, 0x07, 0x05, 0x0D, 0x06, 0x02, 0x2F, 0x00, 0, 0x00007750, 0x0000000A },
    { 0x0201, 0x00, 0x07, 0x05, 0x0E, 0x06, 0x02, 0x2F, 0x00, 0, 0x0000775C, 0x0000001E },
    { 0x0201, 0x00, 0x07, 0x05, 0x0F, 0x06, 0x02, 0x2F, 0x00, 0, 0x0000777C, 0x0000001E },
    { 0x0201, 0x00, 0x07, 0x05, 0x10, 0x06, 0x02, 0x2F, 0x00, 0, 0x0000779C, 0x00000014 },
    { 0x0201, 0x00, 0x07, 0x05, 0x11, 0x06, 0x02, 0x2F, 0x00, 0, 0x000077B0, 0x0000001E },
    { 0x0201, 0x00, 0x07, 0x05, 0x12, 0x06, 0x02, 0x2F, 0x00, 0, 0x000077D0, 0x00000014 },
    { 0x0201, 0x00, 0x07, 0x05, 0x13, 0x06, 0x02, 0x2F, 0x00, 0, 0x000077E4, 0x00000014 },
    { 0x0201, 0x00, 0x07, 0x05, 0x14, 0x06, 0x02, 0x2F, 0x00, 0, 0x000077F8, 0x00000014 },
    { 0x0201, 0x00, 0x07, 0x05, 0x15, 0x06, 0x02, 0x2F, 0x00, 0, 0x0000780C, 0x0000000A },
    { 0x0201, 0x00, 0x07, 0x05, 0x16, 0x06, 0x02, 0x2F, 0x00, 0, 0x00007818, 0x00000014 },
    { 0x0201, 0x00, 0x07, 0x05, 0x17, 0x06, 0x02, 0x2F, 0x00, 0, 0x0000782C, 0x00000014 },
    { 0x0201, 0x00, 0x07, 0x05, 0x18, 0x06, 0x02, 0x2F, 0x00, 0, 0x00007840, 0x00000014 },
    { 0x0201, 0x00, 0x07, 0x05, 0x19, 0x06, 0x02, 0x2F, 0x00, 0, 0x00007854, 0x0000001E },
    { 0x0201, 0x00, 0x07, 0x05, 0x1A, 0x06, 0x02, 0x2F, 0x00, 0, 0x00007874, 0x0000001E },
    { 0x0201, 0x00, 0x07, 0x05, 0x1B, 0x06, 0x02, 0x2F, 0x00, 0, 0x00007894, 0x00000014 },
    { 0x0201, 0x00, 0x07, 0x05, 0x1C, 0x06, 0x02, 0x2F, 0x00, 0, 0x000078A8, 0x0000001E },
    { 0x0201, 0x00, 0x07, 0x05, 0x1D, 0x06, 0x02, 0x2F, 0x00, 0, 0x000078C8, 0x00000014 },
    { 0x0201, 0x00, 0x07, 0x05, 0x1E, 0x06, 0x02, 0x2F, 0x00, 0, 0x000078DC, 0x0000000A },
    { 0x0201, 0x00, 0x07, 0x05, 0x1F, 0x06, 0x02, 0x2F, 0x00, 0, 0x000078E8, 0x00000014 },
    { 0x0201, 0x00, 0x07, 0x05, 0x20, 0x06, 0x02, 0x2F, 0x00, 0, 0x000078FC, 0x0000000A },
    { 0x0201, 0x00, 0x07, 0x05, 0x21, 0x06, 0x02, 0x2F, 0x00, 0, 0x00007908, 0x0000001E },
    { 0x0201, 0x00, 0x07, 0x05, 0x22, 0x06, 0x02, 0x2F, 0x00, 0, 0x00007928, 0x00000014 },
    { 0x0201, 0x00, 0x07, 0x05, 0x23, 0x06, 0x02, 0x2F, 0x00, 0, 0x0000793C, 0x00000014 },
    { 0x0201, 0x00, 0x07, 0x05, 0x24, 0x06, 0x02, 0x2F, 0x00, 0, 0x00007950, 0x00000014 },
    { 0x0201, 0x00, 0x07, 0x05, 0x25, 0x06, 0x02, 0x2F, 0x00, 0, 0x00007964, 0x0000001E },
    { 0x0201, 0x00, 0x07, 0x05, 0x26, 0x06, 0x02, 0x2F, 0x00, 0, 0x00007984, 0x0000001E },
    { 0x0201, 0x00, 0x07, 0x05, 0x27, 0x06, 0x02, 0x2F, 0x00, 0, 0x000079A4, 0x0000000A },
    { 0x0201, 0x00, 0x07, 0x05, 0x28, 0x06, 0x02, 0x2F, 0x00, 0, 0x000079B0, 0x00000014 },
    { 0x0201, 0x00, 0x07, 0x05, 0x29, 0x06, 0x02, 0x2F, 0x00, 0, 0x000079C4, 0x0000001E },
    { 0x0201, 0x00, 0x07, 0x05, 0x2A, 0x06, 0x02, 0x2F, 0x00, 0, 0x000079E4, 0x00000014 },
    { 0x0201, 0x00, 0x07, 0x05, 0x2B, 0x06, 0x02, 0x2F, 0x00, 0, 0x000079F8, 0x0000001E },
    { 0x0201, 0x00, 0x07, 0x05, 0x2C, 0x06, 0x02, 0x2F, 0x00, 0, 0x00007A18, 0x00000014 },
    { 0x0201, 0x00, 0x07, 0x05, 0x2D, 0x06, 0x02, 0x2F, 0x00, 0, 0x00007A2C, 0x0000001E },
    { 0x0201, 0x00, 0x07, 0x05, 0x2E, 0x06, 0x02, 0x2F, 0x00, 0, 0x00007A4C, 0x00000014 },
    { 0x0201, 0x00, 0x07, 0x05, 0x2F, 0x06, 0x02, 0x2F, 0x00, 0, 0x00007A60, 0x00000014 },
    { 0x0201, 0x00, 0x07, 0x05, 0x30, 0x06, 0x02, 0x2F, 0x00, 0, 0x00007A74, 0x0000001E },
    { 0x0201, 0x00, 0x07, 0x05, 0x31, 0x06, 0x02, 0x2F, 0x00, 0, 0x00007A94, 0x0000001E },
    { 0x0201, 0x00, 0x07, 0x05, 0x32, 0x06, 0x02, 0x2F, 0x00, 0, 0x00007AB4, 0x0000001E },
    { 0x0201, 0x00, 0x07, 0x05, 0x33, 0x06, 0x02, 0x2F, 0x00, 0, 0x00007AD4, 0x00000014 },
    { 0x0201, 0x00, 0x07, 0x05, 0x34, 0x06, 0x02, 0x2F, 0x00, 0, 0x00007AE8, 0x0000001E },
    { 0x0201, 0x00, 0x07, 0x05, 0x35, 0x06, 0x02, 0x2F, 0x00, 0, 0x00007B08, 0x0000001E },
    { 0x0201, 0x00, 0x07, 0x05, 0x36, 0x06, 0x02, 0x2F, 0x00, 0, 0x00007B28, 0x0000001E },
    { 0x0201, 0x00, 0x07, 0x05, 0x37, 0x06, 0x02, 0x2F, 0x00, 0, 0x00007B48, 0x00000014 },
    { 0x0201, 0x00, 0x07, 0x05, 0x38, 0x06, 0x02, 0x2F, 0x00, 0, 0x00007B5C, 0x00000014 },
    { 0x0201, 0x00, 0x07, 0x05, 0x39, 0x06, 0x02, 0x2F, 0x00, 0, 0x00007B70, 0x0000000A },
    { 0x0201, 0x00, 0x07, 0x05, 0x3A, 0x06, 0x02, 0x2F, 0x00, 0, 0x00007B7C, 0x0000000A },
    { 0x0201, 0x00, 0x07, 0x05, 0x3B, 0x06, 0x02, 0x2F, 0x00, 0, 0x00007B88, 0x0000000A },
    { 0x0201, 0x00, 0x07, 0x05, 0x3C, 0x06, 0x02, 0x2F, 0x00, 0, 0x00007B94, 0x00000014 },
    { 0x0201, 0x00, 0x07, 0x05, 0x3D, 0x06, 0x02, 0x2F, 0x00, 0, 0x00007BA8, 0x00000014 },
    { 0x0201, 0x00, 0x07, 0x05, 0x3E, 0x06, 0x02, 0x2F, 0x00, 0, 0x00007BBC, 0x0000000A },
    { 0x0201, 0x00, 0x07, 0x05, 0x3F, 0x06, 0x02, 0x2F, 0x00, 0, 0x00007BC8, 0x00000014 },
    { 0x0201, 0x00, 0x07, 0x05, 0x40, 0x06, 0x02, 0x2F, 0x00, 0, 0x00007BDC, 0x0000000A },
    { 0x0201, 0x00, 0x07, 0x05, 0x41, 0x06, 0x02, 0x2F, 0x00, 0, 0x00007BE8, 0x00000014 },
    { 0x0201, 0x00, 0x07, 0x05, 0x42, 0x06, 0x02, 0x2F, 0x00, 0, 0x00007BFC, 0x00000014 },
    { 0x0201, 0x00, 0x07, 0x05, 0x43, 0x06, 0x02, 0x2F, 0x00, 0, 0x00007C10, 0x00000014 },
    { 0x0201, 0x00, 0x07, 0x05, 0x44, 0x06, 0x02, 0x2F, 0x00, 0, 0x00007C24, 0x00000014 },
    { 0x0201, 0x00, 0x07, 0x05, 0x45, 0x06, 0x02, 0x2F, 0x00, 0, 0x00007C38, 0x00000014 },
    { 0x0201, 0x00, 0x07, 0x05, 0x46, 0x06, 0x02, 0x2F, 0x00, 0, 0x00007C4C, 0x0000001E },
    { 0x0201, 0x00, 0x07, 0x05, 0x47, 0x06, 0x02, 0x2F, 0x00, 0, 0x00007C6C, 0x00000014 },
    { 0x0201, 0x00, 0x07, 0x05, 0x48, 0x06, 0x02, 0x2F, 0x00, 0, 0x00007C80, 0x0000001E },
    { 0x0201, 0x00, 0x07, 0x05, 0x49, 0x06, 0x02, 0x2F, 0x00, 0, 0x00007CA0, 0x00000032 },
    { 0x0201, 0x00, 0x07, 0x05, 0x4A, 0x06, 0x02, 0x2F, 0x00, 0, 0x00007CD4, 0x0000001E },
    { 0x0201, 0x00, 0x07, 0x05, 0x4B, 0x06, 0x02, 0x2F, 0x00, 0, 0x00007CF4, 0x0000001E },
    { 0x0201, 0x00, 0x07, 0x05, 0x4C, 0x06, 0x02, 0x2F, 0x00, 0, 0x00007D14, 0x00000014 },
    { 0x0201, 0x00, 0x07, 0x05, 0x4D, 0x06, 0x02, 0x2F, 0x00, 0, 0x00007D28, 0x00000014 },
    { 0x0201, 0x00, 0x07, 0x05, 0x4E, 0x06, 0x02, 0x2F, 0x00, 0, 0x00007D3C, 0x0000000A },
    { 0x0201, 0x00, 0x07, 0x05, 0x4F, 0x06, 0x02, 0x2F, 0x00, 0, 0x00007D48, 0x00000014 },
    { 0x0201, 0x00, 0x07, 0x05, 0x50, 0x06, 0x02, 0x2F, 0x00, 0, 0x00007D5C, 0x0000000A },
    { 0x0201, 0x00, 0x07, 0x05, 0x51, 0x06, 0x02, 0x2F, 0x00, 0, 0x00007D68, 0x00000014 },
    { 0x0201, 0x00, 0x07, 0x05, 0x52, 0x06, 0x02, 0x2F, 0x00, 0, 0x00007D7C, 0x0000000A },
    { 0x0201, 0x00, 0x07, 0x05, 0x53, 0x06, 0x02, 0x2F, 0x00, 0, 0x00007D88, 0x00000014 },
    { 0x0201, 0x00, 0x07, 0x05, 0x54, 0x06, 0x02, 0x2F, 0x00, 0, 0x00007D9C, 0x0000000A },
    { 0x0201, 0x00, 0x07, 0x05, 0x55, 0x06, 0x02, 0x2F, 0x00, 0, 0x00007DA8, 0x00000014 },
    { 0x0201, 0x00, 0x07, 0x05, 0x56, 0x06, 0x02, 0x2F, 0x00, 0, 0x00007DBC, 0x0000001E },
    { 0x0201, 0x00, 0x07, 0x05, 0x57, 0x06, 0x02, 0x2F, 0x00, 0, 0x00007DDC, 0x0000000A },
    { 0x0201, 0x00, 0x07, 0x05, 0x58, 0x06, 0x02, 0x2F, 0x00, 0, 0x00007DE8, 0x0000000A },
    { 0x0201, 0x00, 0x07, 0x05, 0x59, 0x06, 0x02, 0x2F, 0x00, 0, 0x00007DF4, 0x00000014 },
    { 0x0201, 0x00, 0x07, 0x05, 0x5A, 0x06, 0x02, 0x2F, 0x00, 0, 0x00007E08, 0x00000014 },
    { 0x0201, 0x00, 0x07, 0x05, 0x5B, 0x06, 0x02, 0x2F, 0x00, 0, 0x00007E1C, 0x00000014 },
    { 0x0201, 0x00, 0x07, 0x05, 0x5C, 0x06, 0x02, 0x2F, 0x00, 0, 0x00007E30, 0x00000014 },
    { 0x0201, 0x00, 0x07, 0x05, 0x5D, 0x06, 0x02, 0x2F, 0x00, 0, 0x00007E44, 0x0000001E },
    { 0x0201, 0x00, 0x07, 0x05, 0x5E, 0x06, 0x02, 0x2F, 0x00, 0, 0x00007E64, 0x0000001E },
    { 0x0201, 0x00, 0x07, 0x05, 0x5F, 0x06, 0x02, 0x2F, 0x00, 0, 0x00007E84, 0x00000014 },
    { 0x0201, 0x00, 0x07, 0x05, 0x60, 0x06, 0x02, 0x2F, 0x00, 0, 0x00007E98, 0x0000001E },
    { 0x0201, 0x00, 0x07, 0x05, 0x61, 0x06, 0x02, 0x2F, 0x00, 0, 0x00007EB8, 0x00000014 },
    { 0x0201, 0x00, 0x07, 0x05, 0x62, 0x06, 0x02, 0x2F, 0x00, 0, 0x00007ECC, 0x0000001E },
    { 0x0201, 0x00, 0x07, 0x05, 0x63, 0x06, 0x02, 0x2F, 0x00, 0, 0x00007EEC, 0x00000014 },
    { 0x0201, 0x00, 0x07, 0x05, 0x64, 0x06, 0x02, 0x2F, 0x00, 0, 0x00007F00, 0x00000014 },
    { 0x0201, 0x00, 0x07, 0x05, 0x65, 0x06, 0x02, 0x2F, 0x00, 0, 0x00007F14, 0x00000014 },
    { 0x0201, 0x00, 0x07, 0x05, 0x66, 0x06, 0x02, 0x2F, 0x00, 0, 0x00007F28, 0x00000014 },
    { 0x0201, 0x00, 0x07, 0x05, 0x67, 0x06, 0x02, 0x2F, 0x00, 0, 0x00007F3C, 0x0000000A },
    { 0x0201, 0x00, 0x07, 0x05, 0x68, 0x06, 0x02, 0x2F, 0x00, 0, 0x00007F48, 0x0000000A },
    { 0x0201, 0x00, 0x07, 0x05, 0x69, 0x06, 0x02, 0x2F, 0x00, 0, 0x00007F54, 0x0000000A },
    { 0x0201, 0x00, 0x07, 0x05, 0x6A, 0x06, 0x02, 0x2F, 0x00, 0, 0x00007F60, 0x0000000A },
    { 0x0201, 0x00, 0x07, 0x05, 0x6B, 0x06, 0x02, 0x2F, 0x00, 0, 0x00007F6C, 0x0000000A },
    { 0x0201, 0x00, 0x07, 0x05, 0x6C, 0x06, 0x02, 0x2F, 0x00, 0, 0x00007F78, 0x00000014 },
    { 0x0201, 0x00, 0x07, 0x05, 0x6D, 0x06, 0x02, 0x2F, 0x00, 0, 0x00007F8C, 0x00000028 },
    { 0x0201, 0x00, 0x07, 0x05, 0x6E, 0x06, 0x02, 0x2F, 0x00, 0, 0x00007FB4, 0x0000001E },
    { 0x0201, 0x00, 0x07, 0x05, 0x6F, 0x06, 0x02, 0x2F, 0x00, 0, 0x00007FD4, 0x00000028 },
    { 0x0201, 0x00, 0x07, 0x05, 0x70, 0x06, 0x02, 0x2F, 0x00, 0, 0x00007FFC, 0x00000014 },
    { 0x0201, 0x00, 0x07, 0x05, 0x71, 0x06, 0x02, 0x2F, 0x00, 0, 0x00008010, 0x00000014 },
    { 0x0201, 0x00, 0x07, 0x05, 0x72, 0x06, 0x02, 0x2F, 0x00, 0, 0x00008024, 0x0000001E },
    { 0x0201, 0x00, 0x07, 0x05, 0x73, 0x06, 0x02, 0x2F, 0x00, 0, 0x00008044, 0x00000028 },
    { 0x0201, 0x00, 0x07, 0x05, 0x74, 0x06, 0x02, 0x2F, 0x00, 0, 0x0000806C, 0x00000014 },
    { 0x0201, 0x00, 0x07, 0x05, 0x75, 0x06, 0x02, 0x2F, 0x00, 0, 0x00008080, 0x0000000A },
    { 0x0201, 0x00, 0x07, 0x05, 0x76, 0x06, 0x02, 0x2F, 0x00, 0, 0x0000808C, 0x00000014 },
    { 0x0201, 0x00, 0x07, 0x05, 0x77, 0x06, 0x02, 0x2F, 0x00, 0, 0x000080A0, 0x00000014 },
    { 0x0201, 0x00, 0x07, 0x05, 0x78, 0x06, 0x02, 0x2F, 0x00, 0, 0x000080B4, 0x00000014 },
    { 0x0201, 0x00, 0x07, 0x05, 0x79, 0x06, 0x02, 0x2F, 0x00, 0, 0x000080C8, 0x00000014 },
    { 0x0201, 0x00, 0x07, 0x05, 0x7A, 0x06, 0x02, 0x2F, 0x00, 0, 0x000080DC, 0x00000014 },
    { 0x0201, 0x00, 0x07, 0x05, 0x7B, 0x06, 0x02, 0x2F, 0x00, 0, 0x000080F0, 0x00000028 },
    { 0x0201, 0x00, 0x07, 0x05, 0x7C, 0x06, 0x02, 0x2F, 0x00, 0, 0x00008118, 0x00000014 },
    { 0x0201, 0x00, 0x07, 0x05, 0x7D, 0x06, 0x02, 0x2F, 0x00, 0, 0x0000812C, 0x00000014 },
    { 0x0201, 0x00, 0x07, 0x05, 0x7E, 0x06, 0x02, 0x2F, 0x00, 0, 0x00008140, 0x0000001E },
    { 0x0201, 0x00, 0x07, 0x05, 0x7F, 0x06, 0x02, 0x2F, 0x00, 0, 0x00008160, 0x00000014 },
    { 0x0201, 0x00, 0x07, 0x05, 0x80, 0x06, 0x02, 0x2F, 0x00, 0, 0x00008174, 0x0000000A },
    { 0x0201, 0x00, 0x07, 0x05, 0x81, 0x06, 0x02, 0x2F, 0x00, 0, 0x00008180, 0x00000014 },
    { 0x0201, 0x00, 0x07, 0x05, 0x82, 0x06, 0x02, 0x2F, 0x00, 0, 0x00008194, 0x0000001E },
    { 0x0201, 0x00, 0x07, 0x05, 0x83, 0x06, 0x02, 0x2F, 0x00, 0, 0x000081B4, 0x00000028 },
    { 0x0201, 0x00, 0x07, 0x05, 0x84, 0x06, 0x02, 0x2F, 0x00, 0, 0x000081DC, 0x00000028 },
    { 0x0201, 0x00, 0x07, 0x05, 0x85, 0x06, 0x02, 0x2F, 0x00, 0, 0x00008204, 0x00000032 },
    { 0x0202, 0x00, 0x00, 0x00, 0x00, 0x06, 0x00, 0x30, 0x00, 0, 0x00006690, 0x00000008 },
    { 0x0202, 0x00, 0x01, 0x00, 0x00, 0x06, 0x00, 0x30, 0x00, 0, 0x000065D0, 0x000000C0 },
    { 0x0202, 0x00, 0x02, 0x00, 0x00, 0x06, 0x00, 0x30, 0x00, 0, 0x00006390, 0x0000000C },
    { 0x0202, 0x00, 0x02, 0x01, 0x00, 0x06, 0x00, 0x30, 0x00, 0, 0x0000639C, 0x0000000C },
    { 0x0202, 0x00, 0x02, 0x02, 0x00, 0x06, 0x00, 0x30, 0x00, 0, 0x000063A8, 0x0000000C },
    { 0x0202, 0x00, 0x02, 0x03, 0x00, 0x06, 0x00, 0x30, 0x00, 0, 0x000063B4, 0x0000000C },
    { 0x0202, 0x00, 0x02, 0x04, 0x00, 0x06, 0x00, 0x30, 0x00, 0, 0x000063C0, 0x0000000C },
    { 0x0202, 0x00, 0x02, 0x05, 0x00, 0x06, 0x00, 0x30, 0x00, 0, 0x000063CC, 0x0000000C },
    { 0x0202, 0x00, 0x02, 0x06, 0x00, 0x06, 0x00, 0x30, 0x00, 0, 0x000063D8, 0x0000000C },
    { 0x0202, 0x00, 0x02, 0x07, 0x00, 0x06, 0x00, 0x30, 0x00, 0, 0x000063E4, 0x0000000C },
    { 0x0202, 0x00, 0x02, 0x08, 0x00, 0x06, 0x00, 0x30, 0x00, 0, 0x000063F0, 0x0000000C },
    { 0x0202, 0x00, 0x02, 0x09, 0x00, 0x06, 0x00, 0x30, 0x00, 0, 0x000063FC, 0x0000000C },
    { 0x0202, 0x00, 0x02, 0x0A, 0x00, 0x06, 0x00, 0x30, 0x00, 0, 0x00006408, 0x0000000C },
    { 0x0202, 0x00, 0x02, 0x0B, 0x00, 0x06, 0x00, 0x30, 0x00, 0, 0x00006414, 0x0000000C },
    { 0x0202, 0x00, 0x02, 0x0C, 0x00, 0x06, 0x00, 0x30, 0x00, 0, 0x00006420, 0x0000000C },
    { 0x0202, 0x00, 0x02, 0x0D, 0x00, 0x06, 0x00, 0x30, 0x00, 0, 0x0000642C, 0x0000000C },
    { 0x0202, 0x00, 0x02, 0x0E, 0x00, 0x06, 0x00, 0x30, 0x00, 0, 0x00006438, 0x0000000C },
    { 0x0202, 0x00, 0x02, 0x0F, 0x00, 0x06, 0x00, 0x30, 0x00, 0, 0x00006444, 0x0000000C },
    { 0x0202, 0x00, 0x02, 0x10, 0x00, 0x06, 0x00, 0x30, 0x00, 0, 0x00006450, 0x0000000C },
    { 0x0202, 0x00, 0x02, 0x11, 0x00, 0x06, 0x00, 0x30, 0x00, 0, 0x0000645C, 0x0000000C },
    { 0x0202, 0x00, 0x02, 0x12, 0x00, 0x06, 0x00, 0x30, 0x00, 0, 0x00006468, 0x0000000C },
    { 0x0202, 0x00, 0x02, 0x13, 0x00, 0x06, 0x00, 0x30, 0x00, 0, 0x00006474, 0x0000000C },
    { 0x0202, 0x00, 0x02, 0x14, 0x00, 0x06, 0x00, 0x30, 0x00, 0, 0x00006480, 0x0000000C },
    { 0x0202, 0x00, 0x02, 0x15, 0x00, 0x06, 0x00, 0x30, 0x00, 0, 0x0000648C, 0x0000000C },
    { 0x0202, 0x00, 0x02, 0x16, 0x00, 0x06, 0x00, 0x30, 0x00, 0, 0x00006498, 0x0000000C },
    { 0x0202, 0x00, 0x02, 0x17, 0x00, 0x06, 0x00, 0x30, 0x00, 0, 0x000064A4, 0x0000000C },
    { 0x0202, 0x00, 0x02, 0x18, 0x00, 0x06, 0x00, 0x30, 0x00, 0, 0x000064B0, 0x0000000C },
    { 0x0202, 0x00, 0x02, 0x19, 0x00, 0x06, 0x00, 0x30, 0x00, 0, 0x000064BC, 0x0000000C },
    { 0x0202, 0x00, 0x02, 0x1A, 0x00, 0x06, 0x00, 0x30, 0x00, 0, 0x000064C8, 0x0000000C },
    { 0x0202, 0x00, 0x02, 0x1B, 0x00, 0x06, 0x00, 0x30, 0x00, 0, 0x000064D4, 0x0000000C },
    { 0x0202, 0x00, 0x02, 0x1C, 0x00, 0x06, 0x00, 0x30, 0x00, 0, 0x000064E0, 0x0000000C },
    { 0x0202, 0x00, 0x02, 0x1D, 0x00, 0x06, 0x00, 0x30, 0x00, 0, 0x000064EC, 0x0000000C },
    { 0x0202, 0x00, 0x02, 0x1E, 0x00, 0x06, 0x00, 0x30, 0x00, 0, 0x000064F8, 0x0000000C },
    { 0x0202, 0x00, 0x02, 0x1F, 0x00, 0x06, 0x00, 0x30, 0x00, 0, 0x00006504, 0x0000000C },
    { 0x0202, 0x00, 0x02, 0x20, 0x00, 0x06, 0x00, 0x30, 0x00, 0, 0x00006510, 0x0000000C },
    { 0x0202, 0x00, 0x02, 0x21, 0x00, 0x06, 0x00, 0x30, 0x00, 0, 0x0000651C, 0x0000000C },
    { 0x0202, 0x00, 0x02, 0x22, 0x00, 0x06, 0x00, 0x30, 0x00, 0, 0x00006528, 0x0000000C },
    { 0x0202, 0x00, 0x02, 0x23, 0x00, 0x06, 0x00, 0x30, 0x00, 0, 0x00006534, 0x0000000C },
    { 0x0202, 0x00, 0x02, 0x24, 0x00, 0x06, 0x00, 0x30, 0x00, 0, 0x00006540, 0x0000000C },
    { 0x0202, 0x00, 0x02, 0x25, 0x00, 0x06, 0x00, 0x30, 0x00, 0, 0x0000654C, 0x0000000C },
    { 0x0202, 0x00, 0x02, 0x26, 0x00, 0x06, 0x00, 0x30, 0x00, 0, 0x00006558, 0x0000000C },
    { 0x0202, 0x00, 0x02, 0x27, 0x00, 0x06, 0x00, 0x30, 0x00, 0, 0x00006564, 0x0000000C },
    { 0x0202, 0x00, 0x02, 0x28, 0x00, 0x06, 0x00, 0x30, 0x00, 0, 0x00006570, 0x0000000C },
    { 0x0202, 0x00, 0x02, 0x29, 0x00, 0x06, 0x00, 0x30, 0x00, 0, 0x0000657C, 0x0000000C },
    { 0x0202, 0x00, 0x02, 0x2A, 0x00, 0x06, 0x00, 0x30, 0x00, 0, 0x00006588, 0x0000000C },
    { 0x0202, 0x00, 0x02, 0x2B, 0x00, 0x06, 0x00, 0x30, 0x00, 0, 0x00006594, 0x0000000C },
    { 0x0202, 0x00, 0x02, 0x2C, 0x00, 0x06, 0x00, 0x30, 0x00, 0, 0x000065A0, 0x0000000C },
    { 0x0202, 0x00, 0x02, 0x2D, 0x00, 0x06, 0x00, 0x30, 0x00, 0, 0x000065AC, 0x0000000C },
    { 0x0202, 0x00, 0x02, 0x2E, 0x00, 0x06, 0x00, 0x30, 0x00, 0, 0x000065B8, 0x0000000C },
    { 0x0202, 0x00, 0x02, 0x2F, 0x00, 0x06, 0x00, 0x30, 0x00, 0, 0x000065C4, 0x0000000C },
    { 0x0202, 0x00, 0x03, 0x07, 0x00, 0x06, 0x00, 0x30, 0x00, 0, 0x00005598, 0x00000430 },
    { 0x0202, 0x00, 0x03, 0x08, 0x00, 0x06, 0x00, 0x30, 0x00, 0, 0x000059C8, 0x000009C8 },
    { 0x0202, 0x00, 0x03, 0x09, 0x00, 0x06, 0x00, 0x30, 0x00, 0, 0x00005300, 0x00000298 },
    { 0x0202, 0x00, 0x03, 0x0E, 0x00, 0x06, 0x00, 0x30, 0x00, 0, 0x00004330, 0x000001C0 },
    { 0x0202, 0x00, 0x03, 0x0F, 0x00, 0x06, 0x00, 0x30, 0x00, 0, 0x000041A8, 0x00000188 },
    { 0x0202, 0x00, 0x03, 0x10, 0x00, 0x06, 0x00, 0x30, 0x00, 0, 0x00003FB0, 0x000001F8 },
    { 0x0202, 0x00, 0x03, 0x15, 0x00, 0x06, 0x00, 0x30, 0x00, 0, 0x00004870, 0x00000190 },
    { 0x0202, 0x00, 0x03, 0x16, 0x00, 0x06, 0x00, 0x30, 0x00, 0, 0x000046E8, 0x00000188 },
    { 0x0202, 0x00, 0x03, 0x17, 0x00, 0x06, 0x00, 0x30, 0x00, 0, 0x000044F0, 0x000001F8 },
    { 0x0202, 0x00, 0x03, 0x18, 0x00, 0x06, 0x00, 0x30, 0x00, 0, 0x00005180, 0x00000180 },
    { 0x0202, 0x00, 0x03, 0x1C, 0x00, 0x06, 0x00, 0x30, 0x00, 0, 0x00004D50, 0x000000A8 },
    { 0x0202, 0x00, 0x03, 0x1D, 0x00, 0x06, 0x00, 0x30, 0x00, 0, 0x00004A00, 0x00000350 },
    { 0x0202, 0x00, 0x03, 0x20, 0x00, 0x06, 0x00, 0x30, 0x00, 0, 0x00004DF8, 0x000000A8 },
    { 0x0202, 0x00, 0x03, 0x25, 0x00, 0x06, 0x00, 0x30, 0x00, 0, 0x00003908, 0x00000158 },
    { 0x0202, 0x00, 0x03, 0x26, 0x00, 0x06, 0x00, 0x30, 0x00, 0, 0x00003778, 0x00000190 },
    { 0x0202, 0x00, 0x03, 0x27, 0x00, 0x06, 0x00, 0x30, 0x00, 0, 0x00003510, 0x00000268 },
    { 0x0202, 0x00, 0x03, 0x2C, 0x00, 0x06, 0x00, 0x30, 0x00, 0, 0x00003E58, 0x00000158 },
    { 0x0202, 0x00, 0x03, 0x2D, 0x00, 0x06, 0x00, 0x30, 0x00, 0, 0x00003CC8, 0x00000190 },
    { 0x0202, 0x00, 0x03, 0x2E, 0x00, 0x06, 0x00, 0x30, 0x00, 0, 0x00003A60, 0x00000268 },
    { 0x0202, 0x00, 0x03, 0x2F, 0x00, 0x06, 0x00, 0x30, 0x00, 0, 0x00004EA0, 0x000002E0 },
    { 0x0202, 0x01, 0x00, 0x00, 0x00, 0x06, 0x00, 0x30, 0x00, 0, 0x000104B8, 0x00000008 },
    { 0x0202, 0x01, 0x01, 0x00, 0x00, 0x06, 0x00, 0x30, 0x00, 0, 0x000103F8, 0x000000C0 },
    { 0x0202, 0x01, 0x02, 0x00, 0x00, 0x06, 0x00, 0x30, 0x00, 0, 0x000101B8, 0x0000000C },
    { 0x0202, 0x01, 0x02, 0x01, 0x00, 0x06, 0x00, 0x30, 0x00, 0, 0x000101C4, 0x0000000C },
    { 0x0202, 0x01, 0x02, 0x02, 0x00, 0x06, 0x00, 0x30, 0x00, 0, 0x000101D0, 0x0000000C },
    { 0x0202, 0x01, 0x02, 0x03, 0x00, 0x06, 0x00, 0x30, 0x00, 0, 0x000101DC, 0x0000000C },
    { 0x0202, 0x01, 0x02, 0x04, 0x00, 0x06, 0x00, 0x30, 0x00, 0, 0x000101E8, 0x0000000C },
    { 0x0202, 0x01, 0x02, 0x05, 0x00, 0x06, 0x00, 0x30, 0x00, 0, 0x000101F4, 0x0000000C },
    { 0x0202, 0x01, 0x02, 0x06, 0x00, 0x06, 0x00, 0x30, 0x00, 0, 0x00010200, 0x0000000C },
    { 0x0202, 0x01, 0x02, 0x07, 0x00, 0x06, 0x00, 0x30, 0x00, 0, 0x0001020C, 0x0000000C },
    { 0x0202, 0x01, 0x02, 0x08, 0x00, 0x06, 0x00, 0x30, 0x00, 0, 0x00010218, 0x0000000C },
    { 0x0202, 0x01, 0x02, 0x09, 0x00, 0x06, 0x00, 0x30, 0x00, 0, 0x00010224, 0x0000000C },
    { 0x0202, 0x01, 0x02, 0x0A, 0x00, 0x06, 0x00, 0x30, 0x00, 0, 0x00010230, 0x0000000C },
    { 0x0202, 0x01, 0x02, 0x0B, 0x00, 0x06, 0x00, 0x30, 0x00, 0, 0x0001023C, 0x0000000C },
    { 0x0202, 0x01, 0x02, 0x0C, 0x00, 0x06, 0x00, 0x30, 0x00, 0, 0x00010248, 0x0000000C },
    { 0x0202, 0x01, 0x02, 0x0D, 0x00, 0x06, 0x00, 0x30, 0x00, 0, 0x00010254, 0x0000000C },
    { 0x0202, 0x01, 0x02, 0x0E, 0x00, 0x06, 0x00, 0x30, 0x00, 0, 0x00010260, 0x0000000C },
    { 0x0202, 0x01, 0x02, 0x0F, 0x00, 0x06, 0x00, 0x30, 0x00, 0, 0x0001026C, 0x0000000C },
    { 0x0202, 0x01, 0x02, 0x10, 0x00, 0x06, 0x00, 0x30, 0x00, 0, 0x00010278, 0x0000000C },
    { 0x0202, 0x01, 0x02, 0x11, 0x00, 0x06, 0x00, 0x30, 0x00, 0, 0x00010284, 0x0000000C },
    { 0x0202, 0x01, 0x02, 0x12, 0x00, 0x06, 0x00, 0x30, 0x00, 0, 0x00010290, 0x0000000C },
    { 0x0202, 0x01, 0x02, 0x13, 0x00, 0x06, 0x00, 0x30, 0x00, 0, 0x0001029C, 0x0000000C },
    { 0x0202, 0x01, 0x02, 0x14, 0x00, 0x06, 0x00, 0x30, 0x00, 0, 0x000102A8, 0x0000000C },
    { 0x0202, 0x01, 0x02, 0x15, 0x00, 0x06, 0x00, 0x30, 0x00, 0, 0x000102B4, 0x0000000C },
    { 0x0202, 0x01, 0x02, 0x16, 0x00, 0x06, 0x00, 0x30, 0x00, 0, 0x000102C0, 0x0000000C },
    { 0x0202, 0x01, 0x02, 0x17, 0x00, 0x06, 0x00, 0x30, 0x00, 0, 0x000102CC, 0x0000000C },
    { 0x0202, 0x01, 0x02, 0x18, 0x00, 0x06, 0x00, 0x30, 0x00, 0, 0x000102D8, 0x0000000C },
    { 0x0202, 0x01, 0x02, 0x19, 0x00, 0x06, 0x00, 0x30, 0x00, 0, 0x000102E4, 0x0000000C },
    { 0x0202, 0x01, 0x02, 0x1A, 0x00, 0x06, 0x00, 0x30, 0x00, 0, 0x000102F0, 0x0000000C },
    { 0x0202, 0x01, 0x02, 0x1B, 0x00, 0x06, 0x00, 0x30, 0x00, 0, 0x000102FC, 0x0000000C },
    { 0x0202, 0x01, 0x02, 0x1C, 0x00, 0x06, 0x00, 0x30, 0x00, 0, 0x00010308, 0x0000000C },
    { 0x0202, 0x01, 0x02, 0x1D, 0x00, 0x06, 0x00, 0x30, 0x00, 0, 0x00010314, 0x0000000C },
    { 0x0202, 0x01, 0x02, 0x1E, 0x00, 0x06, 0x00, 0x30, 0x00, 0, 0x00010320, 0x0000000C },
    { 0x0202, 0x01, 0x02, 0x1F, 0x00, 0x06, 0x00, 0x30, 0x00, 0, 0x0001032C, 0x0000000C },
    { 0x0202, 0x01, 0x02, 0x20, 0x00, 0x06, 0x00, 0x30, 0x00, 0, 0x00010338, 0x0000000C },
    { 0x0202, 0x01, 0x02, 0x21, 0x00, 0x06, 0x00, 0x30, 0x00, 0, 0x00010344, 0x0000000C },
    { 0x0202, 0x01, 0x02, 0x22, 0x00, 0x06, 0x00, 0x30, 0x00, 0, 0x00010350, 0x0000000C },
    { 0x0202, 0x01, 0x02, 0x23, 0x00, 0x06, 0x00, 0x30, 0x00, 0, 0x0001035C, 0x0000000C },
    { 0x0202, 0x01, 0x02, 0x24, 0x00, 0x06, 0x00, 0x30, 0x00, 0, 0x00010368, 0x0000000C },
    { 0x0202, 0x01, 0x02, 0x25, 0x00, 0x06, 0x00, 0x30, 0x00, 0, 0x00010374, 0x0000000C },
    { 0x0202, 0x01, 0x02, 0x26, 0x00, 0x06, 0x00, 0x30, 0x00, 0, 0x00010380, 0x0000000C },
    { 0x0202, 0x01, 0x02, 0x27, 0x00, 0x06, 0x00, 0x30, 0x00, 0, 0x0001038C, 0x0000000C },
    { 0x0202, 0x01, 0x02, 0x28, 0x00, 0x06, 0x00, 0x30, 0x00, 0, 0x00010398, 0x0000000C },
    { 0x0202, 0x01, 0x02, 0x29, 0x00, 0x06, 0x00, 0x30, 0x00, 0, 0x000103A4, 0x0000000C },
    { 0x0202, 0x01, 0x02, 0x2A, 0x00, 0x06, 0x00, 0x30, 0x00, 0, 0x000103B0, 0x0000000C },
    { 0x0202, 0x01, 0x02, 0x2B, 0x00, 0x06, 0x00, 0x30, 0x00, 0, 0x000103BC, 0x0000000C },
    { 0x0202, 0x01, 0x02, 0x2C, 0x00, 0x06, 0x00, 0x30, 0x00, 0, 0x000103C8, 0x0000000C },
    { 0x0202, 0x01, 0x02, 0x2D, 0x00, 0x06, 0x00, 0x30, 0x00, 0, 0x000103D4, 0x0000000C },
    { 0x0202, 0x01, 0x02, 0x2E, 0x00, 0x06, 0x00, 0x30, 0x00, 0, 0x000103E0, 0x0000000C },
    { 0x0202, 0x01, 0x02, 0x2F, 0x00, 0x06, 0x00, 0x30, 0x00, 0, 0x000103EC, 0x0000000C },
    { 0x0202, 0x01, 0x03, 0x07, 0x00, 0x06, 0x00, 0x30, 0x00, 0, 0x0000E3E8, 0x000000F8 },
    { 0x0202, 0x01, 0x03, 0x08, 0x00, 0x06, 0x00, 0x30, 0x00, 0, 0x0000E7E0, 0x000001C8 },
    { 0x0202, 0x01, 0x03, 0x09, 0x00, 0x06, 0x00, 0x30, 0x00, 0, 0x0000EE60, 0x00000140 },
    { 0x0202, 0x01, 0x03, 0x0E, 0x00, 0x06, 0x00, 0x30, 0x00, 0, 0x0000DD20, 0x00000208 },
    { 0x0202, 0x01, 0x03, 0x0F, 0x00, 0x06, 0x00, 0x30, 0x00, 0, 0x0000DAA0, 0x00000100 },
    { 0x0202, 0x01, 0x03, 0x10, 0x00, 0x06, 0x00, 0x30, 0x00, 0, 0x0000D968, 0x000000B8 },
    { 0x0202, 0x01, 0x03, 0x15, 0x00, 0x06, 0x00, 0x30, 0x00, 0, 0x0000CFF0, 0x00000150 },
    { 0x0202, 0x01, 0x03, 0x16, 0x00, 0x06, 0x00, 0x30, 0x00, 0, 0x0000CC80, 0x00000100 },
    { 0x0202, 0x01, 0x03, 0x17, 0x00, 0x06, 0x00, 0x30, 0x00, 0, 0x0000CB48, 0x000000B8 },
    { 0x0202, 0x01, 0x03, 0x18, 0x00, 0x06, 0x00, 0x30, 0x00, 0, 0x0000F620, 0x00000220 },
    { 0x0202, 0x01, 0x03, 0x1C, 0x00, 0x06, 0x00, 0x30, 0x00, 0, 0x0000FB88, 0x00000118 },
    { 0x0202, 0x01, 0x03, 0x1D, 0x00, 0x06, 0x00, 0x30, 0x00, 0, 0x0000F970, 0x00000128 },
    { 0x0202, 0x01, 0x03, 0x20, 0x00, 0x06, 0x00, 0x30, 0x00, 0, 0x0000FDA0, 0x000000F0 },
    { 0x0202, 0x01, 0x03, 0x25, 0x00, 0x06, 0x00, 0x30, 0x00, 0, 0x0000D798, 0x00000120 },
    { 0x0202, 0x01, 0x03, 0x26, 0x00, 0x06, 0x00, 0x30, 0x00, 0, 0x0000D460, 0x00000158 },
    { 0x0202, 0x01, 0x03, 0x27, 0x00, 0x06, 0x00, 0x30, 0x00, 0, 0x0000D230, 0x000000C0 },
    { 0x0202, 0x01, 0x03, 0x2C, 0x00, 0x06, 0x00, 0x30, 0x00, 0, 0x0000C978, 0x00000120 },
    { 0x0202, 0x01, 0x03, 0x2D, 0x00, 0x06, 0x00, 0x30, 0x00, 0, 0x0000C640, 0x00000158 },
    { 0x0202, 0x01, 0x03, 0x2E, 0x00, 0x06, 0x00, 0x30, 0x00, 0, 0x0000C410, 0x000000C0 },
    { 0x0202, 0x01, 0x03, 0x2F, 0x00, 0x06, 0x00, 0x30, 0x00, 0, 0x0000EBA8, 0x000001A8 },
    { 0x0203, 0x00, 0x00, 0x00, 0x00, 0x06, 0x00, 0x55, 0x00, 0, 0x0001C8F8, 0x00000008 },
    { 0x0203, 0x00, 0x01, 0x00, 0x00, 0x06, 0x00, 0x55, 0x00, 0, 0x0001C7A4, 0x00000154 },
    { 0x0203, 0x00, 0x02, 0x00, 0x00, 0x06, 0x00, 0x55, 0x00, 0, 0x0001C3A8, 0x0000000C },
    { 0x0203, 0x00, 0x02, 0x01, 0x00, 0x06, 0x00, 0x55, 0x00, 0, 0x0001C3B4, 0x0000000C },
    { 0x0203, 0x00, 0x02, 0x02, 0x00, 0x06, 0x00, 0x55, 0x00, 0, 0x0001C3C0, 0x0000000C },
    { 0x0203, 0x00, 0x02, 0x03, 0x00, 0x06, 0x00, 0x55, 0x00, 0, 0x0001C3CC, 0x0000000C },
    { 0x0203, 0x00, 0x02, 0x04, 0x00, 0x06, 0x00, 0x55, 0x00, 0, 0x0001C3D8, 0x0000000C },
    { 0x0203, 0x00, 0x02, 0x05, 0x00, 0x06, 0x00, 0x55, 0x00, 0, 0x0001C3E4, 0x0000000C },
    { 0x0203, 0x00, 0x02, 0x06, 0x00, 0x06, 0x00, 0x55, 0x00, 0, 0x0001C3F0, 0x0000000C },
    { 0x0203, 0x00, 0x02, 0x07, 0x00, 0x06, 0x00, 0x55, 0x00, 0, 0x0001C3FC, 0x0000000C },
    { 0x0203, 0x00, 0x02, 0x08, 0x00, 0x06, 0x00, 0x55, 0x00, 0, 0x0001C408, 0x0000000C },
    { 0x0203, 0x00, 0x02, 0x09, 0x00, 0x06, 0x00, 0x55, 0x00, 0, 0x0001C414, 0x0000000C },
    { 0x0203, 0x00, 0x02, 0x0A, 0x00, 0x06, 0x00, 0x55, 0x00, 0, 0x0001C420, 0x0000000C },
    { 0x0203, 0x00, 0x02, 0x0B, 0x00, 0x06, 0x00, 0x55, 0x00, 0, 0x0001C42C, 0x0000000C },
    { 0x0203, 0x00, 0x02, 0x0C, 0x00, 0x06, 0x00, 0x55, 0x00, 0, 0x0001C438, 0x0000000C },
    { 0x0203, 0x00, 0x02, 0x0D, 0x00, 0x06, 0x00, 0x55, 0x00, 0, 0x0001C444, 0x0000000C },
    { 0x0203, 0x00, 0x02, 0x0E, 0x00, 0x06, 0x00, 0x55, 0x00, 0, 0x0001C450, 0x0000000C },
    { 0x0203, 0x00, 0x02, 0x0F, 0x00, 0x06, 0x00, 0x55, 0x00, 0, 0x0001C45C, 0x0000000C },
    { 0x0203, 0x00, 0x02, 0x10, 0x00, 0x06, 0x00, 0x55, 0x00, 0, 0x0001C468, 0x0000000C },
    { 0x0203, 0x00, 0x02, 0x11, 0x00, 0x06, 0x00, 0x55, 0x00, 0, 0x0001C474, 0x0000000C },
    { 0x0203, 0x00, 0x02, 0x12, 0x00, 0x06, 0x00, 0x55, 0x00, 0, 0x0001C480, 0x0000000C },
    { 0x0203, 0x00, 0x02, 0x13, 0x00, 0x06, 0x00, 0x55, 0x00, 0, 0x0001C48C, 0x0000000C },
    { 0x0203, 0x00, 0x02, 0x14, 0x00, 0x06, 0x00, 0x55, 0x00, 0, 0x0001C498, 0x0000000C },
    { 0x0203, 0x00, 0x02, 0x15, 0x00, 0x06, 0x00, 0x55, 0x00, 0, 0x0001C4A4, 0x0000000C },
    { 0x0203, 0x00, 0x02, 0x16, 0x00, 0x06, 0x00, 0x55, 0x00, 0, 0x0001C4B0, 0x0000000C },
    { 0x0203, 0x00, 0x02, 0x17, 0x00, 0x06, 0x00, 0x55, 0x00, 0, 0x0001C4BC, 0x0000000C },
    { 0x0203, 0x00, 0x02, 0x18, 0x00, 0x06, 0x00, 0x55, 0x00, 0, 0x0001C4C8, 0x0000000C },
    { 0x0203, 0x00, 0x02, 0x19, 0x00, 0x06, 0x00, 0x55, 0x00, 0, 0x0001C4D4, 0x0000000C },
    { 0x0203, 0x00, 0x02, 0x1A, 0x00, 0x06, 0x00, 0x55, 0x00, 0, 0x0001C4E0, 0x0000000C },
    { 0x0203, 0x00, 0x02, 0x1B, 0x00, 0x06, 0x00, 0x55, 0x00, 0, 0x0001C4EC, 0x0000000C },
    { 0x0203, 0x00, 0x02, 0x1C, 0x00, 0x06, 0x00, 0x55, 0x00, 0, 0x0001C4F8, 0x0000000C },
    { 0x0203, 0x00, 0x02, 0x1D, 0x00, 0x06, 0x00, 0x55, 0x00, 0, 0x0001C504, 0x0000000C },
    { 0x0203, 0x00, 0x02, 0x1E, 0x00, 0x06, 0x00, 0x55, 0x00, 0, 0x0001C510, 0x0000000C },
    { 0x0203, 0x00, 0x02, 0x1F, 0x00, 0x06, 0x00, 0x55, 0x00, 0, 0x0001C51C, 0x0000000C },
    { 0x0203, 0x00, 0x02, 0x20, 0x00, 0x06, 0x00, 0x55, 0x00, 0, 0x0001C528, 0x0000000C },
    { 0x0203, 0x00, 0x02, 0x21, 0x00, 0x06, 0x00, 0x55, 0x00, 0, 0x0001C534, 0x0000000C },
    { 0x0203, 0x00, 0x02, 0x22, 0x00, 0x06, 0x00, 0x55, 0x00, 0, 0x0001C540, 0x0000000C },
    { 0x0203, 0x00, 0x02, 0x23, 0x00, 0x06, 0x00, 0x55, 0x00, 0, 0x0001C54C, 0x0000000C },
    { 0x0203, 0x00, 0x02, 0x24, 0x00, 0x06, 0x00, 0x55, 0x00, 0, 0x0001C558, 0x0000000C },
    { 0x0203, 0x00, 0x02, 0x25, 0x00, 0x06, 0x00, 0x55, 0x00, 0, 0x0001C564, 0x0000000C },
    { 0x0203, 0x00, 0x02, 0x26, 0x00, 0x06, 0x00, 0x55, 0x00, 0, 0x0001C570, 0x0000000C },
    { 0x0203, 0x00, 0x02, 0x27, 0x00, 0x06, 0x00, 0x55, 0x00, 0, 0x0001C57C, 0x0000000C },
    { 0x0203, 0x00, 0x02, 0x28, 0x00, 0x06, 0x00, 0x55, 0x00, 0, 0x0001C588, 0x0000000C },
    { 0x0203, 0x00, 0x02, 0x29, 0x00, 0x06, 0x00, 0x55, 0x00, 0, 0x0001C594, 0x0000000C },
    { 0x0203, 0x00, 0x02, 0x2A, 0x00, 0x06, 0x00, 0x55, 0x00, 0, 0x0001C5A0, 0x0000000C },
    { 0x0203, 0x00, 0x02, 0x2B, 0x00, 0x06, 0x00, 0x55, 0x00, 0, 0x0001C5AC, 0x0000000C },
    { 0x0203, 0x00, 0x02, 0x2C, 0x00, 0x06, 0x00, 0x55, 0x00, 0, 0x0001C5B8, 0x0000000C },
    { 0x0203, 0x00, 0x02, 0x2D, 0x00, 0x06, 0x00, 0x55, 0x00, 0, 0x0001C5C4, 0x0000000C },
    { 0x0203, 0x00, 0x02, 0x2E, 0x00, 0x06, 0x00, 0x55, 0x00, 0, 0x0001C5D0, 0x0000000C },
    { 0x0203, 0x00, 0x02, 0x2F, 0x00, 0x06, 0x00, 0x55, 0x00, 0, 0x0001C5DC, 0x0000000C },
    { 0x0203, 0x00, 0x02, 0x30, 0x00, 0x06, 0x00, 0x55, 0x00, 0, 0x0001C5E8, 0x0000000C },
    { 0x0203, 0x00, 0x02, 0x31, 0x00, 0x06, 0x00, 0x55, 0x00, 0, 0x0001C5F4, 0x0000000C },
    { 0x0203, 0x00, 0x02, 0x32, 0x00, 0x06, 0x00, 0x55, 0x00, 0, 0x0001C600, 0x0000000C },
    { 0x0203, 0x00, 0x02, 0x33, 0x00, 0x06, 0x00, 0x55, 0x00, 0, 0x0001C60C, 0x0000000C },
    { 0x0203, 0x00, 0x02, 0x34, 0x00, 0x06, 0x00, 0x55, 0x00, 0, 0x0001C618, 0x0000000C },
    { 0x0203, 0x00, 0x02, 0x35, 0x00, 0x06, 0x00, 0x55, 0x00, 0, 0x0001C624, 0x0000000C },
    { 0x0203, 0x00, 0x02, 0x36, 0x00, 0x06, 0x00, 0x55, 0x00, 0, 0x0001C630, 0x0000000C },
    { 0x0203, 0x00, 0x02, 0x37, 0x00, 0x06, 0x00, 0x55, 0x00, 0, 0x0001C63C, 0x0000000C },
    { 0x0203, 0x00, 0x02, 0x38, 0x00, 0x06, 0x00, 0x55, 0x00, 0, 0x0001C648, 0x0000000C },
    { 0x0203, 0x00, 0x02, 0x39, 0x00, 0x06, 0x00, 0x55, 0x00, 0, 0x0001C654, 0x0000000C },
    { 0x0203, 0x00, 0x02, 0x3A, 0x00, 0x06, 0x00, 0x55, 0x00, 0, 0x0001C660, 0x0000000C },
    { 0x0203, 0x00, 0x02, 0x3B, 0x00, 0x06, 0x00, 0x55, 0x00, 0, 0x0001C66C, 0x0000000C },
    { 0x0203, 0x00, 0x02, 0x3C, 0x00, 0x06, 0x00, 0x55, 0x00, 0, 0x0001C678, 0x0000000C },
    { 0x0203, 0x00, 0x02, 0x3D, 0x00, 0x06, 0x00, 0x55, 0x00, 0, 0x0001C684, 0x0000000C },
    { 0x0203, 0x00, 0x02, 0x3E, 0x00, 0x06, 0x00, 0x55, 0x00, 0, 0x0001C690, 0x0000000C },
    { 0x0203, 0x00, 0x02, 0x3F, 0x00, 0x06, 0x00, 0x55, 0x00, 0, 0x0001C69C, 0x0000000C },
    { 0x0203, 0x00, 0x02, 0x40, 0x00, 0x06, 0x00, 0x55, 0x00, 0, 0x0001C6A8, 0x0000000C },
    { 0x0203, 0x00, 0x02, 0x41, 0x00, 0x06, 0x00, 0x55, 0x00, 0, 0x0001C6B4, 0x0000000C },
    { 0x0203, 0x00, 0x02, 0x42, 0x00, 0x06, 0x00, 0x55, 0x00, 0, 0x0001C6C0, 0x0000000C },
    { 0x0203, 0x00, 0x02, 0x43, 0x00, 0x06, 0x00, 0x55, 0x00, 0, 0x0001C6CC, 0x0000000C },
    { 0x0203, 0x00, 0x02, 0x44, 0x00, 0x06, 0x00, 0x55, 0x00, 0, 0x0001C6D8, 0x0000000C },
    { 0x0203, 0x00, 0x02, 0x45, 0x00, 0x06, 0x00, 0x55, 0x00, 0, 0x0001C6E4, 0x0000000C },
    { 0x0203, 0x00, 0x02, 0x46, 0x00, 0x06, 0x00, 0x55, 0x00, 0, 0x0001C6F0, 0x0000000C },
    { 0x0203, 0x00, 0x02, 0x47, 0x00, 0x06, 0x00, 0x55, 0x00, 0, 0x0001C6FC, 0x0000000C },
    { 0x0203, 0x00, 0x02, 0x48, 0x00, 0x06, 0x00, 0x55, 0x00, 0, 0x0001C708, 0x0000000C },
    { 0x0203, 0x00, 0x02, 0x49, 0x00, 0x06, 0x00, 0x55, 0x00, 0, 0x0001C714, 0x0000000C },
    { 0x0203, 0x00, 0x02, 0x4A, 0x00, 0x06, 0x00, 0x55, 0x00, 0, 0x0001C720, 0x0000000C },
    { 0x0203, 0x00, 0x02, 0x4B, 0x00, 0x06, 0x00, 0x55, 0x00, 0, 0x0001C72C, 0x0000000C },
    { 0x0203, 0x00, 0x02, 0x4C, 0x00, 0x06, 0x00, 0x55, 0x00, 0, 0x0001C738, 0x0000000C },
    { 0x0203, 0x00, 0x02, 0x4D, 0x00, 0x06, 0x00, 0x55, 0x00, 0, 0x0001C744, 0x0000000C },
    { 0x0203, 0x00, 0x02, 0x4E, 0x00, 0x06, 0x00, 0x55, 0x00, 0, 0x0001C750, 0x0000000C },
    { 0x0203, 0x00, 0x02, 0x4F, 0x00, 0x06, 0x00, 0x55, 0x00, 0, 0x0001C75C, 0x0000000C },
    { 0x0203, 0x00, 0x02, 0x50, 0x00, 0x06, 0x00, 0x55, 0x00, 0, 0x0001C768, 0x0000000C },
    { 0x0203, 0x00, 0x02, 0x51, 0x00, 0x06, 0x00, 0x55, 0x00, 0, 0x0001C774, 0x0000000C },
    { 0x0203, 0x00, 0x02, 0x52, 0x00, 0x06, 0x00, 0x55, 0x00, 0, 0x0001C780, 0x0000000C },
    { 0x0203, 0x00, 0x02, 0x53, 0x00, 0x06, 0x00, 0x55, 0x00, 0, 0x0001C78C, 0x0000000C },
    { 0x0203, 0x00, 0x02, 0x54, 0x00, 0x06, 0x00, 0x55, 0x00, 0, 0x0001C798, 0x0000000C },
    { 0x0203, 0x00, 0x03, 0x02, 0x00, 0x06, 0x00, 0x55, 0x00, 0, 0x00013A60, 0x000000E8 },
    { 0x0203, 0x00, 0x03, 0x03, 0x00, 0x06, 0x00, 0x55, 0x00, 0, 0x00014298, 0x00000188 },
    { 0x0203, 0x00, 0x03, 0x04, 0x00, 0x06, 0x00, 0x55, 0x00, 0, 0x00014A10, 0x00000130 },
    { 0x0203, 0x00, 0x03, 0x0A, 0x00, 0x06, 0x00, 0x55, 0x00, 0, 0x00017D80, 0x000000E8 },
    { 0x0203, 0x00, 0x03, 0x0B, 0x00, 0x06, 0x00, 0x55, 0x00, 0, 0x00017B08, 0x000000E8 },
    { 0x0203, 0x00, 0x03, 0x0C, 0x00, 0x06, 0x00, 0x55, 0x00, 0, 0x00017960, 0x000000C8 },
    { 0x0203, 0x00, 0x03, 0x0D, 0x00, 0x06, 0x00, 0x55, 0x00, 0, 0x00017768, 0x000000C8 },
    { 0x0203, 0x00, 0x03, 0x14, 0x00, 0x06, 0x00, 0x55, 0x00, 0, 0x00015F28, 0x00000110 },
    { 0x0203, 0x00, 0x03, 0x15, 0x00, 0x06, 0x00, 0x55, 0x00, 0, 0x00015168, 0x00000140 },
    { 0x0203, 0x00, 0x03, 0x16, 0x00, 0x06, 0x00, 0x55, 0x00, 0, 0x00017500, 0x00000138 },
    { 0x0203, 0x00, 0x03, 0x19, 0x00, 0x06, 0x00, 0x55, 0x00, 0, 0x00015B28, 0x00000150 },
    { 0x0203, 0x00, 0x03, 0x1C, 0x00, 0x06, 0x00, 0x55, 0x00, 0, 0x000147D0, 0x000000B0 },
    { 0x0203, 0x00, 0x03, 0x1D, 0x00, 0x06, 0x00, 0x55, 0x00, 0, 0x000167A0, 0x00000148 },
    { 0x0203, 0x00, 0x03, 0x20, 0x00, 0x06, 0x00, 0x55, 0x00, 0, 0x00016DA0, 0x00000108 },
    { 0x0203, 0x00, 0x03, 0x23, 0x00, 0x06, 0x00, 0x55, 0x00, 0, 0x00016AB8, 0x00000118 },
    { 0x0203, 0x00, 0x03, 0x26, 0x00, 0x06, 0x00, 0x55, 0x00, 0, 0x00015338, 0x000000B0 },
    { 0x0203, 0x00, 0x03, 0x29, 0x00, 0x06, 0x00, 0x55, 0x00, 0, 0x00016FE8, 0x00000120 },
    { 0x0203, 0x00, 0x03, 0x2D, 0x00, 0x06, 0x00, 0x55, 0x00, 0, 0x00013750, 0x00000110 },
    { 0x0203, 0x00, 0x03, 0x2E, 0x00, 0x06, 0x00, 0x55, 0x00, 0, 0x000135F0, 0x000000B0 },
    { 0x0203, 0x00, 0x03, 0x32, 0x00, 0x06, 0x00, 0x55, 0x00, 0, 0x00013480, 0x00000110 },
    { 0x0203, 0x00, 0x03, 0x33, 0x00, 0x06, 0x00, 0x55, 0x00, 0, 0x00013320, 0x000000B0 },
    { 0x0203, 0x00, 0x03, 0x38, 0x00, 0x06, 0x00, 0x55, 0x00, 0, 0x00018008, 0x00000118 },
    { 0x0203, 0x00, 0x03, 0x39, 0x00, 0x06, 0x00, 0x55, 0x00, 0, 0x00012AF8, 0x00000198 },
    { 0x0203, 0x00, 0x03, 0x3A, 0x00, 0x06, 0x00, 0x55, 0x00, 0, 0x00012770, 0x000000B8 },
    { 0x0203, 0x00, 0x03, 0x3F, 0x00, 0x06, 0x00, 0x55, 0x00, 0, 0x00018290, 0x00000118 },
    { 0x0203, 0x00, 0x03, 0x40, 0x00, 0x06, 0x00, 0x55, 0x00, 0, 0x00013128, 0x00000198 },
    { 0x0203, 0x00, 0x03, 0x41, 0x00, 0x06, 0x00, 0x55, 0x00, 0, 0x00012D70, 0x000000B8 },
    { 0x0203, 0x00, 0x03, 0x48, 0x00, 0x06, 0x00, 0x55, 0x00, 0, 0x00015D48, 0x00000110 },
    { 0x0203, 0x00, 0x03, 0x49, 0x00, 0x06, 0x00, 0x55, 0x00, 0, 0x00014DC0, 0x00000158 },
    { 0x0203, 0x00, 0x03, 0x4A, 0x00, 0x06, 0x00, 0x55, 0x00, 0, 0x00017268, 0x00000138 },
    { 0x0203, 0x00, 0x03, 0x4D, 0x00, 0x06, 0x00, 0x55, 0x00, 0, 0x000156D8, 0x00000150 },
    { 0x0203, 0x00, 0x03, 0x50, 0x00, 0x06, 0x00, 0x55, 0x00, 0, 0x00014640, 0x000000B0 },
    { 0x0203, 0x00, 0x03, 0x51, 0x00, 0x06, 0x00, 0x55, 0x00, 0, 0x00016348, 0x00000148 },
    { 0x0203, 0x00, 0x03, 0x54, 0x00, 0x06, 0x00, 0x55, 0x00, 0, 0x000144B0, 0x000000B0 },
    { 0x0204, 0x00, 0x00, 0x00, 0x00, 0x06, 0x00, 0x11, 0x10, 0, 0x0000F5D8, 0x0000000C },
    { 0x0204, 0x00, 0x01, 0x00, 0x00, 0x06, 0x00, 0x11, 0x10, 0, 0x0000F594, 0x00000044 },
    { 0x0204, 0x00, 0x02, 0x00, 0x00, 0x06, 0x00, 0x11, 0x10, 0, 0x0000F4C8, 0x0000000C },
    { 0x0204, 0x00, 0x02, 0x01, 0x00, 0x06, 0x00, 0x11, 0x10, 0, 0x0000F4D4, 0x0000000C },
    { 0x0204, 0x00, 0x02, 0x02, 0x00, 0x06, 0x00, 0x11, 0x10, 0, 0x0000F4E0, 0x0000000C },
    { 0x0204, 0x00, 0x02, 0x03, 0x00, 0x06, 0x00, 0x11, 0x10, 0, 0x0000F4EC, 0x0000000C },
    { 0x0204, 0x00, 0x02, 0x04, 0x00, 0x06, 0x00, 0x11, 0x10, 0, 0x0000F4F8, 0x0000000C },
    { 0x0204, 0x00, 0x02, 0x05, 0x00, 0x06, 0x00, 0x11, 0x10, 0, 0x0000F504, 0x0000000C },
    { 0x0204, 0x00, 0x02, 0x06, 0x00, 0x06, 0x00, 0x11, 0x10, 0, 0x0000F510, 0x0000000C },
    { 0x0204, 0x00, 0x02, 0x07, 0x00, 0x06, 0x00, 0x11, 0x10, 0, 0x0000F51C, 0x0000000C },
    { 0x0204, 0x00, 0x02, 0x08, 0x00, 0x06, 0x00, 0x11, 0x10, 0, 0x0000F528, 0x0000000C },
    { 0x0204, 0x00, 0x02, 0x09, 0x00, 0x06, 0x00, 0x11, 0x10, 0, 0x0000F534, 0x0000000C },
    { 0x0204, 0x00, 0x02, 0x0A, 0x00, 0x06, 0x00, 0x11, 0x10, 0, 0x0000F540, 0x0000000C },
    { 0x0204, 0x00, 0x02, 0x0B, 0x00, 0x06, 0x00, 0x11, 0x10, 0, 0x0000F54C, 0x0000000C },
    { 0x0204, 0x00, 0x02, 0x0C, 0x00, 0x06, 0x00, 0x11, 0x10, 0, 0x0000F558, 0x0000000C },
    { 0x0204, 0x00, 0x02, 0x0D, 0x00, 0x06, 0x00, 0x11, 0x10, 0, 0x0000F564, 0x0000000C },
    { 0x0204, 0x00, 0x02, 0x0E, 0x00, 0x06, 0x00, 0x11, 0x10, 0, 0x0000F570, 0x0000000C },
    { 0x0204, 0x00, 0x02, 0x0F, 0x00, 0x06, 0x00, 0x11, 0x10, 0, 0x0000F57C, 0x0000000C },
    { 0x0204, 0x00, 0x02, 0x10, 0x00, 0x06, 0x00, 0x11, 0x10, 0, 0x0000F588, 0x0000000C },
    { 0x0204, 0x00, 0x03, 0x01, 0x00, 0x06, 0x00, 0x11, 0x10, 0, 0x00006008, 0x00000820 },
    { 0x0204, 0x00, 0x03, 0x02, 0x00, 0x06, 0x00, 0x11, 0x10, 0, 0x0000EE00, 0x00000058 },
    { 0x0204, 0x00, 0x03, 0x03, 0x00, 0x06, 0x00, 0x11, 0x10, 0, 0x0000E748, 0x00000330 },
    { 0x0204, 0x00, 0x03, 0x04, 0x00, 0x06, 0x00, 0x11, 0x10, 0, 0x0000EDA8, 0x00000058 },
    { 0x0204, 0x00, 0x03, 0x05, 0x00, 0x06, 0x00, 0x11, 0x10, 0, 0x0000EA78, 0x00000330 },
    { 0x0204, 0x00, 0x03, 0x06, 0x00, 0x06, 0x00, 0x11, 0x10, 0, 0x00006828, 0x000001B8 },
    { 0x0204, 0x00, 0x03, 0x07, 0x00, 0x06, 0x00, 0x11, 0x10, 0, 0x000069E0, 0x000001C0 },
    { 0x0204, 0x00, 0x03, 0x08, 0x00, 0x06, 0x00, 0x11, 0x10, 0, 0x00006BA0, 0x00000138 },
    { 0x0204, 0x00, 0x03, 0x09, 0x00, 0x06, 0x00, 0x11, 0x10, 0, 0x00004B50, 0x00000980 },
    { 0x0204, 0x00, 0x03, 0x0A, 0x00, 0x06, 0x00, 0x11, 0x10, 0, 0x00005A68, 0x00000270 },
    { 0x0204, 0x00, 0x03, 0x0B, 0x00, 0x06, 0x00, 0x11, 0x10, 0, 0x00005CD8, 0x00000150 },
    { 0x0204, 0x00, 0x03, 0x0C, 0x00, 0x06, 0x00, 0x11, 0x10, 0, 0x00005E28, 0x000001E0 },
    { 0x0204, 0x00, 0x03, 0x0D, 0x00, 0x06, 0x00, 0x11, 0x10, 0, 0x000054D0, 0x00000268 },
    { 0x0204, 0x00, 0x03, 0x0E, 0x00, 0x06, 0x00, 0x11, 0x10, 0, 0x00005738, 0x00000150 },
    { 0x0204, 0x00, 0x03, 0x0F, 0x00, 0x06, 0x00, 0x11, 0x10, 0, 0x00005888, 0x000001E0 },
    { 0x0204, 0x00, 0x03, 0x10, 0x00, 0x06, 0x00, 0x11, 0x10, 0, 0x0000CD98, 0x00001130 },
    { 0x0205, 0x00, 0x00, 0x00, 0x00, 0x06, 0x00, 0x17, 0x00, 0, 0x00003B40, 0x00000008 },
    { 0x0205, 0x00, 0x01, 0x00, 0x00, 0x06, 0x00, 0x17, 0x00, 0, 0x00003AE4, 0x0000005C },
    { 0x0205, 0x00, 0x02, 0x00, 0x00, 0x06, 0x00, 0x17, 0x00, 0, 0x000039D0, 0x0000000C },
    { 0x0205, 0x00, 0x02, 0x01, 0x00, 0x06, 0x00, 0x17, 0x00, 0, 0x000039DC, 0x0000000C },
    { 0x0205, 0x00, 0x02, 0x02, 0x00, 0x06, 0x00, 0x17, 0x00, 0, 0x000039E8, 0x0000000C },
    { 0x0205, 0x00, 0x02, 0x03, 0x00, 0x06, 0x00, 0x17, 0x00, 0, 0x000039F4, 0x0000000C },
    { 0x0205, 0x00, 0x02, 0x04, 0x00, 0x06, 0x00, 0x17, 0x00, 0, 0x00003A00, 0x0000000C },
    { 0x0205, 0x00, 0x02, 0x05, 0x00, 0x06, 0x00, 0x17, 0x00, 0, 0x00003A0C, 0x0000000C },
    { 0x0205, 0x00, 0x02, 0x06, 0x00, 0x06, 0x00, 0x17, 0x00, 0, 0x00003A18, 0x0000000C },
    { 0x0205, 0x00, 0x02, 0x07, 0x00, 0x06, 0x00, 0x17, 0x00, 0, 0x00003A24, 0x0000000C },
    { 0x0205, 0x00, 0x02, 0x08, 0x00, 0x06, 0x00, 0x17, 0x00, 0, 0x00003A30, 0x0000000C },
    { 0x0205, 0x00, 0x02, 0x09, 0x00, 0x06, 0x00, 0x17, 0x00, 0, 0x00003A3C, 0x0000000C },
    { 0x0205, 0x00, 0x02, 0x0A, 0x00, 0x06, 0x00, 0x17, 0x00, 0, 0x00003A48, 0x0000000C },
    { 0x0205, 0x00, 0x02, 0x0B, 0x00, 0x06, 0x00, 0x17, 0x00, 0, 0x00003A54, 0x0000000C },
    { 0x0205, 0x00, 0x02, 0x0C, 0x00, 0x06, 0x00, 0x17, 0x00, 0, 0x00003A60, 0x0000000C },
    { 0x0205, 0x00, 0x02, 0x0D, 0x00, 0x06, 0x00, 0x17, 0x00, 0, 0x00003A6C, 0x0000000C },
    { 0x0205, 0x00, 0x02, 0x0E, 0x00, 0x06, 0x00, 0x17, 0x00, 0, 0x00003A78, 0x0000000C },
    { 0x0205, 0x00, 0x02, 0x0F, 0x00, 0x06, 0x00, 0x17, 0x00, 0, 0x00003A84, 0x0000000C },
    { 0x0205, 0x00, 0x02, 0x10, 0x00, 0x06, 0x00, 0x17, 0x00, 0, 0x00003A90, 0x0000000C },
    { 0x0205, 0x00, 0x02, 0x11, 0x00, 0x06, 0x00, 0x17, 0x00, 0, 0x00003A9C, 0x0000000C },
    { 0x0205, 0x00, 0x02, 0x12, 0x00, 0x06, 0x00, 0x17, 0x00, 0, 0x00003AA8, 0x0000000C },
    { 0x0205, 0x00, 0x02, 0x13, 0x00, 0x06, 0x00, 0x17, 0x00, 0, 0x00003AB4, 0x0000000C },
    { 0x0205, 0x00, 0x02, 0x14, 0x00, 0x06, 0x00, 0x17, 0x00, 0, 0x00003AC0, 0x0000000C },
    { 0x0205, 0x00, 0x02, 0x15, 0x00, 0x06, 0x00, 0x17, 0x00, 0, 0x00003ACC, 0x0000000C },
    { 0x0205, 0x00, 0x02, 0x16, 0x00, 0x06, 0x00, 0x17, 0x00, 0, 0x00003AD8, 0x0000000C },
    { 0x0205, 0x00, 0x03, 0x02, 0x00, 0x06, 0x00, 0x17, 0x00, 0, 0x000024E0, 0x000001E0 },
    { 0x0205, 0x00, 0x03, 0x05, 0x00, 0x06, 0x00, 0x17, 0x00, 0, 0x00002EB8, 0x00000118 },
    { 0x0205, 0x00, 0x03, 0x08, 0x00, 0x06, 0x00, 0x17, 0x00, 0, 0x00002C10, 0x00000088 },
    { 0x0205, 0x00, 0x03, 0x0D, 0x00, 0x06, 0x00, 0x17, 0x00, 0, 0x00001600, 0x000000C0 },
    { 0x0205, 0x00, 0x03, 0x0E, 0x00, 0x06, 0x00, 0x17, 0x00, 0, 0x000019F8, 0x00000090 },
    { 0x0205, 0x00, 0x03, 0x0F, 0x00, 0x06, 0x00, 0x17, 0x00, 0, 0x00001860, 0x000000F8 },
    { 0x0205, 0x00, 0x03, 0x14, 0x00, 0x06, 0x00, 0x17, 0x00, 0, 0x00001B28, 0x000000C0 },
    { 0x0205, 0x00, 0x03, 0x15, 0x00, 0x06, 0x00, 0x17, 0x00, 0, 0x00001F10, 0x00000090 },
    { 0x0205, 0x00, 0x03, 0x16, 0x00, 0x06, 0x00, 0x17, 0x00, 0, 0x00001D78, 0x000000F8 },
    { 0x0207, 0x00, 0x00, 0x00, 0x00, 0x06, 0x00, 0x0E, 0x00, 0, 0x000020E0, 0x00000008 },
    { 0x0207, 0x00, 0x01, 0x00, 0x00, 0x06, 0x00, 0x0E, 0x00, 0, 0x000020A8, 0x00000038 },
    { 0x0207, 0x00, 0x02, 0x00, 0x00, 0x06, 0x00, 0x0E, 0x00, 0, 0x00002000, 0x0000000C },
    { 0x0207, 0x00, 0x02, 0x01, 0x00, 0x06, 0x00, 0x0E, 0x00, 0, 0x0000200C, 0x0000000C },
    { 0x0207, 0x00, 0x02, 0x02, 0x00, 0x06, 0x00, 0x0E, 0x00, 0, 0x00002018, 0x0000000C },
    { 0x0207, 0x00, 0x02, 0x03, 0x00, 0x06, 0x00, 0x0E, 0x00, 0, 0x00002024, 0x0000000C },
    { 0x0207, 0x00, 0x02, 0x04, 0x00, 0x06, 0x00, 0x0E, 0x00, 0, 0x00002030, 0x0000000C },
    { 0x0207, 0x00, 0x02, 0x05, 0x00, 0x06, 0x00, 0x0E, 0x00, 0, 0x0000203C, 0x0000000C },
    { 0x0207, 0x00, 0x02, 0x06, 0x00, 0x06, 0x00, 0x0E, 0x00, 0, 0x00002048, 0x0000000C },
    { 0x0207, 0x00, 0x02, 0x07, 0x00, 0x06, 0x00, 0x0E, 0x00, 0, 0x00002054, 0x0000000C },
    { 0x0207, 0x00, 0x02, 0x08, 0x00, 0x06, 0x00, 0x0E, 0x00, 0, 0x00002060, 0x0000000C },
    { 0x0207, 0x00, 0x02, 0x09, 0x00, 0x06, 0x00, 0x0E, 0x00, 0, 0x0000206C, 0x0000000C },
    { 0x0207, 0x00, 0x02, 0x0A, 0x00, 0x06, 0x00, 0x0E, 0x00, 0, 0x00002078, 0x0000000C },
    { 0x0207, 0x00, 0x02, 0x0B, 0x00, 0x06, 0x00, 0x0E, 0x00, 0, 0x00002084, 0x0000000C },
    { 0x0207, 0x00, 0x02, 0x0C, 0x00, 0x06, 0x00, 0x0E, 0x00, 0, 0x00002090, 0x0000000C },
    { 0x0207, 0x00, 0x02, 0x0D, 0x00, 0x06, 0x00, 0x0E, 0x00, 0, 0x0000209C, 0x0000000C },
    { 0x0207, 0x00, 0x03, 0x03, 0x00, 0x06, 0x00, 0x0E, 0x00, 0, 0x00001180, 0x00000160 },
    { 0x0207, 0x00, 0x03, 0x06, 0x00, 0x06, 0x00, 0x0E, 0x00, 0, 0x000012E0, 0x00000108 },
    { 0x0207, 0x00, 0x03, 0x0B, 0x00, 0x06, 0x00, 0x0E, 0x00, 0, 0x00001618, 0x000000E8 },
    { 0x0207, 0x00, 0x03, 0x0C, 0x00, 0x06, 0x00, 0x0E, 0x00, 0, 0x00001508, 0x00000110 },
    { 0x0207, 0x00, 0x03, 0x0D, 0x00, 0x06, 0x00, 0x0E, 0x00, 0, 0x000013E8, 0x00000120 },
    { 0x0208, 0x00, 0x00, 0x00, 0x00, 0x06, 0x01, 0x15, 0x12, 0, 0x00004764, 0x0000000C },
    { 0x0208, 0x00, 0x01, 0x00, 0x00, 0x06, 0x01, 0x15, 0x12, 0, 0x00004710, 0x00000054 },
    { 0x0208, 0x00, 0x02, 0x00, 0x00, 0x06, 0x01, 0x15, 0x12, 0, 0x000045C0, 0x00000010 },
    { 0x0208, 0x00, 0x02, 0x01, 0x00, 0x06, 0x01, 0x15, 0x12, 0, 0x000045D0, 0x00000010 },
    { 0x0208, 0x00, 0x02, 0x02, 0x00, 0x06, 0x01, 0x15, 0x12, 0, 0x000045E0, 0x00000010 },
    { 0x0208, 0x00, 0x02, 0x03, 0x00, 0x06, 0x01, 0x15, 0x12, 0, 0x000045F0, 0x00000010 },
    { 0x0208, 0x00, 0x02, 0x04, 0x00, 0x06, 0x01, 0x15, 0x12, 0, 0x00004600, 0x00000010 },
    { 0x0208, 0x00, 0x02, 0x05, 0x00, 0x06, 0x01, 0x15, 0x12, 0, 0x00004610, 0x00000010 },
    { 0x0208, 0x00, 0x02, 0x06, 0x00, 0x06, 0x01, 0x15, 0x12, 0, 0x00004620, 0x00000010 },
    { 0x0208, 0x00, 0x02, 0x07, 0x00, 0x06, 0x01, 0x15, 0x12, 0, 0x00004630, 0x00000010 },
    { 0x0208, 0x00, 0x02, 0x08, 0x00, 0x06, 0x01, 0x15, 0x12, 0, 0x00004640, 0x00000010 },
    { 0x0208, 0x00, 0x02, 0x09, 0x00, 0x06, 0x01, 0x15, 0x12, 0, 0x00004650, 0x00000010 },
    { 0x0208, 0x00, 0x02, 0x0A, 0x00, 0x06, 0x01, 0x15, 0x12, 0, 0x00004660, 0x00000010 },
    { 0x0208, 0x00, 0x02, 0x0B, 0x00, 0x06, 0x01, 0x15, 0x12, 0, 0x00004670, 0x00000010 },
    { 0x0208, 0x00, 0x02, 0x0C, 0x00, 0x06, 0x01, 0x15, 0x12, 0, 0x00004680, 0x00000010 },
    { 0x0208, 0x00, 0x02, 0x0D, 0x00, 0x06, 0x01, 0x15, 0x12, 0, 0x00004690, 0x00000010 },
    { 0x0208, 0x00, 0x02, 0x0E, 0x00, 0x06, 0x01, 0x15, 0x12, 0, 0x000046A0, 0x00000010 },
    { 0x0208, 0x00, 0x02, 0x0F, 0x00, 0x06, 0x01, 0x15, 0x12, 0, 0x000046B0, 0x00000010 },
    { 0x0208, 0x00, 0x02, 0x10, 0x00, 0x06, 0x01, 0x15, 0x12, 0, 0x000046C0, 0x00000010 },
    { 0x0208, 0x00, 0x02, 0x11, 0x00, 0x06, 0x01, 0x15, 0x12, 0, 0x000046D0, 0x00000010 },
    { 0x0208, 0x00, 0x02, 0x12, 0x00, 0x06, 0x01, 0x15, 0x12, 0, 0x000046E0, 0x00000010 },
    { 0x0208, 0x00, 0x02, 0x13, 0x00, 0x06, 0x01, 0x15, 0x12, 0, 0x000046F0, 0x00000010 },
    { 0x0208, 0x00, 0x02, 0x14, 0x00, 0x06, 0x01, 0x15, 0x12, 0, 0x00004700, 0x00000010 },
    { 0x0208, 0x00, 0x03, 0x01, 0x00, 0x06, 0x01, 0x15, 0x12, 0, 0x00002BD0, 0x00000100 },
    { 0x0208, 0x00, 0x03, 0x01, 0x01, 0x06, 0x01, 0x15, 0x12, 0, 0x00002BD0, 0x00000100 },
    { 0x0208, 0x00, 0x03, 0x03, 0x00, 0x06, 0x01, 0x15, 0x12, 0, 0x00002CD0, 0x00000140 },
    { 0x0208, 0x00, 0x03, 0x03, 0x01, 0x06, 0x01, 0x15, 0x12, 0, 0x00002CD0, 0x00000140 },
    { 0x0208, 0x00, 0x03, 0x04, 0x00, 0x06, 0x01, 0x15, 0x12, 0, 0x00002E10, 0x00000128 },
    { 0x0208, 0x00, 0x03, 0x04, 0x01, 0x06, 0x01, 0x15, 0x12, 0, 0x00002E10, 0x00000128 },
    { 0x0208, 0x00, 0x03, 0x05, 0x00, 0x06, 0x01, 0x15, 0x12, 0, 0x00002F38, 0x000000F8 },
    { 0x0208, 0x00, 0x03, 0x05, 0x01, 0x06, 0x01, 0x15, 0x12, 0, 0x00002F38, 0x000000F8 },
    { 0x0208, 0x00, 0x03, 0x06, 0x00, 0x06, 0x01, 0x15, 0x12, 0, 0x00003030, 0x00000148 },
    { 0x0208, 0x00, 0x03, 0x06, 0x01, 0x06, 0x01, 0x15, 0x12, 0, 0x00003030, 0x00000148 },
    { 0x0208, 0x00, 0x03, 0x07, 0x00, 0x06, 0x01, 0x15, 0x12, 0, 0x00003178, 0x00000128 },
    { 0x0208, 0x00, 0x03, 0x07, 0x01, 0x06, 0x01, 0x15, 0x12, 0, 0x00003178, 0x00000128 },
    { 0x0208, 0x00, 0x03, 0x08, 0x00, 0x06, 0x01, 0x15, 0x12, 0, 0x000032A0, 0x000000F8 },
    { 0x0208, 0x00, 0x03, 0x08, 0x01, 0x06, 0x01, 0x15, 0x12, 0, 0x000032A0, 0x000000F8 },
    { 0x0208, 0x00, 0x03, 0x0A, 0x00, 0x06, 0x01, 0x15, 0x12, 0, 0x00003490, 0x000002B8 },
    { 0x0208, 0x00, 0x03, 0x0A, 0x01, 0x06, 0x01, 0x15, 0x12, 0, 0x00003490, 0x000002B8 },
    { 0x0208, 0x00, 0x03, 0x0B, 0x00, 0x06, 0x01, 0x15, 0x12, 0, 0x00003398, 0x000000F8 },
    { 0x0208, 0x00, 0x03, 0x0B, 0x01, 0x06, 0x01, 0x15, 0x12, 0, 0x00003398, 0x000000F8 },
    { 0x0208, 0x00, 0x03, 0x0C, 0x00, 0x06, 0x01, 0x15, 0x12, 0, 0x00003820, 0x000000B0 },
    { 0x0208, 0x00, 0x03, 0x0C, 0x01, 0x06, 0x01, 0x15, 0x12, 0, 0x00003820, 0x000000B0 },
    { 0x0208, 0x00, 0x03, 0x0D, 0x00, 0x06, 0x01, 0x15, 0x12, 0, 0x00003D70, 0x00000120 },
    { 0x0208, 0x00, 0x03, 0x0D, 0x01, 0x06, 0x01, 0x15, 0x12, 0, 0x00003D70, 0x00000120 },
    { 0x0208, 0x00, 0x03, 0x0E, 0x00, 0x06, 0x01, 0x15, 0x12, 0, 0x00003E90, 0x00000108 },
    { 0x0208, 0x00, 0x03, 0x0E, 0x01, 0x06, 0x01, 0x15, 0x12, 0, 0x00003E90, 0x00000108 },
    { 0x0208, 0x00, 0x03, 0x0F, 0x00, 0x06, 0x01, 0x15, 0x12, 0, 0x00003F98, 0x00000228 },
    { 0x0208, 0x00, 0x03, 0x0F, 0x01, 0x06, 0x01, 0x15, 0x12, 0, 0x00003F98, 0x00000228 },
    { 0x0208, 0x00, 0x03, 0x10, 0x00, 0x06, 0x01, 0x15, 0x12, 0, 0x000039E8, 0x00000120 },
    { 0x0208, 0x00, 0x03, 0x10, 0x01, 0x06, 0x01, 0x15, 0x12, 0, 0x000039E8, 0x00000120 },
    { 0x0208, 0x00, 0x03, 0x11, 0x00, 0x06, 0x01, 0x15, 0x12, 0, 0x00003B08, 0x00000108 },
    { 0x0208, 0x00, 0x03, 0x11, 0x01, 0x06, 0x01, 0x15, 0x12, 0, 0x00003B08, 0x00000108 },
    { 0x0208, 0x00, 0x03, 0x12, 0x00, 0x06, 0x01, 0x15, 0x12, 0, 0x00003C10, 0x00000160 },
    { 0x0208, 0x00, 0x03, 0x12, 0x01, 0x06, 0x01, 0x15, 0x12, 0, 0x00003C10, 0x00000160 },
    { 0x0208, 0x00, 0x03, 0x14, 0x00, 0x06, 0x01, 0x15, 0x12, 0, 0x000038D0, 0x00000118 },
    { 0x0208, 0x00, 0x03, 0x14, 0x01, 0x06, 0x01, 0x15, 0x12, 0, 0x000038D0, 0x00000118 },
    { 0x0209, 0x00, 0x00, 0x00, 0x00, 0x06, 0x00, 0x04, 0x00, 0, 0x00005848, 0x00000008 },
    { 0x0209, 0x00, 0x01, 0x00, 0x00, 0x06, 0x00, 0x04, 0x00, 0, 0x00005838, 0x00000010 },
    { 0x0209, 0x00, 0x02, 0x00, 0x00, 0x06, 0x00, 0x04, 0x00, 0, 0x00005808, 0x0000000C },
    { 0x0209, 0x00, 0x02, 0x01, 0x00, 0x06, 0x00, 0x04, 0x00, 0, 0x00005814, 0x0000000C },
    { 0x0209, 0x00, 0x02, 0x02, 0x00, 0x06, 0x00, 0x04, 0x00, 0, 0x00005820, 0x0000000C },
    { 0x0209, 0x00, 0x02, 0x03, 0x00, 0x06, 0x00, 0x04, 0x00, 0, 0x0000582C, 0x0000000C },
    { 0x0209, 0x00, 0x03, 0x01, 0x00, 0x06, 0x00, 0x04, 0x00, 0, 0x00000448, 0x000000E8 },
    { 0x0209, 0x00, 0x03, 0x02, 0x00, 0x06, 0x00, 0x04, 0x00, 0, 0x00000530, 0x000000D8 },
    { 0x0209, 0x00, 0x03, 0x03, 0x00, 0x06, 0x00, 0x04, 0x00, 0, 0x000003B0, 0x00000098 },
    { 0x020B, 0x00, 0x00, 0x00, 0x00, 0x06, 0x00, 0x26, 0x00, 0, 0x00000260, 0x00000008 },
    { 0x020B, 0x00, 0x01, 0x00, 0x00, 0x06, 0x00, 0x26, 0x00, 0, 0x000001C8, 0x00000098 },
    { 0x020B, 0x00, 0x02, 0x00, 0x00, 0x06, 0x00, 0x26, 0x00, 0, 0x00000000, 0x0000000C },
    { 0x020B, 0x00, 0x02, 0x01, 0x00, 0x06, 0x00, 0x26, 0x00, 0, 0x0000000C, 0x0000000C },
    { 0x020B, 0x00, 0x02, 0x02, 0x00, 0x06, 0x00, 0x26, 0x00, 0, 0x00000018, 0x0000000C },
    { 0x020B, 0x00, 0x02, 0x03, 0x00, 0x06, 0x00, 0x26, 0x00, 0, 0x00000024, 0x0000000C },
    { 0x020B, 0x00, 0x02, 0x04, 0x00, 0x06, 0x00, 0x26, 0x00, 0, 0x00000030, 0x0000000C },
    { 0x020B, 0x00, 0x02, 0x05, 0x00, 0x06, 0x00, 0x26, 0x00, 0, 0x0000003C, 0x0000000C },
    { 0x020B, 0x00, 0x02, 0x06, 0x00, 0x06, 0x00, 0x26, 0x00, 0, 0x00000048, 0x0000000C },
    { 0x020B, 0x00, 0x02, 0x07, 0x00, 0x06, 0x00, 0x26, 0x00, 0, 0x00000054, 0x0000000C },
    { 0x020B, 0x00, 0x02, 0x08, 0x00, 0x06, 0x00, 0x26, 0x00, 0, 0x00000060, 0x0000000C },
    { 0x020B, 0x00, 0x02, 0x09, 0x00, 0x06, 0x00, 0x26, 0x00, 0, 0x0000006C, 0x0000000C },
    { 0x020B, 0x00, 0x02, 0x0A, 0x00, 0x06, 0x00, 0x26, 0x00, 0, 0x00000078, 0x0000000C },
    { 0x020B, 0x00, 0x02, 0x0B, 0x00, 0x06, 0x00, 0x26, 0x00, 0, 0x00000084, 0x0000000C },
    { 0x020B, 0x00, 0x02, 0x0C, 0x00, 0x06, 0x00, 0x26, 0x00, 0, 0x00000090, 0x0000000C },
    { 0x020B, 0x00, 0x02, 0x0D, 0x00, 0x06, 0x00, 0x26, 0x00, 0, 0x0000009C, 0x0000000C },
    { 0x020B, 0x00, 0x02, 0x0E, 0x00, 0x06, 0x00, 0x26, 0x00, 0, 0x000000A8, 0x0000000C },
    { 0x020B, 0x00, 0x02, 0x0F, 0x00, 0x06, 0x00, 0x26, 0x00, 0, 0x000000B4, 0x0000000C },
    { 0x020B, 0x00, 0x02, 0x10, 0x00, 0x06, 0x00, 0x26, 0x00, 0, 0x000000C0, 0x0000000C },
    { 0x020B, 0x00, 0x02, 0x11, 0x00, 0x06, 0x00, 0x26, 0x00, 0, 0x000000CC, 0x0000000C },
    { 0x020B, 0x00, 0x02, 0x12, 0x00, 0x06, 0x00, 0x26, 0x00, 0, 0x000000D8, 0x0000000C },
    { 0x020B, 0x00, 0x02, 0x13, 0x00, 0x06, 0x00, 0x26, 0x00, 0, 0x000000E4, 0x0000000C },
    { 0x020B, 0x00, 0x02, 0x14, 0x00, 0x06, 0x00, 0x26, 0x00, 0, 0x000000F0, 0x0000000C },
    { 0x020B, 0x00, 0x02, 0x15, 0x00, 0x06, 0x00, 0x26, 0x00, 0, 0x000000FC, 0x0000000C },
    { 0x020B, 0x00, 0x02, 0x16, 0x00, 0x06, 0x00, 0x26, 0x00, 0, 0x00000108, 0x0000000C },
    { 0x020B, 0x00, 0x02, 0x17, 0x00, 0x06, 0x00, 0x26, 0x00, 0, 0x00000114, 0x0000000C },
    { 0x020B, 0x00, 0x02, 0x18, 0x00, 0x06, 0x00, 0x26, 0x00, 0, 0x00000120, 0x0000000C },
    { 0x020B, 0x00, 0x02, 0x19, 0x00, 0x06, 0x00, 0x26, 0x00, 0, 0x0000012C, 0x0000000C },
    { 0x020B, 0x00, 0x02, 0x1A, 0x00, 0x06, 0x00, 0x26, 0x00, 0, 0x00000138, 0x0000000C },
    { 0x020B, 0x00, 0x02, 0x1B, 0x00, 0x06, 0x00, 0x26, 0x00, 0, 0x00000144, 0x0000000C },
    { 0x020B, 0x00, 0x02, 0x1C, 0x00, 0x06, 0x00, 0x26, 0x00, 0, 0x00000150, 0x0000000C },
    { 0x020B, 0x00, 0x02, 0x1D, 0x00, 0x06, 0x00, 0x26, 0x00, 0, 0x0000015C, 0x0000000C },
    { 0x020B, 0x00, 0x02, 0x1E, 0x00, 0x06, 0x00, 0x26, 0x00, 0, 0x00000168, 0x0000000C },
    { 0x020B, 0x00, 0x02, 0x1F, 0x00, 0x06, 0x00, 0x26, 0x00, 0, 0x00000174, 0x0000000C },
    { 0x020B, 0x00, 0x02, 0x20, 0x00, 0x06, 0x00, 0x26, 0x00, 0, 0x00000180, 0x0000000C },
    { 0x020B, 0x00, 0x02, 0x21, 0x00, 0x06, 0x00, 0x26, 0x00, 0, 0x0000018C, 0x0000000C },
    { 0x020B, 0x00, 0x02, 0x22, 0x00, 0x06, 0x00, 0x26, 0x00, 0, 0x00000198, 0x0000000C },
    { 0x020B, 0x00, 0x02, 0x23, 0x00, 0x06, 0x00, 0x26, 0x00, 0, 0x000001A4, 0x0000000C },
    { 0x020B, 0x00, 0x02, 0x24, 0x00, 0x06, 0x00, 0x26, 0x00, 0, 0x000001B0, 0x0000000C },
    { 0x020B, 0x00, 0x02, 0x25, 0x00, 0x06, 0x00, 0x26, 0x00, 0, 0x000001BC, 0x0000000C },
    { 0x020B, 0x00, 0x03, 0x08, 0x00, 0x06, 0x00, 0x26, 0x00, 0, 0x000033D0, 0x00000138 },
    { 0x020B, 0x00, 0x03, 0x09, 0x00, 0x06, 0x00, 0x26, 0x00, 0, 0x00003508, 0x00000170 },
    { 0x020B, 0x00, 0x03, 0x0A, 0x00, 0x06, 0x00, 0x26, 0x00, 0, 0x00003678, 0x000000D0 },
    { 0x020B, 0x00, 0x03, 0x0F, 0x00, 0x06, 0x00, 0x26, 0x00, 0, 0x00002D18, 0x00000138 },
    { 0x020B, 0x00, 0x03, 0x10, 0x00, 0x06, 0x00, 0x26, 0x00, 0, 0x00002E50, 0x00000170 },
    { 0x020B, 0x00, 0x03, 0x11, 0x00, 0x06, 0x00, 0x26, 0x00, 0, 0x00002FC0, 0x000000D0 },
    { 0x020B, 0x00, 0x03, 0x12, 0x00, 0x06, 0x00, 0x26, 0x00, 0, 0x000024C8, 0x00000178 },
    { 0x020B, 0x00, 0x03, 0x16, 0x00, 0x06, 0x00, 0x26, 0x00, 0, 0x00002640, 0x00000398 },
    { 0x020B, 0x00, 0x03, 0x1B, 0x00, 0x06, 0x00, 0x26, 0x00, 0, 0x00003090, 0x00000118 },
    { 0x020B, 0x00, 0x03, 0x1C, 0x00, 0x06, 0x00, 0x26, 0x00, 0, 0x000031A8, 0x000000F8 },
    { 0x020B, 0x00, 0x03, 0x1D, 0x00, 0x06, 0x00, 0x26, 0x00, 0, 0x000032A0, 0x00000130 },
    { 0x020B, 0x00, 0x03, 0x22, 0x00, 0x06, 0x00, 0x26, 0x00, 0, 0x000029D8, 0x00000118 },
    { 0x020B, 0x00, 0x03, 0x23, 0x00, 0x06, 0x00, 0x26, 0x00, 0, 0x00002AF0, 0x000000F8 },
    { 0x020B, 0x00, 0x03, 0x24, 0x00, 0x06, 0x00, 0x26, 0x00, 0, 0x00002BE8, 0x00000130 },
    { 0x020B, 0x00, 0x03, 0x25, 0x00, 0x06, 0x00, 0x26, 0x00, 0, 0x00002228, 0x000002A0 },
    { 0x020C, 0x00, 0x00, 0x00, 0x00, 0x06, 0x00, 0x1D, 0x00, 0, 0x00005298, 0x00000008 },
    { 0x020C, 0x00, 0x01, 0x00, 0x00, 0x06, 0x00, 0x1D, 0x00, 0, 0x00005224, 0x00000074 },
    { 0x020C, 0x00, 0x02, 0x00, 0x00, 0x06, 0x00, 0x1D, 0x00, 0, 0x000050C8, 0x0000000C },
    { 0x020C, 0x00, 0x02, 0x01, 0x00, 0x06, 0x00, 0x1D, 0x00, 0, 0x000050D4, 0x0000000C },
    { 0x020C, 0x00, 0x02, 0x02, 0x00, 0x06, 0x00, 0x1D, 0x00, 0, 0x000050E0, 0x0000000C },
    { 0x020C, 0x00, 0x02, 0x03, 0x00, 0x06, 0x00, 0x1D, 0x00, 0, 0x000050EC, 0x0000000C },
    { 0x020C, 0x00, 0x02, 0x04, 0x00, 0x06, 0x00, 0x1D, 0x00, 0, 0x000050F8, 0x0000000C },
    { 0x020C, 0x00, 0x02, 0x05, 0x00, 0x06, 0x00, 0x1D, 0x00, 0, 0x00005104, 0x0000000C },
    { 0x020C, 0x00, 0x02, 0x06, 0x00, 0x06, 0x00, 0x1D, 0x00, 0, 0x00005110, 0x0000000C },
    { 0x020C, 0x00, 0x02, 0x07, 0x00, 0x06, 0x00, 0x1D, 0x00, 0, 0x0000511C, 0x0000000C },
    { 0x020C, 0x00, 0x02, 0x08, 0x00, 0x06, 0x00, 0x1D, 0x00, 0, 0x00005128, 0x0000000C },
    { 0x020C, 0x00, 0x02, 0x09, 0x00, 0x06, 0x00, 0x1D, 0x00, 0, 0x00005134, 0x0000000C },
    { 0x020C, 0x00, 0x02, 0x0A, 0x00, 0x06, 0x00, 0x1D, 0x00, 0, 0x00005140, 0x0000000C },
    { 0x020C, 0x00, 0x02, 0x0B, 0x00, 0x06, 0x00, 0x1D, 0x00, 0, 0x0000514C, 0x0000000C },
    { 0x020C, 0x00, 0x02, 0x0C, 0x00, 0x06, 0x00, 0x1D, 0x00, 0, 0x00005158, 0x0000000C },
    { 0x020C, 0x00, 0x02, 0x0D, 0x00, 0x06, 0x00, 0x1D, 0x00, 0, 0x00005164, 0x0000000C },
    { 0x020C, 0x00, 0x02, 0x0E, 0x00, 0x06, 0x00, 0x1D, 0x00, 0, 0x00005170, 0x0000000C },
    { 0x020C, 0x00, 0x02, 0x0F, 0x00, 0x06, 0x00, 0x1D, 0x00, 0, 0x0000517C, 0x0000000C },
    { 0x020C, 0x00, 0x02, 0x10, 0x00, 0x06, 0x00, 0x1D, 0x00, 0, 0x00005188, 0x0000000C },
    { 0x020C, 0x00, 0x02, 0x11, 0x00, 0x06, 0x00, 0x1D, 0x00, 0, 0x00005194, 0x0000000C },
    { 0x020C, 0x00, 0x02, 0x12, 0x00, 0x06, 0x00, 0x1D, 0x00, 0, 0x000051A0, 0x0000000C },
    { 0x020C, 0x00, 0x02, 0x13, 0x00, 0x06, 0x00, 0x1D, 0x00, 0, 0x000051AC, 0x0000000C },
    { 0x020C, 0x00, 0x02, 0x14, 0x00, 0x06, 0x00, 0x1D, 0x00, 0, 0x000051B8, 0x0000000C },
    { 0x020C, 0x00, 0x02, 0x15, 0x00, 0x06, 0x00, 0x1D, 0x00, 0, 0x000051C4, 0x0000000C },
    { 0x020C, 0x00, 0x02, 0x16, 0x00, 0x06, 0x00, 0x1D, 0x00, 0, 0x000051D0, 0x0000000C },
    { 0x020C, 0x00, 0x02, 0x17, 0x00, 0x06, 0x00, 0x1D, 0x00, 0, 0x000051DC, 0x0000000C },
    { 0x020C, 0x00, 0x02, 0x18, 0x00, 0x06, 0x00, 0x1D, 0x00, 0, 0x000051E8, 0x0000000C },
    { 0x020C, 0x00, 0x02, 0x19, 0x00, 0x06, 0x00, 0x1D, 0x00, 0, 0x000051F4, 0x0000000C },
    { 0x020C, 0x00, 0x02, 0x1A, 0x00, 0x06, 0x00, 0x1D, 0x00, 0, 0x00005200, 0x0000000C },
    { 0x020C, 0x00, 0x02, 0x1B, 0x00, 0x06, 0x00, 0x1D, 0x00, 0, 0x0000520C, 0x0000000C },
    { 0x020C, 0x00, 0x02, 0x1C, 0x00, 0x06, 0x00, 0x1D, 0x00, 0, 0x00005218, 0x0000000C },
    { 0x020C, 0x00, 0x03, 0x03, 0x00, 0x06, 0x00, 0x1D, 0x00, 0, 0x00001A40, 0x000001F0 },
    { 0x020C, 0x00, 0x03, 0x04, 0x00, 0x06, 0x00, 0x1D, 0x00, 0, 0x00001C30, 0x000003A0 },
    { 0x020C, 0x00, 0x03, 0x07, 0x00, 0x06, 0x00, 0x1D, 0x00, 0, 0x00002068, 0x00000098 },
    { 0x020C, 0x00, 0x03, 0x0A, 0x00, 0x06, 0x00, 0x1D, 0x00, 0, 0x00002198, 0x00000098 },
    { 0x020C, 0x00, 0x03, 0x0D, 0x00, 0x06, 0x00, 0x1D, 0x00, 0, 0x00002100, 0x00000098 },
    { 0x020C, 0x00, 0x03, 0x10, 0x00, 0x06, 0x00, 0x1D, 0x00, 0, 0x00002360, 0x00000098 },
    { 0x020C, 0x00, 0x03, 0x13, 0x00, 0x06, 0x00, 0x1D, 0x00, 0, 0x000022C8, 0x00000098 },
    { 0x020C, 0x00, 0x03, 0x16, 0x00, 0x06, 0x00, 0x1D, 0x00, 0, 0x00001FD0, 0x00000098 },
    { 0x020C, 0x00, 0x03, 0x19, 0x00, 0x06, 0x00, 0x1D, 0x00, 0, 0x00002230, 0x00000098 },
    { 0x020C, 0x00, 0x03, 0x1C, 0x00, 0x06, 0x00, 0x1D, 0x00, 0, 0x000023F8, 0x00000098 },
    { 0x020D, 0x00, 0x00, 0x00, 0x00, 0x06, 0x00, 0x0B, 0x00, 0, 0x000020F0, 0x00000008 },
    { 0x020D, 0x00, 0x01, 0x00, 0x00, 0x06, 0x00, 0x0B, 0x00, 0, 0x000020C4, 0x0000002C },
    { 0x020D, 0x00, 0x02, 0x00, 0x00, 0x06, 0x00, 0x0B, 0x00, 0, 0x00002040, 0x0000000C },
    { 0x020D, 0x00, 0x02, 0x01, 0x00, 0x06, 0x00, 0x0B, 0x00, 0, 0x0000204C, 0x0000000C },
    { 0x020D, 0x00, 0x02, 0x02, 0x00, 0x06, 0x00, 0x0B, 0x00, 0, 0x00002058, 0x0000000C },
    { 0x020D, 0x00, 0x02, 0x03, 0x00, 0x06, 0x00, 0x0B, 0x00, 0, 0x00002064, 0x0000000C },
    { 0x020D, 0x00, 0x02, 0x04, 0x00, 0x06, 0x00, 0x0B, 0x00, 0, 0x00002070, 0x0000000C },
    { 0x020D, 0x00, 0x02, 0x05, 0x00, 0x06, 0x00, 0x0B, 0x00, 0, 0x0000207C, 0x0000000C },
    { 0x020D, 0x00, 0x02, 0x06, 0x00, 0x06, 0x00, 0x0B, 0x00, 0, 0x00002088, 0x0000000C },
    { 0x020D, 0x00, 0x02, 0x07, 0x00, 0x06, 0x00, 0x0B, 0x00, 0, 0x00002094, 0x0000000C },
    { 0x020D, 0x00, 0x02, 0x08, 0x00, 0x06, 0x00, 0x0B, 0x00, 0, 0x000020A0, 0x0000000C },
    { 0x020D, 0x00, 0x02, 0x09, 0x00, 0x06, 0x00, 0x0B, 0x00, 0, 0x000020AC, 0x0000000C },
    { 0x020D, 0x00, 0x02, 0x0A, 0x00, 0x06, 0x00, 0x0B, 0x00, 0, 0x000020B8, 0x0000000C },
    { 0x020D, 0x00, 0x03, 0x00, 0x00, 0x06, 0x00, 0x0B, 0x00, 0, 0x00001050, 0x000001F0 },
    { 0x020D, 0x00, 0x03, 0x04, 0x00, 0x06, 0x00, 0x0B, 0x00, 0, 0x000003E8, 0x000000F0 },
    { 0x020D, 0x00, 0x03, 0x05, 0x00, 0x06, 0x00, 0x0B, 0x00, 0, 0x000002C0, 0x00000098 },
    { 0x020D, 0x00, 0x03, 0x09, 0x00, 0x06, 0x00, 0x0B, 0x00, 0, 0x00000680, 0x000000F0 },
    { 0x020D, 0x00, 0x03, 0x0A, 0x00, 0x06, 0x00, 0x0B, 0x00, 0, 0x00000558, 0x00000098 },
    { 0x020E, 0x00, 0x00, 0x00, 0x00, 0x06, 0x00, 0x12, 0x00, 0, 0x00003410, 0x00000008 },
    { 0x020E, 0x00, 0x01, 0x00, 0x00, 0x06, 0x00, 0x12, 0x00, 0, 0x000033C8, 0x00000048 },
    { 0x020E, 0x00, 0x02, 0x00, 0x00, 0x06, 0x00, 0x12, 0x00, 0, 0x000032F0, 0x0000000C },
    { 0x020E, 0x00, 0x02, 0x01, 0x00, 0x06, 0x00, 0x12, 0x00, 0, 0x000032FC, 0x0000000C },
    { 0x020E, 0x00, 0x02, 0x02, 0x00, 0x06, 0x00, 0x12, 0x00, 0, 0x00003308, 0x0000000C },
    { 0x020E, 0x00, 0x02, 0x03, 0x00, 0x06, 0x00, 0x12, 0x00, 0, 0x00003314, 0x0000000C },
    { 0x020E, 0x00, 0x02, 0x04, 0x00, 0x06, 0x00, 0x12, 0x00, 0, 0x00003320, 0x0000000C },
    { 0x020E, 0x00, 0x02, 0x05, 0x00, 0x06, 0x00, 0x12, 0x00, 0, 0x0000332C, 0x0000000C },
    { 0x020E, 0x00, 0x02, 0x06, 0x00, 0x06, 0x00, 0x12, 0x00, 0, 0x00003338, 0x0000000C },
    { 0x020E, 0x00, 0x02, 0x07, 0x00, 0x06, 0x00, 0x12, 0x00, 0, 0x00003344, 0x0000000C },
    { 0x020E, 0x00, 0x02, 0x08, 0x00, 0x06, 0x00, 0x12, 0x00, 0, 0x00003350, 0x0000000C },
    { 0x020E, 0x00, 0x02, 0x09, 0x00, 0x06, 0x00, 0x12, 0x00, 0, 0x0000335C, 0x0000000C },
    { 0x020E, 0x00, 0x02, 0x0A, 0x00, 0x06, 0x00, 0x12, 0x00, 0, 0x00003368, 0x0000000C },
    { 0x020E, 0x00, 0x02, 0x0B, 0x00, 0x06, 0x00, 0x12, 0x00, 0, 0x00003374, 0x0000000C },
    { 0x020E, 0x00, 0x02, 0x0C, 0x00, 0x06, 0x00, 0x12, 0x00, 0, 0x00003380, 0x0000000C },
    { 0x020E, 0x00, 0x02, 0x0D, 0x00, 0x06, 0x00, 0x12, 0x00, 0, 0x0000338C, 0x0000000C },
    { 0x020E, 0x00, 0x02, 0x0E, 0x00, 0x06, 0x00, 0x12, 0x00, 0, 0x00003398, 0x0000000C },
    { 0x020E, 0x00, 0x02, 0x0F, 0x00, 0x06, 0x00, 0x12, 0x00, 0, 0x000033A4, 0x0000000C },
    { 0x020E, 0x00, 0x02, 0x10, 0x00, 0x06, 0x00, 0x12, 0x00, 0, 0x000033B0, 0x0000000C },
    { 0x020E, 0x00, 0x02, 0x11, 0x00, 0x06, 0x00, 0x12, 0x00, 0, 0x000033BC, 0x0000000C },
    { 0x020E, 0x00, 0x03, 0x02, 0x00, 0x06, 0x00, 0x12, 0x00, 0, 0x00002BD0, 0x00000130 },
    { 0x020E, 0x00, 0x03, 0x03, 0x00, 0x06, 0x00, 0x12, 0x00, 0, 0x00002D00, 0x000001B0 },
    { 0x020E, 0x00, 0x03, 0x04, 0x00, 0x06, 0x00, 0x12, 0x00, 0, 0x00002EB0, 0x000000C0 },
    { 0x020E, 0x00, 0x03, 0x05, 0x00, 0x06, 0x00, 0x12, 0x00, 0, 0x00002F70, 0x000000A8 },
    { 0x020E, 0x00, 0x03, 0x08, 0x00, 0x06, 0x00, 0x12, 0x00, 0, 0x00003178, 0x000000C0 },
    { 0x020E, 0x00, 0x03, 0x09, 0x00, 0x06, 0x00, 0x12, 0x00, 0, 0x00003238, 0x000000B8 },
    { 0x020E, 0x00, 0x03, 0x0B, 0x00, 0x06, 0x00, 0x12, 0x00, 0, 0x00003018, 0x00000160 },
    { 0x020E, 0x00, 0x03, 0x0D, 0x00, 0x06, 0x00, 0x12, 0x00, 0, 0x00002470, 0x000001D8 },
    { 0x020E, 0x00, 0x03, 0x0E, 0x00, 0x06, 0x00, 0x12, 0x00, 0, 0x00002648, 0x000001D8 },
    { 0x020E, 0x00, 0x03, 0x10, 0x00, 0x06, 0x00, 0x12, 0x00, 0, 0x00002820, 0x000001D8 },
    { 0x020E, 0x00, 0x03, 0x11, 0x00, 0x06, 0x00, 0x12, 0x00, 0, 0x000029F8, 0x000001D8 },
    { 0x020F, 0x00, 0x00, 0x00, 0x00, 0x06, 0x02, 0x2E, 0x00, 0, 0x00009FAC, 0x00000008 },
    { 0x020F, 0x00, 0x01, 0x00, 0x00, 0x06, 0x02, 0x2E, 0x00, 0, 0x00009EF4, 0x000000B8 },
    { 0x020F, 0x00, 0x02, 0x00, 0x00, 0x06, 0x02, 0x2E, 0x00, 0, 0x00009C14, 0x00000010 },
    { 0x020F, 0x00, 0x02, 0x01, 0x00, 0x06, 0x02, 0x2E, 0x00, 0, 0x00009C24, 0x00000010 },
    { 0x020F, 0x00, 0x02, 0x02, 0x00, 0x06, 0x02, 0x2E, 0x00, 0, 0x00009C34, 0x00000010 },
    { 0x020F, 0x00, 0x02, 0x03, 0x00, 0x06, 0x02, 0x2E, 0x00, 0, 0x00009C44, 0x00000010 },
    { 0x020F, 0x00, 0x02, 0x04, 0x00, 0x06, 0x02, 0x2E, 0x00, 0, 0x00009C54, 0x00000010 },
    { 0x020F, 0x00, 0x02, 0x05, 0x00, 0x06, 0x02, 0x2E, 0x00, 0, 0x00009C64, 0x00000010 },
    { 0x020F, 0x00, 0x02, 0x06, 0x00, 0x06, 0x02, 0x2E, 0x00, 0, 0x00009C74, 0x00000010 },
    { 0x020F, 0x00, 0x02, 0x07, 0x00, 0x06, 0x02, 0x2E, 0x00, 0, 0x00009C84, 0x00000010 },
    { 0x020F, 0x00, 0x02, 0x08, 0x00, 0x06, 0x02, 0x2E, 0x00, 0, 0x00009C94, 0x00000010 },
    { 0x020F, 0x00, 0x02, 0x09, 0x00, 0x06, 0x02, 0x2E, 0x00, 0, 0x00009CA4, 0x00000010 },
    { 0x020F, 0x00, 0x02, 0x0A, 0x00, 0x06, 0x02, 0x2E, 0x00, 0, 0x00009CB4, 0x00000010 },
    { 0x020F, 0x00, 0x02, 0x0B, 0x00, 0x06, 0x02, 0x2E, 0x00, 0, 0x00009CC4, 0x00000010 },
    { 0x020F, 0x00, 0x02, 0x0C, 0x00, 0x06, 0x02, 0x2E, 0x00, 0, 0x00009CD4, 0x00000010 },
    { 0x020F, 0x00, 0x02, 0x0D, 0x00, 0x06, 0x02, 0x2E, 0x00, 0, 0x00009CE4, 0x00000010 },
    { 0x020F, 0x00, 0x02, 0x0E, 0x00, 0x06, 0x02, 0x2E, 0x00, 0, 0x00009CF4, 0x00000010 },
    { 0x020F, 0x00, 0x02, 0x0F, 0x00, 0x06, 0x02, 0x2E, 0x00, 0, 0x00009D04, 0x00000010 },
    { 0x020F, 0x00, 0x02, 0x10, 0x00, 0x06, 0x02, 0x2E, 0x00, 0, 0x00009D14, 0x00000010 },
    { 0x020F, 0x00, 0x02, 0x11, 0x00, 0x06, 0x02, 0x2E, 0x00, 0, 0x00009D24, 0x00000010 },
    { 0x020F, 0x00, 0x02, 0x12, 0x00, 0x06, 0x02, 0x2E, 0x00, 0, 0x00009D34, 0x00000010 },
    { 0x020F, 0x00, 0x02, 0x13, 0x00, 0x06, 0x02, 0x2E, 0x00, 0, 0x00009D44, 0x00000010 },
    { 0x020F, 0x00, 0x02, 0x14, 0x00, 0x06, 0x02, 0x2E, 0x00, 0, 0x00009D54, 0x00000010 },
    { 0x020F, 0x00, 0x02, 0x15, 0x00, 0x06, 0x02, 0x2E, 0x00, 0, 0x00009D64, 0x00000010 },
    { 0x020F, 0x00, 0x02, 0x16, 0x00, 0x06, 0x02, 0x2E, 0x00, 0, 0x00009D74, 0x00000010 },
    { 0x020F, 0x00, 0x02, 0x17, 0x00, 0x06, 0x02, 0x2E, 0x00, 0, 0x00009D84, 0x00000010 },
    { 0x020F, 0x00, 0x02, 0x18, 0x00, 0x06, 0x02, 0x2E, 0x00, 0, 0x00009D94, 0x00000010 },
    { 0x020F, 0x00, 0x02, 0x19, 0x00, 0x06, 0x02, 0x2E, 0x00, 0, 0x00009DA4, 0x00000010 },
    { 0x020F, 0x00, 0x02, 0x1A, 0x00, 0x06, 0x02, 0x2E, 0x00, 0, 0x00009DB4, 0x00000010 },
    { 0x020F, 0x00, 0x02, 0x1B, 0x00, 0x06, 0x02, 0x2E, 0x00, 0, 0x00009DC4, 0x00000010 },
    { 0x020F, 0x00, 0x02, 0x1C, 0x00, 0x06, 0x02, 0x2E, 0x00, 0, 0x00009DD4, 0x00000010 },
    { 0x020F, 0x00, 0x02, 0x1D, 0x00, 0x06, 0x02, 0x2E, 0x00, 0, 0x00009DE4, 0x00000010 },
    { 0x020F, 0x00, 0x02, 0x1E, 0x00, 0x06, 0x02, 0x2E, 0x00, 0, 0x00009DF4, 0x00000010 },
    { 0x020F, 0x00, 0x02, 0x1F, 0x00, 0x06, 0x02, 0x2E, 0x00, 0, 0x00009E04, 0x00000010 },
    { 0x020F, 0x00, 0x02, 0x20, 0x00, 0x06, 0x02, 0x2E, 0x00, 0, 0x00009E14, 0x00000010 },
    { 0x020F, 0x00, 0x02, 0x21, 0x00, 0x06, 0x02, 0x2E, 0x00, 0, 0x00009E24, 0x00000010 },
    { 0x020F, 0x00, 0x02, 0x22, 0x00, 0x06, 0x02, 0x2E, 0x00, 0, 0x00009E34, 0x00000010 },
    { 0x020F, 0x00, 0x02, 0x23, 0x00, 0x06, 0x02, 0x2E, 0x00, 0, 0x00009E44, 0x00000010 },
    { 0x020F, 0x00, 0x02, 0x24, 0x00, 0x06, 0x02, 0x2E, 0x00, 0, 0x00009E54, 0x00000010 },
    { 0x020F, 0x00, 0x02, 0x25, 0x00, 0x06, 0x02, 0x2E, 0x00, 0, 0x00009E64, 0x00000010 },
    { 0x020F, 0x00, 0x02, 0x26, 0x00, 0x06, 0x02, 0x2E, 0x00, 0, 0x00009E74, 0x00000010 },
    { 0x020F, 0x00, 0x02, 0x27, 0x00, 0x06, 0x02, 0x2E, 0x00, 0, 0x00009E84, 0x00000010 },
    { 0x020F, 0x00, 0x02, 0x28, 0x00, 0x06, 0x02, 0x2E, 0x00, 0, 0x00009E94, 0x00000010 },
    { 0x020F, 0x00, 0x02, 0x29, 0x00, 0x06, 0x02, 0x2E, 0x00, 0, 0x00009EA4, 0x00000010 },
    { 0x020F, 0x00, 0x02, 0x2A, 0x00, 0x06, 0x02, 0x2E, 0x00, 0, 0x00009EB4, 0x00000010 },
    { 0x020F, 0x00, 0x02, 0x2B, 0x00, 0x06, 0x02, 0x2E, 0x00, 0, 0x00009EC4, 0x00000010 },
    { 0x020F, 0x00, 0x02, 0x2C, 0x00, 0x06, 0x02, 0x2E, 0x00, 0, 0x00009ED4, 0x00000010 },
    { 0x020F, 0x00, 0x02, 0x2D, 0x00, 0x06, 0x02, 0x2E, 0x00, 0, 0x00009EE4, 0x00000010 },
    { 0x020F, 0x00, 0x03, 0x05, 0x00, 0x06, 0x02, 0x2E, 0x00, 0, 0x00007528, 0x000005B8 },
    { 0x020F, 0x00, 0x03, 0x0D, 0x00, 0x06, 0x02, 0x2E, 0x00, 0, 0x00006C08, 0x00000318 },
    { 0x020F, 0x00, 0x03, 0x14, 0x00, 0x06, 0x02, 0x2E, 0x00, 0, 0x00006B50, 0x000000B8 },
    { 0x020F, 0x00, 0x03, 0x15, 0x00, 0x06, 0x02, 0x2E, 0x00, 0, 0x00006AD8, 0x00000078 },
    { 0x020F, 0x00, 0x03, 0x1C, 0x00, 0x06, 0x02, 0x2E, 0x00, 0, 0x000067C0, 0x000000B8 },
    { 0x020F, 0x00, 0x03, 0x1D, 0x00, 0x06, 0x02, 0x2E, 0x00, 0, 0x00006748, 0x00000078 },
    { 0x020F, 0x00, 0x03, 0x24, 0x00, 0x06, 0x02, 0x2E, 0x00, 0, 0x00006A20, 0x000000B8 },
    { 0x020F, 0x00, 0x03, 0x25, 0x00, 0x06, 0x02, 0x2E, 0x00, 0, 0x000069A8, 0x00000078 },
    { 0x020F, 0x00, 0x03, 0x2C, 0x00, 0x06, 0x02, 0x2E, 0x00, 0, 0x000068F0, 0x000000B8 },
    { 0x020F, 0x00, 0x03, 0x2D, 0x00, 0x06, 0x02, 0x2E, 0x00, 0, 0x00006878, 0x00000078 },
    { 0x020F, 0x00, 0x04, 0x05, 0x00, 0x06, 0x02, 0x2E, 0x00, 0, 0x00009C08, 0x0000000C },
    { 0x020F, 0x00, 0x05, 0x05, 0x00, 0x06, 0x02, 0x2E, 0x00, 0, 0x00009468, 0x000007A0 },
    { 0x020F, 0x00, 0x06, 0x05, 0x00, 0x06, 0x02, 0x2E, 0x00, 0, 0x000085F4, 0x00000014 },
    { 0x020F, 0x00, 0x06, 0x05, 0x01, 0x06, 0x02, 0x2E, 0x00, 0, 0x00008608, 0x0000001E },
    { 0x020F, 0x00, 0x06, 0x05, 0x02, 0x06, 0x02, 0x2E, 0x00, 0, 0x00008628, 0x00000014 },
    { 0x020F, 0x00, 0x06, 0x05, 0x03, 0x06, 0x02, 0x2E, 0x00, 0, 0x0000863C, 0x00000028 },
    { 0x020F, 0x00, 0x06, 0x05, 0x04, 0x06, 0x02, 0x2E, 0x00, 0, 0x00008664, 0x0000001E },
    { 0x020F, 0x00, 0x06, 0x05, 0x05, 0x06, 0x02, 0x2E, 0x00, 0, 0x00008684, 0x0000000A },
    { 0x020F, 0x00, 0x06, 0x05, 0x06, 0x06, 0x02, 0x2E, 0x00, 0, 0x00008690, 0x00000028 },
    { 0x020F, 0x00, 0x06, 0x05, 0x07, 0x06, 0x02, 0x2E, 0x00, 0, 0x000086B8, 0x0000001E },
    { 0x020F, 0x00, 0x06, 0x05, 0x08, 0x06, 0x02, 0x2E, 0x00, 0, 0x000086D8, 0x0000001E },
    { 0x020F, 0x00, 0x06, 0x05, 0x09, 0x06, 0x02, 0x2E, 0x00, 0, 0x000086F8, 0x00000032 },
    { 0x020F, 0x00, 0x06, 0x05, 0x0A, 0x06, 0x02, 0x2E, 0x00, 0, 0x0000872C, 0x0000001E },
    { 0x020F, 0x00, 0x06, 0x05, 0x0B, 0x06, 0x02, 0x2E, 0x00, 0, 0x0000874C, 0x0000001E },
    { 0x020F, 0x00, 0x06, 0x05, 0x0C, 0x06, 0x02, 0x2E, 0x00, 0, 0x0000876C, 0x00000028 },
    { 0x020F, 0x00, 0x06, 0x05, 0x0D, 0x06, 0x02, 0x2E, 0x00, 0, 0x00008794, 0x0000001E },
    { 0x020F, 0x00, 0x06, 0x05, 0x0E, 0x06, 0x02, 0x2E, 0x00, 0, 0x000087B4, 0x00000014 },
    { 0x020F, 0x00, 0x06, 0x05, 0x0F, 0x06, 0x02, 0x2E, 0x00, 0, 0x000087C8, 0x00000028 },
    { 0x020F, 0x00, 0x06, 0x05, 0x10, 0x06, 0x02, 0x2E, 0x00, 0, 0x000087F0, 0x00000028 },
    { 0x020F, 0x00, 0x06, 0x05, 0x11, 0x06, 0x02, 0x2E, 0x00, 0, 0x00008818, 0x00000032 },
    { 0x020F, 0x00, 0x06, 0x05, 0x12, 0x06, 0x02, 0x2E, 0x00, 0, 0x0000884C, 0x00000028 },
    { 0x020F, 0x00, 0x06, 0x05, 0x13, 0x06, 0x02, 0x2E, 0x00, 0, 0x00008874, 0x0000000A },
    { 0x020F, 0x00, 0x06, 0x05, 0x14, 0x06, 0x02, 0x2E, 0x00, 0, 0x00008880, 0x00000014 },
    { 0x020F, 0x00, 0x06, 0x05, 0x15, 0x06, 0x02, 0x2E, 0x00, 0, 0x00008894, 0x00000028 },
    { 0x020F, 0x00, 0x06, 0x05, 0x16, 0x06, 0x02, 0x2E, 0x00, 0, 0x000088BC, 0x00000014 },
    { 0x020F, 0x00, 0x06, 0x05, 0x17, 0x06, 0x02, 0x2E, 0x00, 0, 0x000088D0, 0x00000014 },
    { 0x020F, 0x00, 0x06, 0x05, 0x18, 0x06, 0x02, 0x2E, 0x00, 0, 0x000088E4, 0x00000014 },
    { 0x020F, 0x00, 0x06, 0x05, 0x19, 0x06, 0x02, 0x2E, 0x00, 0, 0x000088F8, 0x00000028 },
    { 0x020F, 0x00, 0x06, 0x05, 0x1A, 0x06, 0x02, 0x2E, 0x00, 0, 0x00008920, 0x00000014 },
    { 0x020F, 0x00, 0x06, 0x05, 0x1B, 0x06, 0x02, 0x2E, 0x00, 0, 0x00008934, 0x0000000A },
    { 0x020F, 0x00, 0x06, 0x05, 0x1C, 0x06, 0x02, 0x2E, 0x00, 0, 0x00008940, 0x00000014 },
    { 0x020F, 0x00, 0x06, 0x05, 0x1D, 0x06, 0x02, 0x2E, 0x00, 0, 0x00008954, 0x00000014 },
    { 0x020F, 0x00, 0x06, 0x05, 0x1E, 0x06, 0x02, 0x2E, 0x00, 0, 0x00008968, 0x0000000A },
    { 0x020F, 0x00, 0x06, 0x05, 0x1F, 0x06, 0x02, 0x2E, 0x00, 0, 0x00008974, 0x00000014 },
    { 0x020F, 0x00, 0x06, 0x05, 0x20, 0x06, 0x02, 0x2E, 0x00, 0, 0x00008988, 0x0000001E },
    { 0x020F, 0x00, 0x06, 0x05, 0x21, 0x06, 0x02, 0x2E, 0x00, 0, 0x000089A8, 0x00000028 },
    { 0x020F, 0x00, 0x06, 0x05, 0x22, 0x06, 0x02, 0x2E, 0x00, 0, 0x000089D0, 0x00000014 },
    { 0x020F, 0x00, 0x06, 0x05, 0x23, 0x06, 0x02, 0x2E, 0x00, 0, 0x000089E4, 0x0000001E },
    { 0x020F, 0x00, 0x06, 0x05, 0x24, 0x06, 0x02, 0x2E, 0x00, 0, 0x00008A04, 0x00000014 },
    { 0x020F, 0x00, 0x06, 0x05, 0x25, 0x06, 0x02, 0x2E, 0x00, 0, 0x00008A18, 0x0000001E },
    { 0x020F, 0x00, 0x06, 0x05, 0x26, 0x06, 0x02, 0x2E, 0x00, 0, 0x00008A38, 0x00000014 },
    { 0x020F, 0x00, 0x06, 0x05, 0x27, 0x06, 0x02, 0x2E, 0x00, 0, 0x00008A4C, 0x00000014 },
    { 0x020F, 0x00, 0x06, 0x05, 0x28, 0x06, 0x02, 0x2E, 0x00, 0, 0x00008A60, 0x0000001E },
    { 0x020F, 0x00, 0x06, 0x05, 0x29, 0x06, 0x02, 0x2E, 0x00, 0, 0x00008A80, 0x00000014 },
    { 0x020F, 0x00, 0x06, 0x05, 0x2A, 0x06, 0x02, 0x2E, 0x00, 0, 0x00008A94, 0x00000014 },
    { 0x020F, 0x00, 0x06, 0x05, 0x2B, 0x06, 0x02, 0x2E, 0x00, 0, 0x00008AA8, 0x0000001E },
    { 0x020F, 0x00, 0x06, 0x05, 0x2C, 0x06, 0x02, 0x2E, 0x00, 0, 0x00008AC8, 0x00000014 },
    { 0x020F, 0x00, 0x06, 0x05, 0x2D, 0x06, 0x02, 0x2E, 0x00, 0, 0x00008ADC, 0x0000001E },
    { 0x020F, 0x00, 0x06, 0x05, 0x2E, 0x06, 0x02, 0x2E, 0x00, 0, 0x00008AFC, 0x0000001E },
    { 0x020F, 0x00, 0x06, 0x05, 0x2F, 0x06, 0x02, 0x2E, 0x00, 0, 0x00008B1C, 0x00000014 },
    { 0x020F, 0x00, 0x06, 0x05, 0x30, 0x06, 0x02, 0x2E, 0x00, 0, 0x00008B30, 0x00000032 },
    { 0x020F, 0x00, 0x06, 0x05, 0x31, 0x06, 0x02, 0x2E, 0x00, 0, 0x00008B64, 0x00000032 },
    { 0x020F, 0x00, 0x06, 0x05, 0x32, 0x06, 0x02, 0x2E, 0x00, 0, 0x00008B98, 0x0000001E },
    { 0x020F, 0x00, 0x06, 0x05, 0x33, 0x06, 0x02, 0x2E, 0x00, 0, 0x00008BB8, 0x0000001E },
    { 0x020F, 0x00, 0x06, 0x05, 0x34, 0x06, 0x02, 0x2E, 0x00, 0, 0x00008BD8, 0x00000028 },
    { 0x020F, 0x00, 0x06, 0x05, 0x35, 0x06, 0x02, 0x2E, 0x00, 0, 0x00008C00, 0x00000014 },
    { 0x020F, 0x00, 0x06, 0x05, 0x36, 0x06, 0x02, 0x2E, 0x00, 0, 0x00008C14, 0x0000001E },
    { 0x020F, 0x00, 0x06, 0x05, 0x37, 0x06, 0x02, 0x2E, 0x00, 0, 0x00008C34, 0x00000032 },
    { 0x020F, 0x00, 0x06, 0x05, 0x38, 0x06, 0x02, 0x2E, 0x00, 0, 0x00008C68, 0x0000001E },
    { 0x020F, 0x00, 0x06, 0x05, 0x39, 0x06, 0x02, 0x2E, 0x00, 0, 0x00008C88, 0x00000032 },
    { 0x020F, 0x00, 0x06, 0x05, 0x3A, 0x06, 0x02, 0x2E, 0x00, 0, 0x00008CBC, 0x00000014 },
    { 0x020F, 0x00, 0x06, 0x05, 0x3B, 0x06, 0x02, 0x2E, 0x00, 0, 0x00008CD0, 0x0000001E },
    { 0x020F, 0x00, 0x06, 0x05, 0x3C, 0x06, 0x02, 0x2E, 0x00, 0, 0x00008CF0, 0x0000001E },
    { 0x020F, 0x00, 0x06, 0x05, 0x3D, 0x06, 0x02, 0x2E, 0x00, 0, 0x00008D10, 0x00000014 },
    { 0x020F, 0x00, 0x06, 0x05, 0x3E, 0x06, 0x02, 0x2E, 0x00, 0, 0x00008D24, 0x00000014 },
    { 0x020F, 0x00, 0x06, 0x05, 0x3F, 0x06, 0x02, 0x2E, 0x00, 0, 0x00008D38, 0x0000001E },
    { 0x020F, 0x00, 0x06, 0x05, 0x40, 0x06, 0x02, 0x2E, 0x00, 0, 0x00008D58, 0x0000001E },
    { 0x020F, 0x00, 0x06, 0x05, 0x41, 0x06, 0x02, 0x2E, 0x00, 0, 0x00008D78, 0x00000028 },
    { 0x020F, 0x00, 0x06, 0x05, 0x42, 0x06, 0x02, 0x2E, 0x00, 0, 0x00008DA0, 0x00000014 },
    { 0x020F, 0x00, 0x06, 0x05, 0x43, 0x06, 0x02, 0x2E, 0x00, 0, 0x00008DB4, 0x00000028 },
    { 0x020F, 0x00, 0x06, 0x05, 0x44, 0x06, 0x02, 0x2E, 0x00, 0, 0x00008DDC, 0x00000028 },
    { 0x020F, 0x00, 0x06, 0x05, 0x45, 0x06, 0x02, 0x2E, 0x00, 0, 0x00008E04, 0x00000028 },
    { 0x020F, 0x00, 0x06, 0x05, 0x46, 0x06, 0x02, 0x2E, 0x00, 0, 0x00008E2C, 0x00000032 },
    { 0x020F, 0x00, 0x06, 0x05, 0x47, 0x06, 0x02, 0x2E, 0x00, 0, 0x00008E60, 0x0000001E },
    { 0x020F, 0x00, 0x06, 0x05, 0x48, 0x06, 0x02, 0x2E, 0x00, 0, 0x00008E80, 0x0000001E },
    { 0x020F, 0x00, 0x06, 0x05, 0x49, 0x06, 0x02, 0x2E, 0x00, 0, 0x00008EA0, 0x0000001E },
    { 0x020F, 0x00, 0x06, 0x05, 0x4A, 0x06, 0x02, 0x2E, 0x00, 0, 0x00008EC0, 0x0000001E },
    { 0x020F, 0x00, 0x06, 0x05, 0x4B, 0x06, 0x02, 0x2E, 0x00, 0, 0x00008EE0, 0x00000032 },
    { 0x020F, 0x00, 0x06, 0x05, 0x4C, 0x06, 0x02, 0x2E, 0x00, 0, 0x00008F14, 0x00000032 },
    { 0x020F, 0x00, 0x06, 0x05, 0x4D, 0x06, 0x02, 0x2E, 0x00, 0, 0x00008F48, 0x00000028 },
    { 0x020F, 0x00, 0x06, 0x05, 0x4E, 0x06, 0x02, 0x2E, 0x00, 0, 0x00008F70, 0x0000000A },
    { 0x020F, 0x00, 0x06, 0x05, 0x4F, 0x06, 0x02, 0x2E, 0x00, 0, 0x00008F7C, 0x00000028 },
    { 0x020F, 0x00, 0x06, 0x05, 0x50, 0x06, 0x02, 0x2E, 0x00, 0, 0x00008FA4, 0x0000001E },
    { 0x020F, 0x00, 0x06, 0x05, 0x51, 0x06, 0x02, 0x2E, 0x00, 0, 0x00008FC4, 0x00000014 },
    { 0x020F, 0x00, 0x06, 0x05, 0x52, 0x06, 0x02, 0x2E, 0x00, 0, 0x00008FD8, 0x00000032 },
    { 0x020F, 0x00, 0x06, 0x05, 0x53, 0x06, 0x02, 0x2E, 0x00, 0, 0x0000900C, 0x00000014 },
    { 0x020F, 0x00, 0x06, 0x05, 0x54, 0x06, 0x02, 0x2E, 0x00, 0, 0x00009020, 0x00000014 },
    { 0x020F, 0x00, 0x06, 0x05, 0x55, 0x06, 0x02, 0x2E, 0x00, 0, 0x00009034, 0x00000014 },
    { 0x020F, 0x00, 0x06, 0x05, 0x56, 0x06, 0x02, 0x2E, 0x00, 0, 0x00009048, 0x0000001E },
    { 0x020F, 0x00, 0x06, 0x05, 0x57, 0x06, 0x02, 0x2E, 0x00, 0, 0x00009068, 0x0000000A },
    { 0x020F, 0x00, 0x06, 0x05, 0x58, 0x06, 0x02, 0x2E, 0x00, 0, 0x00009074, 0x00000014 },
    { 0x020F, 0x00, 0x06, 0x05, 0x59, 0x06, 0x02, 0x2E, 0x00, 0, 0x00009088, 0x00000028 },
    { 0x020F, 0x00, 0x06, 0x05, 0x5A, 0x06, 0x02, 0x2E, 0x00, 0, 0x000090B0, 0x00000014 },
    { 0x020F, 0x00, 0x06, 0x05, 0x5B, 0x06, 0x02, 0x2E, 0x00, 0, 0x000090C4, 0x00000032 },
    { 0x020F, 0x00, 0x06, 0x05, 0x5C, 0x06, 0x02, 0x2E, 0x00, 0, 0x000090F8, 0x0000001E },
    { 0x020F, 0x00, 0x06, 0x05, 0x5D, 0x06, 0x02, 0x2E, 0x00, 0, 0x00009118, 0x00000028 },
    { 0x020F, 0x00, 0x06, 0x05, 0x5E, 0x06, 0x02, 0x2E, 0x00, 0, 0x00009140, 0x00000032 },
    { 0x020F, 0x00, 0x06, 0x05, 0x5F, 0x06, 0x02, 0x2E, 0x00, 0, 0x00009174, 0x00000014 },
    { 0x020F, 0x00, 0x06, 0x05, 0x60, 0x06, 0x02, 0x2E, 0x00, 0, 0x00009188, 0x00000028 },
    { 0x020F, 0x00, 0x06, 0x05, 0x61, 0x06, 0x02, 0x2E, 0x00, 0, 0x000091B0, 0x0000001E },
    { 0x020F, 0x00, 0x06, 0x05, 0x62, 0x06, 0x02, 0x2E, 0x00, 0, 0x000091D0, 0x0000001E },
    { 0x020F, 0x00, 0x06, 0x05, 0x63, 0x06, 0x02, 0x2E, 0x00, 0, 0x000091F0, 0x00000028 },
    { 0x020F, 0x00, 0x06, 0x05, 0x64, 0x06, 0x02, 0x2E, 0x00, 0, 0x00009218, 0x00000028 },
    { 0x020F, 0x00, 0x06, 0x05, 0x65, 0x06, 0x02, 0x2E, 0x00, 0, 0x00009240, 0x00000014 },
    { 0x020F, 0x00, 0x06, 0x05, 0x66, 0x06, 0x02, 0x2E, 0x00, 0, 0x00009254, 0x0000001E },
    { 0x020F, 0x00, 0x06, 0x05, 0x67, 0x06, 0x02, 0x2E, 0x00, 0, 0x00009274, 0x00000014 },
    { 0x020F, 0x00, 0x06, 0x05, 0x68, 0x06, 0x02, 0x2E, 0x00, 0, 0x00009288, 0x0000000A },
    { 0x020F, 0x00, 0x06, 0x05, 0x69, 0x06, 0x02, 0x2E, 0x00, 0, 0x00009294, 0x0000000A },
    { 0x020F, 0x00, 0x06, 0x05, 0x6A, 0x06, 0x02, 0x2E, 0x00, 0, 0x000092A0, 0x0000001E },
    { 0x020F, 0x00, 0x06, 0x05, 0x6B, 0x06, 0x02, 0x2E, 0x00, 0, 0x000092C0, 0x00000014 },
    { 0x020F, 0x00, 0x06, 0x05, 0x6C, 0x06, 0x02, 0x2E, 0x00, 0, 0x000092D4, 0x0000003C },
    { 0x020F, 0x00, 0x06, 0x05, 0x6D, 0x06, 0x02, 0x2E, 0x00, 0, 0x00009310, 0x00000014 },
    { 0x020F, 0x00, 0x06, 0x05, 0x6E, 0x06, 0x02, 0x2E, 0x00, 0, 0x00009324, 0x0000000A },
    { 0x020F, 0x00, 0x06, 0x05, 0x6F, 0x06, 0x02, 0x2E, 0x00, 0, 0x00009330, 0x00000032 },
    { 0x020F, 0x00, 0x06, 0x05, 0x70, 0x06, 0x02, 0x2E, 0x00, 0, 0x00009364, 0x0000001E },
    { 0x020F, 0x00, 0x06, 0x05, 0x71, 0x06, 0x02, 0x2E, 0x00, 0, 0x00009384, 0x00000014 },
    { 0x020F, 0x00, 0x06, 0x05, 0x72, 0x06, 0x02, 0x2E, 0x00, 0, 0x00009398, 0x0000001E },
    { 0x020F, 0x00, 0x06, 0x05, 0x73, 0x06, 0x02, 0x2E, 0x00, 0, 0x000093B8, 0x0000000A },
    { 0x020F, 0x00, 0x06, 0x05, 0x74, 0x06, 0x02, 0x2E, 0x00, 0, 0x000093C4, 0x00000014 },
    { 0x020F, 0x00, 0x06, 0x05, 0x75, 0x06, 0x02, 0x2E, 0x00, 0, 0x000093D8, 0x00000014 },
    { 0x020F, 0x00, 0x06, 0x05, 0x76, 0x06, 0x02, 0x2E, 0x00, 0, 0x000093EC, 0x0000003C },
    { 0x020F, 0x00, 0x06, 0x05, 0x77, 0x06, 0x02, 0x2E, 0x00, 0, 0x00009428, 0x0000001E },
    { 0x020F, 0x00, 0x06, 0x05, 0x78, 0x06, 0x02, 0x2E, 0x00, 0, 0x00009448, 0x00000014 },
    { 0x020F, 0x00, 0x06, 0x05, 0x79, 0x06, 0x02, 0x2E, 0x00, 0, 0x0000945C, 0x0000000A },
    { 0x020F, 0x00, 0x07, 0x05, 0x00, 0x06, 0x02, 0x2E, 0x00, 0, 0x00007AE0, 0x00000014 },
    { 0x020F, 0x00, 0x07, 0x05, 0x01, 0x06, 0x02, 0x2E, 0x00, 0, 0x00007AF4, 0x00000014 },
    { 0x020F, 0x00, 0x07, 0x05, 0x02, 0x06, 0x02, 0x2E, 0x00, 0, 0x00007B08, 0x00000014 },
    { 0x020F, 0x00, 0x07, 0x05, 0x03, 0x06, 0x02, 0x2E, 0x00, 0, 0x00007B1C, 0x00000014 },
    { 0x020F, 0x00, 0x07, 0x05, 0x04, 0x06, 0x02, 0x2E, 0x00, 0, 0x00007B30, 0x00000014 },
    { 0x020F, 0x00, 0x07, 0x05, 0x05, 0x06, 0x02, 0x2E, 0x00, 0, 0x00007B44, 0x0000000A },
    { 0x020F, 0x00, 0x07, 0x05, 0x06, 0x06, 0x02, 0x2E, 0x00, 0, 0x00007B50, 0x0000001E },
    { 0x020F, 0x00, 0x07, 0x05, 0x07, 0x06, 0x02, 0x2E, 0x00, 0, 0x00007B70, 0x0000001E },
    { 0x020F, 0x00, 0x07, 0x05, 0x08, 0x06, 0x02, 0x2E, 0x00, 0, 0x00007B90, 0x0000001E },
    { 0x020F, 0x00, 0x07, 0x05, 0x09, 0x06, 0x02, 0x2E, 0x00, 0, 0x00007BB0, 0x0000001E },
    { 0x020F, 0x00, 0x07, 0x05, 0x0A, 0x06, 0x02, 0x2E, 0x00, 0, 0x00007BD0, 0x00000014 },
    { 0x020F, 0x00, 0x07, 0x05, 0x0B, 0x06, 0x02, 0x2E, 0x00, 0, 0x00007BE4, 0x0000001E },
    { 0x020F, 0x00, 0x07, 0x05, 0x0C, 0x06, 0x02, 0x2E, 0x00, 0, 0x00007C04, 0x00000014 },
    { 0x020F, 0x00, 0x07, 0x05, 0x0D, 0x06, 0x02, 0x2E, 0x00, 0, 0x00007C18, 0x00000028 },
    { 0x020F, 0x00, 0x07, 0x05, 0x0E, 0x06, 0x02, 0x2E, 0x00, 0, 0x00007C40, 0x0000001E },
    { 0x020F, 0x00, 0x07, 0x05, 0x0F, 0x06, 0x02, 0x2E, 0x00, 0, 0x00007C60, 0x0000001E },
    { 0x020F, 0x00, 0x07, 0x05, 0x10, 0x06, 0x02, 0x2E, 0x00, 0, 0x00007C80, 0x00000014 },
    { 0x020F, 0x00, 0x07, 0x05, 0x11, 0x06, 0x02, 0x2E, 0x00, 0, 0x00007C94, 0x0000001E },
    { 0x020F, 0x00, 0x07, 0x05, 0x12, 0x06, 0x02, 0x2E, 0x00, 0, 0x00007CB4, 0x00000014 },
    { 0x020F, 0x00, 0x07, 0x05, 0x13, 0x06, 0x02, 0x2E, 0x00, 0, 0x00007CC8, 0x0000000A },
    { 0x020F, 0x00, 0x07, 0x05, 0x14, 0x06, 0x02, 0x2E, 0x00, 0, 0x00007CD4, 0x00000014 },
    { 0x020F, 0x00, 0x07, 0x05, 0x15, 0x06, 0x02, 0x2E, 0x00, 0, 0x00007CE8, 0x00000014 },
    { 0x020F, 0x00, 0x07, 0x05, 0x16, 0x06, 0x02, 0x2E, 0x00, 0, 0x00007CFC, 0x00000014 },
    { 0x020F, 0x00, 0x07, 0x05, 0x17, 0x06, 0x02, 0x2E, 0x00, 0, 0x00007D10, 0x00000014 },
    { 0x020F, 0x00, 0x07, 0x05, 0x18, 0x06, 0x02, 0x2E, 0x00, 0, 0x00007D24, 0x00000014 },
    { 0x020F, 0x00, 0x07, 0x05, 0x19, 0x06, 0x02, 0x2E, 0x00, 0, 0x00007D38, 0x0000001E },
    { 0x020F, 0x00, 0x07, 0x05, 0x1A, 0x06, 0x02, 0x2E, 0x00, 0, 0x00007D58, 0x0000001E },
    { 0x020F, 0x00, 0x07, 0x05, 0x1B, 0x06, 0x02, 0x2E, 0x00, 0, 0x00007D78, 0x00000014 },
    { 0x020F, 0x00, 0x07, 0x05, 0x1C, 0x06, 0x02, 0x2E, 0x00, 0, 0x00007D8C, 0x00000014 },
    { 0x020F, 0x00, 0x07, 0x05, 0x1D, 0x06, 0x02, 0x2E, 0x00, 0, 0x00007DA0, 0x00000014 },
    { 0x020F, 0x00, 0x07, 0x05, 0x1E, 0x06, 0x02, 0x2E, 0x00, 0, 0x00007DB4, 0x0000000A },
    { 0x020F, 0x00, 0x07, 0x05, 0x1F, 0x06, 0x02, 0x2E, 0x00, 0, 0x00007DC0, 0x00000014 },
    { 0x020F, 0x00, 0x07, 0x05, 0x20, 0x06, 0x02, 0x2E, 0x00, 0, 0x00007DD4, 0x0000001E },
    { 0x020F, 0x00, 0x07, 0x05, 0x21, 0x06, 0x02, 0x2E, 0x00, 0, 0x00007DF4, 0x00000014 },
    { 0x020F, 0x00, 0x07, 0x05, 0x22, 0x06, 0x02, 0x2E, 0x00, 0, 0x00007E08, 0x0000001E },
    { 0x020F, 0x00, 0x07, 0x05, 0x23, 0x06, 0x02, 0x2E, 0x00, 0, 0x00007E28, 0x00000014 },
    { 0x020F, 0x00, 0x07, 0x05, 0x24, 0x06, 0x02, 0x2E, 0x00, 0, 0x00007E3C, 0x00000014 },
    { 0x020F, 0x00, 0x07, 0x05, 0x25, 0x06, 0x02, 0x2E, 0x00, 0, 0x00007E50, 0x0000001E },
    { 0x020F, 0x00, 0x07, 0x05, 0x26, 0x06, 0x02, 0x2E, 0x00, 0, 0x00007E70, 0x0000001E },
    { 0x020F, 0x00, 0x07, 0x05, 0x27, 0x06, 0x02, 0x2E, 0x00, 0, 0x00007E90, 0x00000014 },
    { 0x020F, 0x00, 0x07, 0x05, 0x28, 0x06, 0x02, 0x2E, 0x00, 0, 0x00007EA4, 0x00000014 },
    { 0x020F, 0x00, 0x07, 0x05, 0x29, 0x06, 0x02, 0x2E, 0x00, 0, 0x00007EB8, 0x0000001E },
    { 0x020F, 0x00, 0x07, 0x05, 0x2A, 0x06, 0x02, 0x2E, 0x00, 0, 0x00007ED8, 0x00000014 },
    { 0x020F, 0x00, 0x07, 0x05, 0x2B, 0x06, 0x02, 0x2E, 0x00, 0, 0x00007EEC, 0x0000001E },
    { 0x020F, 0x00, 0x07, 0x05, 0x2C, 0x06, 0x02, 0x2E, 0x00, 0, 0x00007F0C, 0x00000014 },
    { 0x020F, 0x00, 0x07, 0x05, 0x2D, 0x06, 0x02, 0x2E, 0x00, 0, 0x00007F20, 0x00000014 },
    { 0x020F, 0x00, 0x07, 0x05, 0x2E, 0x06, 0x02, 0x2E, 0x00, 0, 0x00007F34, 0x00000014 },
    { 0x020F, 0x00, 0x07, 0x05, 0x2F, 0x06, 0x02, 0x2E, 0x00, 0, 0x00007F48, 0x00000014 },
    { 0x020F, 0x00, 0x07, 0x05, 0x30, 0x06, 0x02, 0x2E, 0x00, 0, 0x00007F5C, 0x0000001E },
    { 0x020F, 0x00, 0x07, 0x05, 0x31, 0x06, 0x02, 0x2E, 0x00, 0, 0x00007F7C, 0x00000014 },
    { 0x020F, 0x00, 0x07, 0x05, 0x32, 0x06, 0x02, 0x2E, 0x00, 0, 0x00007F90, 0x00000028 },
    { 0x020F, 0x00, 0x07, 0x05, 0x33, 0x06, 0x02, 0x2E, 0x00, 0, 0x00007FB8, 0x00000014 },
    { 0x020F, 0x00, 0x07, 0x05, 0x34, 0x06, 0x02, 0x2E, 0x00, 0, 0x00007FCC, 0x0000001E },
    { 0x020F, 0x00, 0x07, 0x05, 0x35, 0x06, 0x02, 0x2E, 0x00, 0, 0x00007FEC, 0x0000001E },
    { 0x020F, 0x00, 0x07, 0x05, 0x36, 0x06, 0x02, 0x2E, 0x00, 0, 0x0000800C, 0x0000001E },
    { 0x020F, 0x00, 0x07, 0x05, 0x37, 0x06, 0x02, 0x2E, 0x00, 0, 0x0000802C, 0x00000014 },
    { 0x020F, 0x00, 0x07, 0x05, 0x38, 0x06, 0x02, 0x2E, 0x00, 0, 0x00008040, 0x00000014 },
    { 0x020F, 0x00, 0x07, 0x05, 0x39, 0x06, 0x02, 0x2E, 0x00, 0, 0x00008054, 0x0000001E },
    { 0x020F, 0x00, 0x07, 0x05, 0x3A, 0x06, 0x02, 0x2E, 0x00, 0, 0x00008074, 0x00000014 },
    { 0x020F, 0x00, 0x07, 0x05, 0x3B, 0x06, 0x02, 0x2E, 0x00, 0, 0x00008088, 0x0000000A },
    { 0x020F, 0x00, 0x07, 0x05, 0x3C, 0x06, 0x02, 0x2E, 0x00, 0, 0x00008094, 0x00000014 },
    { 0x020F, 0x00, 0x07, 0x05, 0x3D, 0x06, 0x02, 0x2E, 0x00, 0, 0x000080A8, 0x00000014 },
    { 0x020F, 0x00, 0x07, 0x05, 0x3E, 0x06, 0x02, 0x2E, 0x00, 0, 0x000080BC, 0x0000000A },
    { 0x020F, 0x00, 0x07, 0x05, 0x3F, 0x06, 0x02, 0x2E, 0x00, 0, 0x000080C8, 0x00000014 },
    { 0x020F, 0x00, 0x07, 0x05, 0x40, 0x06, 0x02, 0x2E, 0x00, 0, 0x000080DC, 0x00000028 },
    { 0x020F, 0x00, 0x07, 0x05, 0x41, 0x06, 0x02, 0x2E, 0x00, 0, 0x00008104, 0x00000014 },
    { 0x020F, 0x00, 0x07, 0x05, 0x42, 0x06, 0x02, 0x2E, 0x00, 0, 0x00008118, 0x0000001E },
    { 0x020F, 0x00, 0x07, 0x05, 0x43, 0x06, 0x02, 0x2E, 0x00, 0, 0x00008138, 0x0000001E },
    { 0x020F, 0x00, 0x07, 0x05, 0x44, 0x06, 0x02, 0x2E, 0x00, 0, 0x00008158, 0x00000014 },
    { 0x020F, 0x00, 0x07, 0x05, 0x45, 0x06, 0x02, 0x2E, 0x00, 0, 0x0000816C, 0x00000014 },
    { 0x020F, 0x00, 0x07, 0x05, 0x46, 0x06, 0x02, 0x2E, 0x00, 0, 0x00008180, 0x0000001E },
    { 0x020F, 0x00, 0x07, 0x05, 0x47, 0x06, 0x02, 0x2E, 0x00, 0, 0x000081A0, 0x00000014 },
    { 0x020F, 0x00, 0x07, 0x05, 0x48, 0x06, 0x02, 0x2E, 0x00, 0, 0x000081B4, 0x0000001E },
    { 0x020F, 0x00, 0x07, 0x05, 0x49, 0x06, 0x02, 0x2E, 0x00, 0, 0x000081D4, 0x00000032 },
    { 0x020F, 0x00, 0x07, 0x05, 0x4A, 0x06, 0x02, 0x2E, 0x00, 0, 0x00008208, 0x0000001E },
    { 0x020F, 0x00, 0x07, 0x05, 0x4B, 0x06, 0x02, 0x2E, 0x00, 0, 0x00008228, 0x0000001E },
    { 0x020F, 0x00, 0x07, 0x05, 0x4C, 0x06, 0x02, 0x2E, 0x00, 0, 0x00008248, 0x0000001E },
    { 0x020F, 0x00, 0x07, 0x05, 0x4D, 0x06, 0x02, 0x2E, 0x00, 0, 0x00008268, 0x00000014 },
    { 0x020F, 0x00, 0x07, 0x05, 0x4E, 0x06, 0x02, 0x2E, 0x00, 0, 0x0000827C, 0x0000000A },
    { 0x020F, 0x00, 0x07, 0x05, 0x4F, 0x06, 0x02, 0x2E, 0x00, 0, 0x00008288, 0x00000014 },
    { 0x020F, 0x00, 0x07, 0x05, 0x50, 0x06, 0x02, 0x2E, 0x00, 0, 0x0000829C, 0x0000000A },
    { 0x020F, 0x00, 0x07, 0x05, 0x51, 0x06, 0x02, 0x2E, 0x00, 0, 0x000082A8, 0x00000014 },
    { 0x020F, 0x00, 0x07, 0x05, 0x52, 0x06, 0x02, 0x2E, 0x00, 0, 0x000082BC, 0x00000014 },
    { 0x020F, 0x00, 0x07, 0x05, 0x53, 0x06, 0x02, 0x2E, 0x00, 0, 0x000082D0, 0x00000014 },
    { 0x020F, 0x00, 0x07, 0x05, 0x54, 0x06, 0x02, 0x2E, 0x00, 0, 0x000082E4, 0x00000014 },
    { 0x020F, 0x00, 0x07, 0x05, 0x55, 0x06, 0x02, 0x2E, 0x00, 0, 0x000082F8, 0x00000014 },
    { 0x020F, 0x00, 0x07, 0x05, 0x56, 0x06, 0x02, 0x2E, 0x00, 0, 0x0000830C, 0x00000014 },
    { 0x020F, 0x00, 0x07, 0x05, 0x57, 0x06, 0x02, 0x2E, 0x00, 0, 0x00008320, 0x0000000A },
    { 0x020F, 0x00, 0x07, 0x05, 0x58, 0x06, 0x02, 0x2E, 0x00, 0, 0x0000832C, 0x0000000A },
    { 0x020F, 0x00, 0x07, 0x05, 0x59, 0x06, 0x02, 0x2E, 0x00, 0, 0x00008338, 0x0000001E },
    { 0x020F, 0x00, 0x07, 0x05, 0x5A, 0x06, 0x02, 0x2E, 0x00, 0, 0x00008358, 0x00000014 },
    { 0x020F, 0x00, 0x07, 0x05, 0x5B, 0x06, 0x02, 0x2E, 0x00, 0, 0x0000836C, 0x00000014 },
    { 0x020F, 0x00, 0x07, 0x05, 0x5C, 0x06, 0x02, 0x2E, 0x00, 0, 0x00008380, 0x00000014 },
    { 0x020F, 0x00, 0x07, 0x05, 0x5D, 0x06, 0x02, 0x2E, 0x00, 0, 0x00008394, 0x0000001E },
    { 0x020F, 0x00, 0x07, 0x05, 0x5E, 0x06, 0x02, 0x2E, 0x00, 0, 0x000083B4, 0x0000001E },
    { 0x020F, 0x00, 0x07, 0x05, 0x5F, 0x06, 0x02, 0x2E, 0x00, 0, 0x000083D4, 0x0000000A },
    { 0x020F, 0x00, 0x07, 0x05, 0x60, 0x06, 0x02, 0x2E, 0x00, 0, 0x000083E0, 0x0000001E },
    { 0x020F, 0x00, 0x07, 0x05, 0x61, 0x06, 0x02, 0x2E, 0x00, 0, 0x00008400, 0x0000001E },
    { 0x020F, 0x00, 0x07, 0x05, 0x62, 0x06, 0x02, 0x2E, 0x00, 0, 0x00008420, 0x0000001E },
    { 0x020F, 0x00, 0x07, 0x05, 0x63, 0x06, 0x02, 0x2E, 0x00, 0, 0x00008440, 0x0000001E },
    { 0x020F, 0x00, 0x07, 0x05, 0x64, 0x06, 0x02, 0x2E, 0x00, 0, 0x00008460, 0x00000014 },
    { 0x020F, 0x00, 0x07, 0x05, 0x65, 0x06, 0x02, 0x2E, 0x00, 0, 0x00008474, 0x00000014 },
    { 0x020F, 0x00, 0x07, 0x05, 0x66, 0x06, 0x02, 0x2E, 0x00, 0, 0x00008488, 0x00000014 },
    { 0x020F, 0x00, 0x07, 0x05, 0x67, 0x06, 0x02, 0x2E, 0x00, 0, 0x0000849C, 0x0000000A },
    { 0x020F, 0x00, 0x07, 0x05, 0x68, 0x06, 0x02, 0x2E, 0x00, 0, 0x000084A8, 0x0000000A },
    { 0x020F, 0x00, 0x07, 0x05, 0x69, 0x06, 0x02, 0x2E, 0x00, 0, 0x000084B4, 0x0000000A },
    { 0x020F, 0x00, 0x07, 0x05, 0x6A, 0x06, 0x02, 0x2E, 0x00, 0, 0x000084C0, 0x0000000A },
    { 0x020F, 0x00, 0x07, 0x05, 0x6B, 0x06, 0x02, 0x2E, 0x00, 0, 0x000084CC, 0x0000000A },
    { 0x020F, 0x00, 0x07, 0x05, 0x6C, 0x06, 0x02, 0x2E, 0x00, 0, 0x000084D8, 0x00000014 },
    { 0x020F, 0x00, 0x07, 0x05, 0x6D, 0x06, 0x02, 0x2E, 0x00, 0, 0x000084EC, 0x0000001E },
    { 0x020F, 0x00, 0x07, 0x05, 0x6E, 0x06, 0x02, 0x2E, 0x00, 0, 0x0000850C, 0x0000000A },
    { 0x020F, 0x00, 0x07, 0x05, 0x6F, 0x06, 0x02, 0x2E, 0x00, 0, 0x00008518, 0x0000001E },
    { 0x020F, 0x00, 0x07, 0x05, 0x70, 0x06, 0x02, 0x2E, 0x00, 0, 0x00008538, 0x00000014 },
    { 0x020F, 0x00, 0x07, 0x05, 0x71, 0x06, 0x02, 0x2E, 0x00, 0, 0x0000854C, 0x00000014 },
    { 0x020F, 0x00, 0x07, 0x05, 0x72, 0x06, 0x02, 0x2E, 0x00, 0, 0x00008560, 0x0000001E },
    { 0x020F, 0x00, 0x07, 0x05, 0x73, 0x06, 0x02, 0x2E, 0x00, 0, 0x00008580, 0x0000000A },
    { 0x020F, 0x00, 0x07, 0x05, 0x74, 0x06, 0x02, 0x2E, 0x00, 0, 0x0000858C, 0x00000014 },
    { 0x020F, 0x00, 0x07, 0x05, 0x75, 0x06, 0x02, 0x2E, 0x00, 0, 0x000085A0, 0x0000000A },
    { 0x020F, 0x00, 0x07, 0x05, 0x76, 0x06, 0x02, 0x2E, 0x00, 0, 0x000085AC, 0x00000014 },
    { 0x020F, 0x00, 0x07, 0x05, 0x77, 0x06, 0x02, 0x2E, 0x00, 0, 0x000085C0, 0x00000014 },
    { 0x020F, 0x00, 0x07, 0x05, 0x78, 0x06, 0x02, 0x2E, 0x00, 0, 0x000085D4, 0x00000014 },
    { 0x020F, 0x00, 0x07, 0x05, 0x79, 0x06, 0x02, 0x2E, 0x00, 0, 0x000085E8, 0x0000000A },
    { 0x0210, 0x00, 0x00, 0x00, 0x00, 0x06, 0x00, 0x26, 0x00, 0, 0x00000260, 0x00000008 },
    { 0x0210, 0x00, 0x01, 0x00, 0x00, 0x06, 0x00, 0x26, 0x00, 0, 0x000001C8, 0x00000098 },
    { 0x0210, 0x00, 0x02, 0x00, 0x00, 0x06, 0x00, 0x26, 0x00, 0, 0x00000000, 0x0000000C },
    { 0x0210, 0x00, 0x02, 0x01, 0x00, 0x06, 0x00, 0x26, 0x00, 0, 0x0000000C, 0x0000000C },
    { 0x0210, 0x00, 0x02, 0x02, 0x00, 0x06, 0x00, 0x26, 0x00, 0, 0x00000018, 0x0000000C },
    { 0x0210, 0x00, 0x02, 0x03, 0x00, 0x06, 0x00, 0x26, 0x00, 0, 0x00000024, 0x0000000C },
    { 0x0210, 0x00, 0x02, 0x04, 0x00, 0x06, 0x00, 0x26, 0x00, 0, 0x00000030, 0x0000000C },
    { 0x0210, 0x00, 0x02, 0x05, 0x00, 0x06, 0x00, 0x26, 0x00, 0, 0x0000003C, 0x0000000C },
    { 0x0210, 0x00, 0x02, 0x06, 0x00, 0x06, 0x00, 0x26, 0x00, 0, 0x00000048, 0x0000000C },
    { 0x0210, 0x00, 0x02, 0x07, 0x00, 0x06, 0x00, 0x26, 0x00, 0, 0x00000054, 0x0000000C },
    { 0x0210, 0x00, 0x02, 0x08, 0x00, 0x06, 0x00, 0x26, 0x00, 0, 0x00000060, 0x0000000C },
    { 0x0210, 0x00, 0x02, 0x09, 0x00, 0x06, 0x00, 0x26, 0x00, 0, 0x0000006C, 0x0000000C },
    { 0x0210, 0x00, 0x02, 0x0A, 0x00, 0x06, 0x00, 0x26, 0x00, 0, 0x00000078, 0x0000000C },
    { 0x0210, 0x00, 0x02, 0x0B, 0x00, 0x06, 0x00, 0x26, 0x00, 0, 0x00000084, 0x0000000C },
    { 0x0210, 0x00, 0x02, 0x0C, 0x00, 0x06, 0x00, 0x26, 0x00, 0, 0x00000090, 0x0000000C },
    { 0x0210, 0x00, 0x02, 0x0D, 0x00, 0x06, 0x00, 0x26, 0x00, 0, 0x0000009C, 0x0000000C },
    { 0x0210, 0x00, 0x02, 0x0E, 0x00, 0x06, 0x00, 0x26, 0x00, 0, 0x000000A8, 0x0000000C },
    { 0x0210, 0x00, 0x02, 0x0F, 0x00, 0x06, 0x00, 0x26, 0x00, 0, 0x000000B4, 0x0000000C },
    { 0x0210, 0x00, 0x02, 0x10, 0x00, 0x06, 0x00, 0x26, 0x00, 0, 0x000000C0, 0x0000000C },
    { 0x0210, 0x00, 0x02, 0x11, 0x00, 0x06, 0x00, 0x26, 0x00, 0, 0x000000CC, 0x0000000C },
    { 0x0210, 0x00, 0x02, 0x12, 0x00, 0x06, 0x00, 0x26, 0x00, 0, 0x000000D8, 0x0000000C },
    { 0x0210, 0x00, 0x02, 0x13, 0x00, 0x06, 0x00, 0x26, 0x00, 0, 0x000000E4, 0x0000000C },
    { 0x0210, 0x00, 0x02, 0x14, 0x00, 0x06, 0x00, 0x26, 0x00, 0, 0x000000F0, 0x0000000C },
    { 0x0210, 0x00, 0x02, 0x15, 0x00, 0x06, 0x00, 0x26, 0x00, 0, 0x000000FC, 0x0000000C },
    { 0x0210, 0x00, 0x02, 0x16, 0x00, 0x06, 0x00, 0x26, 0x00, 0, 0x00000108, 0x0000000C },
    { 0x0210, 0x00, 0x02, 0x17, 0x00, 0x06, 0x00, 0x26, 0x00, 0, 0x00000114, 0x0000000C },
    { 0x0210, 0x00, 0x02, 0x18, 0x00, 0x06, 0x00, 0x26, 0x00, 0, 0x00000120, 0x0000000C },
    { 0x0210, 0x00, 0x02, 0x19, 0x00, 0x06, 0x00, 0x26, 0x00, 0, 0x0000012C, 0x0000000C },
    { 0x0210, 0x00, 0x02, 0x1A, 0x00, 0x06, 0x00, 0x26, 0x00, 0, 0x00000138, 0x0000000C },
    { 0x0210, 0x00, 0x02, 0x1B, 0x00, 0x06, 0x00, 0x26, 0x00, 0, 0x00000144, 0x0000000C },
    { 0x0210, 0x00, 0x02, 0x1C, 0x00, 0x06, 0x00, 0x26, 0x00, 0, 0x00000150, 0x0000000C },
    { 0x0210, 0x00, 0x02, 0x1D, 0x00, 0x06, 0x00, 0x26, 0x00, 0, 0x0000015C, 0x0000000C },
    { 0x0210, 0x00, 0x02, 0x1E, 0x00, 0x06, 0x00, 0x26, 0x00, 0, 0x00000168, 0x0000000C },
    { 0x0210, 0x00, 0x02, 0x1F, 0x00, 0x06, 0x00, 0x26, 0x00, 0, 0x00000174, 0x0000000C },
    { 0x0210, 0x00, 0x02, 0x20, 0x00, 0x06, 0x00, 0x26, 0x00, 0, 0x00000180, 0x0000000C },
    { 0x0210, 0x00, 0x02, 0x21, 0x00, 0x06, 0x00, 0x26, 0x00, 0, 0x0000018C, 0x0000000C },
    { 0x0210, 0x00, 0x02, 0x22, 0x00, 0x06, 0x00, 0x26, 0x00, 0, 0x00000198, 0x0000000C },
    { 0x0210, 0x00, 0x02, 0x23, 0x00, 0x06, 0x00, 0x26, 0x00, 0, 0x000001A4, 0x0000000C },
    { 0x0210, 0x00, 0x02, 0x24, 0x00, 0x06, 0x00, 0x26, 0x00, 0, 0x000001B0, 0x0000000C },
    { 0x0210, 0x00, 0x02, 0x25, 0x00, 0x06, 0x00, 0x26, 0x00, 0, 0x000001BC, 0x0000000C },
    { 0x0210, 0x00, 0x03, 0x08, 0x00, 0x06, 0x00, 0x26, 0x00, 0, 0x000008E8, 0x000000B0 },
    { 0x0210, 0x00, 0x03, 0x09, 0x00, 0x06, 0x00, 0x26, 0x00, 0, 0x00000750, 0x00000108 },
    { 0x0210, 0x00, 0x03, 0x0A, 0x00, 0x06, 0x00, 0x26, 0x00, 0, 0x00000448, 0x00000118 },
    { 0x0210, 0x00, 0x03, 0x0F, 0x00, 0x06, 0x00, 0x26, 0x00, 0, 0x00001DC0, 0x000000B0 },
    { 0x0210, 0x00, 0x03, 0x10, 0x00, 0x06, 0x00, 0x26, 0x00, 0, 0x00001C28, 0x00000108 },
    { 0x0210, 0x00, 0x03, 0x11, 0x00, 0x06, 0x00, 0x26, 0x00, 0, 0x00001920, 0x00000118 },
    { 0x0210, 0x00, 0x03, 0x12, 0x00, 0x06, 0x00, 0x26, 0x00, 0, 0x00003600, 0x00000088 },
    { 0x0210, 0x00, 0x03, 0x16, 0x00, 0x06, 0x00, 0x26, 0x00, 0, 0x000032F8, 0x000002D8 },
    { 0x0210, 0x00, 0x03, 0x1B, 0x00, 0x06, 0x00, 0x26, 0x00, 0, 0x00001490, 0x000002B0 },
    { 0x0210, 0x00, 0x03, 0x1C, 0x00, 0x06, 0x00, 0x26, 0x00, 0, 0x00000EF0, 0x00000150 },
    { 0x0210, 0x00, 0x03, 0x1D, 0x00, 0x06, 0x00, 0x26, 0x00, 0, 0x00000C08, 0x00000128 },
    { 0x0210, 0x00, 0x03, 0x22, 0x00, 0x06, 0x00, 0x26, 0x00, 0, 0x00002968, 0x000002B0 },
    { 0x0210, 0x00, 0x03, 0x23, 0x00, 0x06, 0x00, 0x26, 0x00, 0, 0x000023C8, 0x00000150 },
    { 0x0210, 0x00, 0x03, 0x24, 0x00, 0x06, 0x00, 0x26, 0x00, 0, 0x000020E0, 0x00000128 },
    { 0x0210, 0x00, 0x03, 0x25, 0x00, 0x06, 0x00, 0x26, 0x00, 0, 0x00003CA8, 0x00000208 },
    { 0x0215, 0x00, 0x00, 0x00, 0x00, 0x06, 0x02, 0x35, 0x00, 0, 0x00008668, 0x00000008 },
    { 0x0215, 0x00, 0x01, 0x00, 0x00, 0x06, 0x02, 0x35, 0x00, 0, 0x00008594, 0x000000D4 },
    { 0x0215, 0x00, 0x02, 0x00, 0x00, 0x06, 0x02, 0x35, 0x00, 0, 0x00008244, 0x00000010 },
    { 0x0215, 0x00, 0x02, 0x01, 0x00, 0x06, 0x02, 0x35, 0x00, 0, 0x00008254, 0x00000010 },
    { 0x0215, 0x00, 0x02, 0x02, 0x00, 0x06, 0x02, 0x35, 0x00, 0, 0x00008264, 0x00000010 },
    { 0x0215, 0x00, 0x02, 0x03, 0x00, 0x06, 0x02, 0x35, 0x00, 0, 0x00008274, 0x00000010 },
    { 0x0215, 0x00, 0x02, 0x04, 0x00, 0x06, 0x02, 0x35, 0x00, 0, 0x00008284, 0x00000010 },
    { 0x0215, 0x00, 0x02, 0x05, 0x00, 0x06, 0x02, 0x35, 0x00, 0, 0x00008294, 0x00000010 },
    { 0x0215, 0x00, 0x02, 0x06, 0x00, 0x06, 0x02, 0x35, 0x00, 0, 0x000082A4, 0x00000010 },
    { 0x0215, 0x00, 0x02, 0x07, 0x00, 0x06, 0x02, 0x35, 0x00, 0, 0x000082B4, 0x00000010 },
    { 0x0215, 0x00, 0x02, 0x08, 0x00, 0x06, 0x02, 0x35, 0x00, 0, 0x000082C4, 0x00000010 },
    { 0x0215, 0x00, 0x02, 0x09, 0x00, 0x06, 0x02, 0x35, 0x00, 0, 0x000082D4, 0x00000010 },
    { 0x0215, 0x00, 0x02, 0x0A, 0x00, 0x06, 0x02, 0x35, 0x00, 0, 0x000082E4, 0x00000010 },
    { 0x0215, 0x00, 0x02, 0x0B, 0x00, 0x06, 0x02, 0x35, 0x00, 0, 0x000082F4, 0x00000010 },
    { 0x0215, 0x00, 0x02, 0x0C, 0x00, 0x06, 0x02, 0x35, 0x00, 0, 0x00008304, 0x00000010 },
    { 0x0215, 0x00, 0x02, 0x0D, 0x00, 0x06, 0x02, 0x35, 0x00, 0, 0x00008314, 0x00000010 },
    { 0x0215, 0x00, 0x02, 0x0E, 0x00, 0x06, 0x02, 0x35, 0x00, 0, 0x00008324, 0x00000010 },
    { 0x0215, 0x00, 0x02, 0x0F, 0x00, 0x06, 0x02, 0x35, 0x00, 0, 0x00008334, 0x00000010 },
    { 0x0215, 0x00, 0x02, 0x10, 0x00, 0x06, 0x02, 0x35, 0x00, 0, 0x00008344, 0x00000010 },
    { 0x0215, 0x00, 0x02, 0x11, 0x00, 0x06, 0x02, 0x35, 0x00, 0, 0x00008354, 0x00000010 },
    { 0x0215, 0x00, 0x02, 0x12, 0x00, 0x06, 0x02, 0x35, 0x00, 0, 0x00008364, 0x00000010 },
    { 0x0215, 0x00, 0x02, 0x13, 0x00, 0x06, 0x02, 0x35, 0x00, 0, 0x00008374, 0x00000010 },
    { 0x0215, 0x00, 0x02, 0x14, 0x00, 0x06, 0x02, 0x35, 0x00, 0, 0x00008384, 0x00000010 },
    { 0x0215, 0x00, 0x02, 0x15, 0x00, 0x06, 0x02, 0x35, 0x00, 0, 0x00008394, 0x00000010 },
    { 0x0215, 0x00, 0x02, 0x16, 0x00, 0x06, 0x02, 0x35, 0x00, 0, 0x000083A4, 0x00000010 },
    { 0x0215, 0x00, 0x02, 0x17, 0x00, 0x06, 0x02, 0x35, 0x00, 0, 0x000083B4, 0x00000010 },
    { 0x0215, 0x00, 0x02, 0x18, 0x00, 0x06, 0x02, 0x35, 0x00, 0, 0x000083C4, 0x00000010 },
    { 0x0215, 0x00, 0x02, 0x19, 0x00, 0x06, 0x02, 0x35, 0x00, 0, 0x000083D4, 0x00000010 },
    { 0x0215, 0x00, 0x02, 0x1A, 0x00, 0x06, 0x02, 0x35, 0x00, 0, 0x000083E4, 0x00000010 },
    { 0x0215, 0x00, 0x02, 0x1B, 0x00, 0x06, 0x02, 0x35, 0x00, 0, 0x000083F4, 0x00000010 },
    { 0x0215, 0x00, 0x02, 0x1C, 0x00, 0x06, 0x02, 0x35, 0x00, 0, 0x00008404, 0x00000010 },
    { 0x0215, 0x00, 0x02, 0x1D, 0x00, 0x06, 0x02, 0x35, 0x00, 0, 0x00008414, 0x00000010 },
    { 0x0215, 0x00, 0x02, 0x1E, 0x00, 0x06, 0x02, 0x35, 0x00, 0, 0x00008424, 0x00000010 },
    { 0x0215, 0x00, 0x02, 0x1F, 0x00, 0x06, 0x02, 0x35, 0x00, 0, 0x00008434, 0x00000010 },
    { 0x0215, 0x00, 0x02, 0x20, 0x00, 0x06, 0x02, 0x35, 0x00, 0, 0x00008444, 0x00000010 },
    { 0x0215, 0x00, 0x02, 0x21, 0x00, 0x06, 0x02, 0x35, 0x00, 0, 0x00008454, 0x00000010 },
    { 0x0215, 0x00, 0x02, 0x22, 0x00, 0x06, 0x02, 0x35, 0x00, 0, 0x00008464, 0x00000010 },
    { 0x0215, 0x00, 0x02, 0x23, 0x00, 0x06, 0x02, 0x35, 0x00, 0, 0x00008474, 0x00000010 },
    { 0x0215, 0x00, 0x02, 0x24, 0x00, 0x06, 0x02, 0x35, 0x00, 0, 0x00008484, 0x00000010 },
    { 0x0215, 0x00, 0x02, 0x25, 0x00, 0x06, 0x02, 0x35, 0x00, 0, 0x00008494, 0x00000010 },
    { 0x0215, 0x00, 0x02, 0x26, 0x00, 0x06, 0x02, 0x35, 0x00, 0, 0x000084A4, 0x00000010 },
    { 0x0215, 0x00, 0x02, 0x27, 0x00, 0x06, 0x02, 0x35, 0x00, 0, 0x000084B4, 0x00000010 },
    { 0x0215, 0x00, 0x02, 0x28, 0x00, 0x06, 0x02, 0x35, 0x00, 0, 0x000084C4, 0x00000010 },
    { 0x0215, 0x00, 0x02, 0x29, 0x00, 0x06, 0x02, 0x35, 0x00, 0, 0x000084D4, 0x00000010 },
    { 0x0215, 0x00, 0x02, 0x2A, 0x00, 0x06, 0x02, 0x35, 0x00, 0, 0x000084E4, 0x00000010 },
    { 0x0215, 0x00, 0x02, 0x2B, 0x00, 0x06, 0x02, 0x35, 0x00, 0, 0x000084F4, 0x00000010 },
    { 0x0215, 0x00, 0x02, 0x2C, 0x00, 0x06, 0x02, 0x35, 0x00, 0, 0x00008504, 0x00000010 },
    { 0x0215, 0x00, 0x02, 0x2D, 0x00, 0x06, 0x02, 0x35, 0x00, 0, 0x00008514, 0x00000010 },
    { 0x0215, 0x00, 0x02, 0x2E, 0x00, 0x06, 0x02, 0x35, 0x00, 0, 0x00008524, 0x00000010 },
    { 0x0215, 0x00, 0x02, 0x2F, 0x00, 0x06, 0x02, 0x35, 0x00, 0, 0x00008534, 0x00000010 },
    { 0x0215, 0x00, 0x02, 0x30, 0x00, 0x06, 0x02, 0x35, 0x00, 0, 0x00008544, 0x00000010 },
    { 0x0215, 0x00, 0x02, 0x31, 0x00, 0x06, 0x02, 0x35, 0x00, 0, 0x00008554, 0x00000010 },
    { 0x0215, 0x00, 0x02, 0x32, 0x00, 0x06, 0x02, 0x35, 0x00, 0, 0x00008564, 0x00000010 },
    { 0x0215, 0x00, 0x02, 0x33, 0x00, 0x06, 0x02, 0x35, 0x00, 0, 0x00008574, 0x00000010 },
    { 0x0215, 0x00, 0x02, 0x34, 0x00, 0x06, 0x02, 0x35, 0x00, 0, 0x00008584, 0x00000010 },
    { 0x0215, 0x00, 0x03, 0x05, 0x00, 0x06, 0x02, 0x35, 0x00, 0, 0x00009D20, 0x00000648 },
    { 0x0215, 0x00, 0x03, 0x0D, 0x00, 0x06, 0x02, 0x35, 0x00, 0, 0x000090F0, 0x00000390 },
    { 0x0215, 0x00, 0x03, 0x0E, 0x00, 0x06, 0x02, 0x35, 0x00, 0, 0x00009BE0, 0x00000140 },
    { 0x0215, 0x00, 0x03, 0x15, 0x00, 0x06, 0x02, 0x35, 0x00, 0, 0x000001C0, 0x00000130 },
    { 0x0215, 0x00, 0x03, 0x16, 0x00, 0x06, 0x02, 0x35, 0x00, 0, 0x00000430, 0x000000A8 },
    { 0x0215, 0x00, 0x03, 0x17, 0x00, 0x06, 0x02, 0x35, 0x00, 0, 0x000007E0, 0x00000140 },
    { 0x0215, 0x00, 0x03, 0x18, 0x00, 0x06, 0x02, 0x35, 0x00, 0, 0x000013D0, 0x000000F8 },
    { 0x0215, 0x00, 0x03, 0x1F, 0x00, 0x06, 0x02, 0x35, 0x00, 0, 0x00000AE0, 0x00000130 },
    { 0x0215, 0x00, 0x03, 0x20, 0x00, 0x06, 0x02, 0x35, 0x00, 0, 0x00000D50, 0x000000A8 },
    { 0x0215, 0x00, 0x03, 0x21, 0x00, 0x06, 0x02, 0x35, 0x00, 0, 0x00001100, 0x00000140 },
    { 0x0215, 0x00, 0x03, 0x22, 0x00, 0x06, 0x02, 0x35, 0x00, 0, 0x00001F20, 0x000000F8 },
    { 0x0215, 0x00, 0x03, 0x23, 0x00, 0x06, 0x02, 0x35, 0x00, 0, 0x000060F0, 0x00000310 },
    { 0x0215, 0x00, 0x03, 0x24, 0x00, 0x06, 0x02, 0x35, 0x00, 0, 0x00009790, 0x000001B8 },
    { 0x0215, 0x00, 0x03, 0x2B, 0x00, 0x06, 0x02, 0x35, 0x00, 0, 0x00001630, 0x00000108 },
    { 0x0215, 0x00, 0x03, 0x2C, 0x00, 0x06, 0x02, 0x35, 0x00, 0, 0x00001880, 0x000000A8 },
    { 0x0215, 0x00, 0x03, 0x33, 0x00, 0x06, 0x02, 0x35, 0x00, 0, 0x00001A90, 0x00000108 },
    { 0x0215, 0x00, 0x03, 0x34, 0x00, 0x06, 0x02, 0x35, 0x00, 0, 0x00001CE0, 0x000000A8 },
    { 0x0215, 0x00, 0x04, 0x05, 0x00, 0x06, 0x02, 0x35, 0x00, 0, 0x00008238, 0x0000000C },
    { 0x0215, 0x00, 0x05, 0x05, 0x00, 0x06, 0x02, 0x35, 0x00, 0, 0x00007B78, 0x000006C0 },
    { 0x0215, 0x00, 0x06, 0x05, 0x00, 0x06, 0x02, 0x35, 0x00, 0, 0x00006D58, 0x00000014 },
    { 0x0215, 0x00, 0x06, 0x05, 0x01, 0x06, 0x02, 0x35, 0x00, 0, 0x00006D6C, 0x0000001E },
    { 0x0215, 0x00, 0x06, 0x05, 0x02, 0x06, 0x02, 0x35, 0x00, 0, 0x00006D8C, 0x00000014 },
    { 0x0215, 0x00, 0x06, 0x05, 0x03, 0x06, 0x02, 0x35, 0x00, 0, 0x00006DA0, 0x00000032 },
    { 0x0215, 0x00, 0x06, 0x05, 0x04, 0x06, 0x02, 0x35, 0x00, 0, 0x00006DD4, 0x00000014 },
    { 0x0215, 0x00, 0x06, 0x05, 0x05, 0x06, 0x02, 0x35, 0x00, 0, 0x00006DE8, 0x00000014 },
    { 0x0215, 0x00, 0x06, 0x05, 0x06, 0x06, 0x02, 0x35, 0x00, 0, 0x00006DFC, 0x00000014 },
    { 0x0215, 0x00, 0x06, 0x05, 0x07, 0x06, 0x02, 0x35, 0x00, 0, 0x00006E10, 0x00000028 },
    { 0x0215, 0x00, 0x06, 0x05, 0x08, 0x06, 0x02, 0x35, 0x00, 0, 0x00006E38, 0x00000032 },
    { 0x0215, 0x00, 0x06, 0x05, 0x09, 0x06, 0x02, 0x35, 0x00, 0, 0x00006E6C, 0x0000003C },
    { 0x0215, 0x00, 0x06, 0x05, 0x0A, 0x06, 0x02, 0x35, 0x00, 0, 0x00006EA8, 0x00000028 },
    { 0x0215, 0x00, 0x06, 0x05, 0x0B, 0x06, 0x02, 0x35, 0x00, 0, 0x00006ED0, 0x00000014 },
    { 0x0215, 0x00, 0x06, 0x05, 0x0C, 0x06, 0x02, 0x35, 0x00, 0, 0x00006EE4, 0x0000003C },
    { 0x0215, 0x00, 0x06, 0x05, 0x0D, 0x06, 0x02, 0x35, 0x00, 0, 0x00006F20, 0x0000001E },
    { 0x0215, 0x00, 0x06, 0x05, 0x0E, 0x06, 0x02, 0x35, 0x00, 0, 0x00006F40, 0x0000001E },
    { 0x0215, 0x00, 0x06, 0x05, 0x0F, 0x06, 0x02, 0x35, 0x00, 0, 0x00006F60, 0x0000000A },
    { 0x0215, 0x00, 0x06, 0x05, 0x10, 0x06, 0x02, 0x35, 0x00, 0, 0x00006F6C, 0x0000001E },
    { 0x0215, 0x00, 0x06, 0x05, 0x11, 0x06, 0x02, 0x35, 0x00, 0, 0x00006F8C, 0x00000046 },
    { 0x0215, 0x00, 0x06, 0x05, 0x12, 0x06, 0x02, 0x35, 0x00, 0, 0x00006FD4, 0x00000014 },
    { 0x0215, 0x00, 0x06, 0x05, 0x13, 0x06, 0x02, 0x35, 0x00, 0, 0x00006FE8, 0x0000001E },
    { 0x0215, 0x00, 0x06, 0x05, 0x14, 0x06, 0x02, 0x35, 0x00, 0, 0x00007008, 0x0000001E },
    { 0x0215, 0x00, 0x06, 0x05, 0x15, 0x06, 0x02, 0x35, 0x00, 0, 0x00007028, 0x0000001E },
    { 0x0215, 0x00, 0x06, 0x05, 0x16, 0x06, 0x02, 0x35, 0x00, 0, 0x00007048, 0x00000028 },
    { 0x0215, 0x00, 0x06, 0x05, 0x17, 0x06, 0x02, 0x35, 0x00, 0, 0x00007070, 0x0000000A },
    { 0x0215, 0x00, 0x06, 0x05, 0x18, 0x06, 0x02, 0x35, 0x00, 0, 0x0000707C, 0x0000001E },
    { 0x0215, 0x00, 0x06, 0x05, 0x19, 0x06, 0x02, 0x35, 0x00, 0, 0x0000709C, 0x00000032 },
    { 0x0215, 0x00, 0x06, 0x05, 0x1A, 0x06, 0x02, 0x35, 0x00, 0, 0x000070D0, 0x0000001E },
    { 0x0215, 0x00, 0x06, 0x05, 0x1B, 0x06, 0x02, 0x35, 0x00, 0, 0x000070F0, 0x00000014 },
    { 0x0215, 0x00, 0x06, 0x05, 0x1C, 0x06, 0x02, 0x35, 0x00, 0, 0x00007104, 0x00000028 },
    { 0x0215, 0x00, 0x06, 0x05, 0x1D, 0x06, 0x02, 0x35, 0x00, 0, 0x0000712C, 0x00000014 },
    { 0x0215, 0x00, 0x06, 0x05, 0x1E, 0x06, 0x02, 0x35, 0x00, 0, 0x00007140, 0x00000014 },
    { 0x0215, 0x00, 0x06, 0x05, 0x1F, 0x06, 0x02, 0x35, 0x00, 0, 0x00007154, 0x0000003C },
    { 0x0215, 0x00, 0x06, 0x05, 0x20, 0x06, 0x02, 0x35, 0x00, 0, 0x00007190, 0x00000014 },
    { 0x0215, 0x00, 0x06, 0x05, 0x21, 0x06, 0x02, 0x35, 0x00, 0, 0x000071A4, 0x00000014 },
    { 0x0215, 0x00, 0x06, 0x05, 0x22, 0x06, 0x02, 0x35, 0x00, 0, 0x000071B8, 0x00000014 },
    { 0x0215, 0x00, 0x06, 0x05, 0x23, 0x06, 0x02, 0x35, 0x00, 0, 0x000071CC, 0x00000014 },
    { 0x0215, 0x00, 0x06, 0x05, 0x24, 0x06, 0x02, 0x35, 0x00, 0, 0x000071E0, 0x0000001E },
    { 0x0215, 0x00, 0x06, 0x05, 0x25, 0x06, 0x02, 0x35, 0x00, 0, 0x00007200, 0x00000014 },
    { 0x0215, 0x00, 0x06, 0x05, 0x26, 0x06, 0x02, 0x35, 0x00, 0, 0x00007214, 0x00000032 },
    { 0x0215, 0x00, 0x06, 0x05, 0x27, 0x06, 0x02, 0x35, 0x00, 0, 0x00007248, 0x0000001E },
    { 0x0215, 0x00, 0x06, 0x05, 0x28, 0x06, 0x02, 0x35, 0x00, 0, 0x00007268, 0x00000032 },
    { 0x0215, 0x00, 0x06, 0x05, 0x29, 0x06, 0x02, 0x35, 0x00, 0, 0x0000729C, 0x00000014 },
    { 0x0215, 0x00, 0x06, 0x05, 0x2A, 0x06, 0x02, 0x35, 0x00, 0, 0x000072B0, 0x00000032 },
    { 0x0215, 0x00, 0x06, 0x05, 0x2B, 0x06, 0x02, 0x35, 0x00, 0, 0x000072E4, 0x00000014 },
    { 0x0215, 0x00, 0x06, 0x05, 0x2C, 0x06, 0x02, 0x35, 0x00, 0, 0x000072F8, 0x00000014 },
    { 0x0215, 0x00, 0x06, 0x05, 0x2D, 0x06, 0x02, 0x35, 0x00, 0, 0x0000730C, 0x0000001E },
    { 0x0215, 0x00, 0x06, 0x05, 0x2E, 0x06, 0x02, 0x35, 0x00, 0, 0x0000732C, 0x00000014 },
    { 0x0215, 0x00, 0x06, 0x05, 0x2F, 0x06, 0x02, 0x35, 0x00, 0, 0x00007340, 0x0000000A },
    { 0x0215, 0x00, 0x06, 0x05, 0x30, 0x06, 0x02, 0x35, 0x00, 0, 0x0000734C, 0x00000028 },
    { 0x0215, 0x00, 0x06, 0x05, 0x31, 0x06, 0x02, 0x35, 0x00, 0, 0x00007374, 0x00000032 },
    { 0x0215, 0x00, 0x06, 0x05, 0x32, 0x06, 0x02, 0x35, 0x00, 0, 0x000073A8, 0x00000032 },
    { 0x0215, 0x00, 0x06, 0x05, 0x33, 0x06, 0x02, 0x35, 0x00, 0, 0x000073DC, 0x0000000A },
    { 0x0215, 0x00, 0x06, 0x05, 0x34, 0x06, 0x02, 0x35, 0x00, 0, 0x000073E8, 0x00000028 },
    { 0x0215, 0x00, 0x06, 0x05, 0x35, 0x06, 0x02, 0x35, 0x00, 0, 0x00007410, 0x0000001E },
    { 0x0215, 0x00, 0x06, 0x05, 0x36, 0x06, 0x02, 0x35, 0x00, 0, 0x00007430, 0x0000001E },
    { 0x0215, 0x00, 0x06, 0x05, 0x37, 0x06, 0x02, 0x35, 0x00, 0, 0x00007450, 0x0000001E },
    { 0x0215, 0x00, 0x06, 0x05, 0x38, 0x06, 0x02, 0x35, 0x00, 0, 0x00007470, 0x00000028 },
    { 0x0215, 0x00, 0x06, 0x05, 0x39, 0x06, 0x02, 0x35, 0x00, 0, 0x00007498, 0x00000014 },
    { 0x0215, 0x00, 0x06, 0x05, 0x3A, 0x06, 0x02, 0x35, 0x00, 0, 0x000074AC, 0x0000000A },
    { 0x0215, 0x00, 0x06, 0x05, 0x3B, 0x06, 0x02, 0x35, 0x00, 0, 0x000074B8, 0x00000032 },
    { 0x0215, 0x00, 0x06, 0x05, 0x3C, 0x06, 0x02, 0x35, 0x00, 0, 0x000074EC, 0x00000014 },
    { 0x0215, 0x00, 0x06, 0x05, 0x3D, 0x06, 0x02, 0x35, 0x00, 0, 0x00007500, 0x00000014 },
    { 0x0215, 0x00, 0x06, 0x05, 0x3E, 0x06, 0x02, 0x35, 0x00, 0, 0x00007514, 0x0000001E },
    { 0x0215, 0x00, 0x06, 0x05, 0x3F, 0x06, 0x02, 0x35, 0x00, 0, 0x00007534, 0x00000028 },
    { 0x0215, 0x00, 0x06, 0x05, 0x40, 0x06, 0x02, 0x35, 0x00, 0, 0x0000755C, 0x00000028 },
    { 0x0215, 0x00, 0x06, 0x05, 0x41, 0x06, 0x02, 0x35, 0x00, 0, 0x00007584, 0x00000032 },
    { 0x0215, 0x00, 0x06, 0x05, 0x42, 0x06, 0x02, 0x35, 0x00, 0, 0x000075B8, 0x00000032 },
    { 0x0215, 0x00, 0x06, 0x05, 0x43, 0x06, 0x02, 0x35, 0x00, 0, 0x000075EC, 0x0000001E },
    { 0x0215, 0x00, 0x06, 0x05, 0x44, 0x06, 0x02, 0x35, 0x00, 0, 0x0000760C, 0x00000028 },
    { 0x0215, 0x00, 0x06, 0x05, 0x45, 0x06, 0x02, 0x35, 0x00, 0, 0x00007634, 0x00000032 },
    { 0x0215, 0x00, 0x06, 0x05, 0x46, 0x06, 0x02, 0x35, 0x00, 0, 0x00007668, 0x00000028 },
    { 0x0215, 0x00, 0x06, 0x05, 0x47, 0x06, 0x02, 0x35, 0x00, 0, 0x00007690, 0x00000014 },
    { 0x0215, 0x00, 0x06, 0x05, 0x48, 0x06, 0x02, 0x35, 0x00, 0, 0x000076A4, 0x00000032 },
    { 0x0215, 0x00, 0x06, 0x05, 0x49, 0x06, 0x02, 0x35, 0x00, 0, 0x000076D8, 0x00000028 },
    { 0x0215, 0x00, 0x06, 0x05, 0x4A, 0x06, 0x02, 0x35, 0x00, 0, 0x00007700, 0x00000028 },
    { 0x0215, 0x00, 0x06, 0x05, 0x4B, 0x06, 0x02, 0x35, 0x00, 0, 0x00007728, 0x00000014 },
    { 0x0215, 0x00, 0x06, 0x05, 0x4C, 0x06, 0x02, 0x35, 0x00, 0, 0x0000773C, 0x0000001E },
    { 0x0215, 0x00, 0x06, 0x05, 0x4D, 0x06, 0x02, 0x35, 0x00, 0, 0x0000775C, 0x0000001E },
    { 0x0215, 0x00, 0x06, 0x05, 0x4E, 0x06, 0x02, 0x35, 0x00, 0, 0x0000777C, 0x0000001E },
    { 0x0215, 0x00, 0x06, 0x05, 0x4F, 0x06, 0x02, 0x35, 0x00, 0, 0x0000779C, 0x00000032 },
    { 0x0215, 0x00, 0x06, 0x05, 0x50, 0x06, 0x02, 0x35, 0x00, 0, 0x000077D0, 0x0000001E },
    { 0x0215, 0x00, 0x06, 0x05, 0x51, 0x06, 0x02, 0x35, 0x00, 0, 0x000077F0, 0x00000014 },
    { 0x0215, 0x00, 0x06, 0x05, 0x52, 0x06, 0x02, 0x35, 0x00, 0, 0x00007804, 0x00000032 },
    { 0x0215, 0x00, 0x06, 0x05, 0x53, 0x06, 0x02, 0x35, 0x00, 0, 0x00007838, 0x00000014 },
    { 0x0215, 0x00, 0x06, 0x05, 0x54, 0x06, 0x02, 0x35, 0x00, 0, 0x0000784C, 0x0000001E },
    { 0x0215, 0x00, 0x06, 0x05, 0x55, 0x06, 0x02, 0x35, 0x00, 0, 0x0000786C, 0x0000003C },
    { 0x0215, 0x00, 0x06, 0x05, 0x56, 0x06, 0x02, 0x35, 0x00, 0, 0x000078A8, 0x00000014 },
    { 0x0215, 0x00, 0x06, 0x05, 0x57, 0x06, 0x02, 0x35, 0x00, 0, 0x000078BC, 0x00000014 },
    { 0x0215, 0x00, 0x06, 0x05, 0x58, 0x06, 0x02, 0x35, 0x00, 0, 0x000078D0, 0x0000001E },
    { 0x0215, 0x00, 0x06, 0x05, 0x59, 0x06, 0x02, 0x35, 0x00, 0, 0x000078F0, 0x00000032 },
    { 0x0215, 0x00, 0x06, 0x05, 0x5A, 0x06, 0x02, 0x35, 0x00, 0, 0x00007924, 0x00000032 },
    { 0x0215, 0x00, 0x06, 0x05, 0x5B, 0x06, 0x02, 0x35, 0x00, 0, 0x00007958, 0x0000003C },
    { 0x0215, 0x00, 0x06, 0x05, 0x5C, 0x06, 0x02, 0x35, 0x00, 0, 0x00007994, 0x00000014 },
    { 0x0215, 0x00, 0x06, 0x05, 0x5D, 0x06, 0x02, 0x35, 0x00, 0, 0x000079A8, 0x0000001E },
    { 0x0215, 0x00, 0x06, 0x05, 0x5E, 0x06, 0x02, 0x35, 0x00, 0, 0x000079C8, 0x00000032 },
    { 0x0215, 0x00, 0x06, 0x05, 0x5F, 0x06, 0x02, 0x35, 0x00, 0, 0x000079FC, 0x0000000A },
    { 0x0215, 0x00, 0x06, 0x05, 0x60, 0x06, 0x02, 0x35, 0x00, 0, 0x00007A08, 0x0000001E },
    { 0x0215, 0x00, 0x06, 0x05, 0x61, 0x06, 0x02, 0x35, 0x00, 0, 0x00007A28, 0x00000014 },
    { 0x0215, 0x00, 0x06, 0x05, 0x62, 0x06, 0x02, 0x35, 0x00, 0, 0x00007A3C, 0x0000001E },
    { 0x0215, 0x00, 0x06, 0x05, 0x63, 0x06, 0x02, 0x35, 0x00, 0, 0x00007A5C, 0x00000032 },
    { 0x0215, 0x00, 0x06, 0x05, 0x64, 0x06, 0x02, 0x35, 0x00, 0, 0x00007A90, 0x00000014 },
    { 0x0215, 0x00, 0x06, 0x05, 0x65, 0x06, 0x02, 0x35, 0x00, 0, 0x00007AA4, 0x00000032 },
    { 0x0215, 0x00, 0x06, 0x05, 0x66, 0x06, 0x02, 0x35, 0x00, 0, 0x00007AD8, 0x0000001E },
    { 0x0215, 0x00, 0x06, 0x05, 0x67, 0x06, 0x02, 0x35, 0x00, 0, 0x00007AF8, 0x00000032 },
    { 0x0215, 0x00, 0x06, 0x05, 0x68, 0x06, 0x02, 0x35, 0x00, 0, 0x00007B2C, 0x0000001E },
    { 0x0215, 0x00, 0x06, 0x05, 0x69, 0x06, 0x02, 0x35, 0x00, 0, 0x00007B4C, 0x00000014 },
    { 0x0215, 0x00, 0x06, 0x05, 0x6A, 0x06, 0x02, 0x35, 0x00, 0, 0x00007B60, 0x0000000A },
    { 0x0215, 0x00, 0x06, 0x05, 0x6B, 0x06, 0x02, 0x35, 0x00, 0, 0x00007B6C, 0x0000000A },
    { 0x0215, 0x00, 0x07, 0x05, 0x00, 0x06, 0x02, 0x35, 0x00, 0, 0x00006400, 0x00000014 },
    { 0x0215, 0x00, 0x07, 0x05, 0x01, 0x06, 0x02, 0x35, 0x00, 0, 0x00006414, 0x00000014 },
    { 0x0215, 0x00, 0x07, 0x05, 0x02, 0x06, 0x02, 0x35, 0x00, 0, 0x00006428, 0x00000014 },
    { 0x0215, 0x00, 0x07, 0x05, 0x03, 0x06, 0x02, 0x35, 0x00, 0, 0x0000643C, 0x00000014 },
    { 0x0215, 0x00, 0x07, 0x05, 0x04, 0x06, 0x02, 0x35, 0x00, 0, 0x00006450, 0x00000014 },
    { 0x0215, 0x00, 0x07, 0x05, 0x05, 0x06, 0x02, 0x35, 0x00, 0, 0x00006464, 0x0000000A },
    { 0x0215, 0x00, 0x07, 0x05, 0x06, 0x06, 0x02, 0x35, 0x00, 0, 0x00006470, 0x0000001E },
    { 0x0215, 0x00, 0x07, 0x05, 0x07, 0x06, 0x02, 0x35, 0x00, 0, 0x00006490, 0x0000001E },
    { 0x0215, 0x00, 0x07, 0x05, 0x08, 0x06, 0x02, 0x35, 0x00, 0, 0x000064B0, 0x0000001E },
    { 0x0215, 0x00, 0x07, 0x05, 0x09, 0x06, 0x02, 0x35, 0x00, 0, 0x000064D0, 0x0000001E },
    { 0x0215, 0x00, 0x07, 0x05, 0x0A, 0x06, 0x02, 0x35, 0x00, 0, 0x000064F0, 0x00000014 },
    { 0x0215, 0x00, 0x07, 0x05, 0x0B, 0x06, 0x02, 0x35, 0x00, 0, 0x00006504, 0x0000000A },
    { 0x0215, 0x00, 0x07, 0x05, 0x0C, 0x06, 0x02, 0x35, 0x00, 0, 0x00006510, 0x00000014 },
    { 0x0215, 0x00, 0x07, 0x05, 0x0D, 0x06, 0x02, 0x35, 0x00, 0, 0x00006524, 0x00000014 },
    { 0x0215, 0x00, 0x07, 0x05, 0x0E, 0x06, 0x02, 0x35, 0x00, 0, 0x00006538, 0x0000001E },
    { 0x0215, 0x00, 0x07, 0x05, 0x0F, 0x06, 0x02, 0x35, 0x00, 0, 0x00006558, 0x0000001E },
    { 0x0215, 0x00, 0x07, 0x05, 0x10, 0x06, 0x02, 0x35, 0x00, 0, 0x00006578, 0x00000014 },
    { 0x0215, 0x00, 0x07, 0x05, 0x11, 0x06, 0x02, 0x35, 0x00, 0, 0x0000658C, 0x0000001E },
    { 0x0215, 0x00, 0x07, 0x05, 0x12, 0x06, 0x02, 0x35, 0x00, 0, 0x000065AC, 0x00000014 },
    { 0x0215, 0x00, 0x07, 0x05, 0x13, 0x06, 0x02, 0x35, 0x00, 0, 0x000065C0, 0x00000014 },
    { 0x0215, 0x00, 0x07, 0x05, 0x14, 0x06, 0x02, 0x35, 0x00, 0, 0x000065D4, 0x00000014 },
    { 0x0215, 0x00, 0x07, 0x05, 0x15, 0x06, 0x02, 0x35, 0x00, 0, 0x000065E8, 0x00000014 },
    { 0x0215, 0x00, 0x07, 0x05, 0x16, 0x06, 0x02, 0x35, 0x00, 0, 0x000065FC, 0x00000014 },
    { 0x0215, 0x00, 0x07, 0x05, 0x17, 0x06, 0x02, 0x35, 0x00, 0, 0x00006610, 0x00000014 },
    { 0x0215, 0x00, 0x07, 0x05, 0x18, 0x06, 0x02, 0x35, 0x00, 0, 0x00006624, 0x00000014 },
    { 0x0215, 0x00, 0x07, 0x05, 0x19, 0x06, 0x02, 0x35, 0x00, 0, 0x00006638, 0x0000001E },
    { 0x0215, 0x00, 0x07, 0x05, 0x1A, 0x06, 0x02, 0x35, 0x00, 0, 0x00006658, 0x0000001E },
    { 0x0215, 0x00, 0x07, 0x05, 0x1B, 0x06, 0x02, 0x35, 0x00, 0, 0x00006678, 0x00000014 },
    { 0x0215, 0x00, 0x07, 0x05, 0x1C, 0x06, 0x02, 0x35, 0x00, 0, 0x0000668C, 0x00000014 },
    { 0x0215, 0x00, 0x07, 0x05, 0x1D, 0x06, 0x02, 0x35, 0x00, 0, 0x000066A0, 0x00000014 },
    { 0x0215, 0x00, 0x07, 0x05, 0x1E, 0x06, 0x02, 0x35, 0x00, 0, 0x000066B4, 0x0000000A },
    { 0x0215, 0x00, 0x07, 0x05, 0x1F, 0x06, 0x02, 0x35, 0x00, 0, 0x000066C0, 0x00000014 },
    { 0x0215, 0x00, 0x07, 0x05, 0x20, 0x06, 0x02, 0x35, 0x00, 0, 0x000066D4, 0x00000014 },
    { 0x0215, 0x00, 0x07, 0x05, 0x21, 0x06, 0x02, 0x35, 0x00, 0, 0x000066E8, 0x0000000A },
    { 0x0215, 0x00, 0x07, 0x05, 0x22, 0x06, 0x02, 0x35, 0x00, 0, 0x000066F4, 0x00000014 },
    { 0x0215, 0x00, 0x07, 0x05, 0x23, 0x06, 0x02, 0x35, 0x00, 0, 0x00006708, 0x00000014 },
    { 0x0215, 0x00, 0x07, 0x05, 0x24, 0x06, 0x02, 0x35, 0x00, 0, 0x0000671C, 0x00000014 },
    { 0x0215, 0x00, 0x07, 0x05, 0x25, 0x06, 0x02, 0x35, 0x00, 0, 0x00006730, 0x0000001E },
    { 0x0215, 0x00, 0x07, 0x05, 0x26, 0x06, 0x02, 0x35, 0x00, 0, 0x00006750, 0x0000001E },
    { 0x0215, 0x00, 0x07, 0x05, 0x27, 0x06, 0x02, 0x35, 0x00, 0, 0x00006770, 0x00000014 },
    { 0x0215, 0x00, 0x07, 0x05, 0x28, 0x06, 0x02, 0x35, 0x00, 0, 0x00006784, 0x00000014 },
    { 0x0215, 0x00, 0x07, 0x05, 0x29, 0x06, 0x02, 0x35, 0x00, 0, 0x00006798, 0x0000001E },
    { 0x0215, 0x00, 0x07, 0x05, 0x2A, 0x06, 0x02, 0x35, 0x00, 0, 0x000067B8, 0x00000014 },
    { 0x0215, 0x00, 0x07, 0x05, 0x2B, 0x06, 0x02, 0x35, 0x00, 0, 0x000067CC, 0x0000001E },
    { 0x0215, 0x00, 0x07, 0x05, 0x2C, 0x06, 0x02, 0x35, 0x00, 0, 0x000067EC, 0x00000014 },
    { 0x0215, 0x00, 0x07, 0x05, 0x2D, 0x06, 0x02, 0x35, 0x00, 0, 0x00006800, 0x00000014 },
    { 0x0215, 0x00, 0x07, 0x05, 0x2E, 0x06, 0x02, 0x35, 0x00, 0, 0x00006814, 0x00000014 },
    { 0x0215, 0x00, 0x07, 0x05, 0x2F, 0x06, 0x02, 0x35, 0x00, 0, 0x00006828, 0x00000014 },
    { 0x0215, 0x00, 0x07, 0x05, 0x30, 0x06, 0x02, 0x35, 0x00, 0, 0x0000683C, 0x0000001E },
    { 0x0215, 0x00, 0x07, 0x05, 0x31, 0x06, 0x02, 0x35, 0x00, 0, 0x0000685C, 0x0000001E },
    { 0x0215, 0x00, 0x07, 0x05, 0x32, 0x06, 0x02, 0x35, 0x00, 0, 0x0000687C, 0x0000001E },
    { 0x0215, 0x00, 0x07, 0x05, 0x33, 0x06, 0x02, 0x35, 0x00, 0, 0x0000689C, 0x00000014 },
    { 0x0215, 0x00, 0x07, 0x05, 0x34, 0x06, 0x02, 0x35, 0x00, 0, 0x000068B0, 0x0000001E },
    { 0x0215, 0x00, 0x07, 0x05, 0x35, 0x06, 0x02, 0x35, 0x00, 0, 0x000068D0, 0x0000001E },
    { 0x0215, 0x00, 0x07, 0x05, 0x36, 0x06, 0x02, 0x35, 0x00, 0, 0x000068F0, 0x0000001E },
    { 0x0215, 0x00, 0x07, 0x05, 0x37, 0x06, 0x02, 0x35, 0x00, 0, 0x00006910, 0x00000014 },
    { 0x0215, 0x00, 0x07, 0x05, 0x38, 0x06, 0x02, 0x35, 0x00, 0, 0x00006924, 0x00000014 },
    { 0x0215, 0x00, 0x07, 0x05, 0x39, 0x06, 0x02, 0x35, 0x00, 0, 0x00006938, 0x0000000A },
    { 0x0215, 0x00, 0x07, 0x05, 0x3A, 0x06, 0x02, 0x35, 0x00, 0, 0x00006944, 0x00000032 },
    { 0x0215, 0x00, 0x07, 0x05, 0x3B, 0x06, 0x02, 0x35, 0x00, 0, 0x00006978, 0x0000001E },
    { 0x0215, 0x00, 0x07, 0x05, 0x3C, 0x06, 0x02, 0x35, 0x00, 0, 0x00006998, 0x0000000A },
    { 0x0215, 0x00, 0x07, 0x05, 0x3D, 0x06, 0x02, 0x35, 0x00, 0, 0x000069A4, 0x0000000A },
    { 0x0215, 0x00, 0x07, 0x05, 0x3E, 0x06, 0x02, 0x35, 0x00, 0, 0x000069B0, 0x0000001E },
    { 0x0215, 0x00, 0x07, 0x05, 0x3F, 0x06, 0x02, 0x35, 0x00, 0, 0x000069D0, 0x0000000A },
    { 0x0215, 0x00, 0x07, 0x05, 0x40, 0x06, 0x02, 0x35, 0x00, 0, 0x000069DC, 0x00000014 },
    { 0x0215, 0x00, 0x07, 0x05, 0x41, 0x06, 0x02, 0x35, 0x00, 0, 0x000069F0, 0x00000014 },
    { 0x0215, 0x00, 0x07, 0x05, 0x42, 0x06, 0x02, 0x35, 0x00, 0, 0x00006A04, 0x00000014 },
    { 0x0215, 0x00, 0x07, 0x05, 0x43, 0x06, 0x02, 0x35, 0x00, 0, 0x00006A18, 0x00000014 },
    { 0x0215, 0x00, 0x07, 0x05, 0x44, 0x06, 0x02, 0x35, 0x00, 0, 0x00006A2C, 0x00000014 },
    { 0x0215, 0x00, 0x07, 0x05, 0x45, 0x06, 0x02, 0x35, 0x00, 0, 0x00006A40, 0x00000014 },
    { 0x0215, 0x00, 0x07, 0x05, 0x46, 0x06, 0x02, 0x35, 0x00, 0, 0x00006A54, 0x00000014 },
    { 0x0215, 0x00, 0x07, 0x05, 0x47, 0x06, 0x02, 0x35, 0x00, 0, 0x00006A68, 0x00000014 },
    { 0x0215, 0x00, 0x07, 0x05, 0x48, 0x06, 0x02, 0x35, 0x00, 0, 0x00006A7C, 0x00000014 },
    { 0x0215, 0x00, 0x07, 0x05, 0x49, 0x06, 0x02, 0x35, 0x00, 0, 0x00006A90, 0x00000014 },
    { 0x0215, 0x00, 0x07, 0x05, 0x4A, 0x06, 0x02, 0x35, 0x00, 0, 0x00006AA4, 0x00000014 },
    { 0x0215, 0x00, 0x07, 0x05, 0x4B, 0x06, 0x02, 0x35, 0x00, 0, 0x00006AB8, 0x0000000A },
    { 0x0215, 0x00, 0x07, 0x05, 0x4C, 0x06, 0x02, 0x35, 0x00, 0, 0x00006AC4, 0x00000014 },
    { 0x0215, 0x00, 0x07, 0x05, 0x4D, 0x06, 0x02, 0x35, 0x00, 0, 0x00006AD8, 0x0000001E },
    { 0x0215, 0x00, 0x07, 0x05, 0x4E, 0x06, 0x02, 0x35, 0x00, 0, 0x00006AF8, 0x00000014 },
    { 0x0215, 0x00, 0x07, 0x05, 0x4F, 0x06, 0x02, 0x35, 0x00, 0, 0x00006B0C, 0x00000014 },
    { 0x0215, 0x00, 0x07, 0x05, 0x50, 0x06, 0x02, 0x35, 0x00, 0, 0x00006B20, 0x0000000A },
    { 0x0215, 0x00, 0x07, 0x05, 0x51, 0x06, 0x02, 0x35, 0x00, 0, 0x00006B2C, 0x0000000A },
    { 0x0215, 0x00, 0x07, 0x05, 0x52, 0x06, 0x02, 0x35, 0x00, 0, 0x00006B38, 0x00000014 },
    { 0x0215, 0x00, 0x07, 0x05, 0x53, 0x06, 0x02, 0x35, 0x00, 0, 0x00006B4C, 0x0000000A },
    { 0x0215, 0x00, 0x07, 0x05, 0x54, 0x06, 0x02, 0x35, 0x00, 0, 0x00006B58, 0x0000000A },
    { 0x0215, 0x00, 0x07, 0x05, 0x55, 0x06, 0x02, 0x35, 0x00, 0, 0x00006B64, 0x0000001E },
    { 0x0215, 0x00, 0x07, 0x05, 0x56, 0x06, 0x02, 0x35, 0x00, 0, 0x00006B84, 0x0000000A },
    { 0x0215, 0x00, 0x07, 0x05, 0x57, 0x06, 0x02, 0x35, 0x00, 0, 0x00006B90, 0x0000000A },
    { 0x0215, 0x00, 0x07, 0x05, 0x58, 0x06, 0x02, 0x35, 0x00, 0, 0x00006B9C, 0x00000014 },
    { 0x0215, 0x00, 0x07, 0x05, 0x59, 0x06, 0x02, 0x35, 0x00, 0, 0x00006BB0, 0x0000001E },
    { 0x0215, 0x00, 0x07, 0x05, 0x5A, 0x06, 0x02, 0x35, 0x00, 0, 0x00006BD0, 0x00000014 },
    { 0x0215, 0x00, 0x07, 0x05, 0x5B, 0x06, 0x02, 0x35, 0x00, 0, 0x00006BE4, 0x0000001E },
    { 0x0215, 0x00, 0x07, 0x05, 0x5C, 0x06, 0x02, 0x35, 0x00, 0, 0x00006C04, 0x0000000A },
    { 0x0215, 0x00, 0x07, 0x05, 0x5D, 0x06, 0x02, 0x35, 0x00, 0, 0x00006C10, 0x0000000A },
    { 0x0215, 0x00, 0x07, 0x05, 0x5E, 0x06, 0x02, 0x35, 0x00, 0, 0x00006C1C, 0x0000001E },
    { 0x0215, 0x00, 0x07, 0x05, 0x5F, 0x06, 0x02, 0x35, 0x00, 0, 0x00006C3C, 0x0000001E },
    { 0x0215, 0x00, 0x07, 0x05, 0x60, 0x06, 0x02, 0x35, 0x00, 0, 0x00006C5C, 0x0000000A },
    { 0x0215, 0x00, 0x07, 0x05, 0x61, 0x06, 0x02, 0x35, 0x00, 0, 0x00006C68, 0x00000014 },
    { 0x0215, 0x00, 0x07, 0x05, 0x62, 0x06, 0x02, 0x35, 0x00, 0, 0x00006C7C, 0x00000014 },
    { 0x0215, 0x00, 0x07, 0x05, 0x63, 0x06, 0x02, 0x35, 0x00, 0, 0x00006C90, 0x0000001E },
    { 0x0215, 0x00, 0x07, 0x05, 0x64, 0x06, 0x02, 0x35, 0x00, 0, 0x00006CB0, 0x00000014 },
    { 0x0215, 0x00, 0x07, 0x05, 0x65, 0x06, 0x02, 0x35, 0x00, 0, 0x00006CC4, 0x0000001E },
    { 0x0215, 0x00, 0x07, 0x05, 0x66, 0x06, 0x02, 0x35, 0x00, 0, 0x00006CE4, 0x0000001E },
    { 0x0215, 0x00, 0x07, 0x05, 0x67, 0x06, 0x02, 0x35, 0x00, 0, 0x00006D04, 0x00000014 },
    { 0x0215, 0x00, 0x07, 0x05, 0x68, 0x06, 0x02, 0x35, 0x00, 0, 0x00006D18, 0x00000014 },
    { 0x0215, 0x00, 0x07, 0x05, 0x69, 0x06, 0x02, 0x35, 0x00, 0, 0x00006D2C, 0x00000014 },
    { 0x0215, 0x00, 0x07, 0x05, 0x6A, 0x06, 0x02, 0x35, 0x00, 0, 0x00006D40, 0x0000000A },
    { 0x0215, 0x00, 0x07, 0x05, 0x6B, 0x06, 0x02, 0x35, 0x00, 0, 0x00006D4C, 0x0000000A },
    { 0x0216, 0x00, 0x00, 0x00, 0x00, 0x06, 0x00, 0x26, 0x00, 0, 0x00000260, 0x00000008 },
    { 0x0216, 0x00, 0x01, 0x00, 0x00, 0x06, 0x00, 0x26, 0x00, 0, 0x000001C8, 0x00000098 },
    { 0x0216, 0x00, 0x02, 0x00, 0x00, 0x06, 0x00, 0x26, 0x00, 0, 0x00000000, 0x0000000C },
    { 0x0216, 0x00, 0x02, 0x01, 0x00, 0x06, 0x00, 0x26, 0x00, 0, 0x0000000C, 0x0000000C },
    { 0x0216, 0x00, 0x02, 0x02, 0x00, 0x06, 0x00, 0x26, 0x00, 0, 0x00000018, 0x0000000C },
    { 0x0216, 0x00, 0x02, 0x03, 0x00, 0x06, 0x00, 0x26, 0x00, 0, 0x00000024, 0x0000000C },
    { 0x0216, 0x00, 0x02, 0x04, 0x00, 0x06, 0x00, 0x26, 0x00, 0, 0x00000030, 0x0000000C },
    { 0x0216, 0x00, 0x02, 0x05, 0x00, 0x06, 0x00, 0x26, 0x00, 0, 0x0000003C, 0x0000000C },
    { 0x0216, 0x00, 0x02, 0x06, 0x00, 0x06, 0x00, 0x26, 0x00, 0, 0x00000048, 0x0000000C },
    { 0x0216, 0x00, 0x02, 0x07, 0x00, 0x06, 0x00, 0x26, 0x00, 0, 0x00000054, 0x0000000C },
    { 0x0216, 0x00, 0x02, 0x08, 0x00, 0x06, 0x00, 0x26, 0x00, 0, 0x00000060, 0x0000000C },
    { 0x0216, 0x00, 0x02, 0x09, 0x00, 0x06, 0x00, 0x26, 0x00, 0, 0x0000006C, 0x0000000C },
    { 0x0216, 0x00, 0x02, 0x0A, 0x00, 0x06, 0x00, 0x26, 0x00, 0, 0x00000078, 0x0000000C },
    { 0x0216, 0x00, 0x02, 0x0B, 0x00, 0x06, 0x00, 0x26, 0x00, 0, 0x00000084, 0x0000000C },
    { 0x0216, 0x00, 0x02, 0x0C, 0x00, 0x06, 0x00, 0x26, 0x00, 0, 0x00000090, 0x0000000C },
    { 0x0216, 0x00, 0x02, 0x0D, 0x00, 0x06, 0x00, 0x26, 0x00, 0, 0x0000009C, 0x0000000C },
    { 0x0216, 0x00, 0x02, 0x0E, 0x00, 0x06, 0x00, 0x26, 0x00, 0, 0x000000A8, 0x0000000C },
    { 0x0216, 0x00, 0x02, 0x0F, 0x00, 0x06, 0x00, 0x26, 0x00, 0, 0x000000B4, 0x0000000C },
    { 0x0216, 0x00, 0x02, 0x10, 0x00, 0x06, 0x00, 0x26, 0x00, 0, 0x000000C0, 0x0000000C },
    { 0x0216, 0x00, 0x02, 0x11, 0x00, 0x06, 0x00, 0x26, 0x00, 0, 0x000000CC, 0x0000000C },
    { 0x0216, 0x00, 0x02, 0x12, 0x00, 0x06, 0x00, 0x26, 0x00, 0, 0x000000D8, 0x0000000C },
    { 0x0216, 0x00, 0x02, 0x13, 0x00, 0x06, 0x00, 0x26, 0x00, 0, 0x000000E4, 0x0000000C },
    { 0x0216, 0x00, 0x02, 0x14, 0x00, 0x06, 0x00, 0x26, 0x00, 0, 0x000000F0, 0x0000000C },
    { 0x0216, 0x00, 0x02, 0x15, 0x00, 0x06, 0x00, 0x26, 0x00, 0, 0x000000FC, 0x0000000C },
    { 0x0216, 0x00, 0x02, 0x16, 0x00, 0x06, 0x00, 0x26, 0x00, 0, 0x00000108, 0x0000000C },
    { 0x0216, 0x00, 0x02, 0x17, 0x00, 0x06, 0x00, 0x26, 0x00, 0, 0x00000114, 0x0000000C },
    { 0x0216, 0x00, 0x02, 0x18, 0x00, 0x06, 0x00, 0x26, 0x00, 0, 0x00000120, 0x0000000C },
    { 0x0216, 0x00, 0x02, 0x19, 0x00, 0x06, 0x00, 0x26, 0x00, 0, 0x0000012C, 0x0000000C },
    { 0x0216, 0x00, 0x02, 0x1A, 0x00, 0x06, 0x00, 0x26, 0x00, 0, 0x00000138, 0x0000000C },
    { 0x0216, 0x00, 0x02, 0x1B, 0x00, 0x06, 0x00, 0x26, 0x00, 0, 0x00000144, 0x0000000C },
    { 0x0216, 0x00, 0x02, 0x1C, 0x00, 0x06, 0x00, 0x26, 0x00, 0, 0x00000150, 0x0000000C },
    { 0x0216, 0x00, 0x02, 0x1D, 0x00, 0x06, 0x00, 0x26, 0x00, 0, 0x0000015C, 0x0000000C },
    { 0x0216, 0x00, 0x02, 0x1E, 0x00, 0x06, 0x00, 0x26, 0x00, 0, 0x00000168, 0x0000000C },
    { 0x0216, 0x00, 0x02, 0x1F, 0x00, 0x06, 0x00, 0x26, 0x00, 0, 0x00000174, 0x0000000C },
    { 0x0216, 0x00, 0x02, 0x20, 0x00, 0x06, 0x00, 0x26, 0x00, 0, 0x00000180, 0x0000000C },
    { 0x0216, 0x00, 0x02, 0x21, 0x00, 0x06, 0x00, 0x26, 0x00, 0, 0x0000018C, 0x0000000C },
    { 0x0216, 0x00, 0x02, 0x22, 0x00, 0x06, 0x00, 0x26, 0x00, 0, 0x00000198, 0x0000000C },
    { 0x0216, 0x00, 0x02, 0x23, 0x00, 0x06, 0x00, 0x26, 0x00, 0, 0x000001A4, 0x0000000C },
    { 0x0216, 0x00, 0x02, 0x24, 0x00, 0x06, 0x00, 0x26, 0x00, 0, 0x000001B0, 0x0000000C },
    { 0x0216, 0x00, 0x02, 0x25, 0x00, 0x06, 0x00, 0x26, 0x00, 0, 0x000001BC, 0x0000000C },
    { 0x0216, 0x00, 0x03, 0x08, 0x00, 0x06, 0x00, 0x26, 0x00, 0, 0x00000448, 0x00000070 },
    { 0x0216, 0x00, 0x03, 0x09, 0x00, 0x06, 0x00, 0x26, 0x00, 0, 0x00000818, 0x000000C0 },
    { 0x0216, 0x00, 0x03, 0x0A, 0x00, 0x06, 0x00, 0x26, 0x00, 0, 0x00000C38, 0x000000C0 },
    { 0x0216, 0x00, 0x03, 0x0F, 0x00, 0x06, 0x00, 0x26, 0x00, 0, 0x00000ED8, 0x00000070 },
    { 0x0216, 0x00, 0x03, 0x10, 0x00, 0x06, 0x00, 0x26, 0x00, 0, 0x000012A8, 0x000000C0 },
    { 0x0216, 0x00, 0x03, 0x11, 0x00, 0x06, 0x00, 0x26, 0x00, 0, 0x000016C8, 0x000000C0 },
    { 0x0216, 0x00, 0x03, 0x12, 0x00, 0x06, 0x00, 0x26, 0x00, 0, 0x00001C08, 0x000000F8 },
    { 0x0216, 0x00, 0x03, 0x16, 0x00, 0x06, 0x00, 0x26, 0x00, 0, 0x00002A80, 0x000002C8 },
    { 0x0216, 0x00, 0x03, 0x1B, 0x00, 0x06, 0x00, 0x26, 0x00, 0, 0x000032E8, 0x00000130 },
    { 0x0216, 0x00, 0x03, 0x1C, 0x00, 0x06, 0x00, 0x26, 0x00, 0, 0x00003718, 0x000000B0 },
    { 0x0216, 0x00, 0x03, 0x1D, 0x00, 0x06, 0x00, 0x26, 0x00, 0, 0x00003BE8, 0x000000E8 },
    { 0x0216, 0x00, 0x03, 0x22, 0x00, 0x06, 0x00, 0x26, 0x00, 0, 0x00004270, 0x00000130 },
    { 0x0216, 0x00, 0x03, 0x23, 0x00, 0x06, 0x00, 0x26, 0x00, 0, 0x000046A0, 0x000000B0 },
    { 0x0216, 0x00, 0x03, 0x24, 0x00, 0x06, 0x00, 0x26, 0x00, 0, 0x00004B70, 0x000000E8 },
    { 0x0216, 0x00, 0x03, 0x25, 0x00, 0x06, 0x00, 0x26, 0x00, 0, 0x000054F8, 0x000001D0 },
    { 0x0218, 0x00, 0x00, 0x00, 0x00, 0x06, 0x00, 0x1B, 0x0F, 0, 0x00008F38, 0x0000000C },
    { 0x0218, 0x00, 0x01, 0x00, 0x00, 0x06, 0x00, 0x1B, 0x0F, 0, 0x00008ECC, 0x0000006C },
    { 0x0218, 0x00, 0x02, 0x00, 0x00, 0x06, 0x00, 0x1B, 0x0F, 0, 0x00008D88, 0x0000000C },
    { 0x0218, 0x00, 0x02, 0x01, 0x00, 0x06, 0x00, 0x1B, 0x0F, 0, 0x00008D94, 0x0000000C },
    { 0x0218, 0x00, 0x02, 0x02, 0x00, 0x06, 0x00, 0x1B, 0x0F, 0, 0x00008DA0, 0x0000000C },
    { 0x0218, 0x00, 0x02, 0x03, 0x00, 0x06, 0x00, 0x1B, 0x0F, 0, 0x00008DAC, 0x0000000C },
    { 0x0218, 0x00, 0x02, 0x04, 0x00, 0x06, 0x00, 0x1B, 0x0F, 0, 0x00008DB8, 0x0000000C },
    { 0x0218, 0x00, 0x02, 0x05, 0x00, 0x06, 0x00, 0x1B, 0x0F, 0, 0x00008DC4, 0x0000000C },
    { 0x0218, 0x00, 0x02, 0x06, 0x00, 0x06, 0x00, 0x1B, 0x0F, 0, 0x00008DD0, 0x0000000C },
    { 0x0218, 0x00, 0x02, 0x07, 0x00, 0x06, 0x00, 0x1B, 0x0F, 0, 0x00008DDC, 0x0000000C },
    { 0x0218, 0x00, 0x02, 0x08, 0x00, 0x06, 0x00, 0x1B, 0x0F, 0, 0x00008DE8, 0x0000000C },
    { 0x0218, 0x00, 0x02, 0x09, 0x00, 0x06, 0x00, 0x1B, 0x0F, 0, 0x00008DF4, 0x0000000C },
    { 0x0218, 0x00, 0x02, 0x0A, 0x00, 0x06, 0x00, 0x1B, 0x0F, 0, 0x00008E00, 0x0000000C },
    { 0x0218, 0x00, 0x02, 0x0B, 0x00, 0x06, 0x00, 0x1B, 0x0F, 0, 0x00008E0C, 0x0000000C },
    { 0x0218, 0x00, 0x02, 0x0C, 0x00, 0x06, 0x00, 0x1B, 0x0F, 0, 0x00008E18, 0x0000000C },
    { 0x0218, 0x00, 0x02, 0x0D, 0x00, 0x06, 0x00, 0x1B, 0x0F, 0, 0x00008E24, 0x0000000C },
    { 0x0218, 0x00, 0x02, 0x0E, 0x00, 0x06, 0x00, 0x1B, 0x0F, 0, 0x00008E30, 0x0000000C },
    { 0x0218, 0x00, 0x02, 0x0F, 0x00, 0x06, 0x00, 0x1B, 0x0F, 0, 0x00008E3C, 0x0000000C },
    { 0x0218, 0x00, 0x02, 0x10, 0x00, 0x06, 0x00, 0x1B, 0x0F, 0, 0x00008E48, 0x0000000C },
    { 0x0218, 0x00, 0x02, 0x11, 0x00, 0x06, 0x00, 0x1B, 0x0F, 0, 0x00008E54, 0x0000000C },
    { 0x0218, 0x00, 0x02, 0x12, 0x00, 0x06, 0x00, 0x1B, 0x0F, 0, 0x00008E60, 0x0000000C },
    { 0x0218, 0x00, 0x02, 0x13, 0x00, 0x06, 0x00, 0x1B, 0x0F, 0, 0x00008E6C, 0x0000000C },
    { 0x0218, 0x00, 0x02, 0x14, 0x00, 0x06, 0x00, 0x1B, 0x0F, 0, 0x00008E78, 0x0000000C },
    { 0x0218, 0x00, 0x02, 0x15, 0x00, 0x06, 0x00, 0x1B, 0x0F, 0, 0x00008E84, 0x0000000C },
    { 0x0218, 0x00, 0x02, 0x16, 0x00, 0x06, 0x00, 0x1B, 0x0F, 0, 0x00008E90, 0x0000000C },
    { 0x0218, 0x00, 0x02, 0x17, 0x00, 0x06, 0x00, 0x1B, 0x0F, 0, 0x00008E9C, 0x0000000C },
    { 0x0218, 0x00, 0x02, 0x18, 0x00, 0x06, 0x00, 0x1B, 0x0F, 0, 0x00008EA8, 0x0000000C },
    { 0x0218, 0x00, 0x02, 0x19, 0x00, 0x06, 0x00, 0x1B, 0x0F, 0, 0x00008EB4, 0x0000000C },
    { 0x0218, 0x00, 0x02, 0x1A, 0x00, 0x06, 0x00, 0x1B, 0x0F, 0, 0x00008EC0, 0x0000000C },
    { 0x0218, 0x00, 0x03, 0x02, 0x00, 0x06, 0x00, 0x1B, 0x0F, 0, 0x00006930, 0x000000E8 },
    { 0x0218, 0x00, 0x03, 0x05, 0x00, 0x06, 0x00, 0x1B, 0x0F, 0, 0x00007E70, 0x000002B8 },
    { 0x0218, 0x00, 0x03, 0x06, 0x00, 0x06, 0x00, 0x1B, 0x0F, 0, 0x00007AD0, 0x000003A0 },
    { 0x0218, 0x00, 0x03, 0x08, 0x00, 0x06, 0x00, 0x1B, 0x0F, 0, 0x00007908, 0x000001C8 },
    { 0x0218, 0x00, 0x03, 0x0A, 0x00, 0x06, 0x00, 0x1B, 0x0F, 0, 0x000077F8, 0x00000110 },
    { 0x0218, 0x00, 0x03, 0x0B, 0x00, 0x06, 0x00, 0x1B, 0x0F, 0, 0x000076C8, 0x00000130 },
    { 0x0218, 0x00, 0x03, 0x0D, 0x00, 0x06, 0x00, 0x1B, 0x0F, 0, 0x00007500, 0x000001C8 },
    { 0x0218, 0x00, 0x03, 0x0F, 0x00, 0x06, 0x00, 0x1B, 0x0F, 0, 0x000073F0, 0x00000110 },
    { 0x0218, 0x00, 0x03, 0x10, 0x00, 0x06, 0x00, 0x1B, 0x0F, 0, 0x00007198, 0x00000258 },
    { 0x0218, 0x00, 0x03, 0x13, 0x00, 0x06, 0x00, 0x1B, 0x0F, 0, 0x00007090, 0x00000108 },
    { 0x0218, 0x00, 0x03, 0x14, 0x00, 0x06, 0x00, 0x1B, 0x0F, 0, 0x00006DD8, 0x00000108 },
    { 0x0218, 0x00, 0x03, 0x15, 0x00, 0x06, 0x00, 0x1B, 0x0F, 0, 0x00006EE0, 0x000001B0 },
    { 0x0218, 0x00, 0x03, 0x18, 0x00, 0x06, 0x00, 0x1B, 0x0F, 0, 0x00006CD0, 0x00000108 },
    { 0x0218, 0x00, 0x03, 0x19, 0x00, 0x06, 0x00, 0x1B, 0x0F, 0, 0x00006A18, 0x00000108 },
    { 0x0218, 0x00, 0x03, 0x1A, 0x00, 0x06, 0x00, 0x1B, 0x0F, 0, 0x00006B20, 0x000001B0 },
    { 0x0218, 0x01, 0x00, 0x00, 0x00, 0x06, 0x00, 0x1B, 0x0F, 0, 0x00014190, 0x0000000C },
    { 0x0218, 0x01, 0x01, 0x00, 0x00, 0x06, 0x00, 0x1B, 0x0F, 0, 0x00014124, 0x0000006C },
    { 0x0218, 0x01, 0x02, 0x00, 0x00, 0x06, 0x00, 0x1B, 0x0F, 0, 0x00013FE0, 0x0000000C },
    { 0x0218, 0x01, 0x02, 0x01, 0x00, 0x06, 0x00, 0x1B, 0x0F, 0, 0x00013FEC, 0x0000000C },
    { 0x0218, 0x01, 0x02, 0x02, 0x00, 0x06, 0x00, 0x1B, 0x0F, 0, 0x00013FF8, 0x0000000C },
    { 0x0218, 0x01, 0x02, 0x03, 0x00, 0x06, 0x00, 0x1B, 0x0F, 0, 0x00014004, 0x0000000C },
    { 0x0218, 0x01, 0x02, 0x04, 0x00, 0x06, 0x00, 0x1B, 0x0F, 0, 0x00014010, 0x0000000C },
    { 0x0218, 0x01, 0x02, 0x05, 0x00, 0x06, 0x00, 0x1B, 0x0F, 0, 0x0001401C, 0x0000000C },
    { 0x0218, 0x01, 0x02, 0x06, 0x00, 0x06, 0x00, 0x1B, 0x0F, 0, 0x00014028, 0x0000000C },
    { 0x0218, 0x01, 0x02, 0x07, 0x00, 0x06, 0x00, 0x1B, 0x0F, 0, 0x00014034, 0x0000000C },
    { 0x0218, 0x01, 0x02, 0x08, 0x00, 0x06, 0x00, 0x1B, 0x0F, 0, 0x00014040, 0x0000000C },
    { 0x0218, 0x01, 0x02, 0x09, 0x00, 0x06, 0x00, 0x1B, 0x0F, 0, 0x0001404C, 0x0000000C },
    { 0x0218, 0x01, 0x02, 0x0A, 0x00, 0x06, 0x00, 0x1B, 0x0F, 0, 0x00014058, 0x0000000C },
    { 0x0218, 0x01, 0x02, 0x0B, 0x00, 0x06, 0x00, 0x1B, 0x0F, 0, 0x00014064, 0x0000000C },
    { 0x0218, 0x01, 0x02, 0x0C, 0x00, 0x06, 0x00, 0x1B, 0x0F, 0, 0x00014070, 0x0000000C },
    { 0x0218, 0x01, 0x02, 0x0D, 0x00, 0x06, 0x00, 0x1B, 0x0F, 0, 0x0001407C, 0x0000000C },
    { 0x0218, 0x01, 0x02, 0x0E, 0x00, 0x06, 0x00, 0x1B, 0x0F, 0, 0x00014088, 0x0000000C },
    { 0x0218, 0x01, 0x02, 0x0F, 0x00, 0x06, 0x00, 0x1B, 0x0F, 0, 0x00014094, 0x0000000C },
    { 0x0218, 0x01, 0x02, 0x10, 0x00, 0x06, 0x00, 0x1B, 0x0F, 0, 0x000140A0, 0x0000000C },
    { 0x0218, 0x01, 0x02, 0x11, 0x00, 0x06, 0x00, 0x1B, 0x0F, 0, 0x000140AC, 0x0000000C },
    { 0x0218, 0x01, 0x02, 0x12, 0x00, 0x06, 0x00, 0x1B, 0x0F, 0, 0x000140B8, 0x0000000C },
    { 0x0218, 0x01, 0x02, 0x13, 0x00, 0x06, 0x00, 0x1B, 0x0F, 0, 0x000140C4, 0x0000000C },
    { 0x0218, 0x01, 0x02, 0x14, 0x00, 0x06, 0x00, 0x1B, 0x0F, 0, 0x000140D0, 0x0000000C },
    { 0x0218, 0x01, 0x02, 0x15, 0x00, 0x06, 0x00, 0x1B, 0x0F, 0, 0x000140DC, 0x0000000C },
    { 0x0218, 0x01, 0x02, 0x16, 0x00, 0x06, 0x00, 0x1B, 0x0F, 0, 0x000140E8, 0x0000000C },
    { 0x0218, 0x01, 0x02, 0x17, 0x00, 0x06, 0x00, 0x1B, 0x0F, 0, 0x000140F4, 0x0000000C },
    { 0x0218, 0x01, 0x02, 0x18, 0x00, 0x06, 0x00, 0x1B, 0x0F, 0, 0x00014100, 0x0000000C },
    { 0x0218, 0x01, 0x02, 0x19, 0x00, 0x06, 0x00, 0x1B, 0x0F, 0, 0x0001410C, 0x0000000C },
    { 0x0218, 0x01, 0x02, 0x1A, 0x00, 0x06, 0x00, 0x1B, 0x0F, 0, 0x00014118, 0x0000000C },
    { 0x0218, 0x01, 0x03, 0x02, 0x00, 0x06, 0x00, 0x1B, 0x0F, 0, 0x00012580, 0x00000118 },
    { 0x0218, 0x01, 0x03, 0x04, 0x00, 0x06, 0x00, 0x1B, 0x0F, 0, 0x00013DF0, 0x000001F0 },
    { 0x0218, 0x01, 0x03, 0x06, 0x00, 0x06, 0x00, 0x1B, 0x0F, 0, 0x00013A30, 0x000003C0 },
    { 0x0218, 0x01, 0x03, 0x08, 0x00, 0x06, 0x00, 0x1B, 0x0F, 0, 0x00013818, 0x00000218 },
    { 0x0218, 0x01, 0x03, 0x0A, 0x00, 0x06, 0x00, 0x1B, 0x0F, 0, 0x000136C8, 0x00000150 },
    { 0x0218, 0x01, 0x03, 0x0B, 0x00, 0x06, 0x00, 0x1B, 0x0F, 0, 0x00013440, 0x00000288 },
    { 0x0218, 0x01, 0x03, 0x0D, 0x00, 0x06, 0x00, 0x1B, 0x0F, 0, 0x00013228, 0x00000218 },
    { 0x0218, 0x01, 0x03, 0x0F, 0x00, 0x06, 0x00, 0x1B, 0x0F, 0, 0x000130D8, 0x00000150 },
    { 0x0218, 0x01, 0x03, 0x10, 0x00, 0x06, 0x00, 0x1B, 0x0F, 0, 0x00012FA8, 0x00000130 },
    { 0x0218, 0x01, 0x03, 0x13, 0x00, 0x06, 0x00, 0x1B, 0x0F, 0, 0x00012EA0, 0x00000108 },
    { 0x0218, 0x01, 0x03, 0x14, 0x00, 0x06, 0x00, 0x1B, 0x0F, 0, 0x00012B20, 0x000001D0 },
    { 0x0218, 0x01, 0x03, 0x15, 0x00, 0x06, 0x00, 0x1B, 0x0F, 0, 0x00012CF0, 0x000001B0 },
    { 0x0218, 0x01, 0x03, 0x18, 0x00, 0x06, 0x00, 0x1B, 0x0F, 0, 0x00012A18, 0x00000108 },
    { 0x0218, 0x01, 0x03, 0x19, 0x00, 0x06, 0x00, 0x1B, 0x0F, 0, 0x00012698, 0x000001D0 },
    { 0x0218, 0x01, 0x03, 0x1A, 0x00, 0x06, 0x00, 0x1B, 0x0F, 0, 0x00012868, 0x000001B0 },
    { 0x021A, 0x00, 0x00, 0x00, 0x00, 0x06, 0x00, 0x3C, 0x00, 0, 0x00007C28, 0x00000008 },
    { 0x021A, 0x00, 0x01, 0x00, 0x00, 0x06, 0x00, 0x3C, 0x00, 0, 0x00007B38, 0x000000F0 },
    { 0x021A, 0x00, 0x02, 0x00, 0x00, 0x06, 0x00, 0x3C, 0x00, 0, 0x00007868, 0x0000000C },
    { 0x021A, 0x00, 0x02, 0x01, 0x00, 0x06, 0x00, 0x3C, 0x00, 0, 0x00007874, 0x0000000C },
    { 0x021A, 0x00, 0x02, 0x02, 0x00, 0x06, 0x00, 0x3C, 0x00, 0, 0x00007880, 0x0000000C },
    { 0x021A, 0x00, 0x02, 0x03, 0x00, 0x06, 0x00, 0x3C, 0x00, 0, 0x0000788C, 0x0000000C },
    { 0x021A, 0x00, 0x02, 0x04, 0x00, 0x06, 0x00, 0x3C, 0x00, 0, 0x00007898, 0x0000000C },
    { 0x021A, 0x00, 0x02, 0x05, 0x00, 0x06, 0x00, 0x3C, 0x00, 0, 0x000078A4, 0x0000000C },
    { 0x021A, 0x00, 0x02, 0x06, 0x00, 0x06, 0x00, 0x3C, 0x00, 0, 0x000078B0, 0x0000000C },
    { 0x021A, 0x00, 0x02, 0x07, 0x00, 0x06, 0x00, 0x3C, 0x00, 0, 0x000078BC, 0x0000000C },
    { 0x021A, 0x00, 0x02, 0x08, 0x00, 0x06, 0x00, 0x3C, 0x00, 0, 0x000078C8, 0x0000000C },
    { 0x021A, 0x00, 0x02, 0x09, 0x00, 0x06, 0x00, 0x3C, 0x00, 0, 0x000078D4, 0x0000000C },
    { 0x021A, 0x00, 0x02, 0x0A, 0x00, 0x06, 0x00, 0x3C, 0x00, 0, 0x000078E0, 0x0000000C },
    { 0x021A, 0x00, 0x02, 0x0B, 0x00, 0x06, 0x00, 0x3C, 0x00, 0, 0x000078EC, 0x0000000C },
    { 0x021A, 0x00, 0x02, 0x0C, 0x00, 0x06, 0x00, 0x3C, 0x00, 0, 0x000078F8, 0x0000000C },
    { 0x021A, 0x00, 0x02, 0x0D, 0x00, 0x06, 0x00, 0x3C, 0x00, 0, 0x00007904, 0x0000000C },
    { 0x021A, 0x00, 0x02, 0x0E, 0x00, 0x06, 0x00, 0x3C, 0x00, 0, 0x00007910, 0x0000000C },
    { 0x021A, 0x00, 0x02, 0x0F, 0x00, 0x06, 0x00, 0x3C, 0x00, 0, 0x0000791C, 0x0000000C },
    { 0x021A, 0x00, 0x02, 0x10, 0x00, 0x06, 0x00, 0x3C, 0x00, 0, 0x00007928, 0x0000000C },
    { 0x021A, 0x00, 0x02, 0x11, 0x00, 0x06, 0x00, 0x3C, 0x00, 0, 0x00007934, 0x0000000C },
    { 0x021A, 0x00, 0x02, 0x12, 0x00, 0x06, 0x00, 0x3C, 0x00, 0, 0x00007940, 0x0000000C },
    { 0x021A, 0x00, 0x02, 0x13, 0x00, 0x06, 0x00, 0x3C, 0x00, 0, 0x0000794C, 0x0000000C },
    { 0x021A, 0x00, 0x02, 0x14, 0x00, 0x06, 0x00, 0x3C, 0x00, 0, 0x00007958, 0x0000000C },
    { 0x021A, 0x00, 0x02, 0x15, 0x00, 0x06, 0x00, 0x3C, 0x00, 0, 0x00007964, 0x0000000C },
    { 0x021A, 0x00, 0x02, 0x16, 0x00, 0x06, 0x00, 0x3C, 0x00, 0, 0x00007970, 0x0000000C },
    { 0x021A, 0x00, 0x02, 0x17, 0x00, 0x06, 0x00, 0x3C, 0x00, 0, 0x0000797C, 0x0000000C },
    { 0x021A, 0x00, 0x02, 0x18, 0x00, 0x06, 0x00, 0x3C, 0x00, 0, 0x00007988, 0x0000000C },
    { 0x021A, 0x00, 0x02, 0x19, 0x00, 0x06, 0x00, 0x3C, 0x00, 0, 0x00007994, 0x0000000C },
    { 0x021A, 0x00, 0x02, 0x1A, 0x00, 0x06, 0x00, 0x3C, 0x00, 0, 0x000079A0, 0x0000000C },
    { 0x021A, 0x00, 0x02, 0x1B, 0x00, 0x06, 0x00, 0x3C, 0x00, 0, 0x000079AC, 0x0000000C },
    { 0x021A, 0x00, 0x02, 0x1C, 0x00, 0x06, 0x00, 0x3C, 0x00, 0, 0x000079B8, 0x0000000C },
    { 0x021A, 0x00, 0x02, 0x1D, 0x00, 0x06, 0x00, 0x3C, 0x00, 0, 0x000079C4, 0x0000000C },
    { 0x021A, 0x00, 0x02, 0x1E, 0x00, 0x06, 0x00, 0x3C, 0x00, 0, 0x000079D0, 0x0000000C },
    { 0x021A, 0x00, 0x02, 0x1F, 0x00, 0x06, 0x00, 0x3C, 0x00, 0, 0x000079DC, 0x0000000C },
    { 0x021A, 0x00, 0x02, 0x20, 0x00, 0x06, 0x00, 0x3C, 0x00, 0, 0x000079E8, 0x0000000C },
    { 0x021A, 0x00, 0x02, 0x21, 0x00, 0x06, 0x00, 0x3C, 0x00, 0, 0x000079F4, 0x0000000C },
    { 0x021A, 0x00, 0x02, 0x22, 0x00, 0x06, 0x00, 0x3C, 0x00, 0, 0x00007A00, 0x0000000C },
    { 0x021A, 0x00, 0x02, 0x23, 0x00, 0x06, 0x00, 0x3C, 0x00, 0, 0x00007A0C, 0x0000000C },
    { 0x021A, 0x00, 0x02, 0x24, 0x00, 0x06, 0x00, 0x3C, 0x00, 0, 0x00007A18, 0x0000000C },
    { 0x021A, 0x00, 0x02, 0x25, 0x00, 0x06, 0x00, 0x3C, 0x00, 0, 0x00007A24, 0x0000000C },
    { 0x021A, 0x00, 0x02, 0x26, 0x00, 0x06, 0x00, 0x3C, 0x00, 0, 0x00007A30, 0x0000000C },
    { 0x021A, 0x00, 0x02, 0x27, 0x00, 0x06, 0x00, 0x3C, 0x00, 0, 0x00007A3C, 0x0000000C },
    { 0x021A, 0x00, 0x02, 0x28, 0x00, 0x06, 0x00, 0x3C, 0x00, 0, 0x00007A48, 0x0000000C },
    { 0x021A, 0x00, 0x02, 0x29, 0x00, 0x06, 0x00, 0x3C, 0x00, 0, 0x00007A54, 0x0000000C },
    { 0x021A, 0x00, 0x02, 0x2A, 0x00, 0x06, 0x00, 0x3C, 0x00, 0, 0x00007A60, 0x0000000C },
    { 0x021A, 0x00, 0x02, 0x2B, 0x00, 0x06, 0x00, 0x3C, 0x00, 0, 0x00007A6C, 0x0000000C },
    { 0x021A, 0x00, 0x02, 0x2C, 0x00, 0x06, 0x00, 0x3C, 0x00, 0, 0x00007A78, 0x0000000C },
    { 0x021A, 0x00, 0x02, 0x2D, 0x00, 0x06, 0x00, 0x3C, 0x00, 0, 0x00007A84, 0x0000000C },
    { 0x021A, 0x00, 0x02, 0x2E, 0x00, 0x06, 0x00, 0x3C, 0x00, 0, 0x00007A90, 0x0000000C },
    { 0x021A, 0x00, 0x02, 0x2F, 0x00, 0x06, 0x00, 0x3C, 0x00, 0, 0x00007A9C, 0x0000000C },
    { 0x021A, 0x00, 0x02, 0x30, 0x00, 0x06, 0x00, 0x3C, 0x00, 0, 0x00007AA8, 0x0000000C },
    { 0x021A, 0x00, 0x02, 0x31, 0x00, 0x06, 0x00, 0x3C, 0x00, 0, 0x00007AB4, 0x0000000C },
    { 0x021A, 0x00, 0x02, 0x32, 0x00, 0x06, 0x00, 0x3C, 0x00, 0, 0x00007AC0, 0x0000000C },
    { 0x021A, 0x00, 0x02, 0x33, 0x00, 0x06, 0x00, 0x3C, 0x00, 0, 0x00007ACC, 0x0000000C },
    { 0x021A, 0x00, 0x02, 0x34, 0x00, 0x06, 0x00, 0x3C, 0x00, 0, 0x00007AD8, 0x0000000C },
    { 0x021A, 0x00, 0x02, 0x35, 0x00, 0x06, 0x00, 0x3C, 0x00, 0, 0x00007AE4, 0x0000000C },
    { 0x021A, 0x00, 0x02, 0x36, 0x00, 0x06, 0x00, 0x3C, 0x00, 0, 0x00007AF0, 0x0000000C },
    { 0x021A, 0x00, 0x02, 0x37, 0x00, 0x06, 0x00, 0x3C, 0x00, 0, 0x00007AFC, 0x0000000C },
    { 0x021A, 0x00, 0x02, 0x38, 0x00, 0x06, 0x00, 0x3C, 0x00, 0, 0x00007B08, 0x0000000C },
    { 0x021A, 0x00, 0x02, 0x39, 0x00, 0x06, 0x00, 0x3C, 0x00, 0, 0x00007B14, 0x0000000C },
    { 0x021A, 0x00, 0x02, 0x3A, 0x00, 0x06, 0x00, 0x3C, 0x00, 0, 0x00007B20, 0x0000000C },
    { 0x021A, 0x00, 0x02, 0x3B, 0x00, 0x06, 0x00, 0x3C, 0x00, 0, 0x00007B2C, 0x0000000C },
    { 0x021A, 0x00, 0x03, 0x09, 0x00, 0x06, 0x00, 0x3C, 0x00, 0, 0x00005B90, 0x000000E8 },
    { 0x021A, 0x00, 0x03, 0x0A, 0x00, 0x06, 0x00, 0x3C, 0x00, 0, 0x000053D0, 0x00000350 },
    { 0x021A, 0x00, 0x03, 0x0B, 0x00, 0x06, 0x00, 0x3C, 0x00, 0, 0x00005C78, 0x00000090 },
    { 0x021A, 0x00, 0x03, 0x0C, 0x00, 0x06, 0x00, 0x3C, 0x00, 0, 0x00005D08, 0x00000098 },
    { 0x021A, 0x00, 0x03, 0x0D, 0x00, 0x06, 0x00, 0x3C, 0x00, 0, 0x00005720, 0x00000098 },
    { 0x021A, 0x00, 0x03, 0x0E, 0x00, 0x06, 0x00, 0x3C, 0x00, 0, 0x00005AD8, 0x000000B8 },
    { 0x021A, 0x00, 0x03, 0x11, 0x00, 0x06, 0x00, 0x3C, 0x00, 0, 0x00006308, 0x000000D0 },
    { 0x021A, 0x00, 0x03, 0x14, 0x00, 0x06, 0x00, 0x3C, 0x00, 0, 0x000064B0, 0x000000D0 },
    { 0x021A, 0x00, 0x03, 0x19, 0x00, 0x06, 0x00, 0x3C, 0x00, 0, 0x00006988, 0x000000C0 },
    { 0x021A, 0x00, 0x03, 0x1A, 0x00, 0x06, 0x00, 0x3C, 0x00, 0, 0x00005DA0, 0x00000100 },
    { 0x021A, 0x00, 0x03, 0x1B, 0x00, 0x06, 0x00, 0x3C, 0x00, 0, 0x00006680, 0x000000F8 },
    { 0x021A, 0x00, 0x03, 0x1C, 0x00, 0x06, 0x00, 0x3C, 0x00, 0, 0x000063D8, 0x000000D8 },
    { 0x021A, 0x00, 0x03, 0x21, 0x00, 0x06, 0x00, 0x3C, 0x00, 0, 0x00006A48, 0x00000160 },
    { 0x021A, 0x00, 0x03, 0x22, 0x00, 0x06, 0x00, 0x3C, 0x00, 0, 0x00005A18, 0x000000C0 },
    { 0x021A, 0x00, 0x03, 0x23, 0x00, 0x06, 0x00, 0x3C, 0x00, 0, 0x00006110, 0x000000F8 },
    { 0x021A, 0x00, 0x03, 0x24, 0x00, 0x06, 0x00, 0x3C, 0x00, 0, 0x000057B8, 0x000000D8 },
    { 0x021A, 0x00, 0x03, 0x25, 0x00, 0x06, 0x00, 0x3C, 0x00, 0, 0x00005890, 0x000000E0 },
    { 0x021A, 0x00, 0x03, 0x2F, 0x00, 0x06, 0x00, 0x3C, 0x00, 0, 0x00006580, 0x00000100 },
    { 0x021A, 0x00, 0x03, 0x30, 0x00, 0x06, 0x00, 0x3C, 0x00, 0, 0x00006778, 0x00000168 },
    { 0x021A, 0x00, 0x03, 0x31, 0x00, 0x06, 0x00, 0x3C, 0x00, 0, 0x000068E0, 0x000000A8 },
    { 0x021A, 0x00, 0x03, 0x38, 0x00, 0x06, 0x00, 0x3C, 0x00, 0, 0x00006208, 0x00000100 },
    { 0x021A, 0x00, 0x03, 0x39, 0x00, 0x06, 0x00, 0x3C, 0x00, 0, 0x00005FA8, 0x00000168 },
    { 0x021A, 0x00, 0x03, 0x3A, 0x00, 0x06, 0x00, 0x3C, 0x00, 0, 0x00005970, 0x000000A8 },
    { 0x021A, 0x00, 0x03, 0x3B, 0x00, 0x06, 0x00, 0x3C, 0x00, 0, 0x00005EA0, 0x00000108 },
    { 0x021B, 0x00, 0x00, 0x00, 0x00, 0x06, 0x00, 0x26, 0x00, 0, 0x00000260, 0x00000008 },
    { 0x021B, 0x00, 0x01, 0x00, 0x00, 0x06, 0x00, 0x26, 0x00, 0, 0x000001C8, 0x00000098 },
    { 0x021B, 0x00, 0x02, 0x00, 0x00, 0x06, 0x00, 0x26, 0x00, 0, 0x00000000, 0x0000000C },
    { 0x021B, 0x00, 0x02, 0x01, 0x00, 0x06, 0x00, 0x26, 0x00, 0, 0x0000000C, 0x0000000C },
    { 0x021B, 0x00, 0x02, 0x02, 0x00, 0x06, 0x00, 0x26, 0x00, 0, 0x00000018, 0x0000000C },
    { 0x021B, 0x00, 0x02, 0x03, 0x00, 0x06, 0x00, 0x26, 0x00, 0, 0x00000024, 0x0000000C },
    { 0x021B, 0x00, 0x02, 0x04, 0x00, 0x06, 0x00, 0x26, 0x00, 0, 0x00000030, 0x0000000C },
    { 0x021B, 0x00, 0x02, 0x05, 0x00, 0x06, 0x00, 0x26, 0x00, 0, 0x0000003C, 0x0000000C },
    { 0x021B, 0x00, 0x02, 0x06, 0x00, 0x06, 0x00, 0x26, 0x00, 0, 0x00000048, 0x0000000C },
    { 0x021B, 0x00, 0x02, 0x07, 0x00, 0x06, 0x00, 0x26, 0x00, 0, 0x00000054, 0x0000000C },
    { 0x021B, 0x00, 0x02, 0x08, 0x00, 0x06, 0x00, 0x26, 0x00, 0, 0x00000060, 0x0000000C },
    { 0x021B, 0x00, 0x02, 0x09, 0x00, 0x06, 0x00, 0x26, 0x00, 0, 0x0000006C, 0x0000000C },
    { 0x021B, 0x00, 0x02, 0x0A, 0x00, 0x06, 0x00, 0x26, 0x00, 0, 0x00000078, 0x0000000C },
    { 0x021B, 0x00, 0x02, 0x0B, 0x00, 0x06, 0x00, 0x26, 0x00, 0, 0x00000084, 0x0000000C },
    { 0x021B, 0x00, 0x02, 0x0C, 0x00, 0x06, 0x00, 0x26, 0x00, 0, 0x00000090, 0x0000000C },
    { 0x021B, 0x00, 0x02, 0x0D, 0x00, 0x06, 0x00, 0x26, 0x00, 0, 0x0000009C, 0x0000000C },
    { 0x021B, 0x00, 0x02, 0x0E, 0x00, 0x06, 0x00, 0x26, 0x00, 0, 0x000000A8, 0x0000000C },
    { 0x021B, 0x00, 0x02, 0x0F, 0x00, 0x06, 0x00, 0x26, 0x00, 0, 0x000000B4, 0x0000000C },
    { 0x021B, 0x00, 0x02, 0x10, 0x00, 0x06, 0x00, 0x26, 0x00, 0, 0x000000C0, 0x0000000C },
    { 0x021B, 0x00, 0x02, 0x11, 0x00, 0x06, 0x00, 0x26, 0x00, 0, 0x000000CC, 0x0000000C },
    { 0x021B, 0x00, 0x02, 0x12, 0x00, 0x06, 0x00, 0x26, 0x00, 0, 0x000000D8, 0x0000000C },
    { 0x021B, 0x00, 0x02, 0x13, 0x00, 0x06, 0x00, 0x26, 0x00, 0, 0x000000E4, 0x0000000C },
    { 0x021B, 0x00, 0x02, 0x14, 0x00, 0x06, 0x00, 0x26, 0x00, 0, 0x000000F0, 0x0000000C },
    { 0x021B, 0x00, 0x02, 0x15, 0x00, 0x06, 0x00, 0x26, 0x00, 0, 0x000000FC, 0x0000000C },
    { 0x021B, 0x00, 0x02, 0x16, 0x00, 0x06, 0x00, 0x26, 0x00, 0, 0x00000108, 0x0000000C },
    { 0x021B, 0x00, 0x02, 0x17, 0x00, 0x06, 0x00, 0x26, 0x00, 0, 0x00000114, 0x0000000C },
    { 0x021B, 0x00, 0x02, 0x18, 0x00, 0x06, 0x00, 0x26, 0x00, 0, 0x00000120, 0x0000000C },
    { 0x021B, 0x00, 0x02, 0x19, 0x00, 0x06, 0x00, 0x26, 0x00, 0, 0x0000012C, 0x0000000C },
    { 0x021B, 0x00, 0x02, 0x1A, 0x00, 0x06, 0x00, 0x26, 0x00, 0, 0x00000138, 0x0000000C },
    { 0x021B, 0x00, 0x02, 0x1B, 0x00, 0x06, 0x00, 0x26, 0x00, 0, 0x00000144, 0x0000000C },
    { 0x021B, 0x00, 0x02, 0x1C, 0x00, 0x06, 0x00, 0x26, 0x00, 0, 0x00000150, 0x0000000C },
    { 0x021B, 0x00, 0x02, 0x1D, 0x00, 0x06, 0x00, 0x26, 0x00, 0, 0x0000015C, 0x0000000C },
    { 0x021B, 0x00, 0x02, 0x1E, 0x00, 0x06, 0x00, 0x26, 0x00, 0, 0x00000168, 0x0000000C },
    { 0x021B, 0x00, 0x02, 0x1F, 0x00, 0x06, 0x00, 0x26, 0x00, 0, 0x00000174, 0x0000000C },
    { 0x021B, 0x00, 0x02, 0x20, 0x00, 0x06, 0x00, 0x26, 0x00, 0, 0x00000180, 0x0000000C },
    { 0x021B, 0x00, 0x02, 0x21, 0x00, 0x06, 0x00, 0x26, 0x00, 0, 0x0000018C, 0x0000000C },
    { 0x021B, 0x00, 0x02, 0x22, 0x00, 0x06, 0x00, 0x26, 0x00, 0, 0x00000198, 0x0000000C },
    { 0x021B, 0x00, 0x02, 0x23, 0x00, 0x06, 0x00, 0x26, 0x00, 0, 0x000001A4, 0x0000000C },
    { 0x021B, 0x00, 0x02, 0x24, 0x00, 0x06, 0x00, 0x26, 0x00, 0, 0x000001B0, 0x0000000C },
    { 0x021B, 0x00, 0x02, 0x25, 0x00, 0x06, 0x00, 0x26, 0x00, 0, 0x000001BC, 0x0000000C },
    { 0x021B, 0x00, 0x03, 0x08, 0x00, 0x06, 0x00, 0x26, 0x00, 0, 0x00004530, 0x000000B8 },
    { 0x021B, 0x00, 0x03, 0x09, 0x00, 0x06, 0x00, 0x26, 0x00, 0, 0x000045E8, 0x00000150 },
    { 0x021B, 0x00, 0x03, 0x0A, 0x00, 0x06, 0x00, 0x26, 0x00, 0, 0x00004738, 0x000000D0 },
    { 0x021B, 0x00, 0x03, 0x0F, 0x00, 0x06, 0x00, 0x26, 0x00, 0, 0x00003D60, 0x000000B8 },
    { 0x021B, 0x00, 0x03, 0x10, 0x00, 0x06, 0x00, 0x26, 0x00, 0, 0x00003E18, 0x00000150 },
    { 0x021B, 0x00, 0x03, 0x11, 0x00, 0x06, 0x00, 0x26, 0x00, 0, 0x00003F68, 0x000000D0 },
    { 0x021B, 0x00, 0x03, 0x12, 0x00, 0x06, 0x00, 0x26, 0x00, 0, 0x00003250, 0x00000130 },
    { 0x021B, 0x00, 0x03, 0x16, 0x00, 0x06, 0x00, 0x26, 0x00, 0, 0x00003380, 0x000004E8 },
    { 0x021B, 0x00, 0x03, 0x1B, 0x00, 0x06, 0x00, 0x26, 0x00, 0, 0x00004038, 0x00000218 },
    { 0x021B, 0x00, 0x03, 0x1C, 0x00, 0x06, 0x00, 0x26, 0x00, 0, 0x00004250, 0x00000168 },
    { 0x021B, 0x00, 0x03, 0x1D, 0x00, 0x06, 0x00, 0x26, 0x00, 0, 0x000043B8, 0x00000178 },
    { 0x021B, 0x00, 0x03, 0x22, 0x00, 0x06, 0x00, 0x26, 0x00, 0, 0x00003868, 0x00000218 },
    { 0x021B, 0x00, 0x03, 0x23, 0x00, 0x06, 0x00, 0x26, 0x00, 0, 0x00003A80, 0x00000168 },
    { 0x021B, 0x00, 0x03, 0x24, 0x00, 0x06, 0x00, 0x26, 0x00, 0, 0x00003BE8, 0x00000178 },
    { 0x021B, 0x00, 0x03, 0x25, 0x00, 0x06, 0x00, 0x26, 0x00, 0, 0x00002FE8, 0x00000268 },
    { 0x021D, 0x00, 0x00, 0x00, 0x00, 0x06, 0x00, 0x26, 0x00, 0, 0x00000260, 0x00000008 },
    { 0x021D, 0x00, 0x01, 0x00, 0x00, 0x06, 0x00, 0x26, 0x00, 0, 0x000001C8, 0x00000098 },
    { 0x021D, 0x00, 0x02, 0x00, 0x00, 0x06, 0x00, 0x26, 0x00, 0, 0x00000000, 0x0000000C },
    { 0x021D, 0x00, 0x02, 0x01, 0x00, 0x06, 0x00, 0x26, 0x00, 0, 0x0000000C, 0x0000000C },
    { 0x021D, 0x00, 0x02, 0x02, 0x00, 0x06, 0x00, 0x26, 0x00, 0, 0x00000018, 0x0000000C },
    { 0x021D, 0x00, 0x02, 0x03, 0x00, 0x06, 0x00, 0x26, 0x00, 0, 0x00000024, 0x0000000C },
    { 0x021D, 0x00, 0x02, 0x04, 0x00, 0x06, 0x00, 0x26, 0x00, 0, 0x00000030, 0x0000000C },
    { 0x021D, 0x00, 0x02, 0x05, 0x00, 0x06, 0x00, 0x26, 0x00, 0, 0x0000003C, 0x0000000C },
    { 0x021D, 0x00, 0x02, 0x06, 0x00, 0x06, 0x00, 0x26, 0x00, 0, 0x00000048, 0x0000000C },
    { 0x021D, 0x00, 0x02, 0x07, 0x00, 0x06, 0x00, 0x26, 0x00, 0, 0x00000054, 0x0000000C },
    { 0x021D, 0x00, 0x02, 0x08, 0x00, 0x06, 0x00, 0x26, 0x00, 0, 0x00000060, 0x0000000C },
    { 0x021D, 0x00, 0x02, 0x09, 0x00, 0x06, 0x00, 0x26, 0x00, 0, 0x0000006C, 0x0000000C },
    { 0x021D, 0x00, 0x02, 0x0A, 0x00, 0x06, 0x00, 0x26, 0x00, 0, 0x00000078, 0x0000000C },
    { 0x021D, 0x00, 0x02, 0x0B, 0x00, 0x06, 0x00, 0x26, 0x00, 0, 0x00000084, 0x0000000C },
    { 0x021D, 0x00, 0x02, 0x0C, 0x00, 0x06, 0x00, 0x26, 0x00, 0, 0x00000090, 0x0000000C },
    { 0x021D, 0x00, 0x02, 0x0D, 0x00, 0x06, 0x00, 0x26, 0x00, 0, 0x0000009C, 0x0000000C },
    { 0x021D, 0x00, 0x02, 0x0E, 0x00, 0x06, 0x00, 0x26, 0x00, 0, 0x000000A8, 0x0000000C },
    { 0x021D, 0x00, 0x02, 0x0F, 0x00, 0x06, 0x00, 0x26, 0x00, 0, 0x000000B4, 0x0000000C },
    { 0x021D, 0x00, 0x02, 0x10, 0x00, 0x06, 0x00, 0x26, 0x00, 0, 0x000000C0, 0x0000000C },
    { 0x021D, 0x00, 0x02, 0x11, 0x00, 0x06, 0x00, 0x26, 0x00, 0, 0x000000CC, 0x0000000C },
    { 0x021D, 0x00, 0x02, 0x12, 0x00, 0x06, 0x00, 0x26, 0x00, 0, 0x000000D8, 0x0000000C },
    { 0x021D, 0x00, 0x02, 0x13, 0x00, 0x06, 0x00, 0x26, 0x00, 0, 0x000000E4, 0x0000000C },
    { 0x021D, 0x00, 0x02, 0x14, 0x00, 0x06, 0x00, 0x26, 0x00, 0, 0x000000F0, 0x0000000C },
    { 0x021D, 0x00, 0x02, 0x15, 0x00, 0x06, 0x00, 0x26, 0x00, 0, 0x000000FC, 0x0000000C },
    { 0x021D, 0x00, 0x02, 0x16, 0x00, 0x06, 0x00, 0x26, 0x00, 0, 0x00000108, 0x0000000C },
    { 0x021D, 0x00, 0x02, 0x17, 0x00, 0x06, 0x00, 0x26, 0x00, 0, 0x00000114, 0x0000000C },
    { 0x021D, 0x00, 0x02, 0x18, 0x00, 0x06, 0x00, 0x26, 0x00, 0, 0x00000120, 0x0000000C },
    { 0x021D, 0x00, 0x02, 0x19, 0x00, 0x06, 0x00, 0x26, 0x00, 0, 0x0000012C, 0x0000000C },
    { 0x021D, 0x00, 0x02, 0x1A, 0x00, 0x06, 0x00, 0x26, 0x00, 0, 0x00000138, 0x0000000C },
    { 0x021D, 0x00, 0x02, 0x1B, 0x00, 0x06, 0x00, 0x26, 0x00, 0, 0x00000144, 0x0000000C },
    { 0x021D, 0x00, 0x02, 0x1C, 0x00, 0x06, 0x00, 0x26, 0x00, 0, 0x00000150, 0x0000000C },
    { 0x021D, 0x00, 0x02, 0x1D, 0x00, 0x06, 0x00, 0x26, 0x00, 0, 0x0000015C, 0x0000000C },
    { 0x021D, 0x00, 0x02, 0x1E, 0x00, 0x06, 0x00, 0x26, 0x00, 0, 0x00000168, 0x0000000C },
    { 0x021D, 0x00, 0x02, 0x1F, 0x00, 0x06, 0x00, 0x26, 0x00, 0, 0x00000174, 0x0000000C },
    { 0x021D, 0x00, 0x02, 0x20, 0x00, 0x06, 0x00, 0x26, 0x00, 0, 0x00000180, 0x0000000C },
    { 0x021D, 0x00, 0x02, 0x21, 0x00, 0x06, 0x00, 0x26, 0x00, 0, 0x0000018C, 0x0000000C },
    { 0x021D, 0x00, 0x02, 0x22, 0x00, 0x06, 0x00, 0x26, 0x00, 0, 0x00000198, 0x0000000C },
    { 0x021D, 0x00, 0x02, 0x23, 0x00, 0x06, 0x00, 0x26, 0x00, 0, 0x000001A4, 0x0000000C },
    { 0x021D, 0x00, 0x02, 0x24, 0x00, 0x06, 0x00, 0x26, 0x00, 0, 0x000001B0, 0x0000000C },
    { 0x021D, 0x00, 0x02, 0x25, 0x00, 0x06, 0x00, 0x26, 0x00, 0, 0x000001BC, 0x0000000C },
    { 0x021D, 0x00, 0x03, 0x08, 0x00, 0x06, 0x00, 0x26, 0x00, 0, 0x000038B0, 0x000000C0 },
    { 0x021D, 0x00, 0x03, 0x09, 0x00, 0x06, 0x00, 0x26, 0x00, 0, 0x00003970, 0x00000140 },
    { 0x021D, 0x00, 0x03, 0x0A, 0x00, 0x06, 0x00, 0x26, 0x00, 0, 0x00003AB0, 0x000001C0 },
    { 0x021D, 0x00, 0x03, 0x0F, 0x00, 0x06, 0x00, 0x26, 0x00, 0, 0x00003150, 0x000000C0 },
    { 0x021D, 0x00, 0x03, 0x10, 0x00, 0x06, 0x00, 0x26, 0x00, 0, 0x00003210, 0x00000140 },
    { 0x021D, 0x00, 0x03, 0x11, 0x00, 0x06, 0x00, 0x26, 0x00, 0, 0x00003350, 0x000001C0 },
    { 0x021D, 0x00, 0x03, 0x12, 0x00, 0x06, 0x00, 0x26, 0x00, 0, 0x00002C70, 0x00000140 },
    { 0x021D, 0x00, 0x03, 0x16, 0x00, 0x06, 0x00, 0x26, 0x00, 0, 0x00002718, 0x00000558 },
    { 0x021D, 0x00, 0x03, 0x1B, 0x00, 0x06, 0x00, 0x26, 0x00, 0, 0x00003510, 0x000001B0 },
    { 0x021D, 0x00, 0x03, 0x1C, 0x00, 0x06, 0x00, 0x26, 0x00, 0, 0x000036C0, 0x000000F0 },
    { 0x021D, 0x00, 0x03, 0x1D, 0x00, 0x06, 0x00, 0x26, 0x00, 0, 0x000037B0, 0x00000100 },
    { 0x021D, 0x00, 0x03, 0x22, 0x00, 0x06, 0x00, 0x26, 0x00, 0, 0x00002DB0, 0x000001B0 },
    { 0x021D, 0x00, 0x03, 0x23, 0x00, 0x06, 0x00, 0x26, 0x00, 0, 0x00002F60, 0x000000F0 },
    { 0x021D, 0x00, 0x03, 0x24, 0x00, 0x06, 0x00, 0x26, 0x00, 0, 0x00003050, 0x00000100 },
    { 0x021D, 0x00, 0x03, 0x25, 0x00, 0x06, 0x00, 0x26, 0x00, 0, 0x000025A8, 0x00000170 },
    { 0x021F, 0x00, 0x00, 0x00, 0x00, 0x06, 0x00, 0x19, 0x00, 0, 0x0000C710, 0x00000008 },
    { 0x021F, 0x00, 0x01, 0x00, 0x00, 0x06, 0x00, 0x19, 0x00, 0, 0x0000C6AC, 0x00000064 },
    { 0x021F, 0x00, 0x02, 0x00, 0x00, 0x06, 0x00, 0x19, 0x00, 0, 0x0000C580, 0x0000000C },
    { 0x021F, 0x00, 0x02, 0x01, 0x00, 0x06, 0x00, 0x19, 0x00, 0, 0x0000C58C, 0x0000000C },
    { 0x021F, 0x00, 0x02, 0x02, 0x00, 0x06, 0x00, 0x19, 0x00, 0, 0x0000C598, 0x0000000C },
    { 0x021F, 0x00, 0x02, 0x03, 0x00, 0x06, 0x00, 0x19, 0x00, 0, 0x0000C5A4, 0x0000000C },
    { 0x021F, 0x00, 0x02, 0x04, 0x00, 0x06, 0x00, 0x19, 0x00, 0, 0x0000C5B0, 0x0000000C },
    { 0x021F, 0x00, 0x02, 0x05, 0x00, 0x06, 0x00, 0x19, 0x00, 0, 0x0000C5BC, 0x0000000C },
    { 0x021F, 0x00, 0x02, 0x06, 0x00, 0x06, 0x00, 0x19, 0x00, 0, 0x0000C5C8, 0x0000000C },
    { 0x021F, 0x00, 0x02, 0x07, 0x00, 0x06, 0x00, 0x19, 0x00, 0, 0x0000C5D4, 0x0000000C },
    { 0x021F, 0x00, 0x02, 0x08, 0x00, 0x06, 0x00, 0x19, 0x00, 0, 0x0000C5E0, 0x0000000C },
    { 0x021F, 0x00, 0x02, 0x09, 0x00, 0x06, 0x00, 0x19, 0x00, 0, 0x0000C5EC, 0x0000000C },
    { 0x021F, 0x00, 0x02, 0x0A, 0x00, 0x06, 0x00, 0x19, 0x00, 0, 0x0000C5F8, 0x0000000C },
    { 0x021F, 0x00, 0x02, 0x0B, 0x00, 0x06, 0x00, 0x19, 0x00, 0, 0x0000C604, 0x0000000C },
    { 0x021F, 0x00, 0x02, 0x0C, 0x00, 0x06, 0x00, 0x19, 0x00, 0, 0x0000C610, 0x0000000C },
    { 0x021F, 0x00, 0x02, 0x0D, 0x00, 0x06, 0x00, 0x19, 0x00, 0, 0x0000C61C, 0x0000000C },
    { 0x021F, 0x00, 0x02, 0x0E, 0x00, 0x06, 0x00, 0x19, 0x00, 0, 0x0000C628, 0x0000000C },
    { 0x021F, 0x00, 0x02, 0x0F, 0x00, 0x06, 0x00, 0x19, 0x00, 0, 0x0000C634, 0x0000000C },
    { 0x021F, 0x00, 0x02, 0x10, 0x00, 0x06, 0x00, 0x19, 0x00, 0, 0x0000C640, 0x0000000C },
    { 0x021F, 0x00, 0x02, 0x11, 0x00, 0x06, 0x00, 0x19, 0x00, 0, 0x0000C64C, 0x0000000C },
    { 0x021F, 0x00, 0x02, 0x12, 0x00, 0x06, 0x00, 0x19, 0x00, 0, 0x0000C658, 0x0000000C },
    { 0x021F, 0x00, 0x02, 0x13, 0x00, 0x06, 0x00, 0x19, 0x00, 0, 0x0000C664, 0x0000000C },
    { 0x021F, 0x00, 0x02, 0x14, 0x00, 0x06, 0x00, 0x19, 0x00, 0, 0x0000C670, 0x0000000C },
    { 0x021F, 0x00, 0x02, 0x15, 0x00, 0x06, 0x00, 0x19, 0x00, 0, 0x0000C67C, 0x0000000C },
    { 0x021F, 0x00, 0x02, 0x16, 0x00, 0x06, 0x00, 0x19, 0x00, 0, 0x0000C688, 0x0000000C },
    { 0x021F, 0x00, 0x02, 0x17, 0x00, 0x06, 0x00, 0x19, 0x00, 0, 0x0000C694, 0x0000000C },
    { 0x021F, 0x00, 0x02, 0x18, 0x00, 0x06, 0x00, 0x19, 0x00, 0, 0x0000C6A0, 0x0000000C },
    { 0x021F, 0x00, 0x03, 0x04, 0x00, 0x06, 0x00, 0x19, 0x00, 0, 0x000086F0, 0x00000228 },
    { 0x021F, 0x00, 0x03, 0x05, 0x00, 0x06, 0x00, 0x19, 0x00, 0, 0x00008918, 0x000000D8 },
    { 0x021F, 0x00, 0x03, 0x06, 0x00, 0x06, 0x00, 0x19, 0x00, 0, 0x000089F0, 0x000001F0 },
    { 0x021F, 0x00, 0x03, 0x08, 0x00, 0x06, 0x00, 0x19, 0x00, 0, 0x00009A80, 0x00000228 },
    { 0x021F, 0x00, 0x03, 0x09, 0x00, 0x06, 0x00, 0x19, 0x00, 0, 0x000099A8, 0x000000D8 },
    { 0x021F, 0x00, 0x03, 0x0A, 0x00, 0x06, 0x00, 0x19, 0x00, 0, 0x000097B8, 0x000001F0 },
    { 0x021F, 0x00, 0x03, 0x0C, 0x00, 0x06, 0x00, 0x19, 0x00, 0, 0x00009298, 0x000001C8 },
    { 0x021F, 0x00, 0x03, 0x0D, 0x00, 0x06, 0x00, 0x19, 0x00, 0, 0x00008BE0, 0x00000458 },
    { 0x021F, 0x00, 0x03, 0x0E, 0x00, 0x06, 0x00, 0x19, 0x00, 0, 0x000080F8, 0x000005F8 },
    { 0x021F, 0x00, 0x03, 0x10, 0x00, 0x06, 0x00, 0x19, 0x00, 0, 0x00009038, 0x00000260 },
    { 0x021F, 0x00, 0x03, 0x12, 0x00, 0x06, 0x00, 0x19, 0x00, 0, 0x00009520, 0x00000130 },
    { 0x021F, 0x00, 0x03, 0x13, 0x00, 0x06, 0x00, 0x19, 0x00, 0, 0x00009650, 0x00000168 },
    { 0x021F, 0x00, 0x03, 0x14, 0x00, 0x06, 0x00, 0x19, 0x00, 0, 0x00009460, 0x000000C0 },
    { 0x021F, 0x00, 0x03, 0x16, 0x00, 0x06, 0x00, 0x19, 0x00, 0, 0x00009ED0, 0x00000130 },
    { 0x021F, 0x00, 0x03, 0x17, 0x00, 0x06, 0x00, 0x19, 0x00, 0, 0x00009D68, 0x00000168 },
    { 0x021F, 0x00, 0x03, 0x18, 0x00, 0x06, 0x00, 0x19, 0x00, 0, 0x00009CA8, 0x000000C0 },
    { 0x0220, 0x00, 0x00, 0x00, 0x00, 0x06, 0x00, 0x0D, 0x00, 0, 0x00005948, 0x00000008 },
    { 0x0220, 0x00, 0x01, 0x00, 0x00, 0x06, 0x00, 0x0D, 0x00, 0, 0x00005914, 0x00000034 },
    { 0x0220, 0x00, 0x02, 0x00, 0x00, 0x06, 0x00, 0x0D, 0x00, 0, 0x00005878, 0x0000000C },
    { 0x0220, 0x00, 0x02, 0x01, 0x00, 0x06, 0x00, 0x0D, 0x00, 0, 0x00005884, 0x0000000C },
    { 0x0220, 0x00, 0x02, 0x02, 0x00, 0x06, 0x00, 0x0D, 0x00, 0, 0x00005890, 0x0000000C },
    { 0x0220, 0x00, 0x02, 0x03, 0x00, 0x06, 0x00, 0x0D, 0x00, 0, 0x0000589C, 0x0000000C },
    { 0x0220, 0x00, 0x02, 0x04, 0x00, 0x06, 0x00, 0x0D, 0x00, 0, 0x000058A8, 0x0000000C },
    { 0x0220, 0x00, 0x02, 0x05, 0x00, 0x06, 0x00, 0x0D, 0x00, 0, 0x000058B4, 0x0000000C },
    { 0x0220, 0x00, 0x02, 0x06, 0x00, 0x06, 0x00, 0x0D, 0x00, 0, 0x000058C0, 0x0000000C },
    { 0x0220, 0x00, 0x02, 0x07, 0x00, 0x06, 0x00, 0x0D, 0x00, 0, 0x000058CC, 0x0000000C },
    { 0x0220, 0x00, 0x02, 0x08, 0x00, 0x06, 0x00, 0x0D, 0x00, 0, 0x000058D8, 0x0000000C },
    { 0x0220, 0x00, 0x02, 0x09, 0x00, 0x06, 0x00, 0x0D, 0x00, 0, 0x000058E4, 0x0000000C },
    { 0x0220, 0x00, 0x02, 0x0A, 0x00, 0x06, 0x00, 0x0D, 0x00, 0, 0x000058F0, 0x0000000C },
    { 0x0220, 0x00, 0x02, 0x0B, 0x00, 0x06, 0x00, 0x0D, 0x00, 0, 0x000058FC, 0x0000000C },
    { 0x0220, 0x00, 0x02, 0x0C, 0x00, 0x06, 0x00, 0x0D, 0x00, 0, 0x00005908, 0x0000000C },
    { 0x0220, 0x00, 0x03, 0x03, 0x00, 0x06, 0x00, 0x0D, 0x00, 0, 0x000016C8, 0x000007E0 },
    { 0x0220, 0x00, 0x03, 0x06, 0x00, 0x06, 0x00, 0x0D, 0x00, 0, 0x00002550, 0x000000E8 },
    { 0x0220, 0x00, 0x03, 0x09, 0x00, 0x06, 0x00, 0x0D, 0x00, 0, 0x00002278, 0x000001C8 },
    { 0x0220, 0x00, 0x03, 0x0C, 0x00, 0x06, 0x00, 0x0D, 0x00, 0, 0x000005D0, 0x00000118 },
    { 0x0221, 0x00, 0x00, 0x00, 0x00, 0x06, 0x00, 0x07, 0x00, 0, 0x00002A40, 0x00000008 },
    { 0x0221, 0x00, 0x01, 0x00, 0x00, 0x06, 0x00, 0x07, 0x00, 0, 0x00002A24, 0x0000001C },
    { 0x0221, 0x00, 0x02, 0x00, 0x00, 0x06, 0x00, 0x07, 0x00, 0, 0x000029D0, 0x0000000C },
    { 0x0221, 0x00, 0x02, 0x01, 0x00, 0x06, 0x00, 0x07, 0x00, 0, 0x000029DC, 0x0000000C },
    { 0x0221, 0x00, 0x02, 0x02, 0x00, 0x06, 0x00, 0x07, 0x00, 0, 0x000029E8, 0x0000000C },
    { 0x0221, 0x00, 0x02, 0x03, 0x00, 0x06, 0x00, 0x07, 0x00, 0, 0x000029F4, 0x0000000C },
    { 0x0221, 0x00, 0x02, 0x04, 0x00, 0x06, 0x00, 0x07, 0x00, 0, 0x00002A00, 0x0000000C },
    { 0x0221, 0x00, 0x02, 0x05, 0x00, 0x06, 0x00, 0x07, 0x00, 0, 0x00002A0C, 0x0000000C },
    { 0x0221, 0x00, 0x02, 0x06, 0x00, 0x06, 0x00, 0x07, 0x00, 0, 0x00002A18, 0x0000000C },
    { 0x0221, 0x00, 0x03, 0x03, 0x00, 0x06, 0x00, 0x07, 0x00, 0, 0x00000B68, 0x00000198 },
    { 0x0221, 0x00, 0x03, 0x06, 0x00, 0x06, 0x00, 0x07, 0x00, 0, 0x00000580, 0x00000128 },
    { 0x0223, 0x00, 0x00, 0x00, 0x00, 0x06, 0x00, 0x26, 0x00, 0, 0x00000260, 0x00000008 },
    { 0x0223, 0x00, 0x01, 0x00, 0x00, 0x06, 0x00, 0x26, 0x00, 0, 0x000001C8, 0x00000098 },
    { 0x0223, 0x00, 0x02, 0x00, 0x00, 0x06, 0x00, 0x26, 0x00, 0, 0x00000000, 0x0000000C },
    { 0x0223, 0x00, 0x02, 0x01, 0x00, 0x06, 0x00, 0x26, 0x00, 0, 0x0000000C, 0x0000000C },
    { 0x0223, 0x00, 0x02, 0x02, 0x00, 0x06, 0x00, 0x26, 0x00, 0, 0x00000018, 0x0000000C },
    { 0x0223, 0x00, 0x02, 0x03, 0x00, 0x06, 0x00, 0x26, 0x00, 0, 0x00000024, 0x0000000C },
    { 0x0223, 0x00, 0x02, 0x04, 0x00, 0x06, 0x00, 0x26, 0x00, 0, 0x00000030, 0x0000000C },
    { 0x0223, 0x00, 0x02, 0x05, 0x00, 0x06, 0x00, 0x26, 0x00, 0, 0x0000003C, 0x0000000C },
    { 0x0223, 0x00, 0x02, 0x06, 0x00, 0x06, 0x00, 0x26, 0x00, 0, 0x00000048, 0x0000000C },
    { 0x0223, 0x00, 0x02, 0x07, 0x00, 0x06, 0x00, 0x26, 0x00, 0, 0x00000054, 0x0000000C },
    { 0x0223, 0x00, 0x02, 0x08, 0x00, 0x06, 0x00, 0x26, 0x00, 0, 0x00000060, 0x0000000C },
    { 0x0223, 0x00, 0x02, 0x09, 0x00, 0x06, 0x00, 0x26, 0x00, 0, 0x0000006C, 0x0000000C },
    { 0x0223, 0x00, 0x02, 0x0A, 0x00, 0x06, 0x00, 0x26, 0x00, 0, 0x00000078, 0x0000000C },
    { 0x0223, 0x00, 0x02, 0x0B, 0x00, 0x06, 0x00, 0x26, 0x00, 0, 0x00000084, 0x0000000C },
    { 0x0223, 0x00, 0x02, 0x0C, 0x00, 0x06, 0x00, 0x26, 0x00, 0, 0x00000090, 0x0000000C },
    { 0x0223, 0x00, 0x02, 0x0D, 0x00, 0x06, 0x00, 0x26, 0x00, 0, 0x0000009C, 0x0000000C },
    { 0x0223, 0x00, 0x02, 0x0E, 0x00, 0x06, 0x00, 0x26, 0x00, 0, 0x000000A8, 0x0000000C },
    { 0x0223, 0x00, 0x02, 0x0F, 0x00, 0x06, 0x00, 0x26, 0x00, 0, 0x000000B4, 0x0000000C },
    { 0x0223, 0x00, 0x02, 0x10, 0x00, 0x06, 0x00, 0x26, 0x00, 0, 0x000000C0, 0x0000000C },
    { 0x0223, 0x00, 0x02, 0x11, 0x00, 0x06, 0x00, 0x26, 0x00, 0, 0x000000CC, 0x0000000C },
    { 0x0223, 0x00, 0x02, 0x12, 0x00, 0x06, 0x00, 0x26, 0x00, 0, 0x000000D8, 0x0000000C },
    { 0x0223, 0x00, 0x02, 0x13, 0x00, 0x06, 0x00, 0x26, 0x00, 0, 0x000000E4, 0x0000000C },
    { 0x0223, 0x00, 0x02, 0x14, 0x00, 0x06, 0x00, 0x26, 0x00, 0, 0x000000F0, 0x0000000C },
    { 0x0223, 0x00, 0x02, 0x15, 0x00, 0x06, 0x00, 0x26, 0x00, 0, 0x000000FC, 0x0000000C },
    { 0x0223, 0x00, 0x02, 0x16, 0x00, 0x06, 0x00, 0x26, 0x00, 0, 0x00000108, 0x0000000C },
    { 0x0223, 0x00, 0x02, 0x17, 0x00, 0x06, 0x00, 0x26, 0x00, 0, 0x00000114, 0x0000000C },
    { 0x0223, 0x00, 0x02, 0x18, 0x00, 0x06, 0x00, 0x26, 0x00, 0, 0x00000120, 0x0000000C },
    { 0x0223, 0x00, 0x02, 0x19, 0x00, 0x06, 0x00, 0x26, 0x00, 0, 0x0000012C, 0x0000000C },
    { 0x0223, 0x00, 0x02, 0x1A, 0x00, 0x06, 0x00, 0x26, 0x00, 0, 0x00000138, 0x0000000C },
    { 0x0223, 0x00, 0x02, 0x1B, 0x00, 0x06, 0x00, 0x26, 0x00, 0, 0x00000144, 0x0000000C },
    { 0x0223, 0x00, 0x02, 0x1C, 0x00, 0x06, 0x00, 0x26, 0x00, 0, 0x00000150, 0x0000000C },
    { 0x0223, 0x00, 0x02, 0x1D, 0x00, 0x06, 0x00, 0x26, 0x00, 0, 0x0000015C, 0x0000000C },
    { 0x0223, 0x00, 0x02, 0x1E, 0x00, 0x06, 0x00, 0x26, 0x00, 0, 0x00000168, 0x0000000C },
    { 0x0223, 0x00, 0x02, 0x1F, 0x00, 0x06, 0x00, 0x26, 0x00, 0, 0x00000174, 0x0000000C },
    { 0x0223, 0x00, 0x02, 0x20, 0x00, 0x06, 0x00, 0x26, 0x00, 0, 0x00000180, 0x0000000C },
    { 0x0223, 0x00, 0x02, 0x21, 0x00, 0x06, 0x00, 0x26, 0x00, 0, 0x0000018C, 0x0000000C },
    { 0x0223, 0x00, 0x02, 0x22, 0x00, 0x06, 0x00, 0x26, 0x00, 0, 0x00000198, 0x0000000C },
    { 0x0223, 0x00, 0x02, 0x23, 0x00, 0x06, 0x00, 0x26, 0x00, 0, 0x000001A4, 0x0000000C },
    { 0x0223, 0x00, 0x02, 0x24, 0x00, 0x06, 0x00, 0x26, 0x00, 0, 0x000001B0, 0x0000000C },
    { 0x0223, 0x00, 0x02, 0x25, 0x00, 0x06, 0x00, 0x26, 0x00, 0, 0x000001BC, 0x0000000C },
    { 0x0223, 0x00, 0x03, 0x08, 0x00, 0x06, 0x00, 0x26, 0x00, 0, 0x00001288, 0x00000058 },
    { 0x0223, 0x00, 0x03, 0x09, 0x00, 0x06, 0x00, 0x26, 0x00, 0, 0x000012E0, 0x00000060 },
    { 0x0223, 0x00, 0x03, 0x0A, 0x00, 0x06, 0x00, 0x26, 0x00, 0, 0x00001340, 0x00000068 },
    { 0x0223, 0x00, 0x03, 0x0F, 0x00, 0x06, 0x00, 0x26, 0x00, 0, 0x00000FD0, 0x00000058 },
    { 0x0223, 0x00, 0x03, 0x10, 0x00, 0x06, 0x00, 0x26, 0x00, 0, 0x00001028, 0x00000060 },
    { 0x0223, 0x00, 0x03, 0x11, 0x00, 0x06, 0x00, 0x26, 0x00, 0, 0x00001088, 0x00000068 },
    { 0x0223, 0x00, 0x03, 0x12, 0x00, 0x06, 0x00, 0x26, 0x00, 0, 0x00000BA8, 0x000000D8 },
    { 0x0223, 0x00, 0x03, 0x16, 0x00, 0x06, 0x00, 0x26, 0x00, 0, 0x00000C80, 0x000001B8 },
    { 0x0223, 0x00, 0x03, 0x1B, 0x00, 0x06, 0x00, 0x26, 0x00, 0, 0x000010F0, 0x000000E0 },
    { 0x0223, 0x00, 0x03, 0x1C, 0x00, 0x06, 0x00, 0x26, 0x00, 0, 0x000011D0, 0x00000058 },
    { 0x0223, 0x00, 0x03, 0x1D, 0x00, 0x06, 0x00, 0x26, 0x00, 0, 0x00001228, 0x00000060 },
    { 0x0223, 0x00, 0x03, 0x22, 0x00, 0x06, 0x00, 0x26, 0x00, 0, 0x00000E38, 0x000000E0 },
    { 0x0223, 0x00, 0x03, 0x23, 0x00, 0x06, 0x00, 0x26, 0x00, 0, 0x00000F18, 0x00000058 },
    { 0x0223, 0x00, 0x03, 0x24, 0x00, 0x06, 0x00, 0x26, 0x00, 0, 0x00000F70, 0x00000060 },
    { 0x0223, 0x00, 0x03, 0x25, 0x00, 0x06, 0x00, 0x26, 0x00, 0, 0x00000B28, 0x00000080 },
    { 0x0224, 0x00, 0x00, 0x00, 0x00, 0x06, 0x00, 0x26, 0x00, 0, 0x00000260, 0x00000008 },
    { 0x0224, 0x00, 0x01, 0x00, 0x00, 0x06, 0x00, 0x26, 0x00, 0, 0x000001C8, 0x00000098 },
    { 0x0224, 0x00, 0x02, 0x00, 0x00, 0x06, 0x00, 0x26, 0x00, 0, 0x00000000, 0x0000000C },
    { 0x0224, 0x00, 0x02, 0x01, 0x00, 0x06, 0x00, 0x26, 0x00, 0, 0x0000000C, 0x0000000C },
    { 0x0224, 0x00, 0x02, 0x02, 0x00, 0x06, 0x00, 0x26, 0x00, 0, 0x00000018, 0x0000000C },
    { 0x0224, 0x00, 0x02, 0x03, 0x00, 0x06, 0x00, 0x26, 0x00, 0, 0x00000024, 0x0000000C },
    { 0x0224, 0x00, 0x02, 0x04, 0x00, 0x06, 0x00, 0x26, 0x00, 0, 0x00000030, 0x0000000C },
    { 0x0224, 0x00, 0x02, 0x05, 0x00, 0x06, 0x00, 0x26, 0x00, 0, 0x0000003C, 0x0000000C },
    { 0x0224, 0x00, 0x02, 0x06, 0x00, 0x06, 0x00, 0x26, 0x00, 0, 0x00000048, 0x0000000C },
    { 0x0224, 0x00, 0x02, 0x07, 0x00, 0x06, 0x00, 0x26, 0x00, 0, 0x00000054, 0x0000000C },
    { 0x0224, 0x00, 0x02, 0x08, 0x00, 0x06, 0x00, 0x26, 0x00, 0, 0x00000060, 0x0000000C },
    { 0x0224, 0x00, 0x02, 0x09, 0x00, 0x06, 0x00, 0x26, 0x00, 0, 0x0000006C, 0x0000000C },
    { 0x0224, 0x00, 0x02, 0x0A, 0x00, 0x06, 0x00, 0x26, 0x00, 0, 0x00000078, 0x0000000C },
    { 0x0224, 0x00, 0x02, 0x0B, 0x00, 0x06, 0x00, 0x26, 0x00, 0, 0x00000084, 0x0000000C },
    { 0x0224, 0x00, 0x02, 0x0C, 0x00, 0x06, 0x00, 0x26, 0x00, 0, 0x00000090, 0x0000000C },
    { 0x0224, 0x00, 0x02, 0x0D, 0x00, 0x06, 0x00, 0x26, 0x00, 0, 0x0000009C, 0x0000000C },
    { 0x0224, 0x00, 0x02, 0x0E, 0x00, 0x06, 0x00, 0x26, 0x00, 0, 0x000000A8, 0x0000000C },
    { 0x0224, 0x00, 0x02, 0x0F, 0x00, 0x06, 0x00, 0x26, 0x00, 0, 0x000000B4, 0x0000000C },
    { 0x0224, 0x00, 0x02, 0x10, 0x00, 0x06, 0x00, 0x26, 0x00, 0, 0x000000C0, 0x0000000C },
    { 0x0224, 0x00, 0x02, 0x11, 0x00, 0x06, 0x00, 0x26, 0x00, 0, 0x000000CC, 0x0000000C },
    { 0x0224, 0x00, 0x02, 0x12, 0x00, 0x06, 0x00, 0x26, 0x00, 0, 0x000000D8, 0x0000000C },
    { 0x0224, 0x00, 0x02, 0x13, 0x00, 0x06, 0x00, 0x26, 0x00, 0, 0x000000E4, 0x0000000C },
    { 0x0224, 0x00, 0x02, 0x14, 0x00, 0x06, 0x00, 0x26, 0x00, 0, 0x000000F0, 0x0000000C },
    { 0x0224, 0x00, 0x02, 0x15, 0x00, 0x06, 0x00, 0x26, 0x00, 0, 0x000000FC, 0x0000000C },
    { 0x0224, 0x00, 0x02, 0x16, 0x00, 0x06, 0x00, 0x26, 0x00, 0, 0x00000108, 0x0000000C },
    { 0x0224, 0x00, 0x02, 0x17, 0x00, 0x06, 0x00, 0x26, 0x00, 0, 0x00000114, 0x0000000C },
    { 0x0224, 0x00, 0x02, 0x18, 0x00, 0x06, 0x00, 0x26, 0x00, 0, 0x00000120, 0x0000000C },
    { 0x0224, 0x00, 0x02, 0x19, 0x00, 0x06, 0x00, 0x26, 0x00, 0, 0x0000012C, 0x0000000C },
    { 0x0224, 0x00, 0x02, 0x1A, 0x00, 0x06, 0x00, 0x26, 0x00, 0, 0x00000138, 0x0000000C },
    { 0x0224, 0x00, 0x02, 0x1B, 0x00, 0x06, 0x00, 0x26, 0x00, 0, 0x00000144, 0x0000000C },
    { 0x0224, 0x00, 0x02, 0x1C, 0x00, 0x06, 0x00, 0x26, 0x00, 0, 0x00000150, 0x0000000C },
    { 0x0224, 0x00, 0x02, 0x1D, 0x00, 0x06, 0x00, 0x26, 0x00, 0, 0x0000015C, 0x0000000C },
    { 0x0224, 0x00, 0x02, 0x1E, 0x00, 0x06, 0x00, 0x26, 0x00, 0, 0x00000168, 0x0000000C },
    { 0x0224, 0x00, 0x02, 0x1F, 0x00, 0x06, 0x00, 0x26, 0x00, 0, 0x00000174, 0x0000000C },
    { 0x0224, 0x00, 0x02, 0x20, 0x00, 0x06, 0x00, 0x26, 0x00, 0, 0x00000180, 0x0000000C },
    { 0x0224, 0x00, 0x02, 0x21, 0x00, 0x06, 0x00, 0x26, 0x00, 0, 0x0000018C, 0x0000000C },
    { 0x0224, 0x00, 0x02, 0x22, 0x00, 0x06, 0x00, 0x26, 0x00, 0, 0x00000198, 0x0000000C },
    { 0x0224, 0x00, 0x02, 0x23, 0x00, 0x06, 0x00, 0x26, 0x00, 0, 0x000001A4, 0x0000000C },
    { 0x0224, 0x00, 0x02, 0x24, 0x00, 0x06, 0x00, 0x26, 0x00, 0, 0x000001B0, 0x0000000C },
    { 0x0224, 0x00, 0x02, 0x25, 0x00, 0x06, 0x00, 0x26, 0x00, 0, 0x000001BC, 0x0000000C },
    { 0x0224, 0x00, 0x03, 0x08, 0x00, 0x06, 0x00, 0x26, 0x00, 0, 0x00000398, 0x00000050 },
    { 0x0224, 0x00, 0x03, 0x09, 0x00, 0x06, 0x00, 0x26, 0x00, 0, 0x00000318, 0x00000050 },
    { 0x0224, 0x00, 0x03, 0x0A, 0x00, 0x06, 0x00, 0x26, 0x00, 0, 0x00000298, 0x00000050 },
    { 0x0224, 0x00, 0x03, 0x0F, 0x00, 0x06, 0x00, 0x26, 0x00, 0, 0x000007B8, 0x00000050 },
    { 0x0224, 0x00, 0x03, 0x10, 0x00, 0x06, 0x00, 0x26, 0x00, 0, 0x00000738, 0x00000050 },
    { 0x0224, 0x00, 0x03, 0x11, 0x00, 0x06, 0x00, 0x26, 0x00, 0, 0x000006B8, 0x00000050 },
    { 0x0224, 0x00, 0x03, 0x12, 0x00, 0x06, 0x00, 0x26, 0x00, 0, 0x00000FF0, 0x000000A8 },
    { 0x0224, 0x00, 0x03, 0x16, 0x00, 0x06, 0x00, 0x26, 0x00, 0, 0x00000D28, 0x00000178 },
    { 0x0224, 0x00, 0x03, 0x1B, 0x00, 0x06, 0x00, 0x26, 0x00, 0, 0x000005F8, 0x00000090 },
    { 0x0224, 0x00, 0x03, 0x1C, 0x00, 0x06, 0x00, 0x26, 0x00, 0, 0x00000518, 0x00000090 },
    { 0x0224, 0x00, 0x03, 0x1D, 0x00, 0x06, 0x00, 0x26, 0x00, 0, 0x00000448, 0x00000090 },
    { 0x0224, 0x00, 0x03, 0x22, 0x00, 0x06, 0x00, 0x26, 0x00, 0, 0x00000A18, 0x00000090 },
    { 0x0224, 0x00, 0x03, 0x23, 0x00, 0x06, 0x00, 0x26, 0x00, 0, 0x00000938, 0x00000090 },
    { 0x0224, 0x00, 0x03, 0x24, 0x00, 0x06, 0x00, 0x26, 0x00, 0, 0x00000868, 0x00000090 },
    { 0x0224, 0x00, 0x03, 0x25, 0x00, 0x06, 0x00, 0x26, 0x00, 0, 0x00001278, 0x000000B8 },
    { 0x0225, 0x00, 0x00, 0x00, 0x00, 0x06, 0x00, 0x26, 0x00, 0, 0x00000260, 0x00000008 },
    { 0x0225, 0x00, 0x01, 0x00, 0x00, 0x06, 0x00, 0x26, 0x00, 0, 0x000001C8, 0x00000098 },
    { 0x0225, 0x00, 0x02, 0x00, 0x00, 0x06, 0x00, 0x26, 0x00, 0, 0x00000000, 0x0000000C },
    { 0x0225, 0x00, 0x02, 0x01, 0x00, 0x06, 0x00, 0x26, 0x00, 0, 0x0000000C, 0x0000000C },
    { 0x0225, 0x00, 0x02, 0x02, 0x00, 0x06, 0x00, 0x26, 0x00, 0, 0x00000018, 0x0000000C },
    { 0x0225, 0x00, 0x02, 0x03, 0x00, 0x06, 0x00, 0x26, 0x00, 0, 0x00000024, 0x0000000C },
    { 0x0225, 0x00, 0x02, 0x04, 0x00, 0x06, 0x00, 0x26, 0x00, 0, 0x00000030, 0x0000000C },
    { 0x0225, 0x00, 0x02, 0x05, 0x00, 0x06, 0x00, 0x26, 0x00, 0, 0x0000003C, 0x0000000C },
    { 0x0225, 0x00, 0x02, 0x06, 0x00, 0x06, 0x00, 0x26, 0x00, 0, 0x00000048, 0x0000000C },
    { 0x0225, 0x00, 0x02, 0x07, 0x00, 0x06, 0x00, 0x26, 0x00, 0, 0x00000054, 0x0000000C },
    { 0x0225, 0x00, 0x02, 0x08, 0x00, 0x06, 0x00, 0x26, 0x00, 0, 0x00000060, 0x0000000C },
    { 0x0225, 0x00, 0x02, 0x09, 0x00, 0x06, 0x00, 0x26, 0x00, 0, 0x0000006C, 0x0000000C },
    { 0x0225, 0x00, 0x02, 0x0A, 0x00, 0x06, 0x00, 0x26, 0x00, 0, 0x00000078, 0x0000000C },
    { 0x0225, 0x00, 0x02, 0x0B, 0x00, 0x06, 0x00, 0x26, 0x00, 0, 0x00000084, 0x0000000C },
    { 0x0225, 0x00, 0x02, 0x0C, 0x00, 0x06, 0x00, 0x26, 0x00, 0, 0x00000090, 0x0000000C },
    { 0x0225, 0x00, 0x02, 0x0D, 0x00, 0x06, 0x00, 0x26, 0x00, 0, 0x0000009C, 0x0000000C },
    { 0x0225, 0x00, 0x02, 0x0E, 0x00, 0x06, 0x00, 0x26, 0x00, 0, 0x000000A8, 0x0000000C },
    { 0x0225, 0x00, 0x02, 0x0F, 0x00, 0x06, 0x00, 0x26, 0x00, 0, 0x000000B4, 0x0000000C },
    { 0x0225, 0x00, 0x02, 0x10, 0x00, 0x06, 0x00, 0x26, 0x00, 0, 0x000000C0, 0x0000000C },
    { 0x0225, 0x00, 0x02, 0x11, 0x00, 0x06, 0x00, 0x26, 0x00, 0, 0x000000CC, 0x0000000C },
    { 0x0225, 0x00, 0x02, 0x12, 0x00, 0x06, 0x00, 0x26, 0x00, 0, 0x000000D8, 0x0000000C },
    { 0x0225, 0x00, 0x02, 0x13, 0x00, 0x06, 0x00, 0x26, 0x00, 0, 0x000000E4, 0x0000000C },
    { 0x0225, 0x00, 0x02, 0x14, 0x00, 0x06, 0x00, 0x26, 0x00, 0, 0x000000F0, 0x0000000C },
    { 0x0225, 0x00, 0x02, 0x15, 0x00, 0x06, 0x00, 0x26, 0x00, 0, 0x000000FC, 0x0000000C },
    { 0x0225, 0x00, 0x02, 0x16, 0x00, 0x06, 0x00, 0x26, 0x00, 0, 0x00000108, 0x0000000C },
    { 0x0225, 0x00, 0x02, 0x17, 0x00, 0x06, 0x00, 0x26, 0x00, 0, 0x00000114, 0x0000000C },
    { 0x0225, 0x00, 0x02, 0x18, 0x00, 0x06, 0x00, 0x26, 0x00, 0, 0x00000120, 0x0000000C },
    { 0x0225, 0x00, 0x02, 0x19, 0x00, 0x06, 0x00, 0x26, 0x00, 0, 0x0000012C, 0x0000000C },
    { 0x0225, 0x00, 0x02, 0x1A, 0x00, 0x06, 0x00, 0x26, 0x00, 0, 0x00000138, 0x0000000C },
    { 0x0225, 0x00, 0x02, 0x1B, 0x00, 0x06, 0x00, 0x26, 0x00, 0, 0x00000144, 0x0000000C },
    { 0x0225, 0x00, 0x02, 0x1C, 0x00, 0x06, 0x00, 0x26, 0x00, 0, 0x00000150, 0x0000000C },
    { 0x0225, 0x00, 0x02, 0x1D, 0x00, 0x06, 0x00, 0x26, 0x00, 0, 0x0000015C, 0x0000000C },
    { 0x0225, 0x00, 0x02, 0x1E, 0x00, 0x06, 0x00, 0x26, 0x00, 0, 0x00000168, 0x0000000C },
    { 0x0225, 0x00, 0x02, 0x1F, 0x00, 0x06, 0x00, 0x26, 0x00, 0, 0x00000174, 0x0000000C },
    { 0x0225, 0x00, 0x02, 0x20, 0x00, 0x06, 0x00, 0x26, 0x00, 0, 0x00000180, 0x0000000C },
    { 0x0225, 0x00, 0x02, 0x21, 0x00, 0x06, 0x00, 0x26, 0x00, 0, 0x0000018C, 0x0000000C },
    { 0x0225, 0x00, 0x02, 0x22, 0x00, 0x06, 0x00, 0x26, 0x00, 0, 0x00000198, 0x0000000C },
    { 0x0225, 0x00, 0x02, 0x23, 0x00, 0x06, 0x00, 0x26, 0x00, 0, 0x000001A4, 0x0000000C },
    { 0x0225, 0x00, 0x02, 0x24, 0x00, 0x06, 0x00, 0x26, 0x00, 0, 0x000001B0, 0x0000000C },
    { 0x0225, 0x00, 0x02, 0x25, 0x00, 0x06, 0x00, 0x26, 0x00, 0, 0x000001BC, 0x0000000C },
    { 0x0225, 0x00, 0x03, 0x08, 0x00, 0x06, 0x00, 0x26, 0x00, 0, 0x00001488, 0x00000068 },
    { 0x0225, 0x00, 0x03, 0x09, 0x00, 0x06, 0x00, 0x26, 0x00, 0, 0x000014F0, 0x00000058 },
    { 0x0225, 0x00, 0x03, 0x0A, 0x00, 0x06, 0x00, 0x26, 0x00, 0, 0x00001548, 0x000000B8 },
    { 0x0225, 0x00, 0x03, 0x0F, 0x00, 0x06, 0x00, 0x26, 0x00, 0, 0x00001150, 0x00000068 },
    { 0x0225, 0x00, 0x03, 0x10, 0x00, 0x06, 0x00, 0x26, 0x00, 0, 0x000011B8, 0x00000058 },
    { 0x0225, 0x00, 0x03, 0x11, 0x00, 0x06, 0x00, 0x26, 0x00, 0, 0x00001210, 0x000000B8 },
    { 0x0225, 0x00, 0x03, 0x12, 0x00, 0x06, 0x00, 0x26, 0x00, 0, 0x00000D50, 0x00000098 },
    { 0x0225, 0x00, 0x03, 0x16, 0x00, 0x06, 0x00, 0x26, 0x00, 0, 0x00000DE8, 0x000001A8 },
    { 0x0225, 0x00, 0x03, 0x1B, 0x00, 0x06, 0x00, 0x26, 0x00, 0, 0x000012C8, 0x00000098 },
    { 0x0225, 0x00, 0x03, 0x1C, 0x00, 0x06, 0x00, 0x26, 0x00, 0, 0x00001360, 0x00000090 },
    { 0x0225, 0x00, 0x03, 0x1D, 0x00, 0x06, 0x00, 0x26, 0x00, 0, 0x000013F0, 0x00000098 },
    { 0x0225, 0x00, 0x03, 0x22, 0x00, 0x06, 0x00, 0x26, 0x00, 0, 0x00000F90, 0x00000098 },
    { 0x0225, 0x00, 0x03, 0x23, 0x00, 0x06, 0x00, 0x26, 0x00, 0, 0x00001360, 0x00000090 },
    { 0x0225, 0x00, 0x03, 0x24, 0x00, 0x06, 0x00, 0x26, 0x00, 0, 0x000013F0, 0x00000098 },
    { 0x0225, 0x00, 0x03, 0x25, 0x00, 0x06, 0x00, 0x26, 0x00, 0, 0x00000C98, 0x000000B8 },
    { 0x0226, 0x00, 0x00, 0x00, 0x00, 0x06, 0x00, 0x26, 0x00, 0, 0x00000260, 0x00000008 },
    { 0x0226, 0x00, 0x01, 0x00, 0x00, 0x06, 0x00, 0x26, 0x00, 0, 0x000001C8, 0x00000098 },
    { 0x0226, 0x00, 0x02, 0x00, 0x00, 0x06, 0x00, 0x26, 0x00, 0, 0x00000000, 0x0000000C },
    { 0x0226, 0x00, 0x02, 0x01, 0x00, 0x06, 0x00, 0x26, 0x00, 0, 0x0000000C, 0x0000000C },
    { 0x0226, 0x00, 0x02, 0x02, 0x00, 0x06, 0x00, 0x26, 0x00, 0, 0x00000018, 0x0000000C },
    { 0x0226, 0x00, 0x02, 0x03, 0x00, 0x06, 0x00, 0x26, 0x00, 0, 0x00000024, 0x0000000C },
    { 0x0226, 0x00, 0x02, 0x04, 0x00, 0x06, 0x00, 0x26, 0x00, 0, 0x00000030, 0x0000000C },
    { 0x0226, 0x00, 0x02, 0x05, 0x00, 0x06, 0x00, 0x26, 0x00, 0, 0x0000003C, 0x0000000C },
    { 0x0226, 0x00, 0x02, 0x06, 0x00, 0x06, 0x00, 0x26, 0x00, 0, 0x00000048, 0x0000000C },
    { 0x0226, 0x00, 0x02, 0x07, 0x00, 0x06, 0x00, 0x26, 0x00, 0, 0x00000054, 0x0000000C },
    { 0x0226, 0x00, 0x02, 0x08, 0x00, 0x06, 0x00, 0x26, 0x00, 0, 0x00000060, 0x0000000C },
    { 0x0226, 0x00, 0x02, 0x09, 0x00, 0x06, 0x00, 0x26, 0x00, 0, 0x0000006C, 0x0000000C },
    { 0x0226, 0x00, 0x02, 0x0A, 0x00, 0x06, 0x00, 0x26, 0x00, 0, 0x00000078, 0x0000000C },
    { 0x0226, 0x00, 0x02, 0x0B, 0x00, 0x06, 0x00, 0x26, 0x00, 0, 0x00000084, 0x0000000C },
    { 0x0226, 0x00, 0x02, 0x0C, 0x00, 0x06, 0x00, 0x26, 0x00, 0, 0x00000090, 0x0000000C },
    { 0x0226, 0x00, 0x02, 0x0D, 0x00, 0x06, 0x00, 0x26, 0x00, 0, 0x0000009C, 0x0000000C },
    { 0x0226, 0x00, 0x02, 0x0E, 0x00, 0x06, 0x00, 0x26, 0x00, 0, 0x000000A8, 0x0000000C },
    { 0x0226, 0x00, 0x02, 0x0F, 0x00, 0x06, 0x00, 0x26, 0x00, 0, 0x000000B4, 0x0000000C },
    { 0x0226, 0x00, 0x02, 0x10, 0x00, 0x06, 0x00, 0x26, 0x00, 0, 0x000000C0, 0x0000000C },
    { 0x0226, 0x00, 0x02, 0x11, 0x00, 0x06, 0x00, 0x26, 0x00, 0, 0x000000CC, 0x0000000C },
    { 0x0226, 0x00, 0x02, 0x12, 0x00, 0x06, 0x00, 0x26, 0x00, 0, 0x000000D8, 0x0000000C },
    { 0x0226, 0x00, 0x02, 0x13, 0x00, 0x06, 0x00, 0x26, 0x00, 0, 0x000000E4, 0x0000000C },
    { 0x0226, 0x00, 0x02, 0x14, 0x00, 0x06, 0x00, 0x26, 0x00, 0, 0x000000F0, 0x0000000C },
    { 0x0226, 0x00, 0x02, 0x15, 0x00, 0x06, 0x00, 0x26, 0x00, 0, 0x000000FC, 0x0000000C },
    { 0x0226, 0x00, 0x02, 0x16, 0x00, 0x06, 0x00, 0x26, 0x00, 0, 0x00000108, 0x0000000C },
    { 0x0226, 0x00, 0x02, 0x17, 0x00, 0x06, 0x00, 0x26, 0x00, 0, 0x00000114, 0x0000000C },
    { 0x0226, 0x00, 0x02, 0x18, 0x00, 0x06, 0x00, 0x26, 0x00, 0, 0x00000120, 0x0000000C },
    { 0x0226, 0x00, 0x02, 0x19, 0x00, 0x06, 0x00, 0x26, 0x00, 0, 0x0000012C, 0x0000000C },
    { 0x0226, 0x00, 0x02, 0x1A, 0x00, 0x06, 0x00, 0x26, 0x00, 0, 0x00000138, 0x0000000C },
    { 0x0226, 0x00, 0x02, 0x1B, 0x00, 0x06, 0x00, 0x26, 0x00, 0, 0x00000144, 0x0000000C },
    { 0x0226, 0x00, 0x02, 0x1C, 0x00, 0x06, 0x00, 0x26, 0x00, 0, 0x00000150, 0x0000000C },
    { 0x0226, 0x00, 0x02, 0x1D, 0x00, 0x06, 0x00, 0x26, 0x00, 0, 0x0000015C, 0x0000000C },
    { 0x0226, 0x00, 0x02, 0x1E, 0x00, 0x06, 0x00, 0x26, 0x00, 0, 0x00000168, 0x0000000C },
    { 0x0226, 0x00, 0x02, 0x1F, 0x00, 0x06, 0x00, 0x26, 0x00, 0, 0x00000174, 0x0000000C },
    { 0x0226, 0x00, 0x02, 0x20, 0x00, 0x06, 0x00, 0x26, 0x00, 0, 0x00000180, 0x0000000C },
    { 0x0226, 0x00, 0x02, 0x21, 0x00, 0x06, 0x00, 0x26, 0x00, 0, 0x0000018C, 0x0000000C },
    { 0x0226, 0x00, 0x02, 0x22, 0x00, 0x06, 0x00, 0x26, 0x00, 0, 0x00000198, 0x0000000C },
    { 0x0226, 0x00, 0x02, 0x23, 0x00, 0x06, 0x00, 0x26, 0x00, 0, 0x000001A4, 0x0000000C },
    { 0x0226, 0x00, 0x02, 0x24, 0x00, 0x06, 0x00, 0x26, 0x00, 0, 0x000001B0, 0x0000000C },
    { 0x0226, 0x00, 0x02, 0x25, 0x00, 0x06, 0x00, 0x26, 0x00, 0, 0x000001BC, 0x0000000C },
    { 0x0226, 0x00, 0x03, 0x08, 0x00, 0x06, 0x00, 0x26, 0x00, 0, 0x000004B8, 0x00000050 },
    { 0x0226, 0x00, 0x03, 0x09, 0x00, 0x06, 0x00, 0x26, 0x00, 0, 0x000003E8, 0x00000090 },
    { 0x0226, 0x00, 0x03, 0x0A, 0x00, 0x06, 0x00, 0x26, 0x00, 0, 0x000002C8, 0x00000090 },
    { 0x0226, 0x00, 0x03, 0x0F, 0x00, 0x06, 0x00, 0x26, 0x00, 0, 0x000004B8, 0x00000050 },
    { 0x0226, 0x00, 0x03, 0x10, 0x00, 0x06, 0x00, 0x26, 0x00, 0, 0x000008E8, 0x00000090 },
    { 0x0226, 0x00, 0x03, 0x11, 0x00, 0x06, 0x00, 0x26, 0x00, 0, 0x000007C8, 0x00000090 },
    { 0x0226, 0x00, 0x03, 0x12, 0x00, 0x06, 0x00, 0x26, 0x00, 0, 0x00001068, 0x000000A0 },
    { 0x0226, 0x00, 0x03, 0x16, 0x00, 0x06, 0x00, 0x26, 0x00, 0, 0x00000EE8, 0x00000120 },
    { 0x0226, 0x00, 0x03, 0x1B, 0x00, 0x06, 0x00, 0x26, 0x00, 0, 0x000006D8, 0x00000090 },
    { 0x0226, 0x00, 0x03, 0x1C, 0x00, 0x06, 0x00, 0x26, 0x00, 0, 0x00000600, 0x00000058 },
    { 0x0226, 0x00, 0x03, 0x1D, 0x00, 0x06, 0x00, 0x26, 0x00, 0, 0x00000568, 0x00000058 },
    { 0x0226, 0x00, 0x03, 0x22, 0x00, 0x06, 0x00, 0x26, 0x00, 0, 0x00000BD8, 0x00000090 },
    { 0x0226, 0x00, 0x03, 0x23, 0x00, 0x06, 0x00, 0x26, 0x00, 0, 0x00000B00, 0x00000058 },
    { 0x0226, 0x00, 0x03, 0x24, 0x00, 0x06, 0x00, 0x26, 0x00, 0, 0x00000A68, 0x00000058 },
    { 0x0226, 0x00, 0x03, 0x25, 0x00, 0x06, 0x00, 0x26, 0x00, 0, 0x00001218, 0x000000B0 },
    { 0x0227, 0x00, 0x00, 0x00, 0x00, 0x06, 0x00, 0x15, 0x0B, 0, 0x0000B9A8, 0x0000000C },
    { 0x0227, 0x00, 0x01, 0x00, 0x00, 0x06, 0x00, 0x15, 0x0B, 0, 0x0000B954, 0x00000054 },
    { 0x0227, 0x00, 0x02, 0x00, 0x00, 0x06, 0x00, 0x15, 0x0B, 0, 0x0000B858, 0x0000000C },
    { 0x0227, 0x00, 0x02, 0x01, 0x00, 0x06, 0x00, 0x15, 0x0B, 0, 0x0000B864, 0x0000000C },
    { 0x0227, 0x00, 0x02, 0x02, 0x00, 0x06, 0x00, 0x15, 0x0B, 0, 0x0000B870, 0x0000000C },
    { 0x0227, 0x00, 0x02, 0x03, 0x00, 0x06, 0x00, 0x15, 0x0B, 0, 0x0000B87C, 0x0000000C },
    { 0x0227, 0x00, 0x02, 0x04, 0x00, 0x06, 0x00, 0x15, 0x0B, 0, 0x0000B888, 0x0000000C },
    { 0x0227, 0x00, 0x02, 0x05, 0x00, 0x06, 0x00, 0x15, 0x0B, 0, 0x0000B894, 0x0000000C },
    { 0x0227, 0x00, 0x02, 0x06, 0x00, 0x06, 0x00, 0x15, 0x0B, 0, 0x0000B8A0, 0x0000000C },
    { 0x0227, 0x00, 0x02, 0x07, 0x00, 0x06, 0x00, 0x15, 0x0B, 0, 0x0000B8AC, 0x0000000C },
    { 0x0227, 0x00, 0x02, 0x08, 0x00, 0x06, 0x00, 0x15, 0x0B, 0, 0x0000B8B8, 0x0000000C },
    { 0x0227, 0x00, 0x02, 0x09, 0x00, 0x06, 0x00, 0x15, 0x0B, 0, 0x0000B8C4, 0x0000000C },
    { 0x0227, 0x00, 0x02, 0x0A, 0x00, 0x06, 0x00, 0x15, 0x0B, 0, 0x0000B8D0, 0x0000000C },
    { 0x0227, 0x00, 0x02, 0x0B, 0x00, 0x06, 0x00, 0x15, 0x0B, 0, 0x0000B8DC, 0x0000000C },
    { 0x0227, 0x00, 0x02, 0x0C, 0x00, 0x06, 0x00, 0x15, 0x0B, 0, 0x0000B8E8, 0x0000000C },
    { 0x0227, 0x00, 0x02, 0x0D, 0x00, 0x06, 0x00, 0x15, 0x0B, 0, 0x0000B8F4, 0x0000000C },
    { 0x0227, 0x00, 0x02, 0x0E, 0x00, 0x06, 0x00, 0x15, 0x0B, 0, 0x0000B900, 0x0000000C },
    { 0x0227, 0x00, 0x02, 0x0F, 0x00, 0x06, 0x00, 0x15, 0x0B, 0, 0x0000B90C, 0x0000000C },
    { 0x0227, 0x00, 0x02, 0x10, 0x00, 0x06, 0x00, 0x15, 0x0B, 0, 0x0000B918, 0x0000000C },
    { 0x0227, 0x00, 0x02, 0x11, 0x00, 0x06, 0x00, 0x15, 0x0B, 0, 0x0000B924, 0x0000000C },
    { 0x0227, 0x00, 0x02, 0x12, 0x00, 0x06, 0x00, 0x15, 0x0B, 0, 0x0000B930, 0x0000000C },
    { 0x0227, 0x00, 0x02, 0x13, 0x00, 0x06, 0x00, 0x15, 0x0B, 0, 0x0000B93C, 0x0000000C },
    { 0x0227, 0x00, 0x02, 0x14, 0x00, 0x06, 0x00, 0x15, 0x0B, 0, 0x0000B948, 0x0000000C },
    { 0x0227, 0x00, 0x03, 0x03, 0x00, 0x06, 0x00, 0x15, 0x0B, 0, 0x00005690, 0x000004C8 },
    { 0x0227, 0x00, 0x03, 0x05, 0x00, 0x06, 0x00, 0x15, 0x0B, 0, 0x000055B0, 0x000000E0 },
    { 0x0227, 0x00, 0x03, 0x07, 0x00, 0x06, 0x00, 0x15, 0x0B, 0, 0x000054D0, 0x000000E0 },
    { 0x0227, 0x00, 0x03, 0x08, 0x00, 0x06, 0x00, 0x15, 0x0B, 0, 0x00005400, 0x000000D0 },
    { 0x0227, 0x00, 0x03, 0x09, 0x00, 0x06, 0x00, 0x15, 0x0B, 0, 0x00004920, 0x00000AE0 },
    { 0x0227, 0x00, 0x03, 0x0B, 0x00, 0x06, 0x00, 0x15, 0x0B, 0, 0x00004880, 0x000000A0 },
    { 0x0227, 0x00, 0x03, 0x0D, 0x00, 0x06, 0x00, 0x15, 0x0B, 0, 0x000047E0, 0x000000A0 },
    { 0x0227, 0x00, 0x03, 0x0F, 0x00, 0x06, 0x00, 0x15, 0x0B, 0, 0x00004700, 0x000000E0 },
    { 0x0227, 0x00, 0x03, 0x11, 0x00, 0x06, 0x00, 0x15, 0x0B, 0, 0x00004648, 0x000000B8 },
    { 0x0227, 0x00, 0x03, 0x12, 0x00, 0x06, 0x00, 0x15, 0x0B, 0, 0x00004578, 0x000000D0 },
    { 0x0227, 0x00, 0x03, 0x14, 0x00, 0x06, 0x00, 0x15, 0x0B, 0, 0x000044A0, 0x000000D8 },
    { 0x0228, 0x00, 0x00, 0x00, 0x00, 0x06, 0x00, 0x26, 0x00, 0, 0x00000260, 0x00000008 },
    { 0x0228, 0x00, 0x01, 0x00, 0x00, 0x06, 0x00, 0x26, 0x00, 0, 0x000001C8, 0x00000098 },
    { 0x0228, 0x00, 0x02, 0x00, 0x00, 0x06, 0x00, 0x26, 0x00, 0, 0x00000000, 0x0000000C },
    { 0x0228, 0x00, 0x02, 0x01, 0x00, 0x06, 0x00, 0x26, 0x00, 0, 0x0000000C, 0x0000000C },
    { 0x0228, 0x00, 0x02, 0x02, 0x00, 0x06, 0x00, 0x26, 0x00, 0, 0x00000018, 0x0000000C },
    { 0x0228, 0x00, 0x02, 0x03, 0x00, 0x06, 0x00, 0x26, 0x00, 0, 0x00000024, 0x0000000C },
    { 0x0228, 0x00, 0x02, 0x04, 0x00, 0x06, 0x00, 0x26, 0x00, 0, 0x00000030, 0x0000000C },
    { 0x0228, 0x00, 0x02, 0x05, 0x00, 0x06, 0x00, 0x26, 0x00, 0, 0x0000003C, 0x0000000C },
    { 0x0228, 0x00, 0x02, 0x06, 0x00, 0x06, 0x00, 0x26, 0x00, 0, 0x00000048, 0x0000000C },
    { 0x0228, 0x00, 0x02, 0x07, 0x00, 0x06, 0x00, 0x26, 0x00, 0, 0x00000054, 0x0000000C },
    { 0x0228, 0x00, 0x02, 0x08, 0x00, 0x06, 0x00, 0x26, 0x00, 0, 0x00000060, 0x0000000C },
    { 0x0228, 0x00, 0x02, 0x09, 0x00, 0x06, 0x00, 0x26, 0x00, 0, 0x0000006C, 0x0000000C },
    { 0x0228, 0x00, 0x02, 0x0A, 0x00, 0x06, 0x00, 0x26, 0x00, 0, 0x00000078, 0x0000000C },
    { 0x0228, 0x00, 0x02, 0x0B, 0x00, 0x06, 0x00, 0x26, 0x00, 0, 0x00000084, 0x0000000C },
    { 0x0228, 0x00, 0x02, 0x0C, 0x00, 0x06, 0x00, 0x26, 0x00, 0, 0x00000090, 0x0000000C },
    { 0x0228, 0x00, 0x02, 0x0D, 0x00, 0x06, 0x00, 0x26, 0x00, 0, 0x0000009C, 0x0000000C },
    { 0x0228, 0x00, 0x02, 0x0E, 0x00, 0x06, 0x00, 0x26, 0x00, 0, 0x000000A8, 0x0000000C },
    { 0x0228, 0x00, 0x02, 0x0F, 0x00, 0x06, 0x00, 0x26, 0x00, 0, 0x000000B4, 0x0000000C },
    { 0x0228, 0x00, 0x02, 0x10, 0x00, 0x06, 0x00, 0x26, 0x00, 0, 0x000000C0, 0x0000000C },
    { 0x0228, 0x00, 0x02, 0x11, 0x00, 0x06, 0x00, 0x26, 0x00, 0, 0x000000CC, 0x0000000C },
    { 0x0228, 0x00, 0x02, 0x12, 0x00, 0x06, 0x00, 0x26, 0x00, 0, 0x000000D8, 0x0000000C },
    { 0x0228, 0x00, 0x02, 0x13, 0x00, 0x06, 0x00, 0x26, 0x00, 0, 0x000000E4, 0x0000000C },
    { 0x0228, 0x00, 0x02, 0x14, 0x00, 0x06, 0x00, 0x26, 0x00, 0, 0x000000F0, 0x0000000C },
    { 0x0228, 0x00, 0x02, 0x15, 0x00, 0x06, 0x00, 0x26, 0x00, 0, 0x000000FC, 0x0000000C },
    { 0x0228, 0x00, 0x02, 0x16, 0x00, 0x06, 0x00, 0x26, 0x00, 0, 0x00000108, 0x0000000C },
    { 0x0228, 0x00, 0x02, 0x17, 0x00, 0x06, 0x00, 0x26, 0x00, 0, 0x00000114, 0x0000000C },
    { 0x0228, 0x00, 0x02, 0x18, 0x00, 0x06, 0x00, 0x26, 0x00, 0, 0x00000120, 0x0000000C },
    { 0x0228, 0x00, 0x02, 0x19, 0x00, 0x06, 0x00, 0x26, 0x00, 0, 0x0000012C, 0x0000000C },
    { 0x0228, 0x00, 0x02, 0x1A, 0x00, 0x06, 0x00, 0x26, 0x00, 0, 0x00000138, 0x0000000C },
    { 0x0228, 0x00, 0x02, 0x1B, 0x00, 0x06, 0x00, 0x26, 0x00, 0, 0x00000144, 0x0000000C },
    { 0x0228, 0x00, 0x02, 0x1C, 0x00, 0x06, 0x00, 0x26, 0x00, 0, 0x00000150, 0x0000000C },
    { 0x0228, 0x00, 0x02, 0x1D, 0x00, 0x06, 0x00, 0x26, 0x00, 0, 0x0000015C, 0x0000000C },
    { 0x0228, 0x00, 0x02, 0x1E, 0x00, 0x06, 0x00, 0x26, 0x00, 0, 0x00000168, 0x0000000C },
    { 0x0228, 0x00, 0x02, 0x1F, 0x00, 0x06, 0x00, 0x26, 0x00, 0, 0x00000174, 0x0000000C },
    { 0x0228, 0x00, 0x02, 0x20, 0x00, 0x06, 0x00, 0x26, 0x00, 0, 0x00000180, 0x0000000C },
    { 0x0228, 0x00, 0x02, 0x21, 0x00, 0x06, 0x00, 0x26, 0x00, 0, 0x0000018C, 0x0000000C },
    { 0x0228, 0x00, 0x02, 0x22, 0x00, 0x06, 0x00, 0x26, 0x00, 0, 0x00000198, 0x0000000C },
    { 0x0228, 0x00, 0x02, 0x23, 0x00, 0x06, 0x00, 0x26, 0x00, 0, 0x000001A4, 0x0000000C },
    { 0x0228, 0x00, 0x02, 0x24, 0x00, 0x06, 0x00, 0x26, 0x00, 0, 0x000001B0, 0x0000000C },
    { 0x0228, 0x00, 0x02, 0x25, 0x00, 0x06, 0x00, 0x26, 0x00, 0, 0x000001BC, 0x0000000C },
    { 0x0228, 0x00, 0x03, 0x08, 0x00, 0x06, 0x00, 0x26, 0x00, 0, 0x00001468, 0x00000058 },
    { 0x0228, 0x00, 0x03, 0x09, 0x00, 0x06, 0x00, 0x26, 0x00, 0, 0x000014C0, 0x00000058 },
    { 0x0228, 0x00, 0x03, 0x0A, 0x00, 0x06, 0x00, 0x26, 0x00, 0, 0x00001518, 0x00000058 },
    { 0x0228, 0x00, 0x03, 0x0F, 0x00, 0x06, 0x00, 0x26, 0x00, 0, 0x00001140, 0x00000058 },
    { 0x0228, 0x00, 0x03, 0x10, 0x00, 0x06, 0x00, 0x26, 0x00, 0, 0x00001198, 0x00000058 },
    { 0x0228, 0x00, 0x03, 0x11, 0x00, 0x06, 0x00, 0x26, 0x00, 0, 0x000011F0, 0x00000058 },
    { 0x0228, 0x00, 0x03, 0x12, 0x00, 0x06, 0x00, 0x26, 0x00, 0, 0x00000D90, 0x000000B8 },
    { 0x0228, 0x00, 0x03, 0x16, 0x00, 0x06, 0x00, 0x26, 0x00, 0, 0x00000E48, 0x00000128 },
    { 0x0228, 0x00, 0x03, 0x1B, 0x00, 0x06, 0x00, 0x26, 0x00, 0, 0x00001248, 0x00000090 },
    { 0x0228, 0x00, 0x03, 0x1C, 0x00, 0x06, 0x00, 0x26, 0x00, 0, 0x000012D8, 0x000000B8 },
    { 0x0228, 0x00, 0x03, 0x1D, 0x00, 0x06, 0x00, 0x26, 0x00, 0, 0x00001390, 0x000000D8 },
    { 0x0228, 0x00, 0x03, 0x22, 0x00, 0x06, 0x00, 0x26, 0x00, 0, 0x00000F70, 0x00000058 },
    { 0x0228, 0x00, 0x03, 0x23, 0x00, 0x06, 0x00, 0x26, 0x00, 0, 0x00000FC8, 0x000000B8 },
    { 0x0228, 0x00, 0x03, 0x24, 0x00, 0x06, 0x00, 0x26, 0x00, 0, 0x00001080, 0x000000C0 },
    { 0x0228, 0x00, 0x03, 0x25, 0x00, 0x06, 0x00, 0x26, 0x00, 0, 0x00000CB8, 0x000000D8 },
    { 0x022B, 0x00, 0x00, 0x00, 0x00, 0x06, 0x00, 0x26, 0x00, 0, 0x00000260, 0x00000008 },
    { 0x022B, 0x00, 0x01, 0x00, 0x00, 0x06, 0x00, 0x26, 0x00, 0, 0x000001C8, 0x00000098 },
    { 0x022B, 0x00, 0x02, 0x00, 0x00, 0x06, 0x00, 0x26, 0x00, 0, 0x00000000, 0x0000000C },
    { 0x022B, 0x00, 0x02, 0x01, 0x00, 0x06, 0x00, 0x26, 0x00, 0, 0x0000000C, 0x0000000C },
    { 0x022B, 0x00, 0x02, 0x02, 0x00, 0x06, 0x00, 0x26, 0x00, 0, 0x00000018, 0x0000000C },
    { 0x022B, 0x00, 0x02, 0x03, 0x00, 0x06, 0x00, 0x26, 0x00, 0, 0x00000024, 0x0000000C },
    { 0x022B, 0x00, 0x02, 0x04, 0x00, 0x06, 0x00, 0x26, 0x00, 0, 0x00000030, 0x0000000C },
    { 0x022B, 0x00, 0x02, 0x05, 0x00, 0x06, 0x00, 0x26, 0x00, 0, 0x0000003C, 0x0000000C },
    { 0x022B, 0x00, 0x02, 0x06, 0x00, 0x06, 0x00, 0x26, 0x00, 0, 0x00000048, 0x0000000C },
    { 0x022B, 0x00, 0x02, 0x07, 0x00, 0x06, 0x00, 0x26, 0x00, 0, 0x00000054, 0x0000000C },
    { 0x022B, 0x00, 0x02, 0x08, 0x00, 0x06, 0x00, 0x26, 0x00, 0, 0x00000060, 0x0000000C },
    { 0x022B, 0x00, 0x02, 0x09, 0x00, 0x06, 0x00, 0x26, 0x00, 0, 0x0000006C, 0x0000000C },
    { 0x022B, 0x00, 0x02, 0x0A, 0x00, 0x06, 0x00, 0x26, 0x00, 0, 0x00000078, 0x0000000C },
    { 0x022B, 0x00, 0x02, 0x0B, 0x00, 0x06, 0x00, 0x26, 0x00, 0, 0x00000084, 0x0000000C },
    { 0x022B, 0x00, 0x02, 0x0C, 0x00, 0x06, 0x00, 0x26, 0x00, 0, 0x00000090, 0x0000000C },
    { 0x022B, 0x00, 0x02, 0x0D, 0x00, 0x06, 0x00, 0x26, 0x00, 0, 0x0000009C, 0x0000000C },
    { 0x022B, 0x00, 0x02, 0x0E, 0x00, 0x06, 0x00, 0x26, 0x00, 0, 0x000000A8, 0x0000000C },
    { 0x022B, 0x00, 0x02, 0x0F, 0x00, 0x06, 0x00, 0x26, 0x00, 0, 0x000000B4, 0x0000000C },
    { 0x022B, 0x00, 0x02, 0x10, 0x00, 0x06, 0x00, 0x26, 0x00, 0, 0x000000C0, 0x0000000C },
    { 0x022B, 0x00, 0x02, 0x11, 0x00, 0x06, 0x00, 0x26, 0x00, 0, 0x000000CC, 0x0000000C },
    { 0x022B, 0x00, 0x02, 0x12, 0x00, 0x06, 0x00, 0x26, 0x00, 0, 0x000000D8, 0x0000000C },
    { 0x022B, 0x00, 0x02, 0x13, 0x00, 0x06, 0x00, 0x26, 0x00, 0, 0x000000E4, 0x0000000C },
    { 0x022B, 0x00, 0x02, 0x14, 0x00, 0x06, 0x00, 0x26, 0x00, 0, 0x000000F0, 0x0000000C },
    { 0x022B, 0x00, 0x02, 0x15, 0x00, 0x06, 0x00, 0x26, 0x00, 0, 0x000000FC, 0x0000000C },
    { 0x022B, 0x00, 0x02, 0x16, 0x00, 0x06, 0x00, 0x26, 0x00, 0, 0x00000108, 0x0000000C },
    { 0x022B, 0x00, 0x02, 0x17, 0x00, 0x06, 0x00, 0x26, 0x00, 0, 0x00000114, 0x0000000C },
    { 0x022B, 0x00, 0x02, 0x18, 0x00, 0x06, 0x00, 0x26, 0x00, 0, 0x00000120, 0x0000000C },
    { 0x022B, 0x00, 0x02, 0x19, 0x00, 0x06, 0x00, 0x26, 0x00, 0, 0x0000012C, 0x0000000C },
    { 0x022B, 0x00, 0x02, 0x1A, 0x00, 0x06, 0x00, 0x26, 0x00, 0, 0x00000138, 0x0000000C },
    { 0x022B, 0x00, 0x02, 0x1B, 0x00, 0x06, 0x00, 0x26, 0x00, 0, 0x00000144, 0x0000000C },
    { 0x022B, 0x00, 0x02, 0x1C, 0x00, 0x06, 0x00, 0x26, 0x00, 0, 0x00000150, 0x0000000C },
    { 0x022B, 0x00, 0x02, 0x1D, 0x00, 0x06, 0x00, 0x26, 0x00, 0, 0x0000015C, 0x0000000C },
    { 0x022B, 0x00, 0x02, 0x1E, 0x00, 0x06, 0x00, 0x26, 0x00, 0, 0x00000168, 0x0000000C },
    { 0x022B, 0x00, 0x02, 0x1F, 0x00, 0x06, 0x00, 0x26, 0x00, 0, 0x00000174, 0x0000000C },
    { 0x022B, 0x00, 0x02, 0x20, 0x00, 0x06, 0x00, 0x26, 0x00, 0, 0x00000180, 0x0000000C },
    { 0x022B, 0x00, 0x02, 0x21, 0x00, 0x06, 0x00, 0x26, 0x00, 0, 0x0000018C, 0x0000000C },
    { 0x022B, 0x00, 0x02, 0x22, 0x00, 0x06, 0x00, 0x26, 0x00, 0, 0x00000198, 0x0000000C },
    { 0x022B, 0x00, 0x02, 0x23, 0x00, 0x06, 0x00, 0x26, 0x00, 0, 0x000001A4, 0x0000000C },
    { 0x022B, 0x00, 0x02, 0x24, 0x00, 0x06, 0x00, 0x26, 0x00, 0, 0x000001B0, 0x0000000C },
    { 0x022B, 0x00, 0x02, 0x25, 0x00, 0x06, 0x00, 0x26, 0x00, 0, 0x000001BC, 0x0000000C },
    { 0x022B, 0x00, 0x03, 0x08, 0x00, 0x06, 0x00, 0x26, 0x00, 0, 0x00002C00, 0x00000058 },
    { 0x022B, 0x00, 0x03, 0x09, 0x00, 0x06, 0x00, 0x26, 0x00, 0, 0x00002C58, 0x00000058 },
    { 0x022B, 0x00, 0x03, 0x0A, 0x00, 0x06, 0x00, 0x26, 0x00, 0, 0x00002CB0, 0x00000058 },
    { 0x022B, 0x00, 0x03, 0x0F, 0x00, 0x06, 0x00, 0x26, 0x00, 0, 0x00002810, 0x00000058 },
    { 0x022B, 0x00, 0x03, 0x10, 0x00, 0x06, 0x00, 0x26, 0x00, 0, 0x00002868, 0x00000058 },
    { 0x022B, 0x00, 0x03, 0x11, 0x00, 0x06, 0x00, 0x26, 0x00, 0, 0x000028C0, 0x00000058 },
    { 0x022B, 0x00, 0x03, 0x12, 0x00, 0x06, 0x00, 0x26, 0x00, 0, 0x00002118, 0x000000F0 },
    { 0x022B, 0x00, 0x03, 0x16, 0x00, 0x06, 0x00, 0x26, 0x00, 0, 0x00002208, 0x00000320 },
    { 0x022B, 0x00, 0x03, 0x1B, 0x00, 0x06, 0x00, 0x26, 0x00, 0, 0x00002918, 0x00000118 },
    { 0x022B, 0x00, 0x03, 0x1C, 0x00, 0x06, 0x00, 0x26, 0x00, 0, 0x00002A30, 0x00000108 },
    { 0x022B, 0x00, 0x03, 0x1D, 0x00, 0x06, 0x00, 0x26, 0x00, 0, 0x00002B38, 0x000000C8 },
    { 0x022B, 0x00, 0x03, 0x22, 0x00, 0x06, 0x00, 0x26, 0x00, 0, 0x00002528, 0x00000118 },
    { 0x022B, 0x00, 0x03, 0x23, 0x00, 0x06, 0x00, 0x26, 0x00, 0, 0x00002640, 0x00000108 },
    { 0x022B, 0x00, 0x03, 0x24, 0x00, 0x06, 0x00, 0x26, 0x00, 0, 0x00002748, 0x000000C8 },
    { 0x022B, 0x00, 0x03, 0x25, 0x00, 0x06, 0x00, 0x26, 0x00, 0, 0x00001F28, 0x000001F0 },
    { 0x022C, 0x00, 0x00, 0x00, 0x00, 0x06, 0x00, 0x26, 0x00, 0, 0x00000260, 0x00000008 },
    { 0x022C, 0x00, 0x01, 0x00, 0x00, 0x06, 0x00, 0x26, 0x00, 0, 0x000001C8, 0x00000098 },
    { 0x022C, 0x00, 0x02, 0x00, 0x00, 0x06, 0x00, 0x26, 0x00, 0, 0x00000000, 0x0000000C },
    { 0x022C, 0x00, 0x02, 0x01, 0x00, 0x06, 0x00, 0x26, 0x00, 0, 0x0000000C, 0x0000000C },
    { 0x022C, 0x00, 0x02, 0x02, 0x00, 0x06, 0x00, 0x26, 0x00, 0, 0x00000018, 0x0000000C },
    { 0x022C, 0x00, 0x02, 0x03, 0x00, 0x06, 0x00, 0x26, 0x00, 0, 0x00000024, 0x0000000C },
    { 0x022C, 0x00, 0x02, 0x04, 0x00, 0x06, 0x00, 0x26, 0x00, 0, 0x00000030, 0x0000000C },
    { 0x022C, 0x00, 0x02, 0x05, 0x00, 0x06, 0x00, 0x26, 0x00, 0, 0x0000003C, 0x0000000C },
    { 0x022C, 0x00, 0x02, 0x06, 0x00, 0x06, 0x00, 0x26, 0x00, 0, 0x00000048, 0x0000000C },
    { 0x022C, 0x00, 0x02, 0x07, 0x00, 0x06, 0x00, 0x26, 0x00, 0, 0x00000054, 0x0000000C },
    { 0x022C, 0x00, 0x02, 0x08, 0x00, 0x06, 0x00, 0x26, 0x00, 0, 0x00000060, 0x0000000C },
    { 0x022C, 0x00, 0x02, 0x09, 0x00, 0x06, 0x00, 0x26, 0x00, 0, 0x0000006C, 0x0000000C },
    { 0x022C, 0x00, 0x02, 0x0A, 0x00, 0x06, 0x00, 0x26, 0x00, 0, 0x00000078, 0x0000000C },
    { 0x022C, 0x00, 0x02, 0x0B, 0x00, 0x06, 0x00, 0x26, 0x00, 0, 0x00000084, 0x0000000C },
    { 0x022C, 0x00, 0x02, 0x0C, 0x00, 0x06, 0x00, 0x26, 0x00, 0, 0x00000090, 0x0000000C },
    { 0x022C, 0x00, 0x02, 0x0D, 0x00, 0x06, 0x00, 0x26, 0x00, 0, 0x0000009C, 0x0000000C },
    { 0x022C, 0x00, 0x02, 0x0E, 0x00, 0x06, 0x00, 0x26, 0x00, 0, 0x000000A8, 0x0000000C },
    { 0x022C, 0x00, 0x02, 0x0F, 0x00, 0x06, 0x00, 0x26, 0x00, 0, 0x000000B4, 0x0000000C },
    { 0x022C, 0x00, 0x02, 0x10, 0x00, 0x06, 0x00, 0x26, 0x00, 0, 0x000000C0, 0x0000000C },
    { 0x022C, 0x00, 0x02, 0x11, 0x00, 0x06, 0x00, 0x26, 0x00, 0, 0x000000CC, 0x0000000C },
    { 0x022C, 0x00, 0x02, 0x12, 0x00, 0x06, 0x00, 0x26, 0x00, 0, 0x000000D8, 0x0000000C },
    { 0x022C, 0x00, 0x02, 0x13, 0x00, 0x06, 0x00, 0x26, 0x00, 0, 0x000000E4, 0x0000000C },
    { 0x022C, 0x00, 0x02, 0x14, 0x00, 0x06, 0x00, 0x26, 0x00, 0, 0x000000F0, 0x0000000C },
    { 0x022C, 0x00, 0x02, 0x15, 0x00, 0x06, 0x00, 0x26, 0x00, 0, 0x000000FC, 0x0000000C },
    { 0x022C, 0x00, 0x02, 0x16, 0x00, 0x06, 0x00, 0x26, 0x00, 0, 0x00000108, 0x0000000C },
    { 0x022C, 0x00, 0x02, 0x17, 0x00, 0x06, 0x00, 0x26, 0x00, 0, 0x00000114, 0x0000000C },
    { 0x022C, 0x00, 0x02, 0x18, 0x00, 0x06, 0x00, 0x26, 0x00, 0, 0x00000120, 0x0000000C },
    { 0x022C, 0x00, 0x02, 0x19, 0x00, 0x06, 0x00, 0x26, 0x00, 0, 0x0000012C, 0x0000000C },
    { 0x022C, 0x00, 0x02, 0x1A, 0x00, 0x06, 0x00, 0x26, 0x00, 0, 0x00000138, 0x0000000C },
    { 0x022C, 0x00, 0x02, 0x1B, 0x00, 0x06, 0x00, 0x26, 0x00, 0, 0x00000144, 0x0000000C },
    { 0x022C, 0x00, 0x02, 0x1C, 0x00, 0x06, 0x00, 0x26, 0x00, 0, 0x00000150, 0x0000000C },
    { 0x022C, 0x00, 0x02, 0x1D, 0x00, 0x06, 0x00, 0x26, 0x00, 0, 0x0000015C, 0x0000000C },
    { 0x022C, 0x00, 0x02, 0x1E, 0x00, 0x06, 0x00, 0x26, 0x00, 0, 0x00000168, 0x0000000C },
    { 0x022C, 0x00, 0x02, 0x1F, 0x00, 0x06, 0x00, 0x26, 0x00, 0, 0x00000174, 0x0000000C },
    { 0x022C, 0x00, 0x02, 0x20, 0x00, 0x06, 0x00, 0x26, 0x00, 0, 0x00000180, 0x0000000C },
    { 0x022C, 0x00, 0x02, 0x21, 0x00, 0x06, 0x00, 0x26, 0x00, 0, 0x0000018C, 0x0000000C },
    { 0x022C, 0x00, 0x02, 0x22, 0x00, 0x06, 0x00, 0x26, 0x00, 0, 0x00000198, 0x0000000C },
    { 0x022C, 0x00, 0x02, 0x23, 0x00, 0x06, 0x00, 0x26, 0x00, 0, 0x000001A4, 0x0000000C },
    { 0x022C, 0x00, 0x02, 0x24, 0x00, 0x06, 0x00, 0x26, 0x00, 0, 0x000001B0, 0x0000000C },
    { 0x022C, 0x00, 0x02, 0x25, 0x00, 0x06, 0x00, 0x26, 0x00, 0, 0x000001BC, 0x0000000C },
    { 0x022C, 0x00, 0x03, 0x08, 0x00, 0x06, 0x00, 0x26, 0x00, 0, 0x00001290, 0x00000058 },
    { 0x022C, 0x00, 0x03, 0x09, 0x00, 0x06, 0x00, 0x26, 0x00, 0, 0x000012E8, 0x00000058 },
    { 0x022C, 0x00, 0x03, 0x0A, 0x00, 0x06, 0x00, 0x26, 0x00, 0, 0x00001340, 0x00000058 },
    { 0x022C, 0x00, 0x03, 0x0F, 0x00, 0x06, 0x00, 0x26, 0x00, 0, 0x00000FC0, 0x00000058 },
    { 0x022C, 0x00, 0x03, 0x10, 0x00, 0x06, 0x00, 0x26, 0x00, 0, 0x00001018, 0x00000058 },
    { 0x022C, 0x00, 0x03, 0x11, 0x00, 0x06, 0x00, 0x26, 0x00, 0, 0x00001070, 0x00000058 },
    { 0x022C, 0x00, 0x03, 0x12, 0x00, 0x06, 0x00, 0x26, 0x00, 0, 0x00000BE8, 0x000000A8 },
    { 0x022C, 0x00, 0x03, 0x16, 0x00, 0x06, 0x00, 0x26, 0x00, 0, 0x00000C90, 0x00000168 },
    { 0x022C, 0x00, 0x03, 0x1B, 0x00, 0x06, 0x00, 0x26, 0x00, 0, 0x000010C8, 0x000000A0 },
    { 0x022C, 0x00, 0x03, 0x1C, 0x00, 0x06, 0x00, 0x26, 0x00, 0, 0x00001168, 0x000000C0 },
    { 0x022C, 0x00, 0x03, 0x1D, 0x00, 0x06, 0x00, 0x26, 0x00, 0, 0x00001228, 0x00000068 },
    { 0x022C, 0x00, 0x03, 0x22, 0x00, 0x06, 0x00, 0x26, 0x00, 0, 0x00000DF8, 0x000000A0 },
    { 0x022C, 0x00, 0x03, 0x23, 0x00, 0x06, 0x00, 0x26, 0x00, 0, 0x00000E98, 0x000000C0 },
    { 0x022C, 0x00, 0x03, 0x24, 0x00, 0x06, 0x00, 0x26, 0x00, 0, 0x00000F58, 0x00000068 },
    { 0x022C, 0x00, 0x03, 0x25, 0x00, 0x06, 0x00, 0x26, 0x00, 0, 0x00001398, 0x000000D0 },
    { 0x022D, 0x00, 0x00, 0x00, 0x00, 0x06, 0x02, 0x2E, 0x00, 0, 0x00006B2C, 0x00000008 },
    { 0x022D, 0x00, 0x01, 0x00, 0x00, 0x06, 0x02, 0x2E, 0x00, 0, 0x00006A74, 0x000000B8 },
    { 0x022D, 0x00, 0x02, 0x00, 0x00, 0x06, 0x02, 0x2E, 0x00, 0, 0x00006794, 0x00000010 },
    { 0x022D, 0x00, 0x02, 0x01, 0x00, 0x06, 0x02, 0x2E, 0x00, 0, 0x000067A4, 0x00000010 },
    { 0x022D, 0x00, 0x02, 0x02, 0x00, 0x06, 0x02, 0x2E, 0x00, 0, 0x000067B4, 0x00000010 },
    { 0x022D, 0x00, 0x02, 0x03, 0x00, 0x06, 0x02, 0x2E, 0x00, 0, 0x000067C4, 0x00000010 },
    { 0x022D, 0x00, 0x02, 0x04, 0x00, 0x06, 0x02, 0x2E, 0x00, 0, 0x000067D4, 0x00000010 },
    { 0x022D, 0x00, 0x02, 0x05, 0x00, 0x06, 0x02, 0x2E, 0x00, 0, 0x000067E4, 0x00000010 },
    { 0x022D, 0x00, 0x02, 0x06, 0x00, 0x06, 0x02, 0x2E, 0x00, 0, 0x000067F4, 0x00000010 },
    { 0x022D, 0x00, 0x02, 0x07, 0x00, 0x06, 0x02, 0x2E, 0x00, 0, 0x00006804, 0x00000010 },
    { 0x022D, 0x00, 0x02, 0x08, 0x00, 0x06, 0x02, 0x2E, 0x00, 0, 0x00006814, 0x00000010 },
    { 0x022D, 0x00, 0x02, 0x09, 0x00, 0x06, 0x02, 0x2E, 0x00, 0, 0x00006824, 0x00000010 },
    { 0x022D, 0x00, 0x02, 0x0A, 0x00, 0x06, 0x02, 0x2E, 0x00, 0, 0x00006834, 0x00000010 },
    { 0x022D, 0x00, 0x02, 0x0B, 0x00, 0x06, 0x02, 0x2E, 0x00, 0, 0x00006844, 0x00000010 },
    { 0x022D, 0x00, 0x02, 0x0C, 0x00, 0x06, 0x02, 0x2E, 0x00, 0, 0x00006854, 0x00000010 },
    { 0x022D, 0x00, 0x02, 0x0D, 0x00, 0x06, 0x02, 0x2E, 0x00, 0, 0x00006864, 0x00000010 },
    { 0x022D, 0x00, 0x02, 0x0E, 0x00, 0x06, 0x02, 0x2E, 0x00, 0, 0x00006874, 0x00000010 },
    { 0x022D, 0x00, 0x02, 0x0F, 0x00, 0x06, 0x02, 0x2E, 0x00, 0, 0x00006884, 0x00000010 },
    { 0x022D, 0x00, 0x02, 0x10, 0x00, 0x06, 0x02, 0x2E, 0x00, 0, 0x00006894, 0x00000010 },
    { 0x022D, 0x00, 0x02, 0x11, 0x00, 0x06, 0x02, 0x2E, 0x00, 0, 0x000068A4, 0x00000010 },
    { 0x022D, 0x00, 0x02, 0x12, 0x00, 0x06, 0x02, 0x2E, 0x00, 0, 0x000068B4, 0x00000010 },
    { 0x022D, 0x00, 0x02, 0x13, 0x00, 0x06, 0x02, 0x2E, 0x00, 0, 0x000068C4, 0x00000010 },
    { 0x022D, 0x00, 0x02, 0x14, 0x00, 0x06, 0x02, 0x2E, 0x00, 0, 0x000068D4, 0x00000010 },
    { 0x022D, 0x00, 0x02, 0x15, 0x00, 0x06, 0x02, 0x2E, 0x00, 0, 0x000068E4, 0x00000010 },
    { 0x022D, 0x00, 0x02, 0x16, 0x00, 0x06, 0x02, 0x2E, 0x00, 0, 0x000068F4, 0x00000010 },
    { 0x022D, 0x00, 0x02, 0x17, 0x00, 0x06, 0x02, 0x2E, 0x00, 0, 0x00006904, 0x00000010 },
    { 0x022D, 0x00, 0x02, 0x18, 0x00, 0x06, 0x02, 0x2E, 0x00, 0, 0x00006914, 0x00000010 },
    { 0x022D, 0x00, 0x02, 0x19, 0x00, 0x06, 0x02, 0x2E, 0x00, 0, 0x00006924, 0x00000010 },
    { 0x022D, 0x00, 0x02, 0x1A, 0x00, 0x06, 0x02, 0x2E, 0x00, 0, 0x00006934, 0x00000010 },
    { 0x022D, 0x00, 0x02, 0x1B, 0x00, 0x06, 0x02, 0x2E, 0x00, 0, 0x00006944, 0x00000010 },
    { 0x022D, 0x00, 0x02, 0x1C, 0x00, 0x06, 0x02, 0x2E, 0x00, 0, 0x00006954, 0x00000010 },
    { 0x022D, 0x00, 0x02, 0x1D, 0x00, 0x06, 0x02, 0x2E, 0x00, 0, 0x00006964, 0x00000010 },
    { 0x022D, 0x00, 0x02, 0x1E, 0x00, 0x06, 0x02, 0x2E, 0x00, 0, 0x00006974, 0x00000010 },
    { 0x022D, 0x00, 0x02, 0x1F, 0x00, 0x06, 0x02, 0x2E, 0x00, 0, 0x00006984, 0x00000010 },
    { 0x022D, 0x00, 0x02, 0x20, 0x00, 0x06, 0x02, 0x2E, 0x00, 0, 0x00006994, 0x00000010 },
    { 0x022D, 0x00, 0x02, 0x21, 0x00, 0x06, 0x02, 0x2E, 0x00, 0, 0x000069A4, 0x00000010 },
    { 0x022D, 0x00, 0x02, 0x22, 0x00, 0x06, 0x02, 0x2E, 0x00, 0, 0x000069B4, 0x00000010 },
    { 0x022D, 0x00, 0x02, 0x23, 0x00, 0x06, 0x02, 0x2E, 0x00, 0, 0x000069C4, 0x00000010 },
    { 0x022D, 0x00, 0x02, 0x24, 0x00, 0x06, 0x02, 0x2E, 0x00, 0, 0x000069D4, 0x00000010 },
    { 0x022D, 0x00, 0x02, 0x25, 0x00, 0x06, 0x02, 0x2E, 0x00, 0, 0x000069E4, 0x00000010 },
    { 0x022D, 0x00, 0x02, 0x26, 0x00, 0x06, 0x02, 0x2E, 0x00, 0, 0x000069F4, 0x00000010 },
    { 0x022D, 0x00, 0x02, 0x27, 0x00, 0x06, 0x02, 0x2E, 0x00, 0, 0x00006A04, 0x00000010 },
    { 0x022D, 0x00, 0x02, 0x28, 0x00, 0x06, 0x02, 0x2E, 0x00, 0, 0x00006A14, 0x00000010 },
    { 0x022D, 0x00, 0x02, 0x29, 0x00, 0x06, 0x02, 0x2E, 0x00, 0, 0x00006A24, 0x00000010 },
    { 0x022D, 0x00, 0x02, 0x2A, 0x00, 0x06, 0x02, 0x2E, 0x00, 0, 0x00006A34, 0x00000010 },
    { 0x022D, 0x00, 0x02, 0x2B, 0x00, 0x06, 0x02, 0x2E, 0x00, 0, 0x00006A44, 0x00000010 },
    { 0x022D, 0x00, 0x02, 0x2C, 0x00, 0x06, 0x02, 0x2E, 0x00, 0, 0x00006A54, 0x00000010 },
    { 0x022D, 0x00, 0x02, 0x2D, 0x00, 0x06, 0x02, 0x2E, 0x00, 0, 0x00006A64, 0x00000010 },
    { 0x022D, 0x00, 0x03, 0x05, 0x00, 0x06, 0x02, 0x2E, 0x00, 0, 0x000036F8, 0x00000858 },
    { 0x022D, 0x00, 0x03, 0x0D, 0x00, 0x06, 0x02, 0x2E, 0x00, 0, 0x00002258, 0x00000318 },
    { 0x022D, 0x00, 0x03, 0x14, 0x00, 0x06, 0x02, 0x2E, 0x00, 0, 0x00001DA0, 0x00000118 },
    { 0x022D, 0x00, 0x03, 0x15, 0x00, 0x06, 0x02, 0x2E, 0x00, 0, 0x00001CE8, 0x000000B8 },
    { 0x022D, 0x00, 0x03, 0x1C, 0x00, 0x06, 0x02, 0x2E, 0x00, 0, 0x00001F70, 0x00000118 },
    { 0x022D, 0x00, 0x03, 0x1D, 0x00, 0x06, 0x02, 0x2E, 0x00, 0, 0x00001EB8, 0x000000B8 },
    { 0x022D, 0x00, 0x03, 0x24, 0x00, 0x06, 0x02, 0x2E, 0x00, 0, 0x00001BD0, 0x00000118 },
    { 0x022D, 0x00, 0x03, 0x25, 0x00, 0x06, 0x02, 0x2E, 0x00, 0, 0x00001B18, 0x000000B8 },
    { 0x022D, 0x00, 0x03, 0x2C, 0x00, 0x06, 0x02, 0x2E, 0x00, 0, 0x00002140, 0x00000118 },
    { 0x022D, 0x00, 0x03, 0x2D, 0x00, 0x06, 0x02, 0x2E, 0x00, 0, 0x00002088, 0x000000B8 },
    { 0x022D, 0x00, 0x04, 0x05, 0x00, 0x06, 0x02, 0x2E, 0x00, 0, 0x00006788, 0x0000000C },
    { 0x022D, 0x00, 0x05, 0x05, 0x00, 0x06, 0x02, 0x2E, 0x00, 0, 0x00005F08, 0x00000880 },
    { 0x022D, 0x00, 0x06, 0x05, 0x00, 0x06, 0x02, 0x2E, 0x00, 0, 0x00004BCC, 0x0000001E },
    { 0x022D, 0x00, 0x06, 0x05, 0x01, 0x06, 0x02, 0x2E, 0x00, 0, 0x00004BEC, 0x00000028 },
    { 0x022D, 0x00, 0x06, 0x05, 0x02, 0x06, 0x02, 0x2E, 0x00, 0, 0x00004C14, 0x0000001E },
    { 0x022D, 0x00, 0x06, 0x05, 0x03, 0x06, 0x02, 0x2E, 0x00, 0, 0x00004C34, 0x00000032 },
    { 0x022D, 0x00, 0x06, 0x05, 0x04, 0x06, 0x02, 0x2E, 0x00, 0, 0x00004C68, 0x0000001E },
    { 0x022D, 0x00, 0x06, 0x05, 0x05, 0x06, 0x02, 0x2E, 0x00, 0, 0x00004C88, 0x00000014 },
    { 0x022D, 0x00, 0x06, 0x05, 0x06, 0x06, 0x02, 0x2E, 0x00, 0, 0x00004C9C, 0x00000028 },
    { 0x022D, 0x00, 0x06, 0x05, 0x07, 0x06, 0x02, 0x2E, 0x00, 0, 0x00004CC4, 0x0000003C },
    { 0x022D, 0x00, 0x06, 0x05, 0x08, 0x06, 0x02, 0x2E, 0x00, 0, 0x00004D00, 0x00000032 },
    { 0x022D, 0x00, 0x06, 0x05, 0x09, 0x06, 0x02, 0x2E, 0x00, 0, 0x00004D34, 0x00000028 },
    { 0x022D, 0x00, 0x06, 0x05, 0x0A, 0x06, 0x02, 0x2E, 0x00, 0, 0x00004D5C, 0x00000028 },
    { 0x022D, 0x00, 0x06, 0x05, 0x0B, 0x06, 0x02, 0x2E, 0x00, 0, 0x00004D84, 0x00000032 },
    { 0x022D, 0x00, 0x06, 0x05, 0x0C, 0x06, 0x02, 0x2E, 0x00, 0, 0x00004DB8, 0x00000032 },
    { 0x022D, 0x00, 0x06, 0x05, 0x0D, 0x06, 0x02, 0x2E, 0x00, 0, 0x00004DEC, 0x0000001E },
    { 0x022D, 0x00, 0x06, 0x05, 0x0E, 0x06, 0x02, 0x2E, 0x00, 0, 0x00004E0C, 0x00000028 },
    { 0x022D, 0x00, 0x06, 0x05, 0x0F, 0x06, 0x02, 0x2E, 0x00, 0, 0x00004E34, 0x00000032 },
    { 0x022D, 0x00, 0x06, 0x05, 0x10, 0x06, 0x02, 0x2E, 0x00, 0, 0x00004E68, 0x00000032 },
    { 0x022D, 0x00, 0x06, 0x05, 0x11, 0x06, 0x02, 0x2E, 0x00, 0, 0x00004E9C, 0x0000003C },
    { 0x022D, 0x00, 0x06, 0x05, 0x12, 0x06, 0x02, 0x2E, 0x00, 0, 0x00004ED8, 0x00000014 },
    { 0x022D, 0x00, 0x06, 0x05, 0x13, 0x06, 0x02, 0x2E, 0x00, 0, 0x00004EEC, 0x0000000A },
    { 0x022D, 0x00, 0x06, 0x05, 0x14, 0x06, 0x02, 0x2E, 0x00, 0, 0x00004EF8, 0x0000000A },
    { 0x022D, 0x00, 0x06, 0x05, 0x15, 0x06, 0x02, 0x2E, 0x00, 0, 0x00004F04, 0x0000003C },
    { 0x022D, 0x00, 0x06, 0x05, 0x16, 0x06, 0x02, 0x2E, 0x00, 0, 0x00004F40, 0x0000001E },
    { 0x022D, 0x00, 0x06, 0x05, 0x17, 0x06, 0x02, 0x2E, 0x00, 0, 0x00004F60, 0x0000001E },
    { 0x022D, 0x00, 0x06, 0x05, 0x18, 0x06, 0x02, 0x2E, 0x00, 0, 0x00004F80, 0x00000028 },
    { 0x022D, 0x00, 0x06, 0x05, 0x19, 0x06, 0x02, 0x2E, 0x00, 0, 0x00004FA8, 0x00000028 },
    { 0x022D, 0x00, 0x06, 0x05, 0x1A, 0x06, 0x02, 0x2E, 0x00, 0, 0x00004FD0, 0x00000028 },
    { 0x022D, 0x00, 0x06, 0x05, 0x1B, 0x06, 0x02, 0x2E, 0x00, 0, 0x00004FF8, 0x00000014 },
    { 0x022D, 0x00, 0x06, 0x05, 0x1C, 0x06, 0x02, 0x2E, 0x00, 0, 0x0000500C, 0x0000001E },
    { 0x022D, 0x00, 0x06, 0x05, 0x1D, 0x06, 0x02, 0x2E, 0x00, 0, 0x0000502C, 0x00000014 },
    { 0x022D, 0x00, 0x06, 0x05, 0x1E, 0x06, 0x02, 0x2E, 0x00, 0, 0x00005040, 0x00000014 },
    { 0x022D, 0x00, 0x06, 0x05, 0x1F, 0x06, 0x02, 0x2E, 0x00, 0, 0x00005054, 0x00000028 },
    { 0x022D, 0x00, 0x06, 0x05, 0x20, 0x06, 0x02, 0x2E, 0x00, 0, 0x0000507C, 0x00000014 },
    { 0x022D, 0x00, 0x06, 0x05, 0x21, 0x06, 0x02, 0x2E, 0x00, 0, 0x00005090, 0x0000001E },
    { 0x022D, 0x00, 0x06, 0x05, 0x22, 0x06, 0x02, 0x2E, 0x00, 0, 0x000050B0, 0x0000001E },
    { 0x022D, 0x00, 0x06, 0x05, 0x23, 0x06, 0x02, 0x2E, 0x00, 0, 0x000050D0, 0x0000001E },
    { 0x022D, 0x00, 0x06, 0x05, 0x24, 0x06, 0x02, 0x2E, 0x00, 0, 0x000050F0, 0x0000000A },
    { 0x022D, 0x00, 0x06, 0x05, 0x25, 0x06, 0x02, 0x2E, 0x00, 0, 0x000050FC, 0x0000001E },
    { 0x022D, 0x00, 0x06, 0x05, 0x26, 0x06, 0x02, 0x2E, 0x00, 0, 0x0000511C, 0x0000001E },
    { 0x022D, 0x00, 0x06, 0x05, 0x27, 0x06, 0x02, 0x2E, 0x00, 0, 0x0000513C, 0x0000000A },
    { 0x022D, 0x00, 0x06, 0x05, 0x28, 0x06, 0x02, 0x2E, 0x00, 0, 0x00005148, 0x00000028 },
    { 0x022D, 0x00, 0x06, 0x05, 0x29, 0x06, 0x02, 0x2E, 0x00, 0, 0x00005170, 0x00000028 },
    { 0x022D, 0x00, 0x06, 0x05, 0x2A, 0x06, 0x02, 0x2E, 0x00, 0, 0x00005198, 0x00000028 },
    { 0x022D, 0x00, 0x06, 0x05, 0x2B, 0x06, 0x02, 0x2E, 0x00, 0, 0x000051C0, 0x00000028 },
    { 0x022D, 0x00, 0x06, 0x05, 0x2C, 0x06, 0x02, 0x2E, 0x00, 0, 0x000051E8, 0x0000001E },
    { 0x022D, 0x00, 0x06, 0x05, 0x2D, 0x06, 0x02, 0x2E, 0x00, 0, 0x00005208, 0x0000003C },
    { 0x022D, 0x00, 0x06, 0x05, 0x2E, 0x06, 0x02, 0x2E, 0x00, 0, 0x00005244, 0x0000001E },
    { 0x022D, 0x00, 0x06, 0x05, 0x2F, 0x06, 0x02, 0x2E, 0x00, 0, 0x00005264, 0x0000001E },
    { 0x022D, 0x00, 0x06, 0x05, 0x30, 0x06, 0x02, 0x2E, 0x00, 0, 0x00005284, 0x0000003C },
    { 0x022D, 0x00, 0x06, 0x05, 0x31, 0x06, 0x02, 0x2E, 0x00, 0, 0x000052C0, 0x00000046 },
    { 0x022D, 0x00, 0x06, 0x05, 0x32, 0x06, 0x02, 0x2E, 0x00, 0, 0x00005308, 0x00000032 },
    { 0x022D, 0x00, 0x06, 0x05, 0x33, 0x06, 0x02, 0x2E, 0x00, 0, 0x0000533C, 0x00000032 },
    { 0x022D, 0x00, 0x06, 0x05, 0x34, 0x06, 0x02, 0x2E, 0x00, 0, 0x00005370, 0x00000028 },
    { 0x022D, 0x00, 0x06, 0x05, 0x35, 0x06, 0x02, 0x2E, 0x00, 0, 0x00005398, 0x0000003C },
    { 0x022D, 0x00, 0x06, 0x05, 0x36, 0x06, 0x02, 0x2E, 0x00, 0, 0x000053D4, 0x00000028 },
    { 0x022D, 0x00, 0x06, 0x05, 0x37, 0x06, 0x02, 0x2E, 0x00, 0, 0x000053FC, 0x0000001E },
    { 0x022D, 0x00, 0x06, 0x05, 0x38, 0x06, 0x02, 0x2E, 0x00, 0, 0x0000541C, 0x00000028 },
    { 0x022D, 0x00, 0x06, 0x05, 0x39, 0x06, 0x02, 0x2E, 0x00, 0, 0x00005444, 0x00000032 },
    { 0x022D, 0x00, 0x06, 0x05, 0x3A, 0x06, 0x02, 0x2E, 0x00, 0, 0x00005478, 0x0000000A },
    { 0x022D, 0x00, 0x06, 0x05, 0x3B, 0x06, 0x02, 0x2E, 0x00, 0, 0x00005484, 0x00000014 },
    { 0x022D, 0x00, 0x06, 0x05, 0x3C, 0x06, 0x02, 0x2E, 0x00, 0, 0x00005498, 0x0000001E },
    { 0x022D, 0x00, 0x06, 0x05, 0x3D, 0x06, 0x02, 0x2E, 0x00, 0, 0x000054B8, 0x0000001E },
    { 0x022D, 0x00, 0x06, 0x05, 0x3E, 0x06, 0x02, 0x2E, 0x00, 0, 0x000054D8, 0x00000014 },
    { 0x022D, 0x00, 0x06, 0x05, 0x3F, 0x06, 0x02, 0x2E, 0x00, 0, 0x000054EC, 0x00000014 },
    { 0x022D, 0x00, 0x06, 0x05, 0x40, 0x06, 0x02, 0x2E, 0x00, 0, 0x00005500, 0x0000001E },
    { 0x022D, 0x00, 0x06, 0x05, 0x41, 0x06, 0x02, 0x2E, 0x00, 0, 0x00005520, 0x00000028 },
    { 0x022D, 0x00, 0x06, 0x05, 0x42, 0x06, 0x02, 0x2E, 0x00, 0, 0x00005548, 0x00000028 },
    { 0x022D, 0x00, 0x06, 0x05, 0x43, 0x06, 0x02, 0x2E, 0x00, 0, 0x00005570, 0x00000032 },
    { 0x022D, 0x00, 0x06, 0x05, 0x44, 0x06, 0x02, 0x2E, 0x00, 0, 0x000055A4, 0x00000028 },
    { 0x022D, 0x00, 0x06, 0x05, 0x45, 0x06, 0x02, 0x2E, 0x00, 0, 0x000055CC, 0x00000028 },
    { 0x022D, 0x00, 0x06, 0x05, 0x46, 0x06, 0x02, 0x2E, 0x00, 0, 0x000055F4, 0x00000032 },
    { 0x022D, 0x00, 0x06, 0x05, 0x47, 0x06, 0x02, 0x2E, 0x00, 0, 0x00005628, 0x00000014 },
    { 0x022D, 0x00, 0x06, 0x05, 0x48, 0x06, 0x02, 0x2E, 0x00, 0, 0x0000563C, 0x00000028 },
    { 0x022D, 0x00, 0x06, 0x05, 0x49, 0x06, 0x02, 0x2E, 0x00, 0, 0x00005664, 0x00000014 },
    { 0x022D, 0x00, 0x06, 0x05, 0x4A, 0x06, 0x02, 0x2E, 0x00, 0, 0x00005678, 0x00000014 },
    { 0x022D, 0x00, 0x06, 0x05, 0x4B, 0x06, 0x02, 0x2E, 0x00, 0, 0x0000568C, 0x00000032 },
    { 0x022D, 0x00, 0x06, 0x05, 0x4C, 0x06, 0x02, 0x2E, 0x00, 0, 0x000056C0, 0x00000032 },
    { 0x022D, 0x00, 0x06, 0x05, 0x4D, 0x06, 0x02, 0x2E, 0x00, 0, 0x000056F4, 0x0000003C },
    { 0x022D, 0x00, 0x06, 0x05, 0x4E, 0x06, 0x02, 0x2E, 0x00, 0, 0x00005730, 0x00000028 },
    { 0x022D, 0x00, 0x06, 0x05, 0x4F, 0x06, 0x02, 0x2E, 0x00, 0, 0x00005758, 0x0000003C },
    { 0x022D, 0x00, 0x06, 0x05, 0x50, 0x06, 0x02, 0x2E, 0x00, 0, 0x00005794, 0x00000028 },
    { 0x022D, 0x00, 0x06, 0x05, 0x51, 0x06, 0x02, 0x2E, 0x00, 0, 0x000057BC, 0x00000014 },
    { 0x022D, 0x00, 0x06, 0x05, 0x52, 0x06, 0x02, 0x2E, 0x00, 0, 0x000057D0, 0x00000032 },
    { 0x022D, 0x00, 0x06, 0x05, 0x53, 0x06, 0x02, 0x2E, 0x00, 0, 0x00005804, 0x00000014 },
    { 0x022D, 0x00, 0x06, 0x05, 0x54, 0x06, 0x02, 0x2E, 0x00, 0, 0x00005818, 0x0000003C },
    { 0x022D, 0x00, 0x06, 0x05, 0x55, 0x06, 0x02, 0x2E, 0x00, 0, 0x00005854, 0x0000001E },
    { 0x022D, 0x00, 0x06, 0x05, 0x56, 0x06, 0x02, 0x2E, 0x00, 0, 0x00005874, 0x00000014 },
    { 0x022D, 0x00, 0x06, 0x05, 0x57, 0x06, 0x02, 0x2E, 0x00, 0, 0x00005888, 0x0000000A },
    { 0x022D, 0x00, 0x06, 0x05, 0x58, 0x06, 0x02, 0x2E, 0x00, 0, 0x00005894, 0x00000014 },
    { 0x022D, 0x00, 0x06, 0x05, 0x59, 0x06, 0x02, 0x2E, 0x00, 0, 0x000058A8, 0x0000001E },
    { 0x022D, 0x00, 0x06, 0x05, 0x5A, 0x06, 0x02, 0x2E, 0x00, 0, 0x000058C8, 0x00000028 },
    { 0x022D, 0x00, 0x06, 0x05, 0x5B, 0x06, 0x02, 0x2E, 0x00, 0, 0x000058F0, 0x00000032 },
    { 0x022D, 0x00, 0x06, 0x05, 0x5C, 0x06, 0x02, 0x2E, 0x00, 0, 0x00005924, 0x0000001E },
    { 0x022D, 0x00, 0x06, 0x05, 0x5D, 0x06, 0x02, 0x2E, 0x00, 0, 0x00005944, 0x00000028 },
    { 0x022D, 0x00, 0x06, 0x05, 0x5E, 0x06, 0x02, 0x2E, 0x00, 0, 0x0000596C, 0x0000001E },
    { 0x022D, 0x00, 0x06, 0x05, 0x5F, 0x06, 0x02, 0x2E, 0x00, 0, 0x0000598C, 0x00000032 },
    { 0x022D, 0x00, 0x06, 0x05, 0x60, 0x06, 0x02, 0x2E, 0x00, 0, 0x000059C0, 0x0000001E },
    { 0x022D, 0x00, 0x06, 0x05, 0x61, 0x06, 0x02, 0x2E, 0x00, 0, 0x000059E0, 0x00000028 },
    { 0x022D, 0x00, 0x06, 0x05, 0x62, 0x06, 0x02, 0x2E, 0x00, 0, 0x00005A08, 0x00000032 },
    { 0x022D, 0x00, 0x06, 0x05, 0x63, 0x06, 0x02, 0x2E, 0x00, 0, 0x00005A3C, 0x00000032 },
    { 0x022D, 0x00, 0x06, 0x05, 0x64, 0x06, 0x02, 0x2E, 0x00, 0, 0x00005A70, 0x00000046 },
    { 0x022D, 0x00, 0x06, 0x05, 0x65, 0x06, 0x02, 0x2E, 0x00, 0, 0x00005AB8, 0x00000032 },
    { 0x022D, 0x00, 0x06, 0x05, 0x66, 0x06, 0x02, 0x2E, 0x00, 0, 0x00005AEC, 0x00000014 },
    { 0x022D, 0x00, 0x06, 0x05, 0x67, 0x06, 0x02, 0x2E, 0x00, 0, 0x00005B00, 0x00000014 },
    { 0x022D, 0x00, 0x06, 0x05, 0x68, 0x06, 0x02, 0x2E, 0x00, 0, 0x00005B14, 0x0000000A },
    { 0x022D, 0x00, 0x06, 0x05, 0x69, 0x06, 0x02, 0x2E, 0x00, 0, 0x00005B20, 0x0000000A },
    { 0x022D, 0x00, 0x06, 0x05, 0x6A, 0x06, 0x02, 0x2E, 0x00, 0, 0x00005B2C, 0x0000001E },
    { 0x022D, 0x00, 0x06, 0x05, 0x6B, 0x06, 0x02, 0x2E, 0x00, 0, 0x00005B4C, 0x00000014 },
    { 0x022D, 0x00, 0x06, 0x05, 0x6C, 0x06, 0x02, 0x2E, 0x00, 0, 0x00005B60, 0x00000028 },
    { 0x022D, 0x00, 0x06, 0x05, 0x6D, 0x06, 0x02, 0x2E, 0x00, 0, 0x00005B88, 0x00000028 },
    { 0x022D, 0x00, 0x06, 0x05, 0x6E, 0x06, 0x02, 0x2E, 0x00, 0, 0x00005BB0, 0x0000000A },
    { 0x022D, 0x00, 0x06, 0x05, 0x6F, 0x06, 0x02, 0x2E, 0x00, 0, 0x00005BBC, 0x00000014 },
    { 0x022D, 0x00, 0x06, 0x05, 0x70, 0x06, 0x02, 0x2E, 0x00, 0, 0x00005BD0, 0x00000014 },
    { 0x022D, 0x00, 0x06, 0x05, 0x71, 0x06, 0x02, 0x2E, 0x00, 0, 0x00005BE4, 0x0000001E },
    { 0x022D, 0x00, 0x06, 0x05, 0x72, 0x06, 0x02, 0x2E, 0x00, 0, 0x00005C04, 0x0000000A },
    { 0x022D, 0x00, 0x06, 0x05, 0x73, 0x06, 0x02, 0x2E, 0x00, 0, 0x00005C10, 0x0000000A },
    { 0x022D, 0x00, 0x06, 0x05, 0x74, 0x06, 0x02, 0x2E, 0x00, 0, 0x00005C1C, 0x0000003C },
    { 0x022D, 0x00, 0x06, 0x05, 0x75, 0x06, 0x02, 0x2E, 0x00, 0, 0x00005C58, 0x00000014 },
    { 0x022D, 0x00, 0x06, 0x05, 0x76, 0x06, 0x02, 0x2E, 0x00, 0, 0x00005C6C, 0x0000003C },
    { 0x022D, 0x00, 0x06, 0x05, 0x77, 0x06, 0x02, 0x2E, 0x00, 0, 0x00005CA8, 0x00000028 },
    { 0x022D, 0x00, 0x06, 0x05, 0x78, 0x06, 0x02, 0x2E, 0x00, 0, 0x00005CD0, 0x00000028 },
    { 0x022D, 0x00, 0x06, 0x05, 0x79, 0x06, 0x02, 0x2E, 0x00, 0, 0x00005CF8, 0x00000028 },
    { 0x022D, 0x00, 0x06, 0x05, 0x7A, 0x06, 0x02, 0x2E, 0x00, 0, 0x00005D20, 0x0000003C },
    { 0x022D, 0x00, 0x06, 0x05, 0x7B, 0x06, 0x02, 0x2E, 0x00, 0, 0x00005D5C, 0x00000032 },
    { 0x022D, 0x00, 0x06, 0x05, 0x7C, 0x06, 0x02, 0x2E, 0x00, 0, 0x00005D90, 0x0000001E },
    { 0x022D, 0x00, 0x06, 0x05, 0x7D, 0x06, 0x02, 0x2E, 0x00, 0, 0x00005DB0, 0x00000032 },
    { 0x022D, 0x00, 0x06, 0x05, 0x7E, 0x06, 0x02, 0x2E, 0x00, 0, 0x00005DE4, 0x00000028 },
    { 0x022D, 0x00, 0x06, 0x05, 0x7F, 0x06, 0x02, 0x2E, 0x00, 0, 0x00005E0C, 0x00000028 },
    { 0x022D, 0x00, 0x06, 0x05, 0x80, 0x06, 0x02, 0x2E, 0x00, 0, 0x00005E34, 0x0000003C },
    { 0x022D, 0x00, 0x06, 0x05, 0x81, 0x06, 0x02, 0x2E, 0x00, 0, 0x00005E70, 0x00000032 },
    { 0x022D, 0x00, 0x06, 0x05, 0x82, 0x06, 0x02, 0x2E, 0x00, 0, 0x00005EA4, 0x00000028 },
    { 0x022D, 0x00, 0x06, 0x05, 0x83, 0x06, 0x02, 0x2E, 0x00, 0, 0x00005ECC, 0x0000000A },
    { 0x022D, 0x00, 0x06, 0x05, 0x84, 0x06, 0x02, 0x2E, 0x00, 0, 0x00005ED8, 0x0000000A },
    { 0x022D, 0x00, 0x06, 0x05, 0x85, 0x06, 0x02, 0x2E, 0x00, 0, 0x00005EE4, 0x0000000A },
    { 0x022D, 0x00, 0x06, 0x05, 0x86, 0x06, 0x02, 0x2E, 0x00, 0, 0x00005EF0, 0x0000000A },
    { 0x022D, 0x00, 0x06, 0x05, 0x87, 0x06, 0x02, 0x2E, 0x00, 0, 0x00005EFC, 0x0000000A },
    { 0x022D, 0x00, 0x07, 0x05, 0x00, 0x06, 0x02, 0x2E, 0x00, 0, 0x00003F50, 0x00000014 },
    { 0x022D, 0x00, 0x07, 0x05, 0x01, 0x06, 0x02, 0x2E, 0x00, 0, 0x00003F64, 0x00000014 },
    { 0x022D, 0x00, 0x07, 0x05, 0x02, 0x06, 0x02, 0x2E, 0x00, 0, 0x00003F78, 0x00000014 },
    { 0x022D, 0x00, 0x07, 0x05, 0x03, 0x06, 0x02, 0x2E, 0x00, 0, 0x00003F8C, 0x00000014 },
    { 0x022D, 0x00, 0x07, 0x05, 0x04, 0x06, 0x02, 0x2E, 0x00, 0, 0x00003FA0, 0x0000001E },
    { 0x022D, 0x00, 0x07, 0x05, 0x05, 0x06, 0x02, 0x2E, 0x00, 0, 0x00003FC0, 0x0000000A },
    { 0x022D, 0x00, 0x07, 0x05, 0x06, 0x06, 0x02, 0x2E, 0x00, 0, 0x00003FCC, 0x0000001E },
    { 0x022D, 0x00, 0x07, 0x05, 0x07, 0x06, 0x02, 0x2E, 0x00, 0, 0x00003FEC, 0x0000001E },
    { 0x022D, 0x00, 0x07, 0x05, 0x08, 0x06, 0x02, 0x2E, 0x00, 0, 0x0000400C, 0x0000001E },
    { 0x022D, 0x00, 0x07, 0x05, 0x09, 0x06, 0x02, 0x2E, 0x00, 0, 0x0000402C, 0x0000001E },
    { 0x022D, 0x00, 0x07, 0x05, 0x0A, 0x06, 0x02, 0x2E, 0x00, 0, 0x0000404C, 0x00000014 },
    { 0x022D, 0x00, 0x07, 0x05, 0x0B, 0x06, 0x02, 0x2E, 0x00, 0, 0x00004060, 0x0000001E },
    { 0x022D, 0x00, 0x07, 0x05, 0x0C, 0x06, 0x02, 0x2E, 0x00, 0, 0x00004080, 0x00000014 },
    { 0x022D, 0x00, 0x07, 0x05, 0x0D, 0x06, 0x02, 0x2E, 0x00, 0, 0x00004094, 0x00000028 },
    { 0x022D, 0x00, 0x07, 0x05, 0x0E, 0x06, 0x02, 0x2E, 0x00, 0, 0x000040BC, 0x0000001E },
    { 0x022D, 0x00, 0x07, 0x05, 0x0F, 0x06, 0x02, 0x2E, 0x00, 0, 0x000040DC, 0x0000001E },
    { 0x022D, 0x00, 0x07, 0x05, 0x10, 0x06, 0x02, 0x2E, 0x00, 0, 0x000040FC, 0x00000014 },
    { 0x022D, 0x00, 0x07, 0x05, 0x11, 0x06, 0x02, 0x2E, 0x00, 0, 0x00004110, 0x0000001E },
    { 0x022D, 0x00, 0x07, 0x05, 0x12, 0x06, 0x02, 0x2E, 0x00, 0, 0x00004130, 0x00000014 },
    { 0x022D, 0x00, 0x07, 0x05, 0x13, 0x06, 0x02, 0x2E, 0x00, 0, 0x00004144, 0x0000000A },
    { 0x022D, 0x00, 0x07, 0x05, 0x14, 0x06, 0x02, 0x2E, 0x00, 0, 0x00004150, 0x00000014 },
    { 0x022D, 0x00, 0x07, 0x05, 0x15, 0x06, 0x02, 0x2E, 0x00, 0, 0x00004164, 0x00000014 },
    { 0x022D, 0x00, 0x07, 0x05, 0x16, 0x06, 0x02, 0x2E, 0x00, 0, 0x00004178, 0x00000014 },
    { 0x022D, 0x00, 0x07, 0x05, 0x17, 0x06, 0x02, 0x2E, 0x00, 0, 0x0000418C, 0x00000014 },
    { 0x022D, 0x00, 0x07, 0x05, 0x18, 0x06, 0x02, 0x2E, 0x00, 0, 0x000041A0, 0x00000014 },
    { 0x022D, 0x00, 0x07, 0x05, 0x19, 0x06, 0x02, 0x2E, 0x00, 0, 0x000041B4, 0x0000001E },
    { 0x022D, 0x00, 0x07, 0x05, 0x1A, 0x06, 0x02, 0x2E, 0x00, 0, 0x000041D4, 0x0000001E },
    { 0x022D, 0x00, 0x07, 0x05, 0x1B, 0x06, 0x02, 0x2E, 0x00, 0, 0x000041F4, 0x00000014 },
    { 0x022D, 0x00, 0x07, 0x05, 0x1C, 0x06, 0x02, 0x2E, 0x00, 0, 0x00004208, 0x00000028 },
    { 0x022D, 0x00, 0x07, 0x05, 0x1D, 0x06, 0x02, 0x2E, 0x00, 0, 0x00004230, 0x00000014 },
    { 0x022D, 0x00, 0x07, 0x05, 0x1E, 0x06, 0x02, 0x2E, 0x00, 0, 0x00004244, 0x0000000A },
    { 0x022D, 0x00, 0x07, 0x05, 0x1F, 0x06, 0x02, 0x2E, 0x00, 0, 0x00004250, 0x00000014 },
    { 0x022D, 0x00, 0x07, 0x05, 0x20, 0x06, 0x02, 0x2E, 0x00, 0, 0x00004264, 0x0000001E },
    { 0x022D, 0x00, 0x07, 0x05, 0x21, 0x06, 0x02, 0x2E, 0x00, 0, 0x00004284, 0x00000014 },
    { 0x022D, 0x00, 0x07, 0x05, 0x22, 0x06, 0x02, 0x2E, 0x00, 0, 0x00004298, 0x0000001E },
    { 0x022D, 0x00, 0x07, 0x05, 0x23, 0x06, 0x02, 0x2E, 0x00, 0, 0x000042B8, 0x00000014 },
    { 0x022D, 0x00, 0x07, 0x05, 0x24, 0x06, 0x02, 0x2E, 0x00, 0, 0x000042CC, 0x00000014 },
    { 0x022D, 0x00, 0x07, 0x05, 0x25, 0x06, 0x02, 0x2E, 0x00, 0, 0x000042E0, 0x0000001E },
    { 0x022D, 0x00, 0x07, 0x05, 0x26, 0x06, 0x02, 0x2E, 0x00, 0, 0x00004300, 0x0000001E },
    { 0x022D, 0x00, 0x07, 0x05, 0x27, 0x06, 0x02, 0x2E, 0x00, 0, 0x00004320, 0x00000014 },
    { 0x022D, 0x00, 0x07, 0x05, 0x28, 0x06, 0x02, 0x2E, 0x00, 0, 0x00004334, 0x00000014 },
    { 0x022D, 0x00, 0x07, 0x05, 0x29, 0x06, 0x02, 0x2E, 0x00, 0, 0x00004348, 0x0000001E },
    { 0x022D, 0x00, 0x07, 0x05, 0x2A, 0x06, 0x02, 0x2E, 0x00, 0, 0x00004368, 0x00000014 },
    { 0x022D, 0x00, 0x07, 0x05, 0x2B, 0x06, 0x02, 0x2E, 0x00, 0, 0x0000437C, 0x0000001E },
    { 0x022D, 0x00, 0x07, 0x05, 0x2C, 0x06, 0x02, 0x2E, 0x00, 0, 0x0000439C, 0x00000014 },
    { 0x022D, 0x00, 0x07, 0x05, 0x2D, 0x06, 0x02, 0x2E, 0x00, 0, 0x000043B0, 0x00000014 },
    { 0x022D, 0x00, 0x07, 0x05, 0x2E, 0x06, 0x02, 0x2E, 0x00, 0, 0x000043C4, 0x00000014 },
    { 0x022D, 0x00, 0x07, 0x05, 0x2F, 0x06, 0x02, 0x2E, 0x00, 0, 0x000043D8, 0x00000014 },
    { 0x022D, 0x00, 0x07, 0x05, 0x30, 0x06, 0x02, 0x2E, 0x00, 0, 0x000043EC, 0x0000001E },
    { 0x022D, 0x00, 0x07, 0x05, 0x31, 0x06, 0x02, 0x2E, 0x00, 0, 0x0000440C, 0x00000014 },
    { 0x022D, 0x00, 0x07, 0x05, 0x32, 0x06, 0x02, 0x2E, 0x00, 0, 0x00004420, 0x0000001E },
    { 0x022D, 0x00, 0x07, 0x05, 0x33, 0x06, 0x02, 0x2E, 0x00, 0, 0x00004440, 0x00000014 },
    { 0x022D, 0x00, 0x07, 0x05, 0x34, 0x06, 0x02, 0x2E, 0x00, 0, 0x00004454, 0x0000001E },
    { 0x022D, 0x00, 0x07, 0x05, 0x35, 0x06, 0x02, 0x2E, 0x00, 0, 0x00004474, 0x0000001E },
    { 0x022D, 0x00, 0x07, 0x05, 0x36, 0x06, 0x02, 0x2E, 0x00, 0, 0x00004494, 0x0000001E },
    { 0x022D, 0x00, 0x07, 0x05, 0x37, 0x06, 0x02, 0x2E, 0x00, 0, 0x000044B4, 0x0000001E },
    { 0x022D, 0x00, 0x07, 0x05, 0x38, 0x06, 0x02, 0x2E, 0x00, 0, 0x000044D4, 0x00000014 },
    { 0x022D, 0x00, 0x07, 0x05, 0x39, 0x06, 0x02, 0x2E, 0x00, 0, 0x000044E8, 0x0000001E },
    { 0x022D, 0x00, 0x07, 0x05, 0x3A, 0x06, 0x02, 0x2E, 0x00, 0, 0x00004508, 0x00000014 },
    { 0x022D, 0x00, 0x07, 0x05, 0x3B, 0x06, 0x02, 0x2E, 0x00, 0, 0x0000451C, 0x0000000A },
    { 0x022D, 0x00, 0x07, 0x05, 0x3C, 0x06, 0x02, 0x2E, 0x00, 0, 0x00004528, 0x00000014 },
    { 0x022D, 0x00, 0x07, 0x05, 0x3D, 0x06, 0x02, 0x2E, 0x00, 0, 0x0000453C, 0x00000014 },
    { 0x022D, 0x00, 0x07, 0x05, 0x3E, 0x06, 0x02, 0x2E, 0x00, 0, 0x00004550, 0x0000000A },
    { 0x022D, 0x00, 0x07, 0x05, 0x3F, 0x06, 0x02, 0x2E, 0x00, 0, 0x0000455C, 0x00000014 },
    { 0x022D, 0x00, 0x07, 0x05, 0x40, 0x06, 0x02, 0x2E, 0x00, 0, 0x00004570, 0x00000028 },
    { 0x022D, 0x00, 0x07, 0x05, 0x41, 0x06, 0x02, 0x2E, 0x00, 0, 0x00004598, 0x00000028 },
    { 0x022D, 0x00, 0x07, 0x05, 0x42, 0x06, 0x02, 0x2E, 0x00, 0, 0x000045C0, 0x0000001E },
    { 0x022D, 0x00, 0x07, 0x05, 0x43, 0x06, 0x02, 0x2E, 0x00, 0, 0x000045E0, 0x0000001E },
    { 0x022D, 0x00, 0x07, 0x05, 0x44, 0x06, 0x02, 0x2E, 0x00, 0, 0x00004600, 0x00000014 },
    { 0x022D, 0x00, 0x07, 0x05, 0x45, 0x06, 0x02, 0x2E, 0x00, 0, 0x00004614, 0x0000001E },
    { 0x022D, 0x00, 0x07, 0x05, 0x46, 0x06, 0x02, 0x2E, 0x00, 0, 0x00004634, 0x0000001E },
    { 0x022D, 0x00, 0x07, 0x05, 0x47, 0x06, 0x02, 0x2E, 0x00, 0, 0x00004654, 0x0000001E },
    { 0x022D, 0x00, 0x07, 0x05, 0x48, 0x06, 0x02, 0x2E, 0x00, 0, 0x00004674, 0x0000001E },
    { 0x022D, 0x00, 0x07, 0x05, 0x49, 0x06, 0x02, 0x2E, 0x00, 0, 0x00004694, 0x00000032 },
    { 0x022D, 0x00, 0x07, 0x05, 0x4A, 0x06, 0x02, 0x2E, 0x00, 0, 0x000046C8, 0x0000001E },
    { 0x022D, 0x00, 0x07, 0x05, 0x4B, 0x06, 0x02, 0x2E, 0x00, 0, 0x000046E8, 0x0000001E },
    { 0x022D, 0x00, 0x07, 0x05, 0x4C, 0x06, 0x02, 0x2E, 0x00, 0, 0x00004708, 0x00000014 },
    { 0x022D, 0x00, 0x07, 0x05, 0x4D, 0x06, 0x02, 0x2E, 0x00, 0, 0x0000471C, 0x00000014 },
    { 0x022D, 0x00, 0x07, 0x05, 0x4E, 0x06, 0x02, 0x2E, 0x00, 0, 0x00004730, 0x0000000A },
    { 0x022D, 0x00, 0x07, 0x05, 0x4F, 0x06, 0x02, 0x2E, 0x00, 0, 0x0000473C, 0x00000014 },
    { 0x022D, 0x00, 0x07, 0x05, 0x50, 0x06, 0x02, 0x2E, 0x00, 0, 0x00004750, 0x0000000A },
    { 0x022D, 0x00, 0x07, 0x05, 0x51, 0x06, 0x02, 0x2E, 0x00, 0, 0x0000475C, 0x00000014 },
    { 0x022D, 0x00, 0x07, 0x05, 0x52, 0x06, 0x02, 0x2E, 0x00, 0, 0x00004770, 0x00000014 },
    { 0x022D, 0x00, 0x07, 0x05, 0x53, 0x06, 0x02, 0x2E, 0x00, 0, 0x00004784, 0x00000014 },
    { 0x022D, 0x00, 0x07, 0x05, 0x54, 0x06, 0x02, 0x2E, 0x00, 0, 0x00004798, 0x0000001E },
    { 0x022D, 0x00, 0x07, 0x05, 0x55, 0x06, 0x02, 0x2E, 0x00, 0, 0x000047B8, 0x00000014 },
    { 0x022D, 0x00, 0x07, 0x05, 0x56, 0x06, 0x02, 0x2E, 0x00, 0, 0x000047CC, 0x00000014 },
    { 0x022D, 0x00, 0x07, 0x05, 0x57, 0x06, 0x02, 0x2E, 0x00, 0, 0x000047E0, 0x0000000A },
    { 0x022D, 0x00, 0x07, 0x05, 0x58, 0x06, 0x02, 0x2E, 0x00, 0, 0x000047EC, 0x0000000A },
    { 0x022D, 0x00, 0x07, 0x05, 0x59, 0x06, 0x02, 0x2E, 0x00, 0, 0x000047F8, 0x0000001E },
    { 0x022D, 0x00, 0x07, 0x05, 0x5A, 0x06, 0x02, 0x2E, 0x00, 0, 0x00004818, 0x00000014 },
    { 0x022D, 0x00, 0x07, 0x05, 0x5B, 0x06, 0x02, 0x2E, 0x00, 0, 0x0000482C, 0x00000014 },
    { 0x022D, 0x00, 0x07, 0x05, 0x5C, 0x06, 0x02, 0x2E, 0x00, 0, 0x00004840, 0x0000001E },
    { 0x022D, 0x00, 0x07, 0x05, 0x5D, 0x06, 0x02, 0x2E, 0x00, 0, 0x00004860, 0x0000001E },
    { 0x022D, 0x00, 0x07, 0x05, 0x5E, 0x06, 0x02, 0x2E, 0x00, 0, 0x00004880, 0x0000001E },
    { 0x022D, 0x00, 0x07, 0x05, 0x5F, 0x06, 0x02, 0x2E, 0x00, 0, 0x000048A0, 0x0000000A },
    { 0x022D, 0x00, 0x07, 0x05, 0x60, 0x06, 0x02, 0x2E, 0x00, 0, 0x000048AC, 0x0000001E },
    { 0x022D, 0x00, 0x07, 0x05, 0x61, 0x06, 0x02, 0x2E, 0x00, 0, 0x000048CC, 0x0000001E },
    { 0x022D, 0x00, 0x07, 0x05, 0x62, 0x06, 0x02, 0x2E, 0x00, 0, 0x000048EC, 0x0000001E },
    { 0x022D, 0x00, 0x07, 0x05, 0x63, 0x06, 0x02, 0x2E, 0x00, 0, 0x0000490C, 0x0000001E },
    { 0x022D, 0x00, 0x07, 0x05, 0x64, 0x06, 0x02, 0x2E, 0x00, 0, 0x0000492C, 0x00000014 },
    { 0x022D, 0x00, 0x07, 0x05, 0x65, 0x06, 0x02, 0x2E, 0x00, 0, 0x00004940, 0x00000014 },
    { 0x022D, 0x00, 0x07, 0x05, 0x66, 0x06, 0x02, 0x2E, 0x00, 0, 0x00004954, 0x00000014 },
    { 0x022D, 0x00, 0x07, 0x05, 0x67, 0x06, 0x02, 0x2E, 0x00, 0, 0x00004968, 0x0000000A },
    { 0x022D, 0x00, 0x07, 0x05, 0x68, 0x06, 0x02, 0x2E, 0x00, 0, 0x00004974, 0x0000000A },
    { 0x022D, 0x00, 0x07, 0x05, 0x69, 0x06, 0x02, 0x2E, 0x00, 0, 0x00004980, 0x0000000A },
    { 0x022D, 0x00, 0x07, 0x05, 0x6A, 0x06, 0x02, 0x2E, 0x00, 0, 0x0000498C, 0x0000000A },
    { 0x022D, 0x00, 0x07, 0x05, 0x6B, 0x06, 0x02, 0x2E, 0x00, 0, 0x00004998, 0x0000000A },
    { 0x022D, 0x00, 0x07, 0x05, 0x6C, 0x06, 0x02, 0x2E, 0x00, 0, 0x000049A4, 0x0000000A },
    { 0x022D, 0x00, 0x07, 0x05, 0x6D, 0x06, 0x02, 0x2E, 0x00, 0, 0x000049B0, 0x0000001E },
    { 0x022D, 0x00, 0x07, 0x05, 0x6E, 0x06, 0x02, 0x2E, 0x00, 0, 0x000049D0, 0x0000000A },
    { 0x022D, 0x00, 0x07, 0x05, 0x6F, 0x06, 0x02, 0x2E, 0x00, 0, 0x000049DC, 0x00000014 },
    { 0x022D, 0x00, 0x07, 0x05, 0x70, 0x06, 0x02, 0x2E, 0x00, 0, 0x000049F0, 0x00000014 },
    { 0x022D, 0x00, 0x07, 0x05, 0x71, 0x06, 0x02, 0x2E, 0x00, 0, 0x00004A04, 0x00000014 },
    { 0x022D, 0x00, 0x07, 0x05, 0x72, 0x06, 0x02, 0x2E, 0x00, 0, 0x00004A18, 0x0000001E },
    { 0x022D, 0x00, 0x07, 0x05, 0x73, 0x06, 0x02, 0x2E, 0x00, 0, 0x00004A38, 0x00000014 },
    { 0x022D, 0x00, 0x07, 0x05, 0x74, 0x06, 0x02, 0x2E, 0x00, 0, 0x00004A4C, 0x00000014 },
    { 0x022D, 0x00, 0x07, 0x05, 0x75, 0x06, 0x02, 0x2E, 0x00, 0, 0x00004A60, 0x0000000A },
    { 0x022D, 0x00, 0x07, 0x05, 0x76, 0x06, 0x02, 0x2E, 0x00, 0, 0x00004A6C, 0x00000014 },
    { 0x022D, 0x00, 0x07, 0x05, 0x77, 0x06, 0x02, 0x2E, 0x00, 0, 0x00004A80, 0x00000014 },
    { 0x022D, 0x00, 0x07, 0x05, 0x78, 0x06, 0x02, 0x2E, 0x00, 0, 0x00004A94, 0x00000014 },
    { 0x022D, 0x00, 0x07, 0x05, 0x79, 0x06, 0x02, 0x2E, 0x00, 0, 0x00004AA8, 0x00000014 },
    { 0x022D, 0x00, 0x07, 0x05, 0x7A, 0x06, 0x02, 0x2E, 0x00, 0, 0x00004ABC, 0x00000014 },
    { 0x022D, 0x00, 0x07, 0x05, 0x7B, 0x06, 0x02, 0x2E, 0x00, 0, 0x00004AD0, 0x00000028 },
    { 0x022D, 0x00, 0x07, 0x05, 0x7C, 0x06, 0x02, 0x2E, 0x00, 0, 0x00004AF8, 0x0000001E },
    { 0x022D, 0x00, 0x07, 0x05, 0x7D, 0x06, 0x02, 0x2E, 0x00, 0, 0x00004B18, 0x00000014 },
    { 0x022D, 0x00, 0x07, 0x05, 0x7E, 0x06, 0x02, 0x2E, 0x00, 0, 0x00004B2C, 0x00000014 },
    { 0x022D, 0x00, 0x07, 0x05, 0x7F, 0x06, 0x02, 0x2E, 0x00, 0, 0x00004B40, 0x00000014 },
    { 0x022D, 0x00, 0x07, 0x05, 0x80, 0x06, 0x02, 0x2E, 0x00, 0, 0x00004B54, 0x00000014 },
    { 0x022D, 0x00, 0x07, 0x05, 0x81, 0x06, 0x02, 0x2E, 0x00, 0, 0x00004B68, 0x00000014 },
    { 0x022D, 0x00, 0x07, 0x05, 0x82, 0x06, 0x02, 0x2E, 0x00, 0, 0x00004B7C, 0x00000014 },
    { 0x022D, 0x00, 0x07, 0x05, 0x83, 0x06, 0x02, 0x2E, 0x00, 0, 0x00004B90, 0x0000000A },
    { 0x022D, 0x00, 0x07, 0x05, 0x84, 0x06, 0x02, 0x2E, 0x00, 0, 0x00004B9C, 0x0000000A },
    { 0x022D, 0x00, 0x07, 0x05, 0x85, 0x06, 0x02, 0x2E, 0x00, 0, 0x00004BA8, 0x0000000A },
    { 0x022D, 0x00, 0x07, 0x05, 0x86, 0x06, 0x02, 0x2E, 0x00, 0, 0x00004BB4, 0x0000000A },
    { 0x022D, 0x00, 0x07, 0x05, 0x87, 0x06, 0x02, 0x2E, 0x00, 0, 0x00004BC0, 0x0000000A },
    { 0x022F, 0x00, 0x00, 0x00, 0x00, 0x06, 0x00, 0x15, 0x00, 0, 0x00002CA8, 0x00000008 },
    { 0x022F, 0x00, 0x01, 0x00, 0x00, 0x06, 0x00, 0x15, 0x00, 0, 0x00002C54, 0x00000054 },
    { 0x022F, 0x00, 0x02, 0x00, 0x00, 0x06, 0x00, 0x15, 0x00, 0, 0x00002B58, 0x0000000C },
    { 0x022F, 0x00, 0x02, 0x01, 0x00, 0x06, 0x00, 0x15, 0x00, 0, 0x00002B64, 0x0000000C },
    { 0x022F, 0x00, 0x02, 0x02, 0x00, 0x06, 0x00, 0x15, 0x00, 0, 0x00002B70, 0x0000000C },
    { 0x022F, 0x00, 0x02, 0x03, 0x00, 0x06, 0x00, 0x15, 0x00, 0, 0x00002B7C, 0x0000000C },
    { 0x022F, 0x00, 0x02, 0x04, 0x00, 0x06, 0x00, 0x15, 0x00, 0, 0x00002B88, 0x0000000C },
    { 0x022F, 0x00, 0x02, 0x05, 0x00, 0x06, 0x00, 0x15, 0x00, 0, 0x00002B94, 0x0000000C },
    { 0x022F, 0x00, 0x02, 0x06, 0x00, 0x06, 0x00, 0x15, 0x00, 0, 0x00002BA0, 0x0000000C },
    { 0x022F, 0x00, 0x02, 0x07, 0x00, 0x06, 0x00, 0x15, 0x00, 0, 0x00002BAC, 0x0000000C },
    { 0x022F, 0x00, 0x02, 0x08, 0x00, 0x06, 0x00, 0x15, 0x00, 0, 0x00002BB8, 0x0000000C },
    { 0x022F, 0x00, 0x02, 0x09, 0x00, 0x06, 0x00, 0x15, 0x00, 0, 0x00002BC4, 0x0000000C },
    { 0x022F, 0x00, 0x02, 0x0A, 0x00, 0x06, 0x00, 0x15, 0x00, 0, 0x00002BD0, 0x0000000C },
    { 0x022F, 0x00, 0x02, 0x0B, 0x00, 0x06, 0x00, 0x15, 0x00, 0, 0x00002BDC, 0x0000000C },
    { 0x022F, 0x00, 0x02, 0x0C, 0x00, 0x06, 0x00, 0x15, 0x00, 0, 0x00002BE8, 0x0000000C },
    { 0x022F, 0x00, 0x02, 0x0D, 0x00, 0x06, 0x00, 0x15, 0x00, 0, 0x00002BF4, 0x0000000C },
    { 0x022F, 0x00, 0x02, 0x0E, 0x00, 0x06, 0x00, 0x15, 0x00, 0, 0x00002C00, 0x0000000C },
    { 0x022F, 0x00, 0x02, 0x0F, 0x00, 0x06, 0x00, 0x15, 0x00, 0, 0x00002C0C, 0x0000000C },
    { 0x022F, 0x00, 0x02, 0x10, 0x00, 0x06, 0x00, 0x15, 0x00, 0, 0x00002C18, 0x0000000C },
    { 0x022F, 0x00, 0x02, 0x11, 0x00, 0x06, 0x00, 0x15, 0x00, 0, 0x00002C24, 0x0000000C },
    { 0x022F, 0x00, 0x02, 0x12, 0x00, 0x06, 0x00, 0x15, 0x00, 0, 0x00002C30, 0x0000000C },
    { 0x022F, 0x00, 0x02, 0x13, 0x00, 0x06, 0x00, 0x15, 0x00, 0, 0x00002C3C, 0x0000000C },
    { 0x022F, 0x00, 0x02, 0x14, 0x00, 0x06, 0x00, 0x15, 0x00, 0, 0x00002C48, 0x0000000C },
    { 0x022F, 0x00, 0x03, 0x02, 0x00, 0x06, 0x00, 0x15, 0x00, 0, 0x00001750, 0x000000D8 },
    { 0x022F, 0x00, 0x03, 0x05, 0x00, 0x06, 0x00, 0x15, 0x00, 0, 0x00001828, 0x00000088 },
    { 0x022F, 0x00, 0x03, 0x08, 0x00, 0x06, 0x00, 0x15, 0x00, 0, 0x000018B0, 0x00000088 },
    { 0x022F, 0x00, 0x03, 0x0B, 0x00, 0x06, 0x00, 0x15, 0x00, 0, 0x00001938, 0x00000088 },
    { 0x022F, 0x00, 0x03, 0x0E, 0x00, 0x06, 0x00, 0x15, 0x00, 0, 0x000019C0, 0x00000088 },
    { 0x022F, 0x00, 0x03, 0x11, 0x00, 0x06, 0x00, 0x15, 0x00, 0, 0x00001A48, 0x00000088 },
    { 0x022F, 0x00, 0x03, 0x14, 0x00, 0x06, 0x00, 0x15, 0x00, 0, 0x00001AD0, 0x00000088 },
    { 0x0231, 0x00, 0x00, 0x00, 0x00, 0x06, 0x00, 0x18, 0x00, 0, 0x00003268, 0x00000008 },
    { 0x0231, 0x00, 0x01, 0x00, 0x00, 0x06, 0x00, 0x18, 0x00, 0, 0x00003208, 0x00000060 },
    { 0x0231, 0x00, 0x02, 0x00, 0x00, 0x06, 0x00, 0x18, 0x00, 0, 0x000030E8, 0x0000000C },
    { 0x0231, 0x00, 0x02, 0x01, 0x00, 0x06, 0x00, 0x18, 0x00, 0, 0x000030F4, 0x0000000C },
    { 0x0231, 0x00, 0x02, 0x02, 0x00, 0x06, 0x00, 0x18, 0x00, 0, 0x00003100, 0x0000000C },
    { 0x0231, 0x00, 0x02, 0x03, 0x00, 0x06, 0x00, 0x18, 0x00, 0, 0x0000310C, 0x0000000C },
    { 0x0231, 0x00, 0x02, 0x04, 0x00, 0x06, 0x00, 0x18, 0x00, 0, 0x00003118, 0x0000000C },
    { 0x0231, 0x00, 0x02, 0x05, 0x00, 0x06, 0x00, 0x18, 0x00, 0, 0x00003124, 0x0000000C },
    { 0x0231, 0x00, 0x02, 0x06, 0x00, 0x06, 0x00, 0x18, 0x00, 0, 0x00003130, 0x0000000C },
    { 0x0231, 0x00, 0x02, 0x07, 0x00, 0x06, 0x00, 0x18, 0x00, 0, 0x0000313C, 0x0000000C },
    { 0x0231, 0x00, 0x02, 0x08, 0x00, 0x06, 0x00, 0x18, 0x00, 0, 0x00003148, 0x0000000C },
    { 0x0231, 0x00, 0x02, 0x09, 0x00, 0x06, 0x00, 0x18, 0x00, 0, 0x00003154, 0x0000000C },
    { 0x0231, 0x00, 0x02, 0x0A, 0x00, 0x06, 0x00, 0x18, 0x00, 0, 0x00003160, 0x0000000C },
    { 0x0231, 0x00, 0x02, 0x0B, 0x00, 0x06, 0x00, 0x18, 0x00, 0, 0x0000316C, 0x0000000C },
    { 0x0231, 0x00, 0x02, 0x0C, 0x00, 0x06, 0x00, 0x18, 0x00, 0, 0x00003178, 0x0000000C },
    { 0x0231, 0x00, 0x02, 0x0D, 0x00, 0x06, 0x00, 0x18, 0x00, 0, 0x00003184, 0x0000000C },
    { 0x0231, 0x00, 0x02, 0x0E, 0x00, 0x06, 0x00, 0x18, 0x00, 0, 0x00003190, 0x0000000C },
    { 0x0231, 0x00, 0x02, 0x0F, 0x00, 0x06, 0x00, 0x18, 0x00, 0, 0x0000319C, 0x0000000C },
    { 0x0231, 0x00, 0x02, 0x10, 0x00, 0x06, 0x00, 0x18, 0x00, 0, 0x000031A8, 0x0000000C },
    { 0x0231, 0x00, 0x02, 0x11, 0x00, 0x06, 0x00, 0x18, 0x00, 0, 0x000031B4, 0x0000000C },
    { 0x0231, 0x00, 0x02, 0x12, 0x00, 0x06, 0x00, 0x18, 0x00, 0, 0x000031C0, 0x0000000C },
    { 0x0231, 0x00, 0x02, 0x13, 0x00, 0x06, 0x00, 0x18, 0x00, 0, 0x000031CC, 0x0000000C },
    { 0x0231, 0x00, 0x02, 0x14, 0x00, 0x06, 0x00, 0x18, 0x00, 0, 0x000031D8, 0x0000000C },
    { 0x0231, 0x00, 0x02, 0x15, 0x00, 0x06, 0x00, 0x18, 0x00, 0, 0x000031E4, 0x0000000C },
    { 0x0231, 0x00, 0x02, 0x16, 0x00, 0x06, 0x00, 0x18, 0x00, 0, 0x000031F0, 0x0000000C },
    { 0x0231, 0x00, 0x02, 0x17, 0x00, 0x06, 0x00, 0x18, 0x00, 0, 0x000031FC, 0x0000000C },
    { 0x0231, 0x00, 0x03, 0x03, 0x00, 0x06, 0x00, 0x18, 0x00, 0, 0x000018C0, 0x00000138 },
    { 0x0231, 0x00, 0x03, 0x06, 0x00, 0x06, 0x00, 0x18, 0x00, 0, 0x00001BF0, 0x00000118 },
    { 0x0231, 0x00, 0x03, 0x09, 0x00, 0x06, 0x00, 0x18, 0x00, 0, 0x00001E58, 0x000000F8 },
    { 0x0231, 0x00, 0x03, 0x0C, 0x00, 0x06, 0x00, 0x18, 0x00, 0, 0x00001F50, 0x000000A8 },
    { 0x0231, 0x00, 0x03, 0x0D, 0x00, 0x06, 0x00, 0x18, 0x00, 0, 0x00001B48, 0x000000A8 },
    { 0x0231, 0x00, 0x03, 0x11, 0x00, 0x06, 0x00, 0x18, 0x00, 0, 0x000019F8, 0x000000B0 },
    { 0x0231, 0x00, 0x03, 0x12, 0x00, 0x06, 0x00, 0x18, 0x00, 0, 0x00001AA8, 0x000000A0 },
    { 0x0231, 0x00, 0x03, 0x16, 0x00, 0x06, 0x00, 0x18, 0x00, 0, 0x00001DA8, 0x000000B0 },
    { 0x0231, 0x00, 0x03, 0x17, 0x00, 0x06, 0x00, 0x18, 0x00, 0, 0x00001D08, 0x000000A0 },
    { 0x0232, 0x00, 0x00, 0x00, 0x00, 0x06, 0x00, 0x26, 0x00, 0, 0x00000260, 0x00000008 },
    { 0x0232, 0x00, 0x01, 0x00, 0x00, 0x06, 0x00, 0x26, 0x00, 0, 0x000001C8, 0x00000098 },
    { 0x0232, 0x00, 0x02, 0x00, 0x00, 0x06, 0x00, 0x26, 0x00, 0, 0x00000000, 0x0000000C },
    { 0x0232, 0x00, 0x02, 0x01, 0x00, 0x06, 0x00, 0x26, 0x00, 0, 0x0000000C, 0x0000000C },
    { 0x0232, 0x00, 0x02, 0x02, 0x00, 0x06, 0x00, 0x26, 0x00, 0, 0x00000018, 0x0000000C },
    { 0x0232, 0x00, 0x02, 0x03, 0x00, 0x06, 0x00, 0x26, 0x00, 0, 0x00000024, 0x0000000C },
    { 0x0232, 0x00, 0x02, 0x04, 0x00, 0x06, 0x00, 0x26, 0x00, 0, 0x00000030, 0x0000000C },
    { 0x0232, 0x00, 0x02, 0x05, 0x00, 0x06, 0x00, 0x26, 0x00, 0, 0x0000003C, 0x0000000C },
    { 0x0232, 0x00, 0x02, 0x06, 0x00, 0x06, 0x00, 0x26, 0x00, 0, 0x00000048, 0x0000000C },
    { 0x0232, 0x00, 0x02, 0x07, 0x00, 0x06, 0x00, 0x26, 0x00, 0, 0x00000054, 0x0000000C },
    { 0x0232, 0x00, 0x02, 0x08, 0x00, 0x06, 0x00, 0x26, 0x00, 0, 0x00000060, 0x0000000C },
    { 0x0232, 0x00, 0x02, 0x09, 0x00, 0x06, 0x00, 0x26, 0x00, 0, 0x0000006C, 0x0000000C },
    { 0x0232, 0x00, 0x02, 0x0A, 0x00, 0x06, 0x00, 0x26, 0x00, 0, 0x00000078, 0x0000000C },
    { 0x0232, 0x00, 0x02, 0x0B, 0x00, 0x06, 0x00, 0x26, 0x00, 0, 0x00000084, 0x0000000C },
    { 0x0232, 0x00, 0x02, 0x0C, 0x00, 0x06, 0x00, 0x26, 0x00, 0, 0x00000090, 0x0000000C },
    { 0x0232, 0x00, 0x02, 0x0D, 0x00, 0x06, 0x00, 0x26, 0x00, 0, 0x0000009C, 0x0000000C },
    { 0x0232, 0x00, 0x02, 0x0E, 0x00, 0x06, 0x00, 0x26, 0x00, 0, 0x000000A8, 0x0000000C },
    { 0x0232, 0x00, 0x02, 0x0F, 0x00, 0x06, 0x00, 0x26, 0x00, 0, 0x000000B4, 0x0000000C },
    { 0x0232, 0x00, 0x02, 0x10, 0x00, 0x06, 0x00, 0x26, 0x00, 0, 0x000000C0, 0x0000000C },
    { 0x0232, 0x00, 0x02, 0x11, 0x00, 0x06, 0x00, 0x26, 0x00, 0, 0x000000CC, 0x0000000C },
    { 0x0232, 0x00, 0x02, 0x12, 0x00, 0x06, 0x00, 0x26, 0x00, 0, 0x000000D8, 0x0000000C },
    { 0x0232, 0x00, 0x02, 0x13, 0x00, 0x06, 0x00, 0x26, 0x00, 0, 0x000000E4, 0x0000000C },
    { 0x0232, 0x00, 0x02, 0x14, 0x00, 0x06, 0x00, 0x26, 0x00, 0, 0x000000F0, 0x0000000C },
    { 0x0232, 0x00, 0x02, 0x15, 0x00, 0x06, 0x00, 0x26, 0x00, 0, 0x000000FC, 0x0000000C },
    { 0x0232, 0x00, 0x02, 0x16, 0x00, 0x06, 0x00, 0x26, 0x00, 0, 0x00000108, 0x0000000C },
    { 0x0232, 0x00, 0x02, 0x17, 0x00, 0x06, 0x00, 0x26, 0x00, 0, 0x00000114, 0x0000000C },
    { 0x0232, 0x00, 0x02, 0x18, 0x00, 0x06, 0x00, 0x26, 0x00, 0, 0x00000120, 0x0000000C },
    { 0x0232, 0x00, 0x02, 0x19, 0x00, 0x06, 0x00, 0x26, 0x00, 0, 0x0000012C, 0x0000000C },
    { 0x0232, 0x00, 0x02, 0x1A, 0x00, 0x06, 0x00, 0x26, 0x00, 0, 0x00000138, 0x0000000C },
    { 0x0232, 0x00, 0x02, 0x1B, 0x00, 0x06, 0x00, 0x26, 0x00, 0, 0x00000144, 0x0000000C },
    { 0x0232, 0x00, 0x02, 0x1C, 0x00, 0x06, 0x00, 0x26, 0x00, 0, 0x00000150, 0x0000000C },
    { 0x0232, 0x00, 0x02, 0x1D, 0x00, 0x06, 0x00, 0x26, 0x00, 0, 0x0000015C, 0x0000000C },
    { 0x0232, 0x00, 0x02, 0x1E, 0x00, 0x06, 0x00, 0x26, 0x00, 0, 0x00000168, 0x0000000C },
    { 0x0232, 0x00, 0x02, 0x1F, 0x00, 0x06, 0x00, 0x26, 0x00, 0, 0x00000174, 0x0000000C },
    { 0x0232, 0x00, 0x02, 0x20, 0x00, 0x06, 0x00, 0x26, 0x00, 0, 0x00000180, 0x0000000C },
    { 0x0232, 0x00, 0x02, 0x21, 0x00, 0x06, 0x00, 0x26, 0x00, 0, 0x0000018C, 0x0000000C },
    { 0x0232, 0x00, 0x02, 0x22, 0x00, 0x06, 0x00, 0x26, 0x00, 0, 0x00000198, 0x0000000C },
    { 0x0232, 0x00, 0x02, 0x23, 0x00, 0x06, 0x00, 0x26, 0x00, 0, 0x000001A4, 0x0000000C },
    { 0x0232, 0x00, 0x02, 0x24, 0x00, 0x06, 0x00, 0x26, 0x00, 0, 0x000001B0, 0x0000000C },
    { 0x0232, 0x00, 0x02, 0x25, 0x00, 0x06, 0x00, 0x26, 0x00, 0, 0x000001BC, 0x0000000C },
    { 0x0232, 0x00, 0x03, 0x08, 0x00, 0x06, 0x00, 0x26, 0x00, 0, 0x00004AD8, 0x00000158 },
    { 0x0232, 0x00, 0x03, 0x09, 0x00, 0x06, 0x00, 0x26, 0x00, 0, 0x00004C30, 0x00000140 },
    { 0x0232, 0x00, 0x03, 0x0A, 0x00, 0x06, 0x00, 0x26, 0x00, 0, 0x00004D70, 0x000001B0 },
    { 0x0232, 0x00, 0x03, 0x0F, 0x00, 0x06, 0x00, 0x26, 0x00, 0, 0x00004348, 0x00000158 },
    { 0x0232, 0x00, 0x03, 0x10, 0x00, 0x06, 0x00, 0x26, 0x00, 0, 0x000044A0, 0x00000140 },
    { 0x0232, 0x00, 0x03, 0x11, 0x00, 0x06, 0x00, 0x26, 0x00, 0, 0x000045E0, 0x000001B0 },
    { 0x0232, 0x00, 0x03, 0x12, 0x00, 0x06, 0x00, 0x26, 0x00, 0, 0x00003938, 0x000000F8 },
    { 0x0232, 0x00, 0x03, 0x16, 0x00, 0x06, 0x00, 0x26, 0x00, 0, 0x00003A30, 0x000005D0 },
    { 0x0232, 0x00, 0x03, 0x1B, 0x00, 0x06, 0x00, 0x26, 0x00, 0, 0x00004790, 0x000001B0 },
    { 0x0232, 0x00, 0x03, 0x1C, 0x00, 0x06, 0x00, 0x26, 0x00, 0, 0x00004940, 0x000000C0 },
    { 0x0232, 0x00, 0x03, 0x1D, 0x00, 0x06, 0x00, 0x26, 0x00, 0, 0x00004A00, 0x000000D8 },
    { 0x0232, 0x00, 0x03, 0x22, 0x00, 0x06, 0x00, 0x26, 0x00, 0, 0x00004000, 0x000001B0 },
    { 0x0232, 0x00, 0x03, 0x23, 0x00, 0x06, 0x00, 0x26, 0x00, 0, 0x000041B0, 0x000000C0 },
    { 0x0232, 0x00, 0x03, 0x24, 0x00, 0x06, 0x00, 0x26, 0x00, 0, 0x00004270, 0x000000D8 },
    { 0x0232, 0x00, 0x03, 0x25, 0x00, 0x06, 0x00, 0x26, 0x00, 0, 0x00003788, 0x000001B0 },
    { 0x0233, 0x00, 0x00, 0x00, 0x00, 0x06, 0x00, 0x26, 0x00, 0, 0x00000260, 0x00000008 },
    { 0x0233, 0x00, 0x01, 0x00, 0x00, 0x06, 0x00, 0x26, 0x00, 0, 0x000001C8, 0x00000098 },
    { 0x0233, 0x00, 0x02, 0x00, 0x00, 0x06, 0x00, 0x26, 0x00, 0, 0x00000000, 0x0000000C },
    { 0x0233, 0x00, 0x02, 0x01, 0x00, 0x06, 0x00, 0x26, 0x00, 0, 0x0000000C, 0x0000000C },
    { 0x0233, 0x00, 0x02, 0x02, 0x00, 0x06, 0x00, 0x26, 0x00, 0, 0x00000018, 0x0000000C },
    { 0x0233, 0x00, 0x02, 0x03, 0x00, 0x06, 0x00, 0x26, 0x00, 0, 0x00000024, 0x0000000C },
    { 0x0233, 0x00, 0x02, 0x04, 0x00, 0x06, 0x00, 0x26, 0x00, 0, 0x00000030, 0x0000000C },
    { 0x0233, 0x00, 0x02, 0x05, 0x00, 0x06, 0x00, 0x26, 0x00, 0, 0x0000003C, 0x0000000C },
    { 0x0233, 0x00, 0x02, 0x06, 0x00, 0x06, 0x00, 0x26, 0x00, 0, 0x00000048, 0x0000000C },
    { 0x0233, 0x00, 0x02, 0x07, 0x00, 0x06, 0x00, 0x26, 0x00, 0, 0x00000054, 0x0000000C },
    { 0x0233, 0x00, 0x02, 0x08, 0x00, 0x06, 0x00, 0x26, 0x00, 0, 0x00000060, 0x0000000C },
    { 0x0233, 0x00, 0x02, 0x09, 0x00, 0x06, 0x00, 0x26, 0x00, 0, 0x0000006C, 0x0000000C },
    { 0x0233, 0x00, 0x02, 0x0A, 0x00, 0x06, 0x00, 0x26, 0x00, 0, 0x00000078, 0x0000000C },
    { 0x0233, 0x00, 0x02, 0x0B, 0x00, 0x06, 0x00, 0x26, 0x00, 0, 0x00000084, 0x0000000C },
    { 0x0233, 0x00, 0x02, 0x0C, 0x00, 0x06, 0x00, 0x26, 0x00, 0, 0x00000090, 0x0000000C },
    { 0x0233, 0x00, 0x02, 0x0D, 0x00, 0x06, 0x00, 0x26, 0x00, 0, 0x0000009C, 0x0000000C },
    { 0x0233, 0x00, 0x02, 0x0E, 0x00, 0x06, 0x00, 0x26, 0x00, 0, 0x000000A8, 0x0000000C },
    { 0x0233, 0x00, 0x02, 0x0F, 0x00, 0x06, 0x00, 0x26, 0x00, 0, 0x000000B4, 0x0000000C },
    { 0x0233, 0x00, 0x02, 0x10, 0x00, 0x06, 0x00, 0x26, 0x00, 0, 0x000000C0, 0x0000000C },
    { 0x0233, 0x00, 0x02, 0x11, 0x00, 0x06, 0x00, 0x26, 0x00, 0, 0x000000CC, 0x0000000C },
    { 0x0233, 0x00, 0x02, 0x12, 0x00, 0x06, 0x00, 0x26, 0x00, 0, 0x000000D8, 0x0000000C },
    { 0x0233, 0x00, 0x02, 0x13, 0x00, 0x06, 0x00, 0x26, 0x00, 0, 0x000000E4, 0x0000000C },
    { 0x0233, 0x00, 0x02, 0x14, 0x00, 0x06, 0x00, 0x26, 0x00, 0, 0x000000F0, 0x0000000C },
    { 0x0233, 0x00, 0x02, 0x15, 0x00, 0x06, 0x00, 0x26, 0x00, 0, 0x000000FC, 0x0000000C },
    { 0x0233, 0x00, 0x02, 0x16, 0x00, 0x06, 0x00, 0x26, 0x00, 0, 0x00000108, 0x0000000C },
    { 0x0233, 0x00, 0x02, 0x17, 0x00, 0x06, 0x00, 0x26, 0x00, 0, 0x00000114, 0x0000000C },
    { 0x0233, 0x00, 0x02, 0x18, 0x00, 0x06, 0x00, 0x26, 0x00, 0, 0x00000120, 0x0000000C },
    { 0x0233, 0x00, 0x02, 0x19, 0x00, 0x06, 0x00, 0x26, 0x00, 0, 0x0000012C, 0x0000000C },
    { 0x0233, 0x00, 0x02, 0x1A, 0x00, 0x06, 0x00, 0x26, 0x00, 0, 0x00000138, 0x0000000C },
    { 0x0233, 0x00, 0x02, 0x1B, 0x00, 0x06, 0x00, 0x26, 0x00, 0, 0x00000144, 0x0000000C },
    { 0x0233, 0x00, 0x02, 0x1C, 0x00, 0x06, 0x00, 0x26, 0x00, 0, 0x00000150, 0x0000000C },
    { 0x0233, 0x00, 0x02, 0x1D, 0x00, 0x06, 0x00, 0x26, 0x00, 0, 0x0000015C, 0x0000000C },
    { 0x0233, 0x00, 0x02, 0x1E, 0x00, 0x06, 0x00, 0x26, 0x00, 0, 0x00000168, 0x0000000C },
    { 0x0233, 0x00, 0x02, 0x1F, 0x00, 0x06, 0x00, 0x26, 0x00, 0, 0x00000174, 0x0000000C },
    { 0x0233, 0x00, 0x02, 0x20, 0x00, 0x06, 0x00, 0x26, 0x00, 0, 0x00000180, 0x0000000C },
    { 0x0233, 0x00, 0x02, 0x21, 0x00, 0x06, 0x00, 0x26, 0x00, 0, 0x0000018C, 0x0000000C },
    { 0x0233, 0x00, 0x02, 0x22, 0x00, 0x06, 0x00, 0x26, 0x00, 0, 0x00000198, 0x0000000C },
    { 0x0233, 0x00, 0x02, 0x23, 0x00, 0x06, 0x00, 0x26, 0x00, 0, 0x000001A4, 0x0000000C },
    { 0x0233, 0x00, 0x02, 0x24, 0x00, 0x06, 0x00, 0x26, 0x00, 0, 0x000001B0, 0x0000000C },
    { 0x0233, 0x00, 0x02, 0x25, 0x00, 0x06, 0x00, 0x26, 0x00, 0, 0x000001BC, 0x0000000C },
    { 0x0233, 0x00, 0x03, 0x08, 0x00, 0x06, 0x00, 0x26, 0x00, 0, 0x00003F28, 0x000000B8 },
    { 0x0233, 0x00, 0x03, 0x09, 0x00, 0x06, 0x00, 0x26, 0x00, 0, 0x00003FE0, 0x000000B8 },
    { 0x0233, 0x00, 0x03, 0x0A, 0x00, 0x06, 0x00, 0x26, 0x00, 0, 0x00004098, 0x000000F0 },
    { 0x0233, 0x00, 0x03, 0x0F, 0x00, 0x06, 0x00, 0x26, 0x00, 0, 0x00003928, 0x000000B8 },
    { 0x0233, 0x00, 0x03, 0x10, 0x00, 0x06, 0x00, 0x26, 0x00, 0, 0x000039E0, 0x000000B8 },
    { 0x0233, 0x00, 0x03, 0x11, 0x00, 0x06, 0x00, 0x26, 0x00, 0, 0x00003A98, 0x00000108 },
    { 0x0233, 0x00, 0x03, 0x12, 0x00, 0x06, 0x00, 0x26, 0x00, 0, 0x00002E50, 0x00000108 },
    { 0x0233, 0x00, 0x03, 0x16, 0x00, 0x06, 0x00, 0x26, 0x00, 0, 0x00002F58, 0x00000648 },
    { 0x0233, 0x00, 0x03, 0x1B, 0x00, 0x06, 0x00, 0x26, 0x00, 0, 0x00003BA0, 0x000001A8 },
    { 0x0233, 0x00, 0x03, 0x1C, 0x00, 0x06, 0x00, 0x26, 0x00, 0, 0x00003D48, 0x000000F0 },
    { 0x0233, 0x00, 0x03, 0x1D, 0x00, 0x06, 0x00, 0x26, 0x00, 0, 0x00003E38, 0x000000F0 },
    { 0x0233, 0x00, 0x03, 0x22, 0x00, 0x06, 0x00, 0x26, 0x00, 0, 0x000035A0, 0x000001A8 },
    { 0x0233, 0x00, 0x03, 0x23, 0x00, 0x06, 0x00, 0x26, 0x00, 0, 0x00003748, 0x000000F0 },
    { 0x0233, 0x00, 0x03, 0x24, 0x00, 0x06, 0x00, 0x26, 0x00, 0, 0x00003838, 0x000000F0 },
    { 0x0233, 0x00, 0x03, 0x25, 0x00, 0x06, 0x00, 0x26, 0x00, 0, 0x00002CA8, 0x000001A8 },
    { 0x023D, 0x00, 0x00, 0x00, 0x00, 0x06, 0x00, 0x1C, 0x00, 0, 0x00004848, 0x00000008 },
    { 0x023D, 0x00, 0x01, 0x00, 0x00, 0x06, 0x00, 0x1C, 0x00, 0, 0x000047D8, 0x00000070 },
    { 0x023D, 0x00, 0x02, 0x00, 0x00, 0x06, 0x00, 0x1C, 0x00, 0, 0x00004688, 0x0000000C },
    { 0x023D, 0x00, 0x02, 0x01, 0x00, 0x06, 0x00, 0x1C, 0x00, 0, 0x00004694, 0x0000000C },
    { 0x023D, 0x00, 0x02, 0x02, 0x00, 0x06, 0x00, 0x1C, 0x00, 0, 0x000046A0, 0x0000000C },
    { 0x023D, 0x00, 0x02, 0x03, 0x00, 0x06, 0x00, 0x1C, 0x00, 0, 0x000046AC, 0x0000000C },
    { 0x023D, 0x00, 0x02, 0x04, 0x00, 0x06, 0x00, 0x1C, 0x00, 0, 0x000046B8, 0x0000000C },
    { 0x023D, 0x00, 0x02, 0x05, 0x00, 0x06, 0x00, 0x1C, 0x00, 0, 0x000046C4, 0x0000000C },
    { 0x023D, 0x00, 0x02, 0x06, 0x00, 0x06, 0x00, 0x1C, 0x00, 0, 0x000046D0, 0x0000000C },
    { 0x023D, 0x00, 0x02, 0x07, 0x00, 0x06, 0x00, 0x1C, 0x00, 0, 0x000046DC, 0x0000000C },
    { 0x023D, 0x00, 0x02, 0x08, 0x00, 0x06, 0x00, 0x1C, 0x00, 0, 0x000046E8, 0x0000000C },
    { 0x023D, 0x00, 0x02, 0x09, 0x00, 0x06, 0x00, 0x1C, 0x00, 0, 0x000046F4, 0x0000000C },
    { 0x023D, 0x00, 0x02, 0x0A, 0x00, 0x06, 0x00, 0x1C, 0x00, 0, 0x00004700, 0x0000000C },
    { 0x023D, 0x00, 0x02, 0x0B, 0x00, 0x06, 0x00, 0x1C, 0x00, 0, 0x0000470C, 0x0000000C },
    { 0x023D, 0x00, 0x02, 0x0C, 0x00, 0x06, 0x00, 0x1C, 0x00, 0, 0x00004718, 0x0000000C },
    { 0x023D, 0x00, 0x02, 0x0D, 0x00, 0x06, 0x00, 0x1C, 0x00, 0, 0x00004724, 0x0000000C },
    { 0x023D, 0x00, 0x02, 0x0E, 0x00, 0x06, 0x00, 0x1C, 0x00, 0, 0x00004730, 0x0000000C },
    { 0x023D, 0x00, 0x02, 0x0F, 0x00, 0x06, 0x00, 0x1C, 0x00, 0, 0x0000473C, 0x0000000C },
    { 0x023D, 0x00, 0x02, 0x10, 0x00, 0x06, 0x00, 0x1C, 0x00, 0, 0x00004748, 0x0000000C },
    { 0x023D, 0x00, 0x02, 0x11, 0x00, 0x06, 0x00, 0x1C, 0x00, 0, 0x00004754, 0x0000000C },
    { 0x023D, 0x00, 0x02, 0x12, 0x00, 0x06, 0x00, 0x1C, 0x00, 0, 0x00004760, 0x0000000C },
    { 0x023D, 0x00, 0x02, 0x13, 0x00, 0x06, 0x00, 0x1C, 0x00, 0, 0x0000476C, 0x0000000C },
    { 0x023D, 0x00, 0x02, 0x14, 0x00, 0x06, 0x00, 0x1C, 0x00, 0, 0x00004778, 0x0000000C },
    { 0x023D, 0x00, 0x02, 0x15, 0x00, 0x06, 0x00, 0x1C, 0x00, 0, 0x00004784, 0x0000000C },
    { 0x023D, 0x00, 0x02, 0x16, 0x00, 0x06, 0x00, 0x1C, 0x00, 0, 0x00004790, 0x0000000C },
    { 0x023D, 0x00, 0x02, 0x17, 0x00, 0x06, 0x00, 0x1C, 0x00, 0, 0x0000479C, 0x0000000C },
    { 0x023D, 0x00, 0x02, 0x18, 0x00, 0x06, 0x00, 0x1C, 0x00, 0, 0x000047A8, 0x0000000C },
    { 0x023D, 0x00, 0x02, 0x19, 0x00, 0x06, 0x00, 0x1C, 0x00, 0, 0x000047B4, 0x0000000C },
    { 0x023D, 0x00, 0x02, 0x1A, 0x00, 0x06, 0x00, 0x1C, 0x00, 0, 0x000047C0, 0x0000000C },
    { 0x023D, 0x00, 0x02, 0x1B, 0x00, 0x06, 0x00, 0x1C, 0x00, 0, 0x000047CC, 0x0000000C },
    { 0x023D, 0x00, 0x03, 0x01, 0x00, 0x06, 0x00, 0x1C, 0x00, 0, 0x00002740, 0x00000098 },
    { 0x023D, 0x00, 0x03, 0x04, 0x00, 0x06, 0x00, 0x1C, 0x00, 0, 0x00002968, 0x000000C0 },
    { 0x023D, 0x00, 0x03, 0x07, 0x00, 0x06, 0x00, 0x1C, 0x00, 0, 0x00002A28, 0x000000C0 },
    { 0x023D, 0x00, 0x03, 0x0D, 0x00, 0x06, 0x00, 0x1C, 0x00, 0, 0x00002DF8, 0x00000098 },
    { 0x023D, 0x00, 0x03, 0x0E, 0x00, 0x06, 0x00, 0x1C, 0x00, 0, 0x00002E90, 0x000000A0 },
    { 0x023D, 0x00, 0x03, 0x0F, 0x00, 0x06, 0x00, 0x1C, 0x00, 0, 0x00002F30, 0x00000130 },
    { 0x023D, 0x00, 0x03, 0x10, 0x00, 0x06, 0x00, 0x1C, 0x00, 0, 0x00003060, 0x000000A8 },
    { 0x023D, 0x00, 0x03, 0x16, 0x00, 0x06, 0x00, 0x1C, 0x00, 0, 0x00002AE8, 0x00000098 },
    { 0x023D, 0x00, 0x03, 0x17, 0x00, 0x06, 0x00, 0x1C, 0x00, 0, 0x00002B80, 0x000000A0 },
    { 0x023D, 0x00, 0x03, 0x18, 0x00, 0x06, 0x00, 0x1C, 0x00, 0, 0x00002C20, 0x00000130 },
    { 0x023D, 0x00, 0x03, 0x19, 0x00, 0x06, 0x00, 0x1C, 0x00, 0, 0x00002D50, 0x000000A8 },
    { 0x023D, 0x00, 0x03, 0x1A, 0x00, 0x06, 0x00, 0x1C, 0x00, 0, 0x00002610, 0x00000130 },
    { 0x023D, 0x00, 0x03, 0x1B, 0x00, 0x06, 0x00, 0x1C, 0x00, 0, 0x000027D8, 0x00000190 },
    { 0x023E, 0x00, 0x00, 0x00, 0x00, 0x06, 0x00, 0x26, 0x00, 0, 0x00000260, 0x00000008 },
    { 0x023E, 0x00, 0x01, 0x00, 0x00, 0x06, 0x00, 0x26, 0x00, 0, 0x000001C8, 0x00000098 },
    { 0x023E, 0x00, 0x02, 0x00, 0x00, 0x06, 0x00, 0x26, 0x00, 0, 0x00000000, 0x0000000C },
    { 0x023E, 0x00, 0x02, 0x01, 0x00, 0x06, 0x00, 0x26, 0x00, 0, 0x0000000C, 0x0000000C },
    { 0x023E, 0x00, 0x02, 0x02, 0x00, 0x06, 0x00, 0x26, 0x00, 0, 0x00000018, 0x0000000C },
    { 0x023E, 0x00, 0x02, 0x03, 0x00, 0x06, 0x00, 0x26, 0x00, 0, 0x00000024, 0x0000000C },
    { 0x023E, 0x00, 0x02, 0x04, 0x00, 0x06, 0x00, 0x26, 0x00, 0, 0x00000030, 0x0000000C },
    { 0x023E, 0x00, 0x02, 0x05, 0x00, 0x06, 0x00, 0x26, 0x00, 0, 0x0000003C, 0x0000000C },
    { 0x023E, 0x00, 0x02, 0x06, 0x00, 0x06, 0x00, 0x26, 0x00, 0, 0x00000048, 0x0000000C },
    { 0x023E, 0x00, 0x02, 0x07, 0x00, 0x06, 0x00, 0x26, 0x00, 0, 0x00000054, 0x0000000C },
    { 0x023E, 0x00, 0x02, 0x08, 0x00, 0x06, 0x00, 0x26, 0x00, 0, 0x00000060, 0x0000000C },
    { 0x023E, 0x00, 0x02, 0x09, 0x00, 0x06, 0x00, 0x26, 0x00, 0, 0x0000006C, 0x0000000C },
    { 0x023E, 0x00, 0x02, 0x0A, 0x00, 0x06, 0x00, 0x26, 0x00, 0, 0x00000078, 0x0000000C },
    { 0x023E, 0x00, 0x02, 0x0B, 0x00, 0x06, 0x00, 0x26, 0x00, 0, 0x00000084, 0x0000000C },
    { 0x023E, 0x00, 0x02, 0x0C, 0x00, 0x06, 0x00, 0x26, 0x00, 0, 0x00000090, 0x0000000C },
    { 0x023E, 0x00, 0x02, 0x0D, 0x00, 0x06, 0x00, 0x26, 0x00, 0, 0x0000009C, 0x0000000C },
    { 0x023E, 0x00, 0x02, 0x0E, 0x00, 0x06, 0x00, 0x26, 0x00, 0, 0x000000A8, 0x0000000C },
    { 0x023E, 0x00, 0x02, 0x0F, 0x00, 0x06, 0x00, 0x26, 0x00, 0, 0x000000B4, 0x0000000C },
    { 0x023E, 0x00, 0x02, 0x10, 0x00, 0x06, 0x00, 0x26, 0x00, 0, 0x000000C0, 0x0000000C },
    { 0x023E, 0x00, 0x02, 0x11, 0x00, 0x06, 0x00, 0x26, 0x00, 0, 0x000000CC, 0x0000000C },
    { 0x023E, 0x00, 0x02, 0x12, 0x00, 0x06, 0x00, 0x26, 0x00, 0, 0x000000D8, 0x0000000C },
    { 0x023E, 0x00, 0x02, 0x13, 0x00, 0x06, 0x00, 0x26, 0x00, 0, 0x000000E4, 0x0000000C },
    { 0x023E, 0x00, 0x02, 0x14, 0x00, 0x06, 0x00, 0x26, 0x00, 0, 0x000000F0, 0x0000000C },
    { 0x023E, 0x00, 0x02, 0x15, 0x00, 0x06, 0x00, 0x26, 0x00, 0, 0x000000FC, 0x0000000C },
    { 0x023E, 0x00, 0x02, 0x16, 0x00, 0x06, 0x00, 0x26, 0x00, 0, 0x00000108, 0x0000000C },
    { 0x023E, 0x00, 0x02, 0x17, 0x00, 0x06, 0x00, 0x26, 0x00, 0, 0x00000114, 0x0000000C },
    { 0x023E, 0x00, 0x02, 0x18, 0x00, 0x06, 0x00, 0x26, 0x00, 0, 0x00000120, 0x0000000C },
    { 0x023E, 0x00, 0x02, 0x19, 0x00, 0x06, 0x00, 0x26, 0x00, 0, 0x0000012C, 0x0000000C },
    { 0x023E, 0x00, 0x02, 0x1A, 0x00, 0x06, 0x00, 0x26, 0x00, 0, 0x00000138, 0x0000000C },
    { 0x023E, 0x00, 0x02, 0x1B, 0x00, 0x06, 0x00, 0x26, 0x00, 0, 0x00000144, 0x0000000C },
    { 0x023E, 0x00, 0x02, 0x1C, 0x00, 0x06, 0x00, 0x26, 0x00, 0, 0x00000150, 0x0000000C },
    { 0x023E, 0x00, 0x02, 0x1D, 0x00, 0x06, 0x00, 0x26, 0x00, 0, 0x0000015C, 0x0000000C },
    { 0x023E, 0x00, 0x02, 0x1E, 0x00, 0x06, 0x00, 0x26, 0x00, 0, 0x00000168, 0x0000000C },
    { 0x023E, 0x00, 0x02, 0x1F, 0x00, 0x06, 0x00, 0x26, 0x00, 0, 0x00000174, 0x0000000C },
    { 0x023E, 0x00, 0x02, 0x20, 0x00, 0x06, 0x00, 0x26, 0x00, 0, 0x00000180, 0x0000000C },
    { 0x023E, 0x00, 0x02, 0x21, 0x00, 0x06, 0x00, 0x26, 0x00, 0, 0x0000018C, 0x0000000C },
    { 0x023E, 0x00, 0x02, 0x22, 0x00, 0x06, 0x00, 0x26, 0x00, 0, 0x00000198, 0x0000000C },
    { 0x023E, 0x00, 0x02, 0x23, 0x00, 0x06, 0x00, 0x26, 0x00, 0, 0x000001A4, 0x0000000C },
    { 0x023E, 0x00, 0x02, 0x24, 0x00, 0x06, 0x00, 0x26, 0x00, 0, 0x000001B0, 0x0000000C },
    { 0x023E, 0x00, 0x02, 0x25, 0x00, 0x06, 0x00, 0x26, 0x00, 0, 0x000001BC, 0x0000000C },
    { 0x023E, 0x00, 0x03, 0x08, 0x00, 0x06, 0x00, 0x26, 0x00, 0, 0x00002448, 0x00000090 },
    { 0x023E, 0x00, 0x03, 0x09, 0x00, 0x06, 0x00, 0x26, 0x00, 0, 0x000024D8, 0x000000E8 },
    { 0x023E, 0x00, 0x03, 0x0A, 0x00, 0x06, 0x00, 0x26, 0x00, 0, 0x000025C0, 0x000000B0 },
    { 0x023E, 0x00, 0x03, 0x0F, 0x00, 0x06, 0x00, 0x26, 0x00, 0, 0x00001FF8, 0x00000090 },
    { 0x023E, 0x00, 0x03, 0x10, 0x00, 0x06, 0x00, 0x26, 0x00, 0, 0x00002088, 0x000000E8 },
    { 0x023E, 0x00, 0x03, 0x11, 0x00, 0x06, 0x00, 0x26, 0x00, 0, 0x00002170, 0x000000B0 },
    { 0x023E, 0x00, 0x03, 0x12, 0x00, 0x06, 0x00, 0x26, 0x00, 0, 0x00001878, 0x00000118 },
    { 0x023E, 0x00, 0x03, 0x16, 0x00, 0x06, 0x00, 0x26, 0x00, 0, 0x00001AE0, 0x00000268 },
    { 0x023E, 0x00, 0x03, 0x1B, 0x00, 0x06, 0x00, 0x26, 0x00, 0, 0x00002220, 0x00000098 },
    { 0x023E, 0x00, 0x03, 0x1C, 0x00, 0x06, 0x00, 0x26, 0x00, 0, 0x000022B8, 0x000000E8 },
    { 0x023E, 0x00, 0x03, 0x1D, 0x00, 0x06, 0x00, 0x26, 0x00, 0, 0x000023A0, 0x000000A8 },
    { 0x023E, 0x00, 0x03, 0x22, 0x00, 0x06, 0x00, 0x26, 0x00, 0, 0x00001D48, 0x00000120 },
    { 0x023E, 0x00, 0x03, 0x23, 0x00, 0x06, 0x00, 0x26, 0x00, 0, 0x00001E68, 0x000000E8 },
    { 0x023E, 0x00, 0x03, 0x24, 0x00, 0x06, 0x00, 0x26, 0x00, 0, 0x00001F50, 0x000000A8 },
    { 0x023E, 0x00, 0x03, 0x25, 0x00, 0x06, 0x00, 0x26, 0x00, 0, 0x00001990, 0x00000150 },
    { 0x0241, 0x00, 0x00, 0x00, 0x00, 0x06, 0x02, 0x35, 0x00, 0, 0x00009C98, 0x00000008 },
    { 0x0241, 0x00, 0x01, 0x00, 0x00, 0x06, 0x02, 0x35, 0x00, 0, 0x00009BC4, 0x000000D4 },
    { 0x0241, 0x00, 0x02, 0x00, 0x00, 0x06, 0x02, 0x35, 0x00, 0, 0x00009874, 0x00000010 },
    { 0x0241, 0x00, 0x02, 0x01, 0x00, 0x06, 0x02, 0x35, 0x00, 0, 0x00009884, 0x00000010 },
    { 0x0241, 0x00, 0x02, 0x02, 0x00, 0x06, 0x02, 0x35, 0x00, 0, 0x00009894, 0x00000010 },
    { 0x0241, 0x00, 0x02, 0x03, 0x00, 0x06, 0x02, 0x35, 0x00, 0, 0x000098A4, 0x00000010 },
    { 0x0241, 0x00, 0x02, 0x04, 0x00, 0x06, 0x02, 0x35, 0x00, 0, 0x000098B4, 0x00000010 },
    { 0x0241, 0x00, 0x02, 0x05, 0x00, 0x06, 0x02, 0x35, 0x00, 0, 0x000098C4, 0x00000010 },
    { 0x0241, 0x00, 0x02, 0x06, 0x00, 0x06, 0x02, 0x35, 0x00, 0, 0x000098D4, 0x00000010 },
    { 0x0241, 0x00, 0x02, 0x07, 0x00, 0x06, 0x02, 0x35, 0x00, 0, 0x000098E4, 0x00000010 },
    { 0x0241, 0x00, 0x02, 0x08, 0x00, 0x06, 0x02, 0x35, 0x00, 0, 0x000098F4, 0x00000010 },
    { 0x0241, 0x00, 0x02, 0x09, 0x00, 0x06, 0x02, 0x35, 0x00, 0, 0x00009904, 0x00000010 },
    { 0x0241, 0x00, 0x02, 0x0A, 0x00, 0x06, 0x02, 0x35, 0x00, 0, 0x00009914, 0x00000010 },
    { 0x0241, 0x00, 0x02, 0x0B, 0x00, 0x06, 0x02, 0x35, 0x00, 0, 0x00009924, 0x00000010 },
    { 0x0241, 0x00, 0x02, 0x0C, 0x00, 0x06, 0x02, 0x35, 0x00, 0, 0x00009934, 0x00000010 },
    { 0x0241, 0x00, 0x02, 0x0D, 0x00, 0x06, 0x02, 0x35, 0x00, 0, 0x00009944, 0x00000010 },
    { 0x0241, 0x00, 0x02, 0x0E, 0x00, 0x06, 0x02, 0x35, 0x00, 0, 0x00009954, 0x00000010 },
    { 0x0241, 0x00, 0x02, 0x0F, 0x00, 0x06, 0x02, 0x35, 0x00, 0, 0x00009964, 0x00000010 },
    { 0x0241, 0x00, 0x02, 0x10, 0x00, 0x06, 0x02, 0x35, 0x00, 0, 0x00009974, 0x00000010 },
    { 0x0241, 0x00, 0x02, 0x11, 0x00, 0x06, 0x02, 0x35, 0x00, 0, 0x00009984, 0x00000010 },
    { 0x0241, 0x00, 0x02, 0x12, 0x00, 0x06, 0x02, 0x35, 0x00, 0, 0x00009994, 0x00000010 },
    { 0x0241, 0x00, 0x02, 0x13, 0x00, 0x06, 0x02, 0x35, 0x00, 0, 0x000099A4, 0x00000010 },
    { 0x0241, 0x00, 0x02, 0x14, 0x00, 0x06, 0x02, 0x35, 0x00, 0, 0x000099B4, 0x00000010 },
    { 0x0241, 0x00, 0x02, 0x15, 0x00, 0x06, 0x02, 0x35, 0x00, 0, 0x000099C4, 0x00000010 },
    { 0x0241, 0x00, 0x02, 0x16, 0x00, 0x06, 0x02, 0x35, 0x00, 0, 0x000099D4, 0x00000010 },
    { 0x0241, 0x00, 0x02, 0x17, 0x00, 0x06, 0x02, 0x35, 0x00, 0, 0x000099E4, 0x00000010 },
    { 0x0241, 0x00, 0x02, 0x18, 0x00, 0x06, 0x02, 0x35, 0x00, 0, 0x000099F4, 0x00000010 },
    { 0x0241, 0x00, 0x02, 0x19, 0x00, 0x06, 0x02, 0x35, 0x00, 0, 0x00009A04, 0x00000010 },
    { 0x0241, 0x00, 0x02, 0x1A, 0x00, 0x06, 0x02, 0x35, 0x00, 0, 0x00009A14, 0x00000010 },
    { 0x0241, 0x00, 0x02, 0x1B, 0x00, 0x06, 0x02, 0x35, 0x00, 0, 0x00009A24, 0x00000010 },
    { 0x0241, 0x00, 0x02, 0x1C, 0x00, 0x06, 0x02, 0x35, 0x00, 0, 0x00009A34, 0x00000010 },
    { 0x0241, 0x00, 0x02, 0x1D, 0x00, 0x06, 0x02, 0x35, 0x00, 0, 0x00009A44, 0x00000010 },
    { 0x0241, 0x00, 0x02, 0x1E, 0x00, 0x06, 0x02, 0x35, 0x00, 0, 0x00009A54, 0x00000010 },
    { 0x0241, 0x00, 0x02, 0x1F, 0x00, 0x06, 0x02, 0x35, 0x00, 0, 0x00009A64, 0x00000010 },
    { 0x0241, 0x00, 0x02, 0x20, 0x00, 0x06, 0x02, 0x35, 0x00, 0, 0x00009A74, 0x00000010 },
    { 0x0241, 0x00, 0x02, 0x21, 0x00, 0x06, 0x02, 0x35, 0x00, 0, 0x00009A84, 0x00000010 },
    { 0x0241, 0x00, 0x02, 0x22, 0x00, 0x06, 0x02, 0x35, 0x00, 0, 0x00009A94, 0x00000010 },
    { 0x0241, 0x00, 0x02, 0x23, 0x00, 0x06, 0x02, 0x35, 0x00, 0, 0x00009AA4, 0x00000010 },
    { 0x0241, 0x00, 0x02, 0x24, 0x00, 0x06, 0x02, 0x35, 0x00, 0, 0x00009AB4, 0x00000010 },
    { 0x0241, 0x00, 0x02, 0x25, 0x00, 0x06, 0x02, 0x35, 0x00, 0, 0x00009AC4, 0x00000010 },
    { 0x0241, 0x00, 0x02, 0x26, 0x00, 0x06, 0x02, 0x35, 0x00, 0, 0x00009AD4, 0x00000010 },
    { 0x0241, 0x00, 0x02, 0x27, 0x00, 0x06, 0x02, 0x35, 0x00, 0, 0x00009AE4, 0x00000010 },
    { 0x0241, 0x00, 0x02, 0x28, 0x00, 0x06, 0x02, 0x35, 0x00, 0, 0x00009AF4, 0x00000010 },
    { 0x0241, 0x00, 0x02, 0x29, 0x00, 0x06, 0x02, 0x35, 0x00, 0, 0x00009B04, 0x00000010 },
    { 0x0241, 0x00, 0x02, 0x2A, 0x00, 0x06, 0x02, 0x35, 0x00, 0, 0x00009B14, 0x00000010 },
    { 0x0241, 0x00, 0x02, 0x2B, 0x00, 0x06, 0x02, 0x35, 0x00, 0, 0x00009B24, 0x00000010 },
    { 0x0241, 0x00, 0x02, 0x2C, 0x00, 0x06, 0x02, 0x35, 0x00, 0, 0x00009B34, 0x00000010 },
    { 0x0241, 0x00, 0x02, 0x2D, 0x00, 0x06, 0x02, 0x35, 0x00, 0, 0x00009B44, 0x00000010 },
    { 0x0241, 0x00, 0x02, 0x2E, 0x00, 0x06, 0x02, 0x35, 0x00, 0, 0x00009B54, 0x00000010 },
    { 0x0241, 0x00, 0x02, 0x2F, 0x00, 0x06, 0x02, 0x35, 0x00, 0, 0x00009B64, 0x00000010 },
    { 0x0241, 0x00, 0x02, 0x30, 0x00, 0x06, 0x02, 0x35, 0x00, 0, 0x00009B74, 0x00000010 },
    { 0x0241, 0x00, 0x02, 0x31, 0x00, 0x06, 0x02, 0x35, 0x00, 0, 0x00009B84, 0x00000010 },
    { 0x0241, 0x00, 0x02, 0x32, 0x00, 0x06, 0x02, 0x35, 0x00, 0, 0x00009B94, 0x00000010 },
    { 0x0241, 0x00, 0x02, 0x33, 0x00, 0x06, 0x02, 0x35, 0x00, 0, 0x00009BA4, 0x00000010 },
    { 0x0241, 0x00, 0x02, 0x34, 0x00, 0x06, 0x02, 0x35, 0x00, 0, 0x00009BB4, 0x00000010 },
    { 0x0241, 0x00, 0x03, 0x05, 0x00, 0x06, 0x02, 0x35, 0x00, 0, 0x0000B730, 0x00000510 },
    { 0x0241, 0x00, 0x03, 0x0D, 0x00, 0x06, 0x02, 0x35, 0x00, 0, 0x00002098, 0x000003A0 },
    { 0x0241, 0x00, 0x03, 0x0E, 0x00, 0x06, 0x02, 0x35, 0x00, 0, 0x00001F50, 0x00000148 },
    { 0x0241, 0x00, 0x03, 0x15, 0x00, 0x06, 0x02, 0x35, 0x00, 0, 0x00002710, 0x00000100 },
    { 0x0241, 0x00, 0x03, 0x16, 0x00, 0x06, 0x02, 0x35, 0x00, 0, 0x000028C0, 0x000000B0 },
    { 0x0241, 0x00, 0x03, 0x17, 0x00, 0x06, 0x02, 0x35, 0x00, 0, 0x00002438, 0x000000D8 },
    { 0x0241, 0x00, 0x03, 0x18, 0x00, 0x06, 0x02, 0x35, 0x00, 0, 0x00002510, 0x00000100 },
    { 0x0241, 0x00, 0x03, 0x1F, 0x00, 0x06, 0x02, 0x35, 0x00, 0, 0x00002F98, 0x00000100 },
    { 0x0241, 0x00, 0x03, 0x20, 0x00, 0x06, 0x02, 0x35, 0x00, 0, 0x00002EE8, 0x000000B0 },
    { 0x0241, 0x00, 0x03, 0x21, 0x00, 0x06, 0x02, 0x35, 0x00, 0, 0x00003098, 0x000000D8 },
    { 0x0241, 0x00, 0x03, 0x22, 0x00, 0x06, 0x02, 0x35, 0x00, 0, 0x00002DE8, 0x00000100 },
    { 0x0241, 0x00, 0x03, 0x23, 0x00, 0x06, 0x02, 0x35, 0x00, 0, 0x00002970, 0x000002D8 },
    { 0x0241, 0x00, 0x03, 0x24, 0x00, 0x06, 0x02, 0x35, 0x00, 0, 0x00002C48, 0x000001A0 },
    { 0x0241, 0x00, 0x03, 0x2B, 0x00, 0x06, 0x02, 0x35, 0x00, 0, 0x00002610, 0x00000100 },
    { 0x0241, 0x00, 0x03, 0x2C, 0x00, 0x06, 0x02, 0x35, 0x00, 0, 0x00002810, 0x000000B0 },
    { 0x0241, 0x00, 0x03, 0x33, 0x00, 0x06, 0x02, 0x35, 0x00, 0, 0x00003220, 0x00000100 },
    { 0x0241, 0x00, 0x03, 0x34, 0x00, 0x06, 0x02, 0x35, 0x00, 0, 0x00003170, 0x000000B0 },
    { 0x0241, 0x00, 0x04, 0x05, 0x00, 0x06, 0x02, 0x35, 0x00, 0, 0x00009868, 0x0000000C },
    { 0x0241, 0x00, 0x05, 0x05, 0x00, 0x06, 0x02, 0x35, 0x00, 0, 0x000092E8, 0x00000580 },
    { 0x0241, 0x00, 0x06, 0x05, 0x00, 0x06, 0x02, 0x35, 0x00, 0, 0x00008960, 0x0000000A },
    { 0x0241, 0x00, 0x06, 0x05, 0x01, 0x06, 0x02, 0x35, 0x00, 0, 0x0000896C, 0x00000032 },
    { 0x0241, 0x00, 0x06, 0x05, 0x02, 0x06, 0x02, 0x35, 0x00, 0, 0x000089A0, 0x0000000A },
    { 0x0241, 0x00, 0x06, 0x05, 0x03, 0x06, 0x02, 0x35, 0x00, 0, 0x000089AC, 0x00000014 },
    { 0x0241, 0x00, 0x06, 0x05, 0x04, 0x06, 0x02, 0x35, 0x00, 0, 0x000089C0, 0x00000014 },
    { 0x0241, 0x00, 0x06, 0x05, 0x05, 0x06, 0x02, 0x35, 0x00, 0, 0x000089D4, 0x00000032 },
    { 0x0241, 0x00, 0x06, 0x05, 0x06, 0x06, 0x02, 0x35, 0x00, 0, 0x00008A08, 0x00000014 },
    { 0x0241, 0x00, 0x06, 0x05, 0x07, 0x06, 0x02, 0x35, 0x00, 0, 0x00008A1C, 0x0000001E },
    { 0x0241, 0x00, 0x06, 0x05, 0x08, 0x06, 0x02, 0x35, 0x00, 0, 0x00008A3C, 0x00000032 },
    { 0x0241, 0x00, 0x06, 0x05, 0x09, 0x06, 0x02, 0x35, 0x00, 0, 0x00008A70, 0x00000032 },
    { 0x0241, 0x00, 0x06, 0x05, 0x0A, 0x06, 0x02, 0x35, 0x00, 0, 0x00008AA4, 0x0000001E },
    { 0x0241, 0x00, 0x06, 0x05, 0x0B, 0x06, 0x02, 0x35, 0x00, 0, 0x00008AC4, 0x00000014 },
    { 0x0241, 0x00, 0x06, 0x05, 0x0C, 0x06, 0x02, 0x35, 0x00, 0, 0x00008AD8, 0x00000014 },
    { 0x0241, 0x00, 0x06, 0x05, 0x0D, 0x06, 0x02, 0x35, 0x00, 0, 0x00008AEC, 0x0000000A },
    { 0x0241, 0x00, 0x06, 0x05, 0x0E, 0x06, 0x02, 0x35, 0x00, 0, 0x00008AF8, 0x0000000A },
    { 0x0241, 0x00, 0x06, 0x05, 0x0F, 0x06, 0x02, 0x35, 0x00, 0, 0x00008B04, 0x0000000A },
    { 0x0241, 0x00, 0x06, 0x05, 0x10, 0x06, 0x02, 0x35, 0x00, 0, 0x00008B10, 0x00000014 },
    { 0x0241, 0x00, 0x06, 0x05, 0x11, 0x06, 0x02, 0x35, 0x00, 0, 0x00008B24, 0x00000028 },
    { 0x0241, 0x00, 0x06, 0x05, 0x12, 0x06, 0x02, 0x35, 0x00, 0, 0x00008B4C, 0x0000001E },
    { 0x0241, 0x00, 0x06, 0x05, 0x13, 0x06, 0x02, 0x35, 0x00, 0, 0x00008B6C, 0x0000000A },
    { 0x0241, 0x00, 0x06, 0x05, 0x14, 0x06, 0x02, 0x35, 0x00, 0, 0x00008B78, 0x0000001E },
    { 0x0241, 0x00, 0x06, 0x05, 0x15, 0x06, 0x02, 0x35, 0x00, 0, 0x00008B98, 0x00000028 },
    { 0x0241, 0x00, 0x06, 0x05, 0x16, 0x06, 0x02, 0x35, 0x00, 0, 0x00008BC0, 0x00000014 },
    { 0x0241, 0x00, 0x06, 0x05, 0x17, 0x06, 0x02, 0x35, 0x00, 0, 0x00008BD4, 0x0000000A },
    { 0x0241, 0x00, 0x06, 0x05, 0x18, 0x06, 0x02, 0x35, 0x00, 0, 0x00008BE0, 0x00000014 },
    { 0x0241, 0x00, 0x06, 0x05, 0x19, 0x06, 0x02, 0x35, 0x00, 0, 0x00008BF4, 0x0000000A },
    { 0x0241, 0x00, 0x06, 0x05, 0x1A, 0x06, 0x02, 0x35, 0x00, 0, 0x00008C00, 0x0000001E },
    { 0x0241, 0x00, 0x06, 0x05, 0x1B, 0x06, 0x02, 0x35, 0x00, 0, 0x00008C20, 0x0000000A },
    { 0x0241, 0x00, 0x06, 0x05, 0x1C, 0x06, 0x02, 0x35, 0x00, 0, 0x00008C2C, 0x00000014 },
    { 0x0241, 0x00, 0x06, 0x05, 0x1D, 0x06, 0x02, 0x35, 0x00, 0, 0x00008C40, 0x0000000A },
    { 0x0241, 0x00, 0x06, 0x05, 0x1E, 0x06, 0x02, 0x35, 0x00, 0, 0x00008C4C, 0x0000000A },
    { 0x0241, 0x00, 0x06, 0x05, 0x1F, 0x06, 0x02, 0x35, 0x00, 0, 0x00008C58, 0x00000014 },
    { 0x0241, 0x00, 0x06, 0x05, 0x20, 0x06, 0x02, 0x35, 0x00, 0, 0x00008C6C, 0x0000000A },
    { 0x0241, 0x00, 0x06, 0x05, 0x21, 0x06, 0x02, 0x35, 0x00, 0, 0x00008C78, 0x00000014 },
    { 0x0241, 0x00, 0x06, 0x05, 0x22, 0x06, 0x02, 0x35, 0x00, 0, 0x00008C8C, 0x0000003C },
    { 0x0241, 0x00, 0x06, 0x05, 0x23, 0x06, 0x02, 0x35, 0x00, 0, 0x00008CC8, 0x0000001E },
    { 0x0241, 0x00, 0x06, 0x05, 0x24, 0x06, 0x02, 0x35, 0x00, 0, 0x00008CE8, 0x0000001E },
    { 0x0241, 0x00, 0x06, 0x05, 0x25, 0x06, 0x02, 0x35, 0x00, 0, 0x00008D08, 0x00000014 },
    { 0x0241, 0x00, 0x06, 0x05, 0x26, 0x06, 0x02, 0x35, 0x00, 0, 0x00008D1C, 0x0000001E },
    { 0x0241, 0x00, 0x06, 0x05, 0x27, 0x06, 0x02, 0x35, 0x00, 0, 0x00008D3C, 0x00000028 },
    { 0x0241, 0x00, 0x06, 0x05, 0x28, 0x06, 0x02, 0x35, 0x00, 0, 0x00008D64, 0x00000014 },
    { 0x0241, 0x00, 0x06, 0x05, 0x29, 0x06, 0x02, 0x35, 0x00, 0, 0x00008D78, 0x0000000A },
    { 0x0241, 0x00, 0x06, 0x05, 0x2A, 0x06, 0x02, 0x35, 0x00, 0, 0x00008D84, 0x00000014 },
    { 0x0241, 0x00, 0x06, 0x05, 0x2B, 0x06, 0x02, 0x35, 0x00, 0, 0x00008D98, 0x0000000A },
    { 0x0241, 0x00, 0x06, 0x05, 0x2C, 0x06, 0x02, 0x35, 0x00, 0, 0x00008DA4, 0x0000001E },
    { 0x0241, 0x00, 0x06, 0x05, 0x2D, 0x06, 0x02, 0x35, 0x00, 0, 0x00008DC4, 0x00000014 },
    { 0x0241, 0x00, 0x06, 0x05, 0x2E, 0x06, 0x02, 0x35, 0x00, 0, 0x00008DD8, 0x00000014 },
    { 0x0241, 0x00, 0x06, 0x05, 0x2F, 0x06, 0x02, 0x35, 0x00, 0, 0x00008DEC, 0x0000000A },
    { 0x0241, 0x00, 0x06, 0x05, 0x30, 0x06, 0x02, 0x35, 0x00, 0, 0x00008DF8, 0x00000028 },
    { 0x0241, 0x00, 0x06, 0x05, 0x31, 0x06, 0x02, 0x35, 0x00, 0, 0x00008E20, 0x00000032 },
    { 0x0241, 0x00, 0x06, 0x05, 0x32, 0x06, 0x02, 0x35, 0x00, 0, 0x00008E54, 0x0000003C },
    { 0x0241, 0x00, 0x06, 0x05, 0x33, 0x06, 0x02, 0x35, 0x00, 0, 0x00008E90, 0x00000014 },
    { 0x0241, 0x00, 0x06, 0x05, 0x34, 0x06, 0x02, 0x35, 0x00, 0, 0x00008EA4, 0x0000000A },
    { 0x0241, 0x00, 0x06, 0x05, 0x35, 0x06, 0x02, 0x35, 0x00, 0, 0x00008EB0, 0x0000001E },
    { 0x0241, 0x00, 0x06, 0x05, 0x36, 0x06, 0x02, 0x35, 0x00, 0, 0x00008ED0, 0x0000001E },
    { 0x0241, 0x00, 0x06, 0x05, 0x37, 0x06, 0x02, 0x35, 0x00, 0, 0x00008EF0, 0x00000014 },
    { 0x0241, 0x00, 0x06, 0x05, 0x38, 0x06, 0x02, 0x35, 0x00, 0, 0x00008F04, 0x00000014 },
    { 0x0241, 0x00, 0x06, 0x05, 0x39, 0x06, 0x02, 0x35, 0x00, 0, 0x00008F18, 0x00000014 },
    { 0x0241, 0x00, 0x06, 0x05, 0x3A, 0x06, 0x02, 0x35, 0x00, 0, 0x00008F2C, 0x00000014 },
    { 0x0241, 0x00, 0x06, 0x05, 0x3B, 0x06, 0x02, 0x35, 0x00, 0, 0x00008F40, 0x0000001E },
    { 0x0241, 0x00, 0x06, 0x05, 0x3C, 0x06, 0x02, 0x35, 0x00, 0, 0x00008F60, 0x00000014 },
    { 0x0241, 0x00, 0x06, 0x05, 0x3D, 0x06, 0x02, 0x35, 0x00, 0, 0x00008F74, 0x00000014 },
    { 0x0241, 0x00, 0x06, 0x05, 0x3E, 0x06, 0x02, 0x35, 0x00, 0, 0x00008F88, 0x0000001E },
    { 0x0241, 0x00, 0x06, 0x05, 0x3F, 0x06, 0x02, 0x35, 0x00, 0, 0x00008FA8, 0x0000001E },
    { 0x0241, 0x00, 0x06, 0x05, 0x40, 0x06, 0x02, 0x35, 0x00, 0, 0x00008FC8, 0x00000028 },
    { 0x0241, 0x00, 0x06, 0x05, 0x41, 0x06, 0x02, 0x35, 0x00, 0, 0x00008FF0, 0x00000028 },
    { 0x0241, 0x00, 0x06, 0x05, 0x42, 0x06, 0x02, 0x35, 0x00, 0, 0x00009018, 0x00000032 },
    { 0x0241, 0x00, 0x06, 0x05, 0x43, 0x06, 0x02, 0x35, 0x00, 0, 0x0000904C, 0x0000001E },
    { 0x0241, 0x00, 0x06, 0x05, 0x44, 0x06, 0x02, 0x35, 0x00, 0, 0x0000906C, 0x00000028 },
    { 0x0241, 0x00, 0x06, 0x05, 0x45, 0x06, 0x02, 0x35, 0x00, 0, 0x00009094, 0x0000001E },
    { 0x0241, 0x00, 0x06, 0x05, 0x46, 0x06, 0x02, 0x35, 0x00, 0, 0x000090B4, 0x00000014 },
    { 0x0241, 0x00, 0x06, 0x05, 0x47, 0x06, 0x02, 0x35, 0x00, 0, 0x000090C8, 0x00000014 },
    { 0x0241, 0x00, 0x06, 0x05, 0x48, 0x06, 0x02, 0x35, 0x00, 0, 0x000090DC, 0x00000032 },
    { 0x0241, 0x00, 0x06, 0x05, 0x49, 0x06, 0x02, 0x35, 0x00, 0, 0x00009110, 0x0000001E },
    { 0x0241, 0x00, 0x06, 0x05, 0x4A, 0x06, 0x02, 0x35, 0x00, 0, 0x00009130, 0x00000028 },
    { 0x0241, 0x00, 0x06, 0x05, 0x4B, 0x06, 0x02, 0x35, 0x00, 0, 0x00009158, 0x0000000A },
    { 0x0241, 0x00, 0x06, 0x05, 0x4C, 0x06, 0x02, 0x35, 0x00, 0, 0x00009164, 0x00000014 },
    { 0x0241, 0x00, 0x06, 0x05, 0x4D, 0x06, 0x02, 0x35, 0x00, 0, 0x00009178, 0x00000014 },
    { 0x0241, 0x00, 0x06, 0x05, 0x4E, 0x06, 0x02, 0x35, 0x00, 0, 0x0000918C, 0x00000028 },
    { 0x0241, 0x00, 0x06, 0x05, 0x4F, 0x06, 0x02, 0x35, 0x00, 0, 0x000091B4, 0x00000032 },
    { 0x0241, 0x00, 0x06, 0x05, 0x50, 0x06, 0x02, 0x35, 0x00, 0, 0x000091E8, 0x0000001E },
    { 0x0241, 0x00, 0x06, 0x05, 0x51, 0x06, 0x02, 0x35, 0x00, 0, 0x00009208, 0x00000014 },
    { 0x0241, 0x00, 0x06, 0x05, 0x52, 0x06, 0x02, 0x35, 0x00, 0, 0x0000921C, 0x00000028 },
    { 0x0241, 0x00, 0x06, 0x05, 0x53, 0x06, 0x02, 0x35, 0x00, 0, 0x00009244, 0x00000014 },
    { 0x0241, 0x00, 0x06, 0x05, 0x54, 0x06, 0x02, 0x35, 0x00, 0, 0x00009258, 0x0000001E },
    { 0x0241, 0x00, 0x06, 0x05, 0x55, 0x06, 0x02, 0x35, 0x00, 0, 0x00009278, 0x0000003C },
    { 0x0241, 0x00, 0x06, 0x05, 0x56, 0x06, 0x02, 0x35, 0x00, 0, 0x000092B4, 0x00000014 },
    { 0x0241, 0x00, 0x06, 0x05, 0x57, 0x06, 0x02, 0x35, 0x00, 0, 0x000092C8, 0x0000001E },
    { 0x0241, 0x00, 0x07, 0x05, 0x00, 0x06, 0x02, 0x35, 0x00, 0, 0x000081A0, 0x00000014 },
    { 0x0241, 0x00, 0x07, 0x05, 0x01, 0x06, 0x02, 0x35, 0x00, 0, 0x000081B4, 0x0000001E },
    { 0x0241, 0x00, 0x07, 0x05, 0x02, 0x06, 0x02, 0x35, 0x00, 0, 0x000081D4, 0x00000014 },
    { 0x0241, 0x00, 0x07, 0x05, 0x03, 0x06, 0x02, 0x35, 0x00, 0, 0x000081E8, 0x00000014 },
    { 0x0241, 0x00, 0x07, 0x05, 0x04, 0x06, 0x02, 0x35, 0x00, 0, 0x000081FC, 0x00000014 },
    { 0x0241, 0x00, 0x07, 0x05, 0x05, 0x06, 0x02, 0x35, 0x00, 0, 0x00008210, 0x0000001E },
    { 0x0241, 0x00, 0x07, 0x05, 0x06, 0x06, 0x02, 0x35, 0x00, 0, 0x00008230, 0x0000001E },
    { 0x0241, 0x00, 0x07, 0x05, 0x07, 0x06, 0x02, 0x35, 0x00, 0, 0x00008250, 0x0000001E },
    { 0x0241, 0x00, 0x07, 0x05, 0x08, 0x06, 0x02, 0x35, 0x00, 0, 0x00008270, 0x00000014 },
    { 0x0241, 0x00, 0x07, 0x05, 0x09, 0x06, 0x02, 0x35, 0x00, 0, 0x00008284, 0x0000001E },
    { 0x0241, 0x00, 0x07, 0x05, 0x0A, 0x06, 0x02, 0x35, 0x00, 0, 0x000082A4, 0x00000014 },
    { 0x0241, 0x00, 0x07, 0x05, 0x0B, 0x06, 0x02, 0x35, 0x00, 0, 0x000082B8, 0x00000014 },
    { 0x0241, 0x00, 0x07, 0x05, 0x0C, 0x06, 0x02, 0x35, 0x00, 0, 0x000082CC, 0x00000014 },
    { 0x0241, 0x00, 0x07, 0x05, 0x0D, 0x06, 0x02, 0x35, 0x00, 0, 0x000082E0, 0x00000014 },
    { 0x0241, 0x00, 0x07, 0x05, 0x0E, 0x06, 0x02, 0x35, 0x00, 0, 0x000082F4, 0x0000001E },
    { 0x0241, 0x00, 0x07, 0x05, 0x0F, 0x06, 0x02, 0x35, 0x00, 0, 0x00008314, 0x0000001E },
    { 0x0241, 0x00, 0x07, 0x05, 0x10, 0x06, 0x02, 0x35, 0x00, 0, 0x00008334, 0x00000014 },
    { 0x0241, 0x00, 0x07, 0x05, 0x11, 0x06, 0x02, 0x35, 0x00, 0, 0x00008348, 0x0000001E },
    { 0x0241, 0x00, 0x07, 0x05, 0x12, 0x06, 0x02, 0x35, 0x00, 0, 0x00008368, 0x00000014 },
    { 0x0241, 0x00, 0x07, 0x05, 0x13, 0x06, 0x02, 0x35, 0x00, 0, 0x0000837C, 0x0000000A },
    { 0x0241, 0x00, 0x07, 0x05, 0x14, 0x06, 0x02, 0x35, 0x00, 0, 0x00008388, 0x00000014 },
    { 0x0241, 0x00, 0x07, 0x05, 0x15, 0x06, 0x02, 0x35, 0x00, 0, 0x0000839C, 0x00000014 },
    { 0x0241, 0x00, 0x07, 0x05, 0x16, 0x06, 0x02, 0x35, 0x00, 0, 0x000083B0, 0x00000014 },
    { 0x0241, 0x00, 0x07, 0x05, 0x17, 0x06, 0x02, 0x35, 0x00, 0, 0x000083C4, 0x00000014 },
    { 0x0241, 0x00, 0x07, 0x05, 0x18, 0x06, 0x02, 0x35, 0x00, 0, 0x000083D8, 0x00000014 },
    { 0x0241, 0x00, 0x07, 0x05, 0x19, 0x06, 0x02, 0x35, 0x00, 0, 0x000083EC, 0x0000001E },
    { 0x0241, 0x00, 0x07, 0x05, 0x1A, 0x06, 0x02, 0x35, 0x00, 0, 0x0000840C, 0x0000001E },
    { 0x0241, 0x00, 0x07, 0x05, 0x1B, 0x06, 0x02, 0x35, 0x00, 0, 0x0000842C, 0x00000014 },
    { 0x0241, 0x00, 0x07, 0x05, 0x1C, 0x06, 0x02, 0x35, 0x00, 0, 0x00008440, 0x00000014 },
    { 0x0241, 0x00, 0x07, 0x05, 0x1D, 0x06, 0x02, 0x35, 0x00, 0, 0x00008454, 0x00000014 },
    { 0x0241, 0x00, 0x07, 0x05, 0x1E, 0x06, 0x02, 0x35, 0x00, 0, 0x00008468, 0x0000000A },
    { 0x0241, 0x00, 0x07, 0x05, 0x1F, 0x06, 0x02, 0x35, 0x00, 0, 0x00008474, 0x00000014 },
    { 0x0241, 0x00, 0x07, 0x05, 0x20, 0x06, 0x02, 0x35, 0x00, 0, 0x00008488, 0x00000014 },
    { 0x0241, 0x00, 0x07, 0x05, 0x21, 0x06, 0x02, 0x35, 0x00, 0, 0x0000849C, 0x0000001E },
    { 0x0241, 0x00, 0x07, 0x05, 0x22, 0x06, 0x02, 0x35, 0x00, 0, 0x000084BC, 0x0000000A },
    { 0x0241, 0x00, 0x07, 0x05, 0x23, 0x06, 0x02, 0x35, 0x00, 0, 0x000084C8, 0x00000014 },
    { 0x0241, 0x00, 0x07, 0x05, 0x24, 0x06, 0x02, 0x35, 0x00, 0, 0x000084DC, 0x00000014 },
    { 0x0241, 0x00, 0x07, 0x05, 0x25, 0x06, 0x02, 0x35, 0x00, 0, 0x000084F0, 0x0000001E },
    { 0x0241, 0x00, 0x07, 0x05, 0x26, 0x06, 0x02, 0x35, 0x00, 0, 0x00008510, 0x0000001E },
    { 0x0241, 0x00, 0x07, 0x05, 0x27, 0x06, 0x02, 0x35, 0x00, 0, 0x00008530, 0x0000001E },
    { 0x0241, 0x00, 0x07, 0x05, 0x28, 0x06, 0x02, 0x35, 0x00, 0, 0x00008550, 0x00000014 },
    { 0x0241, 0x00, 0x07, 0x05, 0x29, 0x06, 0x02, 0x35, 0x00, 0, 0x00008564, 0x0000001E },
    { 0x0241, 0x00, 0x07, 0x05, 0x2A, 0x06, 0x02, 0x35, 0x00, 0, 0x00008584, 0x00000014 },
    { 0x0241, 0x00, 0x07, 0x05, 0x2B, 0x06, 0x02, 0x35, 0x00, 0, 0x00008598, 0x0000001E },
    { 0x0241, 0x00, 0x07, 0x05, 0x2C, 0x06, 0x02, 0x35, 0x00, 0, 0x000085B8, 0x00000014 },
    { 0x0241, 0x00, 0x07, 0x05, 0x2D, 0x06, 0x02, 0x35, 0x00, 0, 0x000085CC, 0x0000001E },
    { 0x0241, 0x00, 0x07, 0x05, 0x2E, 0x06, 0x02, 0x35, 0x00, 0, 0x000085EC, 0x00000014 },
    { 0x0241, 0x00, 0x07, 0x05, 0x2F, 0x06, 0x02, 0x35, 0x00, 0, 0x00008600, 0x00000014 },
    { 0x0241, 0x00, 0x07, 0x05, 0x30, 0x06, 0x02, 0x35, 0x00, 0, 0x00008614, 0x0000001E },
    { 0x0241, 0x00, 0x07, 0x05, 0x31, 0x06, 0x02, 0x35, 0x00, 0, 0x00008634, 0x0000001E },
    { 0x0241, 0x00, 0x07, 0x05, 0x32, 0x06, 0x02, 0x35, 0x00, 0, 0x00008654, 0x0000001E },
    { 0x0241, 0x00, 0x07, 0x05, 0x33, 0x06, 0x02, 0x35, 0x00, 0, 0x00008674, 0x00000014 },
    { 0x0241, 0x00, 0x07, 0x05, 0x34, 0x06, 0x02, 0x35, 0x00, 0, 0x00008688, 0x0000001E },
    { 0x0241, 0x00, 0x07, 0x05, 0x35, 0x06, 0x02, 0x35, 0x00, 0, 0x000086A8, 0x0000001E },
    { 0x0241, 0x00, 0x07, 0x05, 0x36, 0x06, 0x02, 0x35, 0x00, 0, 0x000086C8, 0x0000001E },
    { 0x0241, 0x00, 0x07, 0x05, 0x37, 0x06, 0x02, 0x35, 0x00, 0, 0x000086E8, 0x00000014 },
    { 0x0241, 0x00, 0x07, 0x05, 0x38, 0x06, 0x02, 0x35, 0x00, 0, 0x000086FC, 0x00000014 },
    { 0x0241, 0x00, 0x07, 0x05, 0x39, 0x06, 0x02, 0x35, 0x00, 0, 0x00008710, 0x0000000A },
    { 0x0241, 0x00, 0x07, 0x05, 0x3A, 0x06, 0x02, 0x35, 0x00, 0, 0x0000871C, 0x00000032 },
    { 0x0241, 0x00, 0x07, 0x05, 0x3B, 0x06, 0x02, 0x35, 0x00, 0, 0x00008750, 0x0000000A },
    { 0x0241, 0x00, 0x07, 0x05, 0x3C, 0x06, 0x02, 0x35, 0x00, 0, 0x0000875C, 0x0000000A },
    { 0x0241, 0x00, 0x07, 0x05, 0x3D, 0x06, 0x02, 0x35, 0x00, 0, 0x00008768, 0x0000000A },
    { 0x0241, 0x00, 0x07, 0x05, 0x3E, 0x06, 0x02, 0x35, 0x00, 0, 0x00008774, 0x0000001E },
    { 0x0241, 0x00, 0x07, 0x05, 0x3F, 0x06, 0x02, 0x35, 0x00, 0, 0x00008794, 0x0000000A },
    { 0x0241, 0x00, 0x07, 0x05, 0x40, 0x06, 0x02, 0x35, 0x00, 0, 0x000087A0, 0x00000014 },
    { 0x0241, 0x00, 0x07, 0x05, 0x41, 0x06, 0x02, 0x35, 0x00, 0, 0x000087B4, 0x00000014 },
    { 0x0241, 0x00, 0x07, 0x05, 0x42, 0x06, 0x02, 0x35, 0x00, 0, 0x000087C8, 0x00000014 },
    { 0x0241, 0x00, 0x07, 0x05, 0x43, 0x06, 0x02, 0x35, 0x00, 0, 0x000087DC, 0x00000014 },
    { 0x0241, 0x00, 0x07, 0x05, 0x44, 0x06, 0x02, 0x35, 0x00, 0, 0x000087F0, 0x00000014 },
    { 0x0241, 0x00, 0x07, 0x05, 0x45, 0x06, 0x02, 0x35, 0x00, 0, 0x00008804, 0x00000014 },
    { 0x0241, 0x00, 0x07, 0x05, 0x46, 0x06, 0x02, 0x35, 0x00, 0, 0x00008818, 0x00000014 },
    { 0x0241, 0x00, 0x07, 0x05, 0x47, 0x06, 0x02, 0x35, 0x00, 0, 0x0000882C, 0x00000014 },
    { 0x0241, 0x00, 0x07, 0x05, 0x48, 0x06, 0x02, 0x35, 0x00, 0, 0x00008840, 0x00000014 },
    { 0x0241, 0x00, 0x07, 0x05, 0x49, 0x06, 0x02, 0x35, 0x00, 0, 0x00008854, 0x00000014 },
    { 0x0241, 0x00, 0x07, 0x05, 0x4A, 0x06, 0x02, 0x35, 0x00, 0, 0x00008868, 0x00000014 },
    { 0x0241, 0x00, 0x07, 0x05, 0x4B, 0x06, 0x02, 0x35, 0x00, 0, 0x0000887C, 0x0000000A },
    { 0x0241, 0x00, 0x07, 0x05, 0x4C, 0x06, 0x02, 0x35, 0x00, 0, 0x00008888, 0x00000014 },
    { 0x0241, 0x00, 0x07, 0x05, 0x4D, 0x06, 0x02, 0x35, 0x00, 0, 0x0000889C, 0x0000001E },
    { 0x0241, 0x00, 0x07, 0x05, 0x4E, 0x06, 0x02, 0x35, 0x00, 0, 0x000088BC, 0x00000014 },
    { 0x0241, 0x00, 0x07, 0x05, 0x4F, 0x06, 0x02, 0x35, 0x00, 0, 0x000088D0, 0x00000014 },
    { 0x0241, 0x00, 0x07, 0x05, 0x50, 0x06, 0x02, 0x35, 0x00, 0, 0x000088E4, 0x0000000A },
    { 0x0241, 0x00, 0x07, 0x05, 0x51, 0x06, 0x02, 0x35, 0x00, 0, 0x000088F0, 0x0000000A },
    { 0x0241, 0x00, 0x07, 0x05, 0x52, 0x06, 0x02, 0x35, 0x00, 0, 0x000088FC, 0x00000014 },
    { 0x0241, 0x00, 0x07, 0x05, 0x53, 0x06, 0x02, 0x35, 0x00, 0, 0x00008910, 0x0000000A },
    { 0x0241, 0x00, 0x07, 0x05, 0x54, 0x06, 0x02, 0x35, 0x00, 0, 0x0000891C, 0x0000000A },
    { 0x0241, 0x00, 0x07, 0x05, 0x55, 0x06, 0x02, 0x35, 0x00, 0, 0x00008928, 0x0000001E },
    { 0x0241, 0x00, 0x07, 0x05, 0x56, 0x06, 0x02, 0x35, 0x00, 0, 0x00008948, 0x0000000A },
    { 0x0241, 0x00, 0x07, 0x05, 0x57, 0x06, 0x02, 0x35, 0x00, 0, 0x00008954, 0x0000000A },
    { 0x0242, 0x00, 0x00, 0x00, 0x00, 0x06, 0x00, 0x08, 0x08, 0, 0x00009B38, 0x0000000C },
    { 0x0242, 0x00, 0x01, 0x00, 0x00, 0x06, 0x00, 0x08, 0x08, 0, 0x00009B18, 0x00000020 },
    { 0x0242, 0x00, 0x02, 0x00, 0x00, 0x06, 0x00, 0x08, 0x08, 0, 0x00009AB8, 0x0000000C },
    { 0x0242, 0x00, 0x02, 0x01, 0x00, 0x06, 0x00, 0x08, 0x08, 0, 0x00009AC4, 0x0000000C },
    { 0x0242, 0x00, 0x02, 0x02, 0x00, 0x06, 0x00, 0x08, 0x08, 0, 0x00009AD0, 0x0000000C },
    { 0x0242, 0x00, 0x02, 0x03, 0x00, 0x06, 0x00, 0x08, 0x08, 0, 0x00009ADC, 0x0000000C },
    { 0x0242, 0x00, 0x02, 0x04, 0x00, 0x06, 0x00, 0x08, 0x08, 0, 0x00009AE8, 0x0000000C },
    { 0x0242, 0x00, 0x02, 0x05, 0x00, 0x06, 0x00, 0x08, 0x08, 0, 0x00009AF4, 0x0000000C },
    { 0x0242, 0x00, 0x02, 0x06, 0x00, 0x06, 0x00, 0x08, 0x08, 0, 0x00009B00, 0x0000000C },
    { 0x0242, 0x00, 0x02, 0x07, 0x00, 0x06, 0x00, 0x08, 0x08, 0, 0x00009B0C, 0x0000000C },
    { 0x0242, 0x00, 0x03, 0x00, 0x00, 0x06, 0x00, 0x08, 0x08, 0, 0x00002E30, 0x00000300 },
    { 0x0242, 0x00, 0x03, 0x01, 0x00, 0x06, 0x00, 0x08, 0x08, 0, 0x00003B30, 0x000001E8 },
    { 0x0242, 0x00, 0x03, 0x02, 0x00, 0x06, 0x00, 0x08, 0x08, 0, 0x00003D18, 0x000003F0 },
    { 0x0242, 0x00, 0x03, 0x03, 0x00, 0x06, 0x00, 0x08, 0x08, 0, 0x00004108, 0x00000428 },
    { 0x0242, 0x00, 0x03, 0x04, 0x00, 0x06, 0x00, 0x08, 0x08, 0, 0x00003130, 0x000001E8 },
    { 0x0242, 0x00, 0x03, 0x05, 0x00, 0x06, 0x00, 0x08, 0x08, 0, 0x00003318, 0x000003F0 },
    { 0x0242, 0x00, 0x03, 0x06, 0x00, 0x06, 0x00, 0x08, 0x08, 0, 0x00003708, 0x00000428 },
    { 0x0242, 0x00, 0x03, 0x07, 0x00, 0x06, 0x00, 0x08, 0x08, 0, 0x00007428, 0x00000A00 },
    { 0x0244, 0x00, 0x00, 0x00, 0x00, 0x06, 0x00, 0x0F, 0x00, 0, 0x00001A30, 0x00000008 },
    { 0x0244, 0x00, 0x01, 0x00, 0x00, 0x06, 0x00, 0x0F, 0x00, 0, 0x000019F4, 0x0000003C },
    { 0x0244, 0x00, 0x02, 0x00, 0x00, 0x06, 0x00, 0x0F, 0x00, 0, 0x00001940, 0x0000000C },
    { 0x0244, 0x00, 0x02, 0x01, 0x00, 0x06, 0x00, 0x0F, 0x00, 0, 0x0000194C, 0x0000000C },
    { 0x0244, 0x00, 0x02, 0x02, 0x00, 0x06, 0x00, 0x0F, 0x00, 0, 0x00001958, 0x0000000C },
    { 0x0244, 0x00, 0x02, 0x03, 0x00, 0x06, 0x00, 0x0F, 0x00, 0, 0x00001964, 0x0000000C },
    { 0x0244, 0x00, 0x02, 0x04, 0x00, 0x06, 0x00, 0x0F, 0x00, 0, 0x00001970, 0x0000000C },
    { 0x0244, 0x00, 0x02, 0x05, 0x00, 0x06, 0x00, 0x0F, 0x00, 0, 0x0000197C, 0x0000000C },
    { 0x0244, 0x00, 0x02, 0x06, 0x00, 0x06, 0x00, 0x0F, 0x00, 0, 0x00001988, 0x0000000C },
    { 0x0244, 0x00, 0x02, 0x07, 0x00, 0x06, 0x00, 0x0F, 0x00, 0, 0x00001994, 0x0000000C },
    { 0x0244, 0x00, 0x02, 0x08, 0x00, 0x06, 0x00, 0x0F, 0x00, 0, 0x000019A0, 0x0000000C },
    { 0x0244, 0x00, 0x02, 0x09, 0x00, 0x06, 0x00, 0x0F, 0x00, 0, 0x000019AC, 0x0000000C },
    { 0x0244, 0x00, 0x02, 0x0A, 0x00, 0x06, 0x00, 0x0F, 0x00, 0, 0x000019B8, 0x0000000C },
    { 0x0244, 0x00, 0x02, 0x0B, 0x00, 0x06, 0x00, 0x0F, 0x00, 0, 0x000019C4, 0x0000000C },
    { 0x0244, 0x00, 0x02, 0x0C, 0x00, 0x06, 0x00, 0x0F, 0x00, 0, 0x000019D0, 0x0000000C },
    { 0x0244, 0x00, 0x02, 0x0D, 0x00, 0x06, 0x00, 0x0F, 0x00, 0, 0x000019DC, 0x0000000C },
    { 0x0244, 0x00, 0x02, 0x0E, 0x00, 0x06, 0x00, 0x0F, 0x00, 0, 0x000019E8, 0x0000000C },
    { 0x0244, 0x00, 0x03, 0x03, 0x00, 0x06, 0x00, 0x0F, 0x00, 0, 0x00000D40, 0x000000C8 },
    { 0x0244, 0x00, 0x03, 0x07, 0x00, 0x06, 0x00, 0x0F, 0x00, 0, 0x00000C20, 0x00000090 },
    { 0x0244, 0x00, 0x03, 0x08, 0x00, 0x06, 0x00, 0x0F, 0x00, 0, 0x00000CB0, 0x00000090 },
    { 0x0244, 0x00, 0x03, 0x0C, 0x00, 0x06, 0x00, 0x0F, 0x00, 0, 0x00001190, 0x00000090 },
    { 0x0244, 0x00, 0x03, 0x0D, 0x00, 0x06, 0x00, 0x0F, 0x00, 0, 0x00001100, 0x00000090 },
    { 0x0244, 0x00, 0x03, 0x0E, 0x00, 0x06, 0x00, 0x0F, 0x00, 0, 0x00000E08, 0x000002F8 },
    { 0x0247, 0x00, 0x00, 0x00, 0x00, 0x06, 0x00, 0x0E, 0x0D, 0, 0x00010D70, 0x0000000C },
    { 0x0247, 0x00, 0x01, 0x00, 0x00, 0x06, 0x00, 0x0E, 0x0D, 0, 0x00010D38, 0x00000038 },
    { 0x0247, 0x00, 0x02, 0x00, 0x00, 0x06, 0x00, 0x0E, 0x0D, 0, 0x00010C90, 0x0000000C },
    { 0x0247, 0x00, 0x02, 0x01, 0x00, 0x06, 0x00, 0x0E, 0x0D, 0, 0x00010C9C, 0x0000000C },
    { 0x0247, 0x00, 0x02, 0x02, 0x00, 0x06, 0x00, 0x0E, 0x0D, 0, 0x00010CA8, 0x0000000C },
    { 0x0247, 0x00, 0x02, 0x03, 0x00, 0x06, 0x00, 0x0E, 0x0D, 0, 0x00010CB4, 0x0000000C },
    { 0x0247, 0x00, 0x02, 0x04, 0x00, 0x06, 0x00, 0x0E, 0x0D, 0, 0x00010CC0, 0x0000000C },
    { 0x0247, 0x00, 0x02, 0x05, 0x00, 0x06, 0x00, 0x0E, 0x0D, 0, 0x00010CCC, 0x0000000C },
    { 0x0247, 0x00, 0x02, 0x06, 0x00, 0x06, 0x00, 0x0E, 0x0D, 0, 0x00010CD8, 0x0000000C },
    { 0x0247, 0x00, 0x02, 0x07, 0x00, 0x06, 0x00, 0x0E, 0x0D, 0, 0x00010CE4, 0x0000000C },
    { 0x0247, 0x00, 0x02, 0x08, 0x00, 0x06, 0x00, 0x0E, 0x0D, 0, 0x00010CF0, 0x0000000C },
    { 0x0247, 0x00, 0x02, 0x09, 0x00, 0x06, 0x00, 0x0E, 0x0D, 0, 0x00010CFC, 0x0000000C },
    { 0x0247, 0x00, 0x02, 0x0A, 0x00, 0x06, 0x00, 0x0E, 0x0D, 0, 0x00010D08, 0x0000000C },
    { 0x0247, 0x00, 0x02, 0x0B, 0x00, 0x06, 0x00, 0x0E, 0x0D, 0, 0x00010D14, 0x0000000C },
    { 0x0247, 0x00, 0x02, 0x0C, 0x00, 0x06, 0x00, 0x0E, 0x0D, 0, 0x00010D20, 0x0000000C },
    { 0x0247, 0x00, 0x02, 0x0D, 0x00, 0x06, 0x00, 0x0E, 0x0D, 0, 0x00010D2C, 0x0000000C },
    { 0x0247, 0x00, 0x03, 0x01, 0x00, 0x06, 0x00, 0x0E, 0x0D, 0, 0x0000F530, 0x00000DA8 },
    { 0x0247, 0x00, 0x03, 0x02, 0x00, 0x06, 0x00, 0x0E, 0x0D, 0, 0x000102D8, 0x00000610 },
    { 0x0247, 0x00, 0x03, 0x03, 0x00, 0x06, 0x00, 0x0E, 0x0D, 0, 0x000108E8, 0x00000138 },
    { 0x0247, 0x00, 0x03, 0x04, 0x00, 0x06, 0x00, 0x0E, 0x0D, 0, 0x00010A20, 0x00000138 },
    { 0x0247, 0x00, 0x03, 0x05, 0x00, 0x06, 0x00, 0x0E, 0x0D, 0, 0x00010B58, 0x00000138 },
    { 0x0247, 0x00, 0x03, 0x06, 0x00, 0x06, 0x00, 0x0E, 0x0D, 0, 0x0000B068, 0x00000530 },
    { 0x0247, 0x00, 0x03, 0x07, 0x00, 0x06, 0x00, 0x0E, 0x0D, 0, 0x0000ED60, 0x00000380 },
    { 0x0247, 0x00, 0x03, 0x08, 0x00, 0x06, 0x00, 0x0E, 0x0D, 0, 0x0000F0E0, 0x00000148 },
    { 0x0247, 0x00, 0x03, 0x09, 0x00, 0x06, 0x00, 0x0E, 0x0D, 0, 0x0000F228, 0x00000308 },
    { 0x0247, 0x00, 0x03, 0x0A, 0x00, 0x06, 0x00, 0x0E, 0x0D, 0, 0x0000E590, 0x00000380 },
    { 0x0247, 0x00, 0x03, 0x0B, 0x00, 0x06, 0x00, 0x0E, 0x0D, 0, 0x0000E910, 0x00000148 },
    { 0x0247, 0x00, 0x03, 0x0C, 0x00, 0x06, 0x00, 0x0E, 0x0D, 0, 0x0000EA58, 0x00000308 },
    { 0x0247, 0x00, 0x03, 0x0D, 0x00, 0x06, 0x00, 0x0E, 0x0D, 0, 0x00007DC8, 0x000016C8 },
    { 0x025B, 0x00, 0x00, 0x00, 0x00, 0x06, 0x00, 0x14, 0x00, 0, 0x00002FD0, 0x00000008 },
    { 0x025B, 0x00, 0x01, 0x00, 0x00, 0x06, 0x00, 0x14, 0x00, 0, 0x00002F80, 0x00000050 },
    { 0x025B, 0x00, 0x02, 0x00, 0x00, 0x06, 0x00, 0x14, 0x00, 0, 0x00002E90, 0x0000000C },
    { 0x025B, 0x00, 0x02, 0x01, 0x00, 0x06, 0x00, 0x14, 0x00, 0, 0x00002E9C, 0x0000000C },
    { 0x025B, 0x00, 0x02, 0x02, 0x00, 0x06, 0x00, 0x14, 0x00, 0, 0x00002EA8, 0x0000000C },
    { 0x025B, 0x00, 0x02, 0x03, 0x00, 0x06, 0x00, 0x14, 0x00, 0, 0x00002EB4, 0x0000000C },
    { 0x025B, 0x00, 0x02, 0x04, 0x00, 0x06, 0x00, 0x14, 0x00, 0, 0x00002EC0, 0x0000000C },
    { 0x025B, 0x00, 0x02, 0x05, 0x00, 0x06, 0x00, 0x14, 0x00, 0, 0x00002ECC, 0x0000000C },
    { 0x025B, 0x00, 0x02, 0x06, 0x00, 0x06, 0x00, 0x14, 0x00, 0, 0x00002ED8, 0x0000000C },
    { 0x025B, 0x00, 0x02, 0x07, 0x00, 0x06, 0x00, 0x14, 0x00, 0, 0x00002EE4, 0x0000000C },
    { 0x025B, 0x00, 0x02, 0x08, 0x00, 0x06, 0x00, 0x14, 0x00, 0, 0x00002EF0, 0x0000000C },
    { 0x025B, 0x00, 0x02, 0x09, 0x00, 0x06, 0x00, 0x14, 0x00, 0, 0x00002EFC, 0x0000000C },
    { 0x025B, 0x00, 0x02, 0x0A, 0x00, 0x06, 0x00, 0x14, 0x00, 0, 0x00002F08, 0x0000000C },
    { 0x025B, 0x00, 0x02, 0x0B, 0x00, 0x06, 0x00, 0x14, 0x00, 0, 0x00002F14, 0x0000000C },
    { 0x025B, 0x00, 0x02, 0x0C, 0x00, 0x06, 0x00, 0x14, 0x00, 0, 0x00002F20, 0x0000000C },
    { 0x025B, 0x00, 0x02, 0x0D, 0x00, 0x06, 0x00, 0x14, 0x00, 0, 0x00002F2C, 0x0000000C },
    { 0x025B, 0x00, 0x02, 0x0E, 0x00, 0x06, 0x00, 0x14, 0x00, 0, 0x00002F38, 0x0000000C },
    { 0x025B, 0x00, 0x02, 0x0F, 0x00, 0x06, 0x00, 0x14, 0x00, 0, 0x00002F44, 0x0000000C },
    { 0x025B, 0x00, 0x02, 0x10, 0x00, 0x06, 0x00, 0x14, 0x00, 0, 0x00002F50, 0x0000000C },
    { 0x025B, 0x00, 0x02, 0x11, 0x00, 0x06, 0x00, 0x14, 0x00, 0, 0x00002F5C, 0x0000000C },
    { 0x025B, 0x00, 0x02, 0x12, 0x00, 0x06, 0x00, 0x14, 0x00, 0, 0x00002F68, 0x0000000C },
    { 0x025B, 0x00, 0x02, 0x13, 0x00, 0x06, 0x00, 0x14, 0x00, 0, 0x00002F74, 0x0000000C },
    { 0x025B, 0x00, 0x03, 0x01, 0x00, 0x06, 0x00, 0x14, 0x00, 0, 0x000026D0, 0x00000140 },
    { 0x025B, 0x00, 0x03, 0x07, 0x00, 0x06, 0x00, 0x14, 0x00, 0, 0x00002AC0, 0x00000090 },
    { 0x025B, 0x00, 0x03, 0x08, 0x00, 0x06, 0x00, 0x14, 0x00, 0, 0x000029F0, 0x00000090 },
    { 0x025B, 0x00, 0x03, 0x09, 0x00, 0x06, 0x00, 0x14, 0x00, 0, 0x00002920, 0x00000090 },
    { 0x025B, 0x00, 0x03, 0x0A, 0x00, 0x06, 0x00, 0x14, 0x00, 0, 0x00002850, 0x00000090 },
    { 0x025B, 0x00, 0x03, 0x10, 0x00, 0x06, 0x00, 0x14, 0x00, 0, 0x00002E00, 0x00000090 },
    { 0x025B, 0x00, 0x03, 0x11, 0x00, 0x06, 0x00, 0x14, 0x00, 0, 0x00002D30, 0x00000090 },
    { 0x025B, 0x00, 0x03, 0x12, 0x00, 0x06, 0x00, 0x14, 0x00, 0, 0x00002C60, 0x00000090 },
    { 0x025B, 0x00, 0x03, 0x13, 0x00, 0x06, 0x00, 0x14, 0x00, 0, 0x00002B90, 0x00000090 },
    { 0x025C, 0x00, 0x00, 0x00, 0x00, 0x06, 0x00, 0x09, 0x00, 0, 0x00002190, 0x00000008 },
    { 0x025C, 0x00, 0x01, 0x00, 0x00, 0x06, 0x00, 0x09, 0x00, 0, 0x0000216C, 0x00000024 },
    { 0x025C, 0x00, 0x02, 0x00, 0x00, 0x06, 0x00, 0x09, 0x00, 0, 0x00002100, 0x0000000C },
    { 0x025C, 0x00, 0x02, 0x01, 0x00, 0x06, 0x00, 0x09, 0x00, 0, 0x0000210C, 0x0000000C },
    { 0x025C, 0x00, 0x02, 0x02, 0x00, 0x06, 0x00, 0x09, 0x00, 0, 0x00002118, 0x0000000C },
    { 0x025C, 0x00, 0x02, 0x03, 0x00, 0x06, 0x00, 0x09, 0x00, 0, 0x00002124, 0x0000000C },
    { 0x025C, 0x00, 0x02, 0x04, 0x00, 0x06, 0x00, 0x09, 0x00, 0, 0x00002130, 0x0000000C },
    { 0x025C, 0x00, 0x02, 0x05, 0x00, 0x06, 0x00, 0x09, 0x00, 0, 0x0000213C, 0x0000000C },
    { 0x025C, 0x00, 0x02, 0x06, 0x00, 0x06, 0x00, 0x09, 0x00, 0, 0x00002148, 0x0000000C },
    { 0x025C, 0x00, 0x02, 0x07, 0x00, 0x06, 0x00, 0x09, 0x00, 0, 0x00002154, 0x0000000C },
    { 0x025C, 0x00, 0x02, 0x08, 0x00, 0x06, 0x00, 0x09, 0x00, 0, 0x00002160, 0x0000000C },
    { 0x025C, 0x00, 0x03, 0x04, 0x00, 0x06, 0x00, 0x09, 0x00, 0, 0x00000130, 0x00000010 },
    { 0x025C, 0x00, 0x03, 0x07, 0x00, 0x06, 0x00, 0x09, 0x00, 0, 0x00000230, 0x00000010 },
    { 0x025C, 0x00, 0x03, 0x08, 0x00, 0x06, 0x00, 0x09, 0x00, 0, 0x000003E0, 0x00000010 },
    { 0x0262, 0x00, 0x00, 0x00, 0x00, 0x06, 0x00, 0x10, 0x0F, 0, 0x0000F788, 0x0000000C },
    { 0x0262, 0x00, 0x01, 0x00, 0x00, 0x06, 0x00, 0x10, 0x0F, 0, 0x0000F748, 0x00000040 },
    { 0x0262, 0x00, 0x02, 0x00, 0x00, 0x06, 0x00, 0x10, 0x0F, 0, 0x0000F688, 0x0000000C },
    { 0x0262, 0x00, 0x02, 0x01, 0x00, 0x06, 0x00, 0x10, 0x0F, 0, 0x0000F694, 0x0000000C },
    { 0x0262, 0x00, 0x02, 0x02, 0x00, 0x06, 0x00, 0x10, 0x0F, 0, 0x0000F6A0, 0x0000000C },
    { 0x0262, 0x00, 0x02, 0x03, 0x00, 0x06, 0x00, 0x10, 0x0F, 0, 0x0000F6AC, 0x0000000C },
    { 0x0262, 0x00, 0x02, 0x04, 0x00, 0x06, 0x00, 0x10, 0x0F, 0, 0x0000F6B8, 0x0000000C },
    { 0x0262, 0x00, 0x02, 0x05, 0x00, 0x06, 0x00, 0x10, 0x0F, 0, 0x0000F6C4, 0x0000000C },
    { 0x0262, 0x00, 0x02, 0x06, 0x00, 0x06, 0x00, 0x10, 0x0F, 0, 0x0000F6D0, 0x0000000C },
    { 0x0262, 0x00, 0x02, 0x07, 0x00, 0x06, 0x00, 0x10, 0x0F, 0, 0x0000F6DC, 0x0000000C },
    { 0x0262, 0x00, 0x02, 0x08, 0x00, 0x06, 0x00, 0x10, 0x0F, 0, 0x0000F6E8, 0x0000000C },
    { 0x0262, 0x00, 0x02, 0x09, 0x00, 0x06, 0x00, 0x10, 0x0F, 0, 0x0000F6F4, 0x0000000C },
    { 0x0262, 0x00, 0x02, 0x0A, 0x00, 0x06, 0x00, 0x10, 0x0F, 0, 0x0000F700, 0x0000000C },
    { 0x0262, 0x00, 0x02, 0x0B, 0x00, 0x06, 0x00, 0x10, 0x0F, 0, 0x0000F70C, 0x0000000C },
    { 0x0262, 0x00, 0x02, 0x0C, 0x00, 0x06, 0x00, 0x10, 0x0F, 0, 0x0000F718, 0x0000000C },
    { 0x0262, 0x00, 0x02, 0x0D, 0x00, 0x06, 0x00, 0x10, 0x0F, 0, 0x0000F724, 0x0000000C },
    { 0x0262, 0x00, 0x02, 0x0E, 0x00, 0x06, 0x00, 0x10, 0x0F, 0, 0x0000F730, 0x0000000C },
    { 0x0262, 0x00, 0x02, 0x0F, 0x00, 0x06, 0x00, 0x10, 0x0F, 0, 0x0000F73C, 0x0000000C },
    { 0x0262, 0x00, 0x03, 0x01, 0x00, 0x06, 0x00, 0x10, 0x0F, 0, 0x00006720, 0x00000160 },
    { 0x0262, 0x00, 0x03, 0x02, 0x00, 0x06, 0x00, 0x10, 0x0F, 0, 0x00006BB8, 0x000001B8 },
    { 0x0262, 0x00, 0x03, 0x03, 0x00, 0x06, 0x00, 0x10, 0x0F, 0, 0x00006D70, 0x000001D0 },
    { 0x0262, 0x00, 0x03, 0x04, 0x00, 0x06, 0x00, 0x10, 0x0F, 0, 0x0000DDB8, 0x00000338 },
    { 0x0262, 0x00, 0x03, 0x05, 0x00, 0x06, 0x00, 0x10, 0x0F, 0, 0x00006880, 0x00000168 },
    { 0x0262, 0x00, 0x03, 0x06, 0x00, 0x06, 0x00, 0x10, 0x0F, 0, 0x000069E8, 0x000001D0 },
    { 0x0262, 0x00, 0x03, 0x07, 0x00, 0x06, 0x00, 0x10, 0x0F, 0, 0x0000E5D0, 0x00000338 },
    { 0x0262, 0x00, 0x03, 0x08, 0x00, 0x06, 0x00, 0x10, 0x0F, 0, 0x00005040, 0x00000D20 },
    { 0x0262, 0x00, 0x03, 0x09, 0x00, 0x06, 0x00, 0x10, 0x0F, 0, 0x00006200, 0x000002E8 },
    { 0x0262, 0x00, 0x03, 0x0A, 0x00, 0x06, 0x00, 0x10, 0x0F, 0, 0x000064E8, 0x00000238 },
    { 0x0262, 0x00, 0x03, 0x0B, 0x00, 0x06, 0x00, 0x10, 0x0F, 0, 0x0000E0F0, 0x000004E0 },
    { 0x0262, 0x00, 0x03, 0x0C, 0x00, 0x06, 0x00, 0x10, 0x0F, 0, 0x00005D60, 0x000002E8 },
    { 0x0262, 0x00, 0x03, 0x0D, 0x00, 0x06, 0x00, 0x10, 0x0F, 0, 0x00006048, 0x000001B8 },
    { 0x0262, 0x00, 0x03, 0x0E, 0x00, 0x06, 0x00, 0x10, 0x0F, 0, 0x0000E908, 0x000004E0 },
    { 0x0262, 0x00, 0x03, 0x0F, 0x00, 0x06, 0x00, 0x10, 0x0F, 0, 0x0000BDC0, 0x00001318 },
    { 0x0263, 0x00, 0x00, 0x00, 0x00, 0x06, 0x00, 0x10, 0x0F, 0, 0x0000B7B8, 0x0000000C },
    { 0x0263, 0x00, 0x01, 0x00, 0x00, 0x06, 0x00, 0x10, 0x0F, 0, 0x0000B778, 0x00000040 },
    { 0x0263, 0x00, 0x02, 0x00, 0x00, 0x06, 0x00, 0x10, 0x0F, 0, 0x0000B6B8, 0x0000000C },
    { 0x0263, 0x00, 0x02, 0x01, 0x00, 0x06, 0x00, 0x10, 0x0F, 0, 0x0000B6C4, 0x0000000C },
    { 0x0263, 0x00, 0x02, 0x02, 0x00, 0x06, 0x00, 0x10, 0x0F, 0, 0x0000B6D0, 0x0000000C },
    { 0x0263, 0x00, 0x02, 0x03, 0x00, 0x06, 0x00, 0x10, 0x0F, 0, 0x0000B6DC, 0x0000000C },
    { 0x0263, 0x00, 0x02, 0x04, 0x00, 0x06, 0x00, 0x10, 0x0F, 0, 0x0000B6E8, 0x0000000C },
    { 0x0263, 0x00, 0x02, 0x05, 0x00, 0x06, 0x00, 0x10, 0x0F, 0, 0x0000B6F4, 0x0000000C },
    { 0x0263, 0x00, 0x02, 0x06, 0x00, 0x06, 0x00, 0x10, 0x0F, 0, 0x0000B700, 0x0000000C },
    { 0x0263, 0x00, 0x02, 0x07, 0x00, 0x06, 0x00, 0x10, 0x0F, 0, 0x0000B70C, 0x0000000C },
    { 0x0263, 0x00, 0x02, 0x08, 0x00, 0x06, 0x00, 0x10, 0x0F, 0, 0x0000B718, 0x0000000C },
    { 0x0263, 0x00, 0x02, 0x09, 0x00, 0x06, 0x00, 0x10, 0x0F, 0, 0x0000B724, 0x0000000C },
    { 0x0263, 0x00, 0x02, 0x0A, 0x00, 0x06, 0x00, 0x10, 0x0F, 0, 0x0000B730, 0x0000000C },
    { 0x0263, 0x00, 0x02, 0x0B, 0x00, 0x06, 0x00, 0x10, 0x0F, 0, 0x0000B73C, 0x0000000C },
    { 0x0263, 0x00, 0x02, 0x0C, 0x00, 0x06, 0x00, 0x10, 0x0F, 0, 0x0000B748, 0x0000000C },
    { 0x0263, 0x00, 0x02, 0x0D, 0x00, 0x06, 0x00, 0x10, 0x0F, 0, 0x0000B754, 0x0000000C },
    { 0x0263, 0x00, 0x02, 0x0E, 0x00, 0x06, 0x00, 0x10, 0x0F, 0, 0x0000B760, 0x0000000C },
    { 0x0263, 0x00, 0x02, 0x0F, 0x00, 0x06, 0x00, 0x10, 0x0F, 0, 0x0000B76C, 0x0000000C },
    { 0x0263, 0x00, 0x03, 0x01, 0x00, 0x06, 0x00, 0x10, 0x0F, 0, 0x00006330, 0x00000440 },
    { 0x0263, 0x00, 0x03, 0x02, 0x00, 0x06, 0x00, 0x10, 0x0F, 0, 0x00006770, 0x00000350 },
    { 0x0263, 0x00, 0x03, 0x03, 0x00, 0x06, 0x00, 0x10, 0x0F, 0, 0x0000A498, 0x000001A0 },
    { 0x0263, 0x00, 0x03, 0x04, 0x00, 0x06, 0x00, 0x10, 0x0F, 0, 0x00005B98, 0x00000440 },
    { 0x0263, 0x00, 0x03, 0x05, 0x00, 0x06, 0x00, 0x10, 0x0F, 0, 0x00005FD8, 0x00000358 },
    { 0x0263, 0x00, 0x03, 0x06, 0x00, 0x06, 0x00, 0x10, 0x0F, 0, 0x0000A2F8, 0x000001A0 },
    { 0x0263, 0x00, 0x03, 0x07, 0x00, 0x06, 0x00, 0x10, 0x0F, 0, 0x00004288, 0x00000690 },
    { 0x0263, 0x00, 0x03, 0x08, 0x00, 0x06, 0x00, 0x10, 0x0F, 0, 0x00005298, 0x00000228 },
    { 0x0263, 0x00, 0x03, 0x09, 0x00, 0x06, 0x00, 0x10, 0x0F, 0, 0x000054C0, 0x000002B0 },
    { 0x0263, 0x00, 0x03, 0x0A, 0x00, 0x06, 0x00, 0x10, 0x0F, 0, 0x00005770, 0x00000428 },
    { 0x0263, 0x00, 0x03, 0x0B, 0x00, 0x06, 0x00, 0x10, 0x0F, 0, 0x00004918, 0x00000228 },
    { 0x0263, 0x00, 0x03, 0x0C, 0x00, 0x06, 0x00, 0x10, 0x0F, 0, 0x00004B40, 0x000002B0 },
    { 0x0263, 0x00, 0x03, 0x0D, 0x00, 0x06, 0x00, 0x10, 0x0F, 0, 0x00004DF0, 0x000004A8 },
    { 0x0263, 0x00, 0x03, 0x0E, 0x00, 0x06, 0x00, 0x10, 0x0F, 0, 0x000096D0, 0x00000C28 },
    { 0x0263, 0x00, 0x03, 0x0F, 0x00, 0x06, 0x00, 0x10, 0x0F, 0, 0x00003F70, 0x00000318 },
    { 0x0264, 0x00, 0x00, 0x00, 0x00, 0x06, 0x00, 0x11, 0x11, 0, 0x0000BE40, 0x0000000C },
    { 0x0264, 0x00, 0x01, 0x00, 0x00, 0x06, 0x00, 0x11, 0x11, 0, 0x0000BDFC, 0x00000044 },
    { 0x0264, 0x00, 0x02, 0x00, 0x00, 0x06, 0x00, 0x11, 0x11, 0, 0x0000BD30, 0x0000000C },
    { 0x0264, 0x00, 0x02, 0x01, 0x00, 0x06, 0x00, 0x11, 0x11, 0, 0x0000BD3C, 0x0000000C },
    { 0x0264, 0x00, 0x02, 0x02, 0x00, 0x06, 0x00, 0x11, 0x11, 0, 0x0000BD48, 0x0000000C },
    { 0x0264, 0x00, 0x02, 0x03, 0x00, 0x06, 0x00, 0x11, 0x11, 0, 0x0000BD54, 0x0000000C },
    { 0x0264, 0x00, 0x02, 0x04, 0x00, 0x06, 0x00, 0x11, 0x11, 0, 0x0000BD60, 0x0000000C },
    { 0x0264, 0x00, 0x02, 0x05, 0x00, 0x06, 0x00, 0x11, 0x11, 0, 0x0000BD6C, 0x0000000C },
    { 0x0264, 0x00, 0x02, 0x06, 0x00, 0x06, 0x00, 0x11, 0x11, 0, 0x0000BD78, 0x0000000C },
    { 0x0264, 0x00, 0x02, 0x07, 0x00, 0x06, 0x00, 0x11, 0x11, 0, 0x0000BD84, 0x0000000C },
    { 0x0264, 0x00, 0x02, 0x08, 0x00, 0x06, 0x00, 0x11, 0x11, 0, 0x0000BD90, 0x0000000C },
    { 0x0264, 0x00, 0x02, 0x09, 0x00, 0x06, 0x00, 0x11, 0x11, 0, 0x0000BD9C, 0x0000000C },
    { 0x0264, 0x00, 0x02, 0x0A, 0x00, 0x06, 0x00, 0x11, 0x11, 0, 0x0000BDA8, 0x0000000C },
    { 0x0264, 0x00, 0x02, 0x0B, 0x00, 0x06, 0x00, 0x11, 0x11, 0, 0x0000BDB4, 0x0000000C },
    { 0x0264, 0x00, 0x02, 0x0C, 0x00, 0x06, 0x00, 0x11, 0x11, 0, 0x0000BDC0, 0x0000000C },
    { 0x0264, 0x00, 0x02, 0x0D, 0x00, 0x06, 0x00, 0x11, 0x11, 0, 0x0000BDCC, 0x0000000C },
    { 0x0264, 0x00, 0x02, 0x0E, 0x00, 0x06, 0x00, 0x11, 0x11, 0, 0x0000BDD8, 0x0000000C },
    { 0x0264, 0x00, 0x02, 0x0F, 0x00, 0x06, 0x00, 0x11, 0x11, 0, 0x0000BDE4, 0x0000000C },
    { 0x0264, 0x00, 0x02, 0x10, 0x00, 0x06, 0x00, 0x11, 0x11, 0, 0x0000BDF0, 0x0000000C },
    { 0x0264, 0x00, 0x03, 0x00, 0x00, 0x06, 0x00, 0x11, 0x11, 0, 0x00008020, 0x00000140 },
    { 0x0264, 0x00, 0x03, 0x01, 0x00, 0x06, 0x00, 0x11, 0x11, 0, 0x00009818, 0x000001B8 },
    { 0x0264, 0x00, 0x03, 0x02, 0x00, 0x06, 0x00, 0x11, 0x11, 0, 0x000099D0, 0x000000E0 },
    { 0x0264, 0x00, 0x03, 0x03, 0x00, 0x06, 0x00, 0x11, 0x11, 0, 0x0000AA10, 0x00000168 },
    { 0x0264, 0x00, 0x03, 0x04, 0x00, 0x06, 0x00, 0x11, 0x11, 0, 0x00009580, 0x000001B8 },
    { 0x0264, 0x00, 0x03, 0x05, 0x00, 0x06, 0x00, 0x11, 0x11, 0, 0x00009738, 0x000000E0 },
    { 0x0264, 0x00, 0x03, 0x06, 0x00, 0x06, 0x00, 0x11, 0x11, 0, 0x0000AB78, 0x00000168 },
    { 0x0264, 0x00, 0x03, 0x07, 0x00, 0x06, 0x00, 0x11, 0x11, 0, 0x00008160, 0x00000190 },
    { 0x0264, 0x00, 0x03, 0x08, 0x00, 0x06, 0x00, 0x11, 0x11, 0, 0x00009110, 0x00000130 },
    { 0x0264, 0x00, 0x03, 0x09, 0x00, 0x06, 0x00, 0x11, 0x11, 0, 0x00009240, 0x00000130 },
    { 0x0264, 0x00, 0x03, 0x0A, 0x00, 0x06, 0x00, 0x11, 0x11, 0, 0x00009370, 0x00000210 },
    { 0x0264, 0x00, 0x03, 0x0B, 0x00, 0x06, 0x00, 0x11, 0x11, 0, 0x00008CA0, 0x00000130 },
    { 0x0264, 0x00, 0x03, 0x0C, 0x00, 0x06, 0x00, 0x11, 0x11, 0, 0x00008DD0, 0x00000130 },
    { 0x0264, 0x00, 0x03, 0x0D, 0x00, 0x06, 0x00, 0x11, 0x11, 0, 0x00008F00, 0x00000210 },
    { 0x0264, 0x00, 0x03, 0x0E, 0x00, 0x06, 0x00, 0x11, 0x11, 0, 0x000082F0, 0x00000120 },
    { 0x0264, 0x00, 0x03, 0x0F, 0x00, 0x06, 0x00, 0x11, 0x11, 0, 0x00008410, 0x00000548 },
    { 0x0264, 0x00, 0x03, 0x10, 0x00, 0x06, 0x00, 0x11, 0x11, 0, 0x00008958, 0x00000348 },
    { 0x0265, 0x00, 0x00, 0x00, 0x00, 0x06, 0x00, 0x10, 0x0F, 0, 0x00013510, 0x0000000C },
    { 0x0265, 0x00, 0x01, 0x00, 0x00, 0x06, 0x00, 0x10, 0x0F, 0, 0x000134D0, 0x00000040 },
    { 0x0265, 0x00, 0x02, 0x00, 0x00, 0x06, 0x00, 0x10, 0x0F, 0, 0x00013410, 0x0000000C },
    { 0x0265, 0x00, 0x02, 0x01, 0x00, 0x06, 0x00, 0x10, 0x0F, 0, 0x0001341C, 0x0000000C },
    { 0x0265, 0x00, 0x02, 0x02, 0x00, 0x06, 0x00, 0x10, 0x0F, 0, 0x00013428, 0x0000000C },
    { 0x0265, 0x00, 0x02, 0x03, 0x00, 0x06, 0x00, 0x10, 0x0F, 0, 0x00013434, 0x0000000C },
    { 0x0265, 0x00, 0x02, 0x04, 0x00, 0x06, 0x00, 0x10, 0x0F, 0, 0x00013440, 0x0000000C },
    { 0x0265, 0x00, 0x02, 0x05, 0x00, 0x06, 0x00, 0x10, 0x0F, 0, 0x0001344C, 0x0000000C },
    { 0x0265, 0x00, 0x02, 0x06, 0x00, 0x06, 0x00, 0x10, 0x0F, 0, 0x00013458, 0x0000000C },
    { 0x0265, 0x00, 0x02, 0x07, 0x00, 0x06, 0x00, 0x10, 0x0F, 0, 0x00013464, 0x0000000C },
    { 0x0265, 0x00, 0x02, 0x08, 0x00, 0x06, 0x00, 0x10, 0x0F, 0, 0x00013470, 0x0000000C },
    { 0x0265, 0x00, 0x02, 0x09, 0x00, 0x06, 0x00, 0x10, 0x0F, 0, 0x0001347C, 0x0000000C },
    { 0x0265, 0x00, 0x02, 0x0A, 0x00, 0x06, 0x00, 0x10, 0x0F, 0, 0x00013488, 0x0000000C },
    { 0x0265, 0x00, 0x02, 0x0B, 0x00, 0x06, 0x00, 0x10, 0x0F, 0, 0x00013494, 0x0000000C },
    { 0x0265, 0x00, 0x02, 0x0C, 0x00, 0x06, 0x00, 0x10, 0x0F, 0, 0x000134A0, 0x0000000C },
    { 0x0265, 0x00, 0x02, 0x0D, 0x00, 0x06, 0x00, 0x10, 0x0F, 0, 0x000134AC, 0x0000000C },
    { 0x0265, 0x00, 0x02, 0x0E, 0x00, 0x06, 0x00, 0x10, 0x0F, 0, 0x000134B8, 0x0000000C },
    { 0x0265, 0x00, 0x02, 0x0F, 0x00, 0x06, 0x00, 0x10, 0x0F, 0, 0x000134C4, 0x0000000C },
    { 0x0265, 0x00, 0x03, 0x01, 0x00, 0x06, 0x00, 0x10, 0x0F, 0, 0x0000F4B8, 0x00000148 },
    { 0x0265, 0x00, 0x03, 0x02, 0x00, 0x06, 0x00, 0x10, 0x0F, 0, 0x0000FB70, 0x000001D0 },
    { 0x0265, 0x00, 0x03, 0x03, 0x00, 0x06, 0x00, 0x10, 0x0F, 0, 0x0000FD40, 0x000001F0 },
    { 0x0265, 0x00, 0x03, 0x04, 0x00, 0x06, 0x00, 0x10, 0x0F, 0, 0x0000FF30, 0x000001B0 },
    { 0x0265, 0x00, 0x03, 0x05, 0x00, 0x06, 0x00, 0x10, 0x0F, 0, 0x0000F600, 0x000001D0 },
    { 0x0265, 0x00, 0x03, 0x06, 0x00, 0x06, 0x00, 0x10, 0x0F, 0, 0x0000F7D0, 0x000001F0 },
    { 0x0265, 0x00, 0x03, 0x07, 0x00, 0x06, 0x00, 0x10, 0x0F, 0, 0x0000F9C0, 0x000001B0 },
    { 0x0265, 0x00, 0x03, 0x08, 0x00, 0x06, 0x00, 0x10, 0x0F, 0, 0x0000DB40, 0x000005F0 },
    { 0x0265, 0x00, 0x03, 0x09, 0x00, 0x06, 0x00, 0x10, 0x0F, 0, 0x0000EE80, 0x000001D0 },
    { 0x0265, 0x00, 0x03, 0x0A, 0x00, 0x06, 0x00, 0x10, 0x0F, 0, 0x0000F050, 0x00000228 },
    { 0x0265, 0x00, 0x03, 0x0B, 0x00, 0x06, 0x00, 0x10, 0x0F, 0, 0x0000F278, 0x00000240 },
    { 0x0265, 0x00, 0x03, 0x0C, 0x00, 0x06, 0x00, 0x10, 0x0F, 0, 0x0000E848, 0x000001D0 },
    { 0x0265, 0x00, 0x03, 0x0D, 0x00, 0x06, 0x00, 0x10, 0x0F, 0, 0x0000EA18, 0x00000228 },
    { 0x0265, 0x00, 0x03, 0x0E, 0x00, 0x06, 0x00, 0x10, 0x0F, 0, 0x0000EC40, 0x00000240 },
    { 0x0265, 0x00, 0x03, 0x0F, 0x00, 0x06, 0x00, 0x10, 0x0F, 0, 0x0000E130, 0x00000718 },
    { 0x0266, 0x00, 0x00, 0x00, 0x00, 0x06, 0x00, 0x0A, 0x00, 0, 0x00003F60, 0x00000008 },
    { 0x0266, 0x00, 0x01, 0x00, 0x00, 0x06, 0x00, 0x0A, 0x00, 0, 0x00003F38, 0x00000028 },
    { 0x0266, 0x00, 0x02, 0x00, 0x00, 0x06, 0x00, 0x0A, 0x00, 0, 0x00003EC0, 0x0000000C },
    { 0x0266, 0x00, 0x02, 0x01, 0x00, 0x06, 0x00, 0x0A, 0x00, 0, 0x00003ECC, 0x0000000C },
    { 0x0266, 0x00, 0x02, 0x02, 0x00, 0x06, 0x00, 0x0A, 0x00, 0, 0x00003ED8, 0x0000000C },
    { 0x0266, 0x00, 0x02, 0x03, 0x00, 0x06, 0x00, 0x0A, 0x00, 0, 0x00003EE4, 0x0000000C },
    { 0x0266, 0x00, 0x02, 0x04, 0x00, 0x06, 0x00, 0x0A, 0x00, 0, 0x00003EF0, 0x0000000C },
    { 0x0266, 0x00, 0x02, 0x05, 0x00, 0x06, 0x00, 0x0A, 0x00, 0, 0x00003EFC, 0x0000000C },
    { 0x0266, 0x00, 0x02, 0x06, 0x00, 0x06, 0x00, 0x0A, 0x00, 0, 0x00003F08, 0x0000000C },
    { 0x0266, 0x00, 0x02, 0x07, 0x00, 0x06, 0x00, 0x0A, 0x00, 0, 0x00003F14, 0x0000000C },
    { 0x0266, 0x00, 0x02, 0x08, 0x00, 0x06, 0x00, 0x0A, 0x00, 0, 0x00003F20, 0x0000000C },
    { 0x0266, 0x00, 0x02, 0x09, 0x00, 0x06, 0x00, 0x0A, 0x00, 0, 0x00003F2C, 0x0000000C },
    { 0x0266, 0x00, 0x03, 0x04, 0x00, 0x06, 0x00, 0x0A, 0x00, 0, 0x000022B0, 0x000001B0 },
    { 0x0266, 0x00, 0x03, 0x07, 0x00, 0x06, 0x00, 0x0A, 0x00, 0, 0x00002460, 0x000001B0 },
    { 0x0266, 0x00, 0x03, 0x08, 0x00, 0x06, 0x00, 0x0A, 0x00, 0, 0x00002610, 0x00000118 },
    { 0x0266, 0x00, 0x03, 0x09, 0x00, 0x06, 0x00, 0x0A, 0x00, 0, 0x00001E00, 0x000004B0 },
    { 0x0267, 0x00, 0x00, 0x00, 0x00, 0x06, 0x00, 0x3F, 0x00, 0, 0x00014718, 0x00000008 },
    { 0x0267, 0x00, 0x01, 0x00, 0x00, 0x06, 0x00, 0x3F, 0x00, 0, 0x0001461C, 0x000000FC },
    { 0x0267, 0x00, 0x02, 0x00, 0x00, 0x06, 0x00, 0x3F, 0x00, 0, 0x00014328, 0x0000000C },
    { 0x0267, 0x00, 0x02, 0x01, 0x00, 0x06, 0x00, 0x3F, 0x00, 0, 0x00014334, 0x0000000C },
    { 0x0267, 0x00, 0x02, 0x02, 0x00, 0x06, 0x00, 0x3F, 0x00, 0, 0x00014340, 0x0000000C },
    { 0x0267, 0x00, 0x02, 0x03, 0x00, 0x06, 0x00, 0x3F, 0x00, 0, 0x0001434C, 0x0000000C },
    { 0x0267, 0x00, 0x02, 0x04, 0x00, 0x06, 0x00, 0x3F, 0x00, 0, 0x00014358, 0x0000000C },
    { 0x0267, 0x00, 0x02, 0x05, 0x00, 0x06, 0x00, 0x3F, 0x00, 0, 0x00014364, 0x0000000C },
    { 0x0267, 0x00, 0x02, 0x06, 0x00, 0x06, 0x00, 0x3F, 0x00, 0, 0x00014370, 0x0000000C },
    { 0x0267, 0x00, 0x02, 0x07, 0x00, 0x06, 0x00, 0x3F, 0x00, 0, 0x0001437C, 0x0000000C },
    { 0x0267, 0x00, 0x02, 0x08, 0x00, 0x06, 0x00, 0x3F, 0x00, 0, 0x00014388, 0x0000000C },
    { 0x0267, 0x00, 0x02, 0x09, 0x00, 0x06, 0x00, 0x3F, 0x00, 0, 0x00014394, 0x0000000C },
    { 0x0267, 0x00, 0x02, 0x0A, 0x00, 0x06, 0x00, 0x3F, 0x00, 0, 0x000143A0, 0x0000000C },
    { 0x0267, 0x00, 0x02, 0x0B, 0x00, 0x06, 0x00, 0x3F, 0x00, 0, 0x000143AC, 0x0000000C },
    { 0x0267, 0x00, 0x02, 0x0C, 0x00, 0x06, 0x00, 0x3F, 0x00, 0, 0x000143B8, 0x0000000C },
    { 0x0267, 0x00, 0x02, 0x0D, 0x00, 0x06, 0x00, 0x3F, 0x00, 0, 0x000143C4, 0x0000000C },
    { 0x0267, 0x00, 0x02, 0x0E, 0x00, 0x06, 0x00, 0x3F, 0x00, 0, 0x000143D0, 0x0000000C },
    { 0x0267, 0x00, 0x02, 0x0F, 0x00, 0x06, 0x00, 0x3F, 0x00, 0, 0x000143DC, 0x0000000C },
    { 0x0267, 0x00, 0x02, 0x10, 0x00, 0x06, 0x00, 0x3F, 0x00, 0, 0x000143E8, 0x0000000C },
    { 0x0267, 0x00, 0x02, 0x11, 0x00, 0x06, 0x00, 0x3F, 0x00, 0, 0x000143F4, 0x0000000C },
    { 0x0267, 0x00, 0x02, 0x12, 0x00, 0x06, 0x00, 0x3F, 0x00, 0, 0x00014400, 0x0000000C },
    { 0x0267, 0x00, 0x02, 0x13, 0x00, 0x06, 0x00, 0x3F, 0x00, 0, 0x0001440C, 0x0000000C },
    { 0x0267, 0x00, 0x02, 0x14, 0x00, 0x06, 0x00, 0x3F, 0x00, 0, 0x00014418, 0x0000000C },
    { 0x0267, 0x00, 0x02, 0x15, 0x00, 0x06, 0x00, 0x3F, 0x00, 0, 0x00014424, 0x0000000C },
    { 0x0267, 0x00, 0x02, 0x16, 0x00, 0x06, 0x00, 0x3F, 0x00, 0, 0x00014430, 0x0000000C },
    { 0x0267, 0x00, 0x02, 0x17, 0x00, 0x06, 0x00, 0x3F, 0x00, 0, 0x0001443C, 0x0000000C },
    { 0x0267, 0x00, 0x02, 0x18, 0x00, 0x06, 0x00, 0x3F, 0x00, 0, 0x00014448, 0x0000000C },
    { 0x0267, 0x00, 0x02, 0x19, 0x00, 0x06, 0x00, 0x3F, 0x00, 0, 0x00014454, 0x0000000C },
    { 0x0267, 0x00, 0x02, 0x1A, 0x00, 0x06, 0x00, 0x3F, 0x00, 0, 0x00014460, 0x0000000C },
    { 0x0267, 0x00, 0x02, 0x1B, 0x00, 0x06, 0x00, 0x3F, 0x00, 0, 0x0001446C, 0x0000000C },
    { 0x0267, 0x00, 0x02, 0x1C, 0x00, 0x06, 0x00, 0x3F, 0x00, 0, 0x00014478, 0x0000000C },
    { 0x0267, 0x00, 0x02, 0x1D, 0x00, 0x06, 0x00, 0x3F, 0x00, 0, 0x00014484, 0x0000000C },
    { 0x0267, 0x00, 0x02, 0x1E, 0x00, 0x06, 0x00, 0x3F, 0x00, 0, 0x00014490, 0x0000000C },
    { 0x0267, 0x00, 0x02, 0x1F, 0x00, 0x06, 0x00, 0x3F, 0x00, 0, 0x0001449C, 0x0000000C },
    { 0x0267, 0x00, 0x02, 0x20, 0x00, 0x06, 0x00, 0x3F, 0x00, 0, 0x000144A8, 0x0000000C },
    { 0x0267, 0x00, 0x02, 0x21, 0x00, 0x06, 0x00, 0x3F, 0x00, 0, 0x000144B4, 0x0000000C },
    { 0x0267, 0x00, 0x02, 0x22, 0x00, 0x06, 0x00, 0x3F, 0x00, 0, 0x000144C0, 0x0000000C },
    { 0x0267, 0x00, 0x02, 0x23, 0x00, 0x06, 0x00, 0x3F, 0x00, 0, 0x000144CC, 0x0000000C },
    { 0x0267, 0x00, 0x02, 0x24, 0x00, 0x06, 0x00, 0x3F, 0x00, 0, 0x000144D8, 0x0000000C },
    { 0x0267, 0x00, 0x02, 0x25, 0x00, 0x06, 0x00, 0x3F, 0x00, 0, 0x000144E4, 0x0000000C },
    { 0x0267, 0x00, 0x02, 0x26, 0x00, 0x06, 0x00, 0x3F, 0x00, 0, 0x000144F0, 0x0000000C },
    { 0x0267, 0x00, 0x02, 0x27, 0x00, 0x06, 0x00, 0x3F, 0x00, 0, 0x000144FC, 0x0000000C },
    { 0x0267, 0x00, 0x02, 0x28, 0x00, 0x06, 0x00, 0x3F, 0x00, 0, 0x00014508, 0x0000000C },
    { 0x0267, 0x00, 0x02, 0x29, 0x00, 0x06, 0x00, 0x3F, 0x00, 0, 0x00014514, 0x0000000C },
    { 0x0267, 0x00, 0x02, 0x2A, 0x00, 0x06, 0x00, 0x3F, 0x00, 0, 0x00014520, 0x0000000C },
    { 0x0267, 0x00, 0x02, 0x2B, 0x00, 0x06, 0x00, 0x3F, 0x00, 0, 0x0001452C, 0x0000000C },
    { 0x0267, 0x00, 0x02, 0x2C, 0x00, 0x06, 0x00, 0x3F, 0x00, 0, 0x00014538, 0x0000000C },
    { 0x0267, 0x00, 0x02, 0x2D, 0x00, 0x06, 0x00, 0x3F, 0x00, 0, 0x00014544, 0x0000000C },
    { 0x0267, 0x00, 0x02, 0x2E, 0x00, 0x06, 0x00, 0x3F, 0x00, 0, 0x00014550, 0x0000000C },
    { 0x0267, 0x00, 0x02, 0x2F, 0x00, 0x06, 0x00, 0x3F, 0x00, 0, 0x0001455C, 0x0000000C },
    { 0x0267, 0x00, 0x02, 0x30, 0x00, 0x06, 0x00, 0x3F, 0x00, 0, 0x00014568, 0x0000000C },
    { 0x0267, 0x00, 0x02, 0x31, 0x00, 0x06, 0x00, 0x3F, 0x00, 0, 0x00014574, 0x0000000C },
    { 0x0267, 0x00, 0x02, 0x32, 0x00, 0x06, 0x00, 0x3F, 0x00, 0, 0x00014580, 0x0000000C },
    { 0x0267, 0x00, 0x02, 0x33, 0x00, 0x06, 0x00, 0x3F, 0x00, 0, 0x0001458C, 0x0000000C },
    { 0x0267, 0x00, 0x02, 0x34, 0x00, 0x06, 0x00, 0x3F, 0x00, 0, 0x00014598, 0x0000000C },
    { 0x0267, 0x00, 0x02, 0x35, 0x00, 0x06, 0x00, 0x3F, 0x00, 0, 0x000145A4, 0x0000000C },
    { 0x0267, 0x00, 0x02, 0x36, 0x00, 0x06, 0x00, 0x3F, 0x00, 0, 0x000145B0, 0x0000000C },
    { 0x0267, 0x00, 0x02, 0x37, 0x00, 0x06, 0x00, 0x3F, 0x00, 0, 0x000145BC, 0x0000000C },
    { 0x0267, 0x00, 0x02, 0x38, 0x00, 0x06, 0x00, 0x3F, 0x00, 0, 0x000145C8, 0x0000000C },
    { 0x0267, 0x00, 0x02, 0x39, 0x00, 0x06, 0x00, 0x3F, 0x00, 0, 0x000145D4, 0x0000000C },
    { 0x0267, 0x00, 0x02, 0x3A, 0x00, 0x06, 0x00, 0x3F, 0x00, 0, 0x000145E0, 0x0000000C },
    { 0x0267, 0x00, 0x02, 0x3B, 0x00, 0x06, 0x00, 0x3F, 0x00, 0, 0x000145EC, 0x0000000C },
    { 0x0267, 0x00, 0x02, 0x3C, 0x00, 0x06, 0x00, 0x3F, 0x00, 0, 0x000145F8, 0x0000000C },
    { 0x0267, 0x00, 0x02, 0x3D, 0x00, 0x06, 0x00, 0x3F, 0x00, 0, 0x00014604, 0x0000000C },
    { 0x0267, 0x00, 0x02, 0x3E, 0x00, 0x06, 0x00, 0x3F, 0x00, 0, 0x00014610, 0x0000000C },
    { 0x0267, 0x00, 0x03, 0x06, 0x00, 0x06, 0x00, 0x3F, 0x00, 0, 0x00006BD8, 0x000000D8 },
    { 0x0267, 0x00, 0x03, 0x13, 0x00, 0x06, 0x00, 0x3F, 0x00, 0, 0x00006CB0, 0x000001F8 },
    { 0x0267, 0x00, 0x03, 0x17, 0x00, 0x06, 0x00, 0x3F, 0x00, 0, 0x00006B40, 0x00000098 },
    { 0x0267, 0x00, 0x03, 0x18, 0x00, 0x06, 0x00, 0x3F, 0x00, 0, 0x00007970, 0x000000D8 },
    { 0x0267, 0x00, 0x03, 0x19, 0x00, 0x06, 0x00, 0x3F, 0x00, 0, 0x00006F88, 0x000000D0 },
    { 0x0267, 0x00, 0x03, 0x1C, 0x00, 0x06, 0x00, 0x3F, 0x00, 0, 0x00007058, 0x00000090 },
    { 0x0267, 0x00, 0x03, 0x1E, 0x00, 0x06, 0x00, 0x3F, 0x00, 0, 0x000070E8, 0x00000090 },
    { 0x0267, 0x00, 0x03, 0x22, 0x00, 0x06, 0x00, 0x3F, 0x00, 0, 0x00007178, 0x00000090 },
    { 0x0267, 0x00, 0x03, 0x24, 0x00, 0x06, 0x00, 0x3F, 0x00, 0, 0x00007208, 0x00000090 },
    { 0x0267, 0x00, 0x03, 0x28, 0x00, 0x06, 0x00, 0x3F, 0x00, 0, 0x00007298, 0x00000090 },
    { 0x0267, 0x00, 0x03, 0x2A, 0x00, 0x06, 0x00, 0x3F, 0x00, 0, 0x00007328, 0x00000090 },
    { 0x0267, 0x00, 0x03, 0x2E, 0x00, 0x06, 0x00, 0x3F, 0x00, 0, 0x000073B8, 0x00000090 },
    { 0x0267, 0x00, 0x03, 0x30, 0x00, 0x06, 0x00, 0x3F, 0x00, 0, 0x00007448, 0x00000090 },
    { 0x0267, 0x00, 0x03, 0x34, 0x00, 0x06, 0x00, 0x3F, 0x00, 0, 0x000074D8, 0x00000090 },
    { 0x0267, 0x00, 0x03, 0x36, 0x00, 0x06, 0x00, 0x3F, 0x00, 0, 0x00007568, 0x00000090 },
    { 0x0267, 0x00, 0x03, 0x3D, 0x00, 0x06, 0x00, 0x3F, 0x00, 0, 0x00006EA8, 0x000000E0 },
    { 0x0267, 0x01, 0x00, 0x00, 0x00, 0x06, 0x00, 0x0C, 0x05, 0, 0x00016098, 0x0000000C },
    { 0x0267, 0x01, 0x01, 0x00, 0x00, 0x06, 0x00, 0x0C, 0x05, 0, 0x00016068, 0x00000030 },
    { 0x0267, 0x01, 0x02, 0x00, 0x00, 0x06, 0x00, 0x0C, 0x05, 0, 0x00015FD8, 0x0000000C },
    { 0x0267, 0x01, 0x02, 0x01, 0x00, 0x06, 0x00, 0x0C, 0x05, 0, 0x00015FE4, 0x0000000C },
    { 0x0267, 0x01, 0x02, 0x02, 0x00, 0x06, 0x00, 0x0C, 0x05, 0, 0x00015FF0, 0x0000000C },
    { 0x0267, 0x01, 0x02, 0x03, 0x00, 0x06, 0x00, 0x0C, 0x05, 0, 0x00015FFC, 0x0000000C },
    { 0x0267, 0x01, 0x02, 0x04, 0x00, 0x06, 0x00, 0x0C, 0x05, 0, 0x00016008, 0x0000000C },
    { 0x0267, 0x01, 0x02, 0x05, 0x00, 0x06, 0x00, 0x0C, 0x05, 0, 0x00016014, 0x0000000C },
    { 0x0267, 0x01, 0x02, 0x06, 0x00, 0x06, 0x00, 0x0C, 0x05, 0, 0x00016020, 0x0000000C },
    { 0x0267, 0x01, 0x02, 0x07, 0x00, 0x06, 0x00, 0x0C, 0x05, 0, 0x0001602C, 0x0000000C },
    { 0x0267, 0x01, 0x02, 0x08, 0x00, 0x06, 0x00, 0x0C, 0x05, 0, 0x00016038, 0x0000000C },
    { 0x0267, 0x01, 0x02, 0x09, 0x00, 0x06, 0x00, 0x0C, 0x05, 0, 0x00016044, 0x0000000C },
    { 0x0267, 0x01, 0x02, 0x0A, 0x00, 0x06, 0x00, 0x0C, 0x05, 0, 0x00016050, 0x0000000C },
    { 0x0267, 0x01, 0x02, 0x0B, 0x00, 0x06, 0x00, 0x0C, 0x05, 0, 0x0001605C, 0x0000000C },
    { 0x0267, 0x01, 0x03, 0x07, 0x00, 0x06, 0x00, 0x0C, 0x05, 0, 0x00015BC8, 0x00000110 },
    { 0x0267, 0x01, 0x03, 0x08, 0x00, 0x06, 0x00, 0x0C, 0x05, 0, 0x00015AC8, 0x00000100 },
    { 0x0267, 0x01, 0x03, 0x09, 0x00, 0x06, 0x00, 0x0C, 0x05, 0, 0x000159C8, 0x00000100 },
    { 0x0267, 0x01, 0x03, 0x0A, 0x00, 0x06, 0x00, 0x0C, 0x05, 0, 0x000158C8, 0x00000100 },
    { 0x0267, 0x01, 0x03, 0x0B, 0x00, 0x06, 0x00, 0x0C, 0x05, 0, 0x000157A0, 0x00000128 },
    { 0x0267, 0x02, 0x00, 0x00, 0x00, 0x06, 0x00, 0x07, 0x04, 0, 0x000185A0, 0x0000000C },
    { 0x0267, 0x02, 0x01, 0x00, 0x00, 0x06, 0x00, 0x07, 0x04, 0, 0x00018584, 0x0000001C },
    { 0x0267, 0x02, 0x02, 0x00, 0x00, 0x06, 0x00, 0x07, 0x04, 0, 0x00018530, 0x0000000C },
    { 0x0267, 0x02, 0x02, 0x01, 0x00, 0x06, 0x00, 0x07, 0x04, 0, 0x0001853C, 0x0000000C },
    { 0x0267, 0x02, 0x02, 0x02, 0x00, 0x06, 0x00, 0x07, 0x04, 0, 0x00018548, 0x0000000C },
    { 0x0267, 0x02, 0x02, 0x03, 0x00, 0x06, 0x00, 0x07, 0x04, 0, 0x00018554, 0x0000000C },
    { 0x0267, 0x02, 0x02, 0x04, 0x00, 0x06, 0x00, 0x07, 0x04, 0, 0x00018560, 0x0000000C },
    { 0x0267, 0x02, 0x02, 0x05, 0x00, 0x06, 0x00, 0x07, 0x04, 0, 0x0001856C, 0x0000000C },
    { 0x0267, 0x02, 0x02, 0x06, 0x00, 0x06, 0x00, 0x07, 0x04, 0, 0x00018578, 0x0000000C },
    { 0x0267, 0x02, 0x03, 0x02, 0x00, 0x06, 0x00, 0x07, 0x04, 0, 0x000180A0, 0x00000128 },
    { 0x0267, 0x02, 0x03, 0x03, 0x00, 0x06, 0x00, 0x07, 0x04, 0, 0x000181C8, 0x00000100 },
    { 0x0267, 0x02, 0x03, 0x05, 0x00, 0x06, 0x00, 0x07, 0x04, 0, 0x000182C8, 0x00000100 },
    { 0x0267, 0x02, 0x03, 0x06, 0x00, 0x06, 0x00, 0x07, 0x04, 0, 0x000183C8, 0x00000168 },
    { 0x0267, 0x03, 0x00, 0x00, 0x00, 0x06, 0x00, 0x08, 0x03, 0, 0x00017470, 0x0000000C },
    { 0x0267, 0x03, 0x01, 0x00, 0x00, 0x06, 0x00, 0x08, 0x03, 0, 0x00017450, 0x00000020 },
    { 0x0267, 0x03, 0x02, 0x00, 0x00, 0x06, 0x00, 0x08, 0x03, 0, 0x000173F0, 0x0000000C },
    { 0x0267, 0x03, 0x02, 0x01, 0x00, 0x06, 0x00, 0x08, 0x03, 0, 0x000173FC, 0x0000000C },
    { 0x0267, 0x03, 0x02, 0x02, 0x00, 0x06, 0x00, 0x08, 0x03, 0, 0x00017408, 0x0000000C },
    { 0x0267, 0x03, 0x02, 0x03, 0x00, 0x06, 0x00, 0x08, 0x03, 0, 0x00017414, 0x0000000C },
    { 0x0267, 0x03, 0x02, 0x04, 0x00, 0x06, 0x00, 0x08, 0x03, 0, 0x00017420, 0x0000000C },
    { 0x0267, 0x03, 0x02, 0x05, 0x00, 0x06, 0x00, 0x08, 0x03, 0, 0x0001742C, 0x0000000C },
    { 0x0267, 0x03, 0x02, 0x06, 0x00, 0x06, 0x00, 0x08, 0x03, 0, 0x00017438, 0x0000000C },
    { 0x0267, 0x03, 0x02, 0x07, 0x00, 0x06, 0x00, 0x08, 0x03, 0, 0x00017444, 0x0000000C },
    { 0x0267, 0x03, 0x03, 0x05, 0x00, 0x06, 0x00, 0x08, 0x03, 0, 0x000171E8, 0x00000188 },
    { 0x0267, 0x03, 0x03, 0x06, 0x00, 0x06, 0x00, 0x08, 0x03, 0, 0x000170D0, 0x00000118 },
    { 0x0267, 0x03, 0x03, 0x07, 0x00, 0x06, 0x00, 0x08, 0x03, 0, 0x00017010, 0x000000C0 },
    { 0x0267, 0x04, 0x00, 0x00, 0x00, 0x06, 0x00, 0x04, 0x03, 0, 0x00003A70, 0x0000000C },
    { 0x0267, 0x04, 0x01, 0x00, 0x00, 0x06, 0x00, 0x04, 0x03, 0, 0x00003A60, 0x00000010 },
    { 0x0267, 0x04, 0x02, 0x00, 0x00, 0x06, 0x00, 0x04, 0x03, 0, 0x00003A30, 0x0000000C },
    { 0x0267, 0x04, 0x02, 0x01, 0x00, 0x06, 0x00, 0x04, 0x03, 0, 0x00003A3C, 0x0000000C },
    { 0x0267, 0x04, 0x02, 0x02, 0x00, 0x06, 0x00, 0x04, 0x03, 0, 0x00003A48, 0x0000000C },
    { 0x0267, 0x04, 0x02, 0x03, 0x00, 0x06, 0x00, 0x04, 0x03, 0, 0x00003A54, 0x0000000C },
    { 0x0267, 0x04, 0x03, 0x01, 0x00, 0x06, 0x00, 0x04, 0x03, 0, 0x00000FA0, 0x000000D0 },
    { 0x0267, 0x04, 0x03, 0x02, 0x00, 0x06, 0x00, 0x04, 0x03, 0, 0x00001070, 0x000000E8 },
    { 0x0267, 0x04, 0x03, 0x03, 0x00, 0x06, 0x00, 0x04, 0x03, 0, 0x00001158, 0x000000D8 },
    { 0x0267, 0x05, 0x00, 0x00, 0x00, 0x06, 0x00, 0x0A, 0x03, 0, 0x00016BC8, 0x0000000C },
    { 0x0267, 0x05, 0x01, 0x00, 0x00, 0x06, 0x00, 0x0A, 0x03, 0, 0x00016BA0, 0x00000028 },
    { 0x0267, 0x05, 0x02, 0x00, 0x00, 0x06, 0x00, 0x0A, 0x03, 0, 0x00016B28, 0x0000000C },
    { 0x0267, 0x05, 0x02, 0x01, 0x00, 0x06, 0x00, 0x0A, 0x03, 0, 0x00016B34, 0x0000000C },
    { 0x0267, 0x05, 0x02, 0x02, 0x00, 0x06, 0x00, 0x0A, 0x03, 0, 0x00016B40, 0x0000000C },
    { 0x0267, 0x05, 0x02, 0x03, 0x00, 0x06, 0x00, 0x0A, 0x03, 0, 0x00016B4C, 0x0000000C },
    { 0x0267, 0x05, 0x02, 0x04, 0x00, 0x06, 0x00, 0x0A, 0x03, 0, 0x00016B58, 0x0000000C },
    { 0x0267, 0x05, 0x02, 0x05, 0x00, 0x06, 0x00, 0x0A, 0x03, 0, 0x00016B64, 0x0000000C },
    { 0x0267, 0x05, 0x02, 0x06, 0x00, 0x06, 0x00, 0x0A, 0x03, 0, 0x00016B70, 0x0000000C },
    { 0x0267, 0x05, 0x02, 0x07, 0x00, 0x06, 0x00, 0x0A, 0x03, 0, 0x00016B7C, 0x0000000C },
    { 0x0267, 0x05, 0x02, 0x08, 0x00, 0x06, 0x00, 0x0A, 0x03, 0, 0x00016B88, 0x0000000C },
    { 0x0267, 0x05, 0x02, 0x09, 0x00, 0x06, 0x00, 0x0A, 0x03, 0, 0x00016B94, 0x0000000C },
    { 0x0267, 0x05, 0x03, 0x07, 0x00, 0x06, 0x00, 0x0A, 0x03, 0, 0x000169B8, 0x00000170 },
    { 0x0267, 0x05, 0x03, 0x08, 0x00, 0x06, 0x00, 0x0A, 0x03, 0, 0x000168B8, 0x00000100 },
    { 0x0267, 0x05, 0x03, 0x09, 0x00, 0x06, 0x00, 0x0A, 0x03, 0, 0x00016790, 0x00000128 },
    { 0x0273, 0x00, 0x00, 0x00, 0x00, 0x06, 0x00, 0x10, 0x00, 0, 0x0000BAC8, 0x00000008 },
    { 0x0273, 0x00, 0x01, 0x00, 0x00, 0x06, 0x00, 0x10, 0x00, 0, 0x0000BA88, 0x00000040 },
    { 0x0273, 0x00, 0x02, 0x00, 0x00, 0x06, 0x00, 0x10, 0x00, 0, 0x0000B9C8, 0x0000000C },
    { 0x0273, 0x00, 0x02, 0x01, 0x00, 0x06, 0x00, 0x10, 0x00, 0, 0x0000B9D4, 0x0000000C },
    { 0x0273, 0x00, 0x02, 0x02, 0x00, 0x06, 0x00, 0x10, 0x00, 0, 0x0000B9E0, 0x0000000C },
    { 0x0273, 0x00, 0x02, 0x03, 0x00, 0x06, 0x00, 0x10, 0x00, 0, 0x0000B9EC, 0x0000000C },
    { 0x0273, 0x00, 0x02, 0x04, 0x00, 0x06, 0x00, 0x10, 0x00, 0, 0x0000B9F8, 0x0000000C },
    { 0x0273, 0x00, 0x02, 0x05, 0x00, 0x06, 0x00, 0x10, 0x00, 0, 0x0000BA04, 0x0000000C },
    { 0x0273, 0x00, 0x02, 0x06, 0x00, 0x06, 0x00, 0x10, 0x00, 0, 0x0000BA10, 0x0000000C },
    { 0x0273, 0x00, 0x02, 0x07, 0x00, 0x06, 0x00, 0x10, 0x00, 0, 0x0000BA1C, 0x0000000C },
    { 0x0273, 0x00, 0x02, 0x08, 0x00, 0x06, 0x00, 0x10, 0x00, 0, 0x0000BA28, 0x0000000C },
    { 0x0273, 0x00, 0x02, 0x09, 0x00, 0x06, 0x00, 0x10, 0x00, 0, 0x0000BA34, 0x0000000C },
    { 0x0273, 0x00, 0x02, 0x0A, 0x00, 0x06, 0x00, 0x10, 0x00, 0, 0x0000BA40, 0x0000000C },
    { 0x0273, 0x00, 0x02, 0x0B, 0x00, 0x06, 0x00, 0x10, 0x00, 0, 0x0000BA4C, 0x0000000C },
    { 0x0273, 0x00, 0x02, 0x0C, 0x00, 0x06, 0x00, 0x10, 0x00, 0, 0x0000BA58, 0x0000000C },
    { 0x0273, 0x00, 0x02, 0x0D, 0x00, 0x06, 0x00, 0x10, 0x00, 0, 0x0000BA64, 0x0000000C },
    { 0x0273, 0x00, 0x02, 0x0E, 0x00, 0x06, 0x00, 0x10, 0x00, 0, 0x0000BA70, 0x0000000C },
    { 0x0273, 0x00, 0x02, 0x0F, 0x00, 0x06, 0x00, 0x10, 0x00, 0, 0x0000BA7C, 0x0000000C },
    { 0x0273, 0x00, 0x03, 0x01, 0x00, 0x06, 0x00, 0x10, 0x00, 0, 0x0000A6F8, 0x00000150 },
    { 0x0273, 0x00, 0x03, 0x02, 0x00, 0x06, 0x00, 0x10, 0x00, 0, 0x0000B3D0, 0x00000150 },
    { 0x0273, 0x00, 0x03, 0x03, 0x00, 0x06, 0x00, 0x10, 0x00, 0, 0x0000B240, 0x00000190 },
    { 0x0273, 0x00, 0x03, 0x04, 0x00, 0x06, 0x00, 0x10, 0x00, 0, 0x0000B158, 0x000000E8 },
    { 0x0273, 0x00, 0x03, 0x05, 0x00, 0x06, 0x00, 0x10, 0x00, 0, 0x0000AAC0, 0x00000150 },
    { 0x0273, 0x00, 0x03, 0x06, 0x00, 0x06, 0x00, 0x10, 0x00, 0, 0x0000A930, 0x00000190 },
    { 0x0273, 0x00, 0x03, 0x07, 0x00, 0x06, 0x00, 0x10, 0x00, 0, 0x0000A848, 0x000000E8 },
    { 0x0273, 0x00, 0x03, 0x08, 0x00, 0x06, 0x00, 0x10, 0x00, 0, 0x0000A440, 0x000002B8 },
    { 0x0273, 0x00, 0x03, 0x09, 0x00, 0x06, 0x00, 0x10, 0x00, 0, 0x0000B8C0, 0x00000108 },
    { 0x0273, 0x00, 0x03, 0x0A, 0x00, 0x06, 0x00, 0x10, 0x00, 0, 0x0000B730, 0x00000190 },
    { 0x0273, 0x00, 0x03, 0x0B, 0x00, 0x06, 0x00, 0x10, 0x00, 0, 0x0000B520, 0x00000210 },
    { 0x0273, 0x00, 0x03, 0x0C, 0x00, 0x06, 0x00, 0x10, 0x00, 0, 0x0000B050, 0x00000108 },
    { 0x0273, 0x00, 0x03, 0x0D, 0x00, 0x06, 0x00, 0x10, 0x00, 0, 0x0000AEC0, 0x00000190 },
    { 0x0273, 0x00, 0x03, 0x0E, 0x00, 0x06, 0x00, 0x10, 0x00, 0, 0x0000AC10, 0x000002B0 },
    { 0x0273, 0x00, 0x03, 0x0F, 0x00, 0x06, 0x00, 0x10, 0x00, 0, 0x0000A030, 0x00000410 },
    { 0x0274, 0x00, 0x00, 0x00, 0x00, 0x06, 0x00, 0x19, 0x0F, 0, 0x00003DD8, 0x0000000C },
    { 0x0274, 0x00, 0x01, 0x00, 0x00, 0x06, 0x00, 0x19, 0x0F, 0, 0x00003D74, 0x00000064 },
    { 0x0274, 0x00, 0x02, 0x00, 0x00, 0x06, 0x00, 0x19, 0x0F, 0, 0x00003C48, 0x0000000C },
    { 0x0274, 0x00, 0x02, 0x01, 0x00, 0x06, 0x00, 0x19, 0x0F, 0, 0x00003C54, 0x0000000C },
    { 0x0274, 0x00, 0x02, 0x02, 0x00, 0x06, 0x00, 0x19, 0x0F, 0, 0x00003C60, 0x0000000C },
    { 0x0274, 0x00, 0x02, 0x03, 0x00, 0x06, 0x00, 0x19, 0x0F, 0, 0x00003C6C, 0x0000000C },
    { 0x0274, 0x00, 0x02, 0x04, 0x00, 0x06, 0x00, 0x19, 0x0F, 0, 0x00003C78, 0x0000000C },
    { 0x0274, 0x00, 0x02, 0x05, 0x00, 0x06, 0x00, 0x19, 0x0F, 0, 0x00003C84, 0x0000000C },
    { 0x0274, 0x00, 0x02, 0x06, 0x00, 0x06, 0x00, 0x19, 0x0F, 0, 0x00003C90, 0x0000000C },
    { 0x0274, 0x00, 0x02, 0x07, 0x00, 0x06, 0x00, 0x19, 0x0F, 0, 0x00003C9C, 0x0000000C },
    { 0x0274, 0x00, 0x02, 0x08, 0x00, 0x06, 0x00, 0x19, 0x0F, 0, 0x00003CA8, 0x0000000C },
    { 0x0274, 0x00, 0x02, 0x09, 0x00, 0x06, 0x00, 0x19, 0x0F, 0, 0x00003CB4, 0x0000000C },
    { 0x0274, 0x00, 0x02, 0x0A, 0x00, 0x06, 0x00, 0x19, 0x0F, 0, 0x00003CC0, 0x0000000C },
    { 0x0274, 0x00, 0x02, 0x0B, 0x00, 0x06, 0x00, 0x19, 0x0F, 0, 0x00003CCC, 0x0000000C },
    { 0x0274, 0x00, 0x02, 0x0C, 0x00, 0x06, 0x00, 0x19, 0x0F, 0, 0x00003CD8, 0x0000000C },
    { 0x0274, 0x00, 0x02, 0x0D, 0x00, 0x06, 0x00, 0x19, 0x0F, 0, 0x00003CE4, 0x0000000C },
    { 0x0274, 0x00, 0x02, 0x0E, 0x00, 0x06, 0x00, 0x19, 0x0F, 0, 0x00003CF0, 0x0000000C },
    { 0x0274, 0x00, 0x02, 0x0F, 0x00, 0x06, 0x00, 0x19, 0x0F, 0, 0x00003CFC, 0x0000000C },
    { 0x0274, 0x00, 0x02, 0x10, 0x00, 0x06, 0x00, 0x19, 0x0F, 0, 0x00003D08, 0x0000000C },
    { 0x0274, 0x00, 0x02, 0x11, 0x00, 0x06, 0x00, 0x19, 0x0F, 0, 0x00003D14, 0x0000000C },
    { 0x0274, 0x00, 0x02, 0x12, 0x00, 0x06, 0x00, 0x19, 0x0F, 0, 0x00003D20, 0x0000000C },
    { 0x0274, 0x00, 0x02, 0x13, 0x00, 0x06, 0x00, 0x19, 0x0F, 0, 0x00003D2C, 0x0000000C },
    { 0x0274, 0x00, 0x02, 0x14, 0x00, 0x06, 0x00, 0x19, 0x0F, 0, 0x00003D38, 0x0000000C },
    { 0x0274, 0x00, 0x02, 0x15, 0x00, 0x06, 0x00, 0x19, 0x0F, 0, 0x00003D44, 0x0000000C },
    { 0x0274, 0x00, 0x02, 0x16, 0x00, 0x06, 0x00, 0x19, 0x0F, 0, 0x00003D50, 0x0000000C },
    { 0x0274, 0x00, 0x02, 0x17, 0x00, 0x06, 0x00, 0x19, 0x0F, 0, 0x00003D5C, 0x0000000C },
    { 0x0274, 0x00, 0x02, 0x18, 0x00, 0x06, 0x00, 0x19, 0x0F, 0, 0x00003D68, 0x0000000C },
    { 0x0274, 0x00, 0x03, 0x02, 0x00, 0x06, 0x00, 0x19, 0x0F, 0, 0x00003948, 0x00000110 },
    { 0x0274, 0x00, 0x03, 0x03, 0x00, 0x06, 0x00, 0x19, 0x0F, 0, 0x00003A58, 0x000000F8 },
    { 0x0274, 0x00, 0x03, 0x05, 0x00, 0x06, 0x00, 0x19, 0x0F, 0, 0x00003B50, 0x000000F8 },
    { 0x0274, 0x00, 0x03, 0x07, 0x00, 0x06, 0x00, 0x19, 0x0F, 0, 0x00003628, 0x00000110 },
    { 0x0274, 0x00, 0x03, 0x08, 0x00, 0x06, 0x00, 0x19, 0x0F, 0, 0x00003738, 0x000000F8 },
    { 0x0274, 0x00, 0x03, 0x0A, 0x00, 0x06, 0x00, 0x19, 0x0F, 0, 0x00003830, 0x00000118 },
    { 0x0274, 0x00, 0x03, 0x0D, 0x00, 0x06, 0x00, 0x19, 0x0F, 0, 0x00002EB0, 0x00000168 },
    { 0x0274, 0x00, 0x03, 0x0F, 0x00, 0x06, 0x00, 0x19, 0x0F, 0, 0x00003320, 0x00000108 },
    { 0x0274, 0x00, 0x03, 0x10, 0x00, 0x06, 0x00, 0x19, 0x0F, 0, 0x00003428, 0x00000100 },
    { 0x0274, 0x00, 0x03, 0x11, 0x00, 0x06, 0x00, 0x19, 0x0F, 0, 0x00003528, 0x00000100 },
    { 0x0274, 0x00, 0x03, 0x13, 0x00, 0x06, 0x00, 0x19, 0x0F, 0, 0x00003018, 0x00000108 },
    { 0x0274, 0x00, 0x03, 0x14, 0x00, 0x06, 0x00, 0x19, 0x0F, 0, 0x00003120, 0x00000100 },
    { 0x0274, 0x00, 0x03, 0x15, 0x00, 0x06, 0x00, 0x19, 0x0F, 0, 0x00003220, 0x00000100 },
    { 0x0274, 0x00, 0x03, 0x17, 0x00, 0x06, 0x00, 0x19, 0x0F, 0, 0x00002D40, 0x00000170 },
    { 0x0274, 0x00, 0x03, 0x18, 0x00, 0x06, 0x00, 0x19, 0x0F, 0, 0x00002C60, 0x000000E0 },
    { 0x0274, 0x01, 0x00, 0x00, 0x00, 0x06, 0x00, 0x19, 0x0F, 0, 0x0000E778, 0x0000000C },
    { 0x0274, 0x01, 0x01, 0x00, 0x00, 0x06, 0x00, 0x19, 0x0F, 0, 0x0000E714, 0x00000064 },
    { 0x0274, 0x01, 0x02, 0x00, 0x00, 0x06, 0x00, 0x19, 0x0F, 0, 0x0000E5E8, 0x0000000C },
    { 0x0274, 0x01, 0x02, 0x01, 0x00, 0x06, 0x00, 0x19, 0x0F, 0, 0x0000E5F4, 0x0000000C },
    { 0x0274, 0x01, 0x02, 0x02, 0x00, 0x06, 0x00, 0x19, 0x0F, 0, 0x0000E600, 0x0000000C },
    { 0x0274, 0x01, 0x02, 0x03, 0x00, 0x06, 0x00, 0x19, 0x0F, 0, 0x0000E60C, 0x0000000C },
    { 0x0274, 0x01, 0x02, 0x04, 0x00, 0x06, 0x00, 0x19, 0x0F, 0, 0x0000E618, 0x0000000C },
    { 0x0274, 0x01, 0x02, 0x05, 0x00, 0x06, 0x00, 0x19, 0x0F, 0, 0x0000E624, 0x0000000C },
    { 0x0274, 0x01, 0x02, 0x06, 0x00, 0x06, 0x00, 0x19, 0x0F, 0, 0x0000E630, 0x0000000C },
    { 0x0274, 0x01, 0x02, 0x07, 0x00, 0x06, 0x00, 0x19, 0x0F, 0, 0x0000E63C, 0x0000000C },
    { 0x0274, 0x01, 0x02, 0x08, 0x00, 0x06, 0x00, 0x19, 0x0F, 0, 0x0000E648, 0x0000000C },
    { 0x0274, 0x01, 0x02, 0x09, 0x00, 0x06, 0x00, 0x19, 0x0F, 0, 0x0000E654, 0x0000000C },
    { 0x0274, 0x01, 0x02, 0x0A, 0x00, 0x06, 0x00, 0x19, 0x0F, 0, 0x0000E660, 0x0000000C },
    { 0x0274, 0x01, 0x02, 0x0B, 0x00, 0x06, 0x00, 0x19, 0x0F, 0, 0x0000E66C, 0x0000000C },
    { 0x0274, 0x01, 0x02, 0x0C, 0x00, 0x06, 0x00, 0x19, 0x0F, 0, 0x0000E678, 0x0000000C },
    { 0x0274, 0x01, 0x02, 0x0D, 0x00, 0x06, 0x00, 0x19, 0x0F, 0, 0x0000E684, 0x0000000C },
    { 0x0274, 0x01, 0x02, 0x0E, 0x00, 0x06, 0x00, 0x19, 0x0F, 0, 0x0000E690, 0x0000000C },
    { 0x0274, 0x01, 0x02, 0x0F, 0x00, 0x06, 0x00, 0x19, 0x0F, 0, 0x0000E69C, 0x0000000C },
    { 0x0274, 0x01, 0x02, 0x10, 0x00, 0x06, 0x00, 0x19, 0x0F, 0, 0x0000E6A8, 0x0000000C },
    { 0x0274, 0x01, 0x02, 0x11, 0x00, 0x06, 0x00, 0x19, 0x0F, 0, 0x0000E6B4, 0x0000000C },
    { 0x0274, 0x01, 0x02, 0x12, 0x00, 0x06, 0x00, 0x19, 0x0F, 0, 0x0000E6C0, 0x0000000C },
    { 0x0274, 0x01, 0x02, 0x13, 0x00, 0x06, 0x00, 0x19, 0x0F, 0, 0x0000E6CC, 0x0000000C },
    { 0x0274, 0x01, 0x02, 0x14, 0x00, 0x06, 0x00, 0x19, 0x0F, 0, 0x0000E6D8, 0x0000000C },
    { 0x0274, 0x01, 0x02, 0x15, 0x00, 0x06, 0x00, 0x19, 0x0F, 0, 0x0000E6E4, 0x0000000C },
    { 0x0274, 0x01, 0x02, 0x16, 0x00, 0x06, 0x00, 0x19, 0x0F, 0, 0x0000E6F0, 0x0000000C },
    { 0x0274, 0x01, 0x02, 0x17, 0x00, 0x06, 0x00, 0x19, 0x0F, 0, 0x0000E6FC, 0x0000000C },
    { 0x0274, 0x01, 0x02, 0x18, 0x00, 0x06, 0x00, 0x19, 0x0F, 0, 0x0000E708, 0x0000000C },
    { 0x0274, 0x01, 0x03, 0x02, 0x00, 0x06, 0x00, 0x19, 0x0F, 0, 0x0000E0E8, 0x000000E0 },
    { 0x0274, 0x01, 0x03, 0x03, 0x00, 0x06, 0x00, 0x19, 0x0F, 0, 0x0000E1C8, 0x000000C8 },
    { 0x0274, 0x01, 0x03, 0x05, 0x00, 0x06, 0x00, 0x19, 0x0F, 0, 0x0000E290, 0x000000C8 },
    { 0x0274, 0x01, 0x03, 0x07, 0x00, 0x06, 0x00, 0x19, 0x0F, 0, 0x0000E358, 0x000000E0 },
    { 0x0274, 0x01, 0x03, 0x08, 0x00, 0x06, 0x00, 0x19, 0x0F, 0, 0x0000E438, 0x000000C8 },
    { 0x0274, 0x01, 0x03, 0x0A, 0x00, 0x06, 0x00, 0x19, 0x0F, 0, 0x0000E500, 0x000000E8 },
    { 0x0274, 0x01, 0x03, 0x0D, 0x00, 0x06, 0x00, 0x19, 0x0F, 0, 0x0000D7C8, 0x000002F8 },
    { 0x0274, 0x01, 0x03, 0x0F, 0x00, 0x06, 0x00, 0x19, 0x0F, 0, 0x0000DAC0, 0x000000E0 },
    { 0x0274, 0x01, 0x03, 0x10, 0x00, 0x06, 0x00, 0x19, 0x0F, 0, 0x0000DBA0, 0x000000C0 },
    { 0x0274, 0x01, 0x03, 0x11, 0x00, 0x06, 0x00, 0x19, 0x0F, 0, 0x0000DC60, 0x000000D0 },
    { 0x0274, 0x01, 0x03, 0x13, 0x00, 0x06, 0x00, 0x19, 0x0F, 0, 0x0000DD30, 0x000000D8 },
    { 0x0274, 0x01, 0x03, 0x14, 0x00, 0x06, 0x00, 0x19, 0x0F, 0, 0x0000DE08, 0x000000D0 },
    { 0x0274, 0x01, 0x03, 0x15, 0x00, 0x06, 0x00, 0x19, 0x0F, 0, 0x0000DED8, 0x000000D0 },
    { 0x0274, 0x01, 0x03, 0x17, 0x00, 0x06, 0x00, 0x19, 0x0F, 0, 0x0000DFA8, 0x00000140 },
    { 0x0274, 0x01, 0x03, 0x18, 0x00, 0x06, 0x00, 0x19, 0x0F, 0, 0x0000D6A0, 0x00000128 },
    { 0x0275, 0x00, 0x00, 0x00, 0x00, 0x06, 0x00, 0x0B, 0x00, 0, 0x000065C8, 0x00000008 },
    { 0x0275, 0x00, 0x01, 0x00, 0x00, 0x06, 0x00, 0x0B, 0x00, 0, 0x0000659C, 0x0000002C },
    { 0x0275, 0x00, 0x02, 0x00, 0x00, 0x06, 0x00, 0x0B, 0x00, 0, 0x00006518, 0x0000000C },
    { 0x0275, 0x00, 0x02, 0x01, 0x00, 0x06, 0x00, 0x0B, 0x00, 0, 0x00006524, 0x0000000C },
    { 0x0275, 0x00, 0x02, 0x02, 0x00, 0x06, 0x00, 0x0B, 0x00, 0, 0x00006530, 0x0000000C },
    { 0x0275, 0x00, 0x02, 0x03, 0x00, 0x06, 0x00, 0x0B, 0x00, 0, 0x0000653C, 0x0000000C },
    { 0x0275, 0x00, 0x02, 0x04, 0x00, 0x06, 0x00, 0x0B, 0x00, 0, 0x00006548, 0x0000000C },
    { 0x0275, 0x00, 0x02, 0x05, 0x00, 0x06, 0x00, 0x0B, 0x00, 0, 0x00006554, 0x0000000C },
    { 0x0275, 0x00, 0x02, 0x06, 0x00, 0x06, 0x00, 0x0B, 0x00, 0, 0x00006560, 0x0000000C },
    { 0x0275, 0x00, 0x02, 0x07, 0x00, 0x06, 0x00, 0x0B, 0x00, 0, 0x0000656C, 0x0000000C },
    { 0x0275, 0x00, 0x02, 0x08, 0x00, 0x06, 0x00, 0x0B, 0x00, 0, 0x00006578, 0x0000000C },
    { 0x0275, 0x00, 0x02, 0x09, 0x00, 0x06, 0x00, 0x0B, 0x00, 0, 0x00006584, 0x0000000C },
    { 0x0275, 0x00, 0x02, 0x0A, 0x00, 0x06, 0x00, 0x0B, 0x00, 0, 0x00006590, 0x0000000C },
    { 0x0275, 0x00, 0x03, 0x01, 0x00, 0x06, 0x00, 0x0B, 0x00, 0, 0x00002718, 0x00000098 },
    { 0x0275, 0x00, 0x03, 0x02, 0x00, 0x06, 0x00, 0x0B, 0x00, 0, 0x00002870, 0x00000098 },
    { 0x0275, 0x00, 0x03, 0x03, 0x00, 0x06, 0x00, 0x0B, 0x00, 0, 0x00002680, 0x00000098 },
    { 0x0275, 0x00, 0x03, 0x04, 0x00, 0x06, 0x00, 0x0B, 0x00, 0, 0x000025E8, 0x00000098 },
    { 0x0275, 0x00, 0x03, 0x06, 0x00, 0x06, 0x00, 0x0B, 0x00, 0, 0x00002570, 0x00000078 },
    { 0x0275, 0x00, 0x03, 0x07, 0x00, 0x06, 0x00, 0x0B, 0x00, 0, 0x000027B0, 0x000000C0 },
    { 0x0275, 0x00, 0x03, 0x08, 0x00, 0x06, 0x00, 0x0B, 0x00, 0, 0x00001DE0, 0x000002C8 },
    { 0x0275, 0x00, 0x03, 0x09, 0x00, 0x06, 0x00, 0x0B, 0x00, 0, 0x00001CB0, 0x00000130 },
    { 0x0275, 0x00, 0x03, 0x0A, 0x00, 0x06, 0x00, 0x0B, 0x00, 0, 0x000024A8, 0x000000C8 },
    { 0x0277, 0x00, 0x00, 0x00, 0x00, 0x06, 0x00, 0x17, 0x16, 0, 0x000119E8, 0x0000000C },
    { 0x0277, 0x00, 0x01, 0x00, 0x00, 0x06, 0x00, 0x17, 0x16, 0, 0x0001198C, 0x0000005C },
    { 0x0277, 0x00, 0x02, 0x00, 0x00, 0x06, 0x00, 0x17, 0x16, 0, 0x00011878, 0x0000000C },
    { 0x0277, 0x00, 0x02, 0x01, 0x00, 0x06, 0x00, 0x17, 0x16, 0, 0x00011884, 0x0000000C },
    { 0x0277, 0x00, 0x02, 0x02, 0x00, 0x06, 0x00, 0x17, 0x16, 0, 0x00011890, 0x0000000C },
    { 0x0277, 0x00, 0x02, 0x03, 0x00, 0x06, 0x00, 0x17, 0x16, 0, 0x0001189C, 0x0000000C },
    { 0x0277, 0x00, 0x02, 0x04, 0x00, 0x06, 0x00, 0x17, 0x16, 0, 0x000118A8, 0x0000000C },
    { 0x0277, 0x00, 0x02, 0x05, 0x00, 0x06, 0x00, 0x17, 0x16, 0, 0x000118B4, 0x0000000C },
    { 0x0277, 0x00, 0x02, 0x06, 0x00, 0x06, 0x00, 0x17, 0x16, 0, 0x000118C0, 0x0000000C },
    { 0x0277, 0x00, 0x02, 0x07, 0x00, 0x06, 0x00, 0x17, 0x16, 0, 0x000118CC, 0x0000000C },
    { 0x0277, 0x00, 0x02, 0x08, 0x00, 0x06, 0x00, 0x17, 0x16, 0, 0x000118D8, 0x0000000C },
    { 0x0277, 0x00, 0x02, 0x09, 0x00, 0x06, 0x00, 0x17, 0x16, 0, 0x000118E4, 0x0000000C },
    { 0x0277, 0x00, 0x02, 0x0A, 0x00, 0x06, 0x00, 0x17, 0x16, 0, 0x000118F0, 0x0000000C },
    { 0x0277, 0x00, 0x02, 0x0B, 0x00, 0x06, 0x00, 0x17, 0x16, 0, 0x000118FC, 0x0000000C },
    { 0x0277, 0x00, 0x02, 0x0C, 0x00, 0x06, 0x00, 0x17, 0x16, 0, 0x00011908, 0x0000000C },
    { 0x0277, 0x00, 0x02, 0x0D, 0x00, 0x06, 0x00, 0x17, 0x16, 0, 0x00011914, 0x0000000C },
    { 0x0277, 0x00, 0x02, 0x0E, 0x00, 0x06, 0x00, 0x17, 0x16, 0, 0x00011920, 0x0000000C },
    { 0x0277, 0x00, 0x02, 0x0F, 0x00, 0x06, 0x00, 0x17, 0x16, 0, 0x0001192C, 0x0000000C },
    { 0x0277, 0x00, 0x02, 0x10, 0x00, 0x06, 0x00, 0x17, 0x16, 0, 0x00011938, 0x0000000C },
    { 0x0277, 0x00, 0x02, 0x11, 0x00, 0x06, 0x00, 0x17, 0x16, 0, 0x00011944, 0x0000000C },
    { 0x0277, 0x00, 0x02, 0x12, 0x00, 0x06, 0x00, 0x17, 0x16, 0, 0x00011950, 0x0000000C },
    { 0x0277, 0x00, 0x02, 0x13, 0x00, 0x06, 0x00, 0x17, 0x16, 0, 0x0001195C, 0x0000000C },
    { 0x0277, 0x00, 0x02, 0x14, 0x00, 0x06, 0x00, 0x17, 0x16, 0, 0x00011968, 0x0000000C },
    { 0x0277, 0x00, 0x02, 0x15, 0x00, 0x06, 0x00, 0x17, 0x16, 0, 0x00011974, 0x0000000C },
    { 0x0277, 0x00, 0x02, 0x16, 0x00, 0x06, 0x00, 0x17, 0x16, 0, 0x00011980, 0x0000000C },
    { 0x0277, 0x00, 0x03, 0x01, 0x00, 0x06, 0x00, 0x17, 0x16, 0, 0x0000AB10, 0x00000900 },
    { 0x0277, 0x00, 0x03, 0x02, 0x00, 0x06, 0x00, 0x17, 0x16, 0, 0x0000B918, 0x00000178 },
    { 0x0277, 0x00, 0x03, 0x03, 0x00, 0x06, 0x00, 0x17, 0x16, 0, 0x0000BC08, 0x00000298 },
    { 0x0277, 0x00, 0x03, 0x04, 0x00, 0x06, 0x00, 0x17, 0x16, 0, 0x0000C138, 0x00000418 },
    { 0x0277, 0x00, 0x03, 0x05, 0x00, 0x06, 0x00, 0x17, 0x16, 0, 0x0000BA90, 0x00000178 },
    { 0x0277, 0x00, 0x03, 0x06, 0x00, 0x06, 0x00, 0x17, 0x16, 0, 0x0000BEA0, 0x00000298 },
    { 0x0277, 0x00, 0x03, 0x07, 0x00, 0x06, 0x00, 0x17, 0x16, 0, 0x0000C550, 0x00000418 },
    { 0x0277, 0x00, 0x03, 0x08, 0x00, 0x06, 0x00, 0x17, 0x16, 0, 0x0000B410, 0x000000A0 },
    { 0x0277, 0x00, 0x03, 0x09, 0x00, 0x06, 0x00, 0x17, 0x16, 0, 0x00006FC8, 0x00000130 },
    { 0x0277, 0x00, 0x03, 0x0A, 0x00, 0x06, 0x00, 0x17, 0x16, 0, 0x00006D90, 0x00000238 },
    { 0x0277, 0x00, 0x03, 0x0B, 0x00, 0x06, 0x00, 0x17, 0x16, 0, 0x00006B78, 0x00000218 },
    { 0x0277, 0x00, 0x03, 0x0C, 0x00, 0x06, 0x00, 0x17, 0x16, 0, 0x000069F8, 0x00000180 },
    { 0x0277, 0x00, 0x03, 0x0D, 0x00, 0x06, 0x00, 0x17, 0x16, 0, 0x0000D668, 0x000000A0 },
    { 0x0277, 0x00, 0x03, 0x0E, 0x00, 0x06, 0x00, 0x17, 0x16, 0, 0x000061C0, 0x00000838 },
    { 0x0277, 0x00, 0x03, 0x0F, 0x00, 0x06, 0x00, 0x17, 0x16, 0, 0x0000A6A8, 0x00000468 },
    { 0x0277, 0x00, 0x03, 0x10, 0x00, 0x06, 0x00, 0x17, 0x16, 0, 0x0000CE88, 0x000001F8 },
    { 0x0277, 0x00, 0x03, 0x11, 0x00, 0x06, 0x00, 0x17, 0x16, 0, 0x0000D080, 0x000001F8 },
    { 0x0277, 0x00, 0x03, 0x12, 0x00, 0x06, 0x00, 0x17, 0x16, 0, 0x0000C968, 0x00000290 },
    { 0x0277, 0x00, 0x03, 0x13, 0x00, 0x06, 0x00, 0x17, 0x16, 0, 0x0000B4B0, 0x00000468 },
    { 0x0277, 0x00, 0x03, 0x14, 0x00, 0x06, 0x00, 0x17, 0x16, 0, 0x0000D278, 0x000001F8 },
    { 0x0277, 0x00, 0x03, 0x15, 0x00, 0x06, 0x00, 0x17, 0x16, 0, 0x0000D470, 0x000001F8 },
    { 0x0277, 0x00, 0x03, 0x16, 0x00, 0x06, 0x00, 0x17, 0x16, 0, 0x0000CBF8, 0x00000290 },
    { 0x0278, 0x00, 0x00, 0x00, 0x00, 0x06, 0x00, 0x06, 0x00, 0, 0x000100E0, 0x00000008 },
    { 0x0278, 0x00, 0x01, 0x00, 0x00, 0x06, 0x00, 0x06, 0x00, 0, 0x000100C8, 0x00000018 },
    { 0x0278, 0x00, 0x02, 0x00, 0x00, 0x06, 0x00, 0x06, 0x00, 0, 0x00010080, 0x0000000C },
    { 0x0278, 0x00, 0x02, 0x01, 0x00, 0x06, 0x00, 0x06, 0x00, 0, 0x0001008C, 0x0000000C },
    { 0x0278, 0x00, 0x02, 0x02, 0x00, 0x06, 0x00, 0x06, 0x00, 0, 0x00010098, 0x0000000C },
    { 0x0278, 0x00, 0x02, 0x03, 0x00, 0x06, 0x00, 0x06, 0x00, 0, 0x000100A4, 0x0000000C },
    { 0x0278, 0x00, 0x02, 0x04, 0x00, 0x06, 0x00, 0x06, 0x00, 0, 0x000100B0, 0x0000000C },
    { 0x0278, 0x00, 0x02, 0x05, 0x00, 0x06, 0x00, 0x06, 0x00, 0, 0x000100BC, 0x0000000C },
    { 0x0278, 0x00, 0x03, 0x00, 0x00, 0x06, 0x00, 0x06, 0x00, 0, 0x000024E8, 0x00000190 },
    { 0x0278, 0x00, 0x03, 0x01, 0x00, 0x06, 0x00, 0x06, 0x00, 0, 0x00002678, 0x000000F8 },
    { 0x0278, 0x00, 0x03, 0x02, 0x00, 0x06, 0x00, 0x06, 0x00, 0, 0x00002770, 0x000000E0 },
    { 0x0278, 0x00, 0x03, 0x03, 0x00, 0x06, 0x00, 0x06, 0x00, 0, 0x00002850, 0x00000140 },
    { 0x0278, 0x00, 0x03, 0x04, 0x00, 0x06, 0x00, 0x06, 0x00, 0, 0x00002AD0, 0x00000140 },
    { 0x0278, 0x00, 0x03, 0x05, 0x00, 0x06, 0x00, 0x06, 0x00, 0, 0x00002990, 0x00000140 },
    { 0x0278, 0x01, 0x00, 0x00, 0x00, 0x06, 0x00, 0x06, 0x00, 0, 0x000101A0, 0x00000008 },
    { 0x0278, 0x01, 0x01, 0x00, 0x00, 0x06, 0x00, 0x06, 0x00, 0, 0x00010188, 0x00000018 },
    { 0x0278, 0x01, 0x02, 0x00, 0x00, 0x06, 0x00, 0x06, 0x00, 0, 0x00010140, 0x0000000C },
    { 0x0278, 0x01, 0x02, 0x01, 0x00, 0x06, 0x00, 0x06, 0x00, 0, 0x0001014C, 0x0000000C },
    { 0x0278, 0x01, 0x02, 0x02, 0x00, 0x06, 0x00, 0x06, 0x00, 0, 0x00010158, 0x0000000C },
    { 0x0278, 0x01, 0x02, 0x03, 0x00, 0x06, 0x00, 0x06, 0x00, 0, 0x00010164, 0x0000000C },
    { 0x0278, 0x01, 0x02, 0x04, 0x00, 0x06, 0x00, 0x06, 0x00, 0, 0x00010170, 0x0000000C },
    { 0x0278, 0x01, 0x02, 0x05, 0x00, 0x06, 0x00, 0x06, 0x00, 0, 0x0001017C, 0x0000000C },
    { 0x0278, 0x01, 0x03, 0x00, 0x00, 0x06, 0x00, 0x06, 0x00, 0, 0x00002C10, 0x00000100 },
    { 0x0278, 0x01, 0x03, 0x01, 0x00, 0x06, 0x00, 0x06, 0x00, 0, 0x00002D10, 0x000000F8 },
    { 0x0278, 0x01, 0x03, 0x02, 0x00, 0x06, 0x00, 0x06, 0x00, 0, 0x00002E08, 0x000000E0 },
    { 0x0278, 0x01, 0x03, 0x03, 0x00, 0x06, 0x00, 0x06, 0x00, 0, 0x00003028, 0x00000140 },
    { 0x0278, 0x01, 0x03, 0x04, 0x00, 0x06, 0x00, 0x06, 0x00, 0, 0x00002EE8, 0x00000140 },
    { 0x0278, 0x01, 0x03, 0x05, 0x00, 0x06, 0x00, 0x06, 0x00, 0, 0x00003168, 0x00000140 },
    { 0x0278, 0x02, 0x00, 0x00, 0x00, 0x06, 0x00, 0x06, 0x00, 0, 0x00010260, 0x00000008 },
    { 0x0278, 0x02, 0x01, 0x00, 0x00, 0x06, 0x00, 0x06, 0x00, 0, 0x00010248, 0x00000018 },
    { 0x0278, 0x02, 0x02, 0x00, 0x00, 0x06, 0x00, 0x06, 0x00, 0, 0x00010200, 0x0000000C },
    { 0x0278, 0x02, 0x02, 0x01, 0x00, 0x06, 0x00, 0x06, 0x00, 0, 0x0001020C, 0x0000000C },
    { 0x0278, 0x02, 0x02, 0x02, 0x00, 0x06, 0x00, 0x06, 0x00, 0, 0x00010218, 0x0000000C },
    { 0x0278, 0x02, 0x02, 0x03, 0x00, 0x06, 0x00, 0x06, 0x00, 0, 0x00010224, 0x0000000C },
    { 0x0278, 0x02, 0x02, 0x04, 0x00, 0x06, 0x00, 0x06, 0x00, 0, 0x00010230, 0x0000000C },
    { 0x0278, 0x02, 0x02, 0x05, 0x00, 0x06, 0x00, 0x06, 0x00, 0, 0x0001023C, 0x0000000C },
    { 0x0278, 0x02, 0x03, 0x01, 0x00, 0x06, 0x00, 0x06, 0x00, 0, 0x00002180, 0x000001D8 },
    { 0x0278, 0x02, 0x03, 0x02, 0x00, 0x06, 0x00, 0x06, 0x00, 0, 0x00002358, 0x000000C8 },
    { 0x0278, 0x02, 0x03, 0x03, 0x00, 0x06, 0x00, 0x06, 0x00, 0, 0x00002420, 0x000000C8 },
    { 0x0278, 0x02, 0x03, 0x04, 0x00, 0x06, 0x00, 0x06, 0x00, 0, 0x000020A8, 0x000000D8 },
    { 0x0278, 0x02, 0x03, 0x05, 0x00, 0x06, 0x00, 0x06, 0x00, 0, 0x00001DB0, 0x000002F8 },
    { 0x0278, 0x03, 0x00, 0x00, 0x00, 0x06, 0x00, 0x12, 0x12, 0, 0x00010020, 0x0000000C },
    { 0x0278, 0x03, 0x01, 0x00, 0x00, 0x06, 0x00, 0x12, 0x12, 0, 0x0000FFD8, 0x00000048 },
    { 0x0278, 0x03, 0x02, 0x00, 0x00, 0x06, 0x00, 0x12, 0x12, 0, 0x0000FF00, 0x0000000C },
    { 0x0278, 0x03, 0x02, 0x01, 0x00, 0x06, 0x00, 0x12, 0x12, 0, 0x0000FF0C, 0x0000000C },
    { 0x0278, 0x03, 0x02, 0x02, 0x00, 0x06, 0x00, 0x12, 0x12, 0, 0x0000FF18, 0x0000000C },
    { 0x0278, 0x03, 0x02, 0x03, 0x00, 0x06, 0x00, 0x12, 0x12, 0, 0x0000FF24, 0x0000000C },
    { 0x0278, 0x03, 0x02, 0x04, 0x00, 0x06, 0x00, 0x12, 0x12, 0, 0x0000FF30, 0x0000000C },
    { 0x0278, 0x03, 0x02, 0x05, 0x00, 0x06, 0x00, 0x12, 0x12, 0, 0x0000FF3C, 0x0000000C },
    { 0x0278, 0x03, 0x02, 0x06, 0x00, 0x06, 0x00, 0x12, 0x12, 0, 0x0000FF48, 0x0000000C },
    { 0x0278, 0x03, 0x02, 0x07, 0x00, 0x06, 0x00, 0x12, 0x12, 0, 0x0000FF54, 0x0000000C },
    { 0x0278, 0x03, 0x02, 0x08, 0x00, 0x06, 0x00, 0x12, 0x12, 0, 0x0000FF60, 0x0000000C },
    { 0x0278, 0x03, 0x02, 0x09, 0x00, 0x06, 0x00, 0x12, 0x12, 0, 0x0000FF6C, 0x0000000C },
    { 0x0278, 0x03, 0x02, 0x0A, 0x00, 0x06, 0x00, 0x12, 0x12, 0, 0x0000FF78, 0x0000000C },
    { 0x0278, 0x03, 0x02, 0x0B, 0x00, 0x06, 0x00, 0x12, 0x12, 0, 0x0000FF84, 0x0000000C },
    { 0x0278, 0x03, 0x02, 0x0C, 0x00, 0x06, 0x00, 0x12, 0x12, 0, 0x0000FF90, 0x0000000C },
    { 0x0278, 0x03, 0x02, 0x0D, 0x00, 0x06, 0x00, 0x12, 0x12, 0, 0x0000FF9C, 0x0000000C },
    { 0x0278, 0x03, 0x02, 0x0E, 0x00, 0x06, 0x00, 0x12, 0x12, 0, 0x0000FFA8, 0x0000000C },
    { 0x0278, 0x03, 0x02, 0x0F, 0x00, 0x06, 0x00, 0x12, 0x12, 0, 0x0000FFB4, 0x0000000C },
    { 0x0278, 0x03, 0x02, 0x10, 0x00, 0x06, 0x00, 0x12, 0x12, 0, 0x0000FFC0, 0x0000000C },
    { 0x0278, 0x03, 0x02, 0x11, 0x00, 0x06, 0x00, 0x12, 0x12, 0, 0x0000FFCC, 0x0000000C },
    { 0x0278, 0x03, 0x03, 0x00, 0x00, 0x06, 0x00, 0x12, 0x12, 0, 0x000079A0, 0x00000120 },
    { 0x0278, 0x03, 0x03, 0x01, 0x00, 0x06, 0x00, 0x12, 0x12, 0, 0x00007AC0, 0x000000B0 },
    { 0x0278, 0x03, 0x03, 0x02, 0x00, 0x06, 0x00, 0x12, 0x12, 0, 0x00007B70, 0x00000060 },
    { 0x0278, 0x03, 0x03, 0x03, 0x00, 0x06, 0x00, 0x12, 0x12, 0, 0x00007BD0, 0x00000060 },
    { 0x0278, 0x03, 0x03, 0x04, 0x00, 0x06, 0x00, 0x12, 0x12, 0, 0x00007C30, 0x00000060 },
    { 0x0278, 0x03, 0x03, 0x05, 0x00, 0x06, 0x00, 0x12, 0x12, 0, 0x00007C90, 0x00000060 },
    { 0x0278, 0x03, 0x03, 0x06, 0x00, 0x06, 0x00, 0x12, 0x12, 0, 0x00007CF0, 0x00000060 },
    { 0x0278, 0x03, 0x03, 0x07, 0x00, 0x06, 0x00, 0x12, 0x12, 0, 0x00007D50, 0x00000060 },
    { 0x0278, 0x03, 0x03, 0x08, 0x00, 0x06, 0x00, 0x12, 0x12, 0, 0x00007DB0, 0x00000060 },
    { 0x0278, 0x03, 0x03, 0x09, 0x00, 0x06, 0x00, 0x12, 0x12, 0, 0x00007E10, 0x00000060 },
    { 0x0278, 0x03, 0x03, 0x0A, 0x00, 0x06, 0x00, 0x12, 0x12, 0, 0x00007E70, 0x00000060 },
    { 0x0278, 0x03, 0x03, 0x0B, 0x00, 0x06, 0x00, 0x12, 0x12, 0, 0x00007ED0, 0x00000060 },
    { 0x0278, 0x03, 0x03, 0x0C, 0x00, 0x06, 0x00, 0x12, 0x12, 0, 0x00007F30, 0x00000060 },
    { 0x0278, 0x03, 0x03, 0x0D, 0x00, 0x06, 0x00, 0x12, 0x12, 0, 0x00007F90, 0x00000060 },
    { 0x0278, 0x03, 0x03, 0x0E, 0x00, 0x06, 0x00, 0x12, 0x12, 0, 0x00007FF0, 0x00000048 },
    { 0x0278, 0x03, 0x03, 0x0F, 0x00, 0x06, 0x00, 0x12, 0x12, 0, 0x00008038, 0x00000048 },
    { 0x0278, 0x03, 0x03, 0x10, 0x00, 0x06, 0x00, 0x12, 0x12, 0, 0x00008080, 0x00000058 },
    { 0x0278, 0x03, 0x03, 0x11, 0x00, 0x06, 0x00, 0x12, 0x12, 0, 0x000080D8, 0x00000050 },
    { 0x0279, 0x00, 0x00, 0x00, 0x00, 0x06, 0x00, 0x11, 0x10, 0, 0x000122A8, 0x0000000C },
    { 0x0279, 0x00, 0x01, 0x00, 0x00, 0x06, 0x00, 0x11, 0x10, 0, 0x00012264, 0x00000044 },
    { 0x0279, 0x00, 0x02, 0x00, 0x00, 0x06, 0x00, 0x11, 0x10, 0, 0x00012198, 0x0000000C },
    { 0x0279, 0x00, 0x02, 0x01, 0x00, 0x06, 0x00, 0x11, 0x10, 0, 0x000121A4, 0x0000000C },
    { 0x0279, 0x00, 0x02, 0x02, 0x00, 0x06, 0x00, 0x11, 0x10, 0, 0x000121B0, 0x0000000C },
    { 0x0279, 0x00, 0x02, 0x03, 0x00, 0x06, 0x00, 0x11, 0x10, 0, 0x000121BC, 0x0000000C },
    { 0x0279, 0x00, 0x02, 0x04, 0x00, 0x06, 0x00, 0x11, 0x10, 0, 0x000121C8, 0x0000000C },
    { 0x0279, 0x00, 0x02, 0x05, 0x00, 0x06, 0x00, 0x11, 0x10, 0, 0x000121D4, 0x0000000C },
    { 0x0279, 0x00, 0x02, 0x06, 0x00, 0x06, 0x00, 0x11, 0x10, 0, 0x000121E0, 0x0000000C },
    { 0x0279, 0x00, 0x02, 0x07, 0x00, 0x06, 0x00, 0x11, 0x10, 0, 0x000121EC, 0x0000000C },
    { 0x0279, 0x00, 0x02, 0x08, 0x00, 0x06, 0x00, 0x11, 0x10, 0, 0x000121F8, 0x0000000C },
    { 0x0279, 0x00, 0x02, 0x09, 0x00, 0x06, 0x00, 0x11, 0x10, 0, 0x00012204, 0x0000000C },
    { 0x0279, 0x00, 0x02, 0x0A, 0x00, 0x06, 0x00, 0x11, 0x10, 0, 0x00012210, 0x0000000C },
    { 0x0279, 0x00, 0x02, 0x0B, 0x00, 0x06, 0x00, 0x11, 0x10, 0, 0x0001221C, 0x0000000C },
    { 0x0279, 0x00, 0x02, 0x0C, 0x00, 0x06, 0x00, 0x11, 0x10, 0, 0x00012228, 0x0000000C },
    { 0x0279, 0x00, 0x02, 0x0D, 0x00, 0x06, 0x00, 0x11, 0x10, 0, 0x00012234, 0x0000000C },
    { 0x0279, 0x00, 0x02, 0x0E, 0x00, 0x06, 0x00, 0x11, 0x10, 0, 0x00012240, 0x0000000C },
    { 0x0279, 0x00, 0x02, 0x0F, 0x00, 0x06, 0x00, 0x11, 0x10, 0, 0x0001224C, 0x0000000C },
    { 0x0279, 0x00, 0x02, 0x10, 0x00, 0x06, 0x00, 0x11, 0x10, 0, 0x00012258, 0x0000000C },
    { 0x0279, 0x00, 0x03, 0x01, 0x00, 0x06, 0x00, 0x11, 0x10, 0, 0x0000D770, 0x00000060 },
    { 0x0279, 0x00, 0x03, 0x02, 0x00, 0x06, 0x00, 0x11, 0x10, 0, 0x00011C08, 0x00000100 },
    { 0x0279, 0x00, 0x03, 0x03, 0x00, 0x06, 0x00, 0x11, 0x10, 0, 0x00011D08, 0x00000240 },
    { 0x0279, 0x00, 0x03, 0x04, 0x00, 0x06, 0x00, 0x11, 0x10, 0, 0x00011F48, 0x00000250 },
    { 0x0279, 0x00, 0x03, 0x05, 0x00, 0x06, 0x00, 0x11, 0x10, 0, 0x00011678, 0x00000100 },
    { 0x0279, 0x00, 0x03, 0x06, 0x00, 0x06, 0x00, 0x11, 0x10, 0, 0x00011778, 0x00000240 },
    { 0x0279, 0x00, 0x03, 0x07, 0x00, 0x06, 0x00, 0x11, 0x10, 0, 0x000119B8, 0x00000250 },
    { 0x0279, 0x00, 0x03, 0x08, 0x00, 0x06, 0x00, 0x11, 0x10, 0, 0x0000D830, 0x000005E0 },
    { 0x0279, 0x00, 0x03, 0x09, 0x00, 0x06, 0x00, 0x11, 0x10, 0, 0x00011158, 0x000001B8 },
    { 0x0279, 0x00, 0x03, 0x0A, 0x00, 0x06, 0x00, 0x11, 0x10, 0, 0x00011310, 0x00000140 },
    { 0x0279, 0x00, 0x03, 0x0B, 0x00, 0x06, 0x00, 0x11, 0x10, 0, 0x00011450, 0x00000228 },
    { 0x0279, 0x00, 0x03, 0x0C, 0x00, 0x06, 0x00, 0x11, 0x10, 0, 0x00010C38, 0x000001B8 },
    { 0x0279, 0x00, 0x03, 0x0D, 0x00, 0x06, 0x00, 0x11, 0x10, 0, 0x00010DF0, 0x00000140 },
    { 0x0279, 0x00, 0x03, 0x0E, 0x00, 0x06, 0x00, 0x11, 0x10, 0, 0x00010F30, 0x00000228 },
    { 0x0279, 0x00, 0x03, 0x0F, 0x00, 0x06, 0x00, 0x11, 0x10, 0, 0x0000D7D0, 0x00000060 },
    { 0x0279, 0x00, 0x03, 0x10, 0x00, 0x06, 0x00, 0x11, 0x10, 0, 0x0000DE10, 0x00000B28 },
    { 0x027A, 0x00, 0x00, 0x00, 0x00, 0x06, 0x00, 0x1A, 0x15, 0, 0x00005810, 0x0000000C },
    { 0x027A, 0x00, 0x01, 0x00, 0x00, 0x06, 0x00, 0x1A, 0x15, 0, 0x000057A8, 0x00000068 },
    { 0x027A, 0x00, 0x02, 0x00, 0x00, 0x06, 0x00, 0x1A, 0x15, 0, 0x00005670, 0x0000000C },
    { 0x027A, 0x00, 0x02, 0x01, 0x00, 0x06, 0x00, 0x1A, 0x15, 0, 0x0000567C, 0x0000000C },
    { 0x027A, 0x00, 0x02, 0x02, 0x00, 0x06, 0x00, 0x1A, 0x15, 0, 0x00005688, 0x0000000C },
    { 0x027A, 0x00, 0x02, 0x03, 0x00, 0x06, 0x00, 0x1A, 0x15, 0, 0x00005694, 0x0000000C },
    { 0x027A, 0x00, 0x02, 0x04, 0x00, 0x06, 0x00, 0x1A, 0x15, 0, 0x000056A0, 0x0000000C },
    { 0x027A, 0x00, 0x02, 0x05, 0x00, 0x06, 0x00, 0x1A, 0x15, 0, 0x000056AC, 0x0000000C },
    { 0x027A, 0x00, 0x02, 0x06, 0x00, 0x06, 0x00, 0x1A, 0x15, 0, 0x000056B8, 0x0000000C },
    { 0x027A, 0x00, 0x02, 0x07, 0x00, 0x06, 0x00, 0x1A, 0x15, 0, 0x000056C4, 0x0000000C },
    { 0x027A, 0x00, 0x02, 0x08, 0x00, 0x06, 0x00, 0x1A, 0x15, 0, 0x000056D0, 0x0000000C },
    { 0x027A, 0x00, 0x02, 0x09, 0x00, 0x06, 0x00, 0x1A, 0x15, 0, 0x000056DC, 0x0000000C },
    { 0x027A, 0x00, 0x02, 0x0A, 0x00, 0x06, 0x00, 0x1A, 0x15, 0, 0x000056E8, 0x0000000C },
    { 0x027A, 0x00, 0x02, 0x0B, 0x00, 0x06, 0x00, 0x1A, 0x15, 0, 0x000056F4, 0x0000000C },
    { 0x027A, 0x00, 0x02, 0x0C, 0x00, 0x06, 0x00, 0x1A, 0x15, 0, 0x00005700, 0x0000000C },
    { 0x027A, 0x00, 0x02, 0x0D, 0x00, 0x06, 0x00, 0x1A, 0x15, 0, 0x0000570C, 0x0000000C },
    { 0x027A, 0x00, 0x02, 0x0E, 0x00, 0x06, 0x00, 0x1A, 0x15, 0, 0x00005718, 0x0000000C },
    { 0x027A, 0x00, 0x02, 0x0F, 0x00, 0x06, 0x00, 0x1A, 0x15, 0, 0x00005724, 0x0000000C },
    { 0x027A, 0x00, 0x02, 0x10, 0x00, 0x06, 0x00, 0x1A, 0x15, 0, 0x00005730, 0x0000000C },
    { 0x027A, 0x00, 0x02, 0x11, 0x00, 0x06, 0x00, 0x1A, 0x15, 0, 0x0000573C, 0x0000000C },
    { 0x027A, 0x00, 0x02, 0x12, 0x00, 0x06, 0x00, 0x1A, 0x15, 0, 0x00005748, 0x0000000C },
    { 0x027A, 0x00, 0x02, 0x13, 0x00, 0x06, 0x00, 0x1A, 0x15, 0, 0x00005754, 0x0000000C },
    { 0x027A, 0x00, 0x02, 0x14, 0x00, 0x06, 0x00, 0x1A, 0x15, 0, 0x00005760, 0x0000000C },
    { 0x027A, 0x00, 0x02, 0x15, 0x00, 0x06, 0x00, 0x1A, 0x15, 0, 0x0000576C, 0x0000000C },
    { 0x027A, 0x00, 0x02, 0x16, 0x00, 0x06, 0x00, 0x1A, 0x15, 0, 0x00005778, 0x0000000C },
    { 0x027A, 0x00, 0x02, 0x17, 0x00, 0x06, 0x00, 0x1A, 0x15, 0, 0x00005784, 0x0000000C },
    { 0x027A, 0x00, 0x02, 0x18, 0x00, 0x06, 0x00, 0x1A, 0x15, 0, 0x00005790, 0x0000000C },
    { 0x027A, 0x00, 0x02, 0x19, 0x00, 0x06, 0x00, 0x1A, 0x15, 0, 0x0000579C, 0x0000000C },
    { 0x027A, 0x00, 0x03, 0x02, 0x00, 0x06, 0x00, 0x1A, 0x15, 0, 0x00003FC0, 0x00000108 },
    { 0x027A, 0x00, 0x03, 0x04, 0x00, 0x06, 0x00, 0x1A, 0x15, 0, 0x000041B8, 0x000000A8 },
    { 0x027A, 0x00, 0x03, 0x05, 0x00, 0x06, 0x00, 0x1A, 0x15, 0, 0x000040C8, 0x000000F0 },
    { 0x027A, 0x00, 0x03, 0x06, 0x00, 0x06, 0x00, 0x1A, 0x15, 0, 0x00004260, 0x00000108 },
    { 0x027A, 0x00, 0x03, 0x08, 0x00, 0x06, 0x00, 0x1A, 0x15, 0, 0x00004498, 0x000000A8 },
    { 0x027A, 0x00, 0x03, 0x09, 0x00, 0x06, 0x00, 0x1A, 0x15, 0, 0x00004368, 0x00000130 },
    { 0x027A, 0x00, 0x03, 0x0B, 0x00, 0x06, 0x00, 0x1A, 0x15, 0, 0x00004640, 0x00000178 },
    { 0x027A, 0x00, 0x03, 0x0C, 0x00, 0x06, 0x00, 0x1A, 0x15, 0, 0x000047B8, 0x00000108 },
    { 0x027A, 0x00, 0x03, 0x0D, 0x00, 0x06, 0x00, 0x1A, 0x15, 0, 0x000048C0, 0x00000140 },
    { 0x027A, 0x00, 0x03, 0x0E, 0x00, 0x06, 0x00, 0x1A, 0x15, 0, 0x00004A00, 0x00000138 },
    { 0x027A, 0x00, 0x03, 0x0F, 0x00, 0x06, 0x00, 0x1A, 0x15, 0, 0x00004B38, 0x00000160 },
    { 0x027A, 0x00, 0x03, 0x10, 0x00, 0x06, 0x00, 0x1A, 0x15, 0, 0x00004C98, 0x00000140 },
    { 0x027A, 0x00, 0x03, 0x11, 0x00, 0x06, 0x00, 0x1A, 0x15, 0, 0x00004DD8, 0x00000130 },
    { 0x027A, 0x00, 0x03, 0x12, 0x00, 0x06, 0x00, 0x1A, 0x15, 0, 0x00004F08, 0x00000150 },
    { 0x027A, 0x00, 0x03, 0x13, 0x00, 0x06, 0x00, 0x1A, 0x15, 0, 0x00005058, 0x00000108 },
    { 0x027A, 0x00, 0x03, 0x14, 0x00, 0x06, 0x00, 0x1A, 0x15, 0, 0x00004540, 0x00000100 },
    { 0x027A, 0x00, 0x03, 0x15, 0x00, 0x06, 0x00, 0x1A, 0x15, 0, 0x00005160, 0x000000E8 },
    { 0x027A, 0x00, 0x03, 0x16, 0x00, 0x06, 0x00, 0x1A, 0x15, 0, 0x00005248, 0x00000100 },
    { 0x027A, 0x00, 0x03, 0x17, 0x00, 0x06, 0x00, 0x1A, 0x15, 0, 0x00005348, 0x00000100 },
    { 0x027A, 0x00, 0x03, 0x18, 0x00, 0x06, 0x00, 0x1A, 0x15, 0, 0x00005448, 0x00000100 },
    { 0x027A, 0x00, 0x03, 0x19, 0x00, 0x06, 0x00, 0x1A, 0x15, 0, 0x00005548, 0x00000128 },
    { 0x027A, 0x01, 0x00, 0x00, 0x00, 0x06, 0x00, 0x0A, 0x08, 0, 0x00007C30, 0x0000000C },
    { 0x027A, 0x01, 0x01, 0x00, 0x00, 0x06, 0x00, 0x0A, 0x08, 0, 0x00007C08, 0x00000028 },
    { 0x027A, 0x01, 0x02, 0x00, 0x00, 0x06, 0x00, 0x0A, 0x08, 0, 0x00007B90, 0x0000000C },
    { 0x027A, 0x01, 0x02, 0x01, 0x00, 0x06, 0x00, 0x0A, 0x08, 0, 0x00007B9C, 0x0000000C },
    { 0x027A, 0x01, 0x02, 0x02, 0x00, 0x06, 0x00, 0x0A, 0x08, 0, 0x00007BA8, 0x0000000C },
    { 0x027A, 0x01, 0x02, 0x03, 0x00, 0x06, 0x00, 0x0A, 0x08, 0, 0x00007BB4, 0x0000000C },
    { 0x027A, 0x01, 0x02, 0x04, 0x00, 0x06, 0x00, 0x0A, 0x08, 0, 0x00007BC0, 0x0000000C },
    { 0x027A, 0x01, 0x02, 0x05, 0x00, 0x06, 0x00, 0x0A, 0x08, 0, 0x00007BCC, 0x0000000C },
    { 0x027A, 0x01, 0x02, 0x06, 0x00, 0x06, 0x00, 0x0A, 0x08, 0, 0x00007BD8, 0x0000000C },
    { 0x027A, 0x01, 0x02, 0x07, 0x00, 0x06, 0x00, 0x0A, 0x08, 0, 0x00007BE4, 0x0000000C },
    { 0x027A, 0x01, 0x02, 0x08, 0x00, 0x06, 0x00, 0x0A, 0x08, 0, 0x00007BF0, 0x0000000C },
    { 0x027A, 0x01, 0x02, 0x09, 0x00, 0x06, 0x00, 0x0A, 0x08, 0, 0x00007BFC, 0x0000000C },
    { 0x027A, 0x01, 0x03, 0x01, 0x00, 0x06, 0x00, 0x0A, 0x08, 0, 0x00007410, 0x00000100 },
    { 0x027A, 0x01, 0x03, 0x02, 0x00, 0x06, 0x00, 0x0A, 0x08, 0, 0x00007510, 0x00000108 },
    { 0x027A, 0x01, 0x03, 0x04, 0x00, 0x06, 0x00, 0x0A, 0x08, 0, 0x00007618, 0x00000068 },
    { 0x027A, 0x01, 0x03, 0x05, 0x00, 0x06, 0x00, 0x0A, 0x08, 0, 0x00007680, 0x00000088 },
    { 0x027A, 0x01, 0x03, 0x06, 0x00, 0x06, 0x00, 0x0A, 0x08, 0, 0x00007708, 0x00000088 },
    { 0x027A, 0x01, 0x03, 0x07, 0x00, 0x06, 0x00, 0x0A, 0x08, 0, 0x00007790, 0x00000068 },
    { 0x027A, 0x01, 0x03, 0x08, 0x00, 0x06, 0x00, 0x0A, 0x08, 0, 0x000077F8, 0x00000088 },
    { 0x027A, 0x01, 0x03, 0x09, 0x00, 0x06, 0x00, 0x0A, 0x08, 0, 0x00007880, 0x000000A8 },
    { 0x027B, 0x00, 0x00, 0x00, 0x00, 0x06, 0x02, 0x2E, 0x00, 0, 0x00007B20, 0x00000008 },
    { 0x027B, 0x00, 0x01, 0x00, 0x00, 0x06, 0x02, 0x2E, 0x00, 0, 0x00007A68, 0x000000B8 },
    { 0x027B, 0x00, 0x02, 0x00, 0x00, 0x06, 0x02, 0x2E, 0x00, 0, 0x00007788, 0x00000010 },
    { 0x027B, 0x00, 0x02, 0x01, 0x00, 0x06, 0x02, 0x2E, 0x00, 0, 0x00007798, 0x00000010 },
    { 0x027B, 0x00, 0x02, 0x02, 0x00, 0x06, 0x02, 0x2E, 0x00, 0, 0x000077A8, 0x00000010 },
    { 0x027B, 0x00, 0x02, 0x03, 0x00, 0x06, 0x02, 0x2E, 0x00, 0, 0x000077B8, 0x00000010 },
    { 0x027B, 0x00, 0x02, 0x04, 0x00, 0x06, 0x02, 0x2E, 0x00, 0, 0x000077C8, 0x00000010 },
    { 0x027B, 0x00, 0x02, 0x05, 0x00, 0x06, 0x02, 0x2E, 0x00, 0, 0x000077D8, 0x00000010 },
    { 0x027B, 0x00, 0x02, 0x06, 0x00, 0x06, 0x02, 0x2E, 0x00, 0, 0x000077E8, 0x00000010 },
    { 0x027B, 0x00, 0x02, 0x07, 0x00, 0x06, 0x02, 0x2E, 0x00, 0, 0x000077F8, 0x00000010 },
    { 0x027B, 0x00, 0x02, 0x08, 0x00, 0x06, 0x02, 0x2E, 0x00, 0, 0x00007808, 0x00000010 },
    { 0x027B, 0x00, 0x02, 0x09, 0x00, 0x06, 0x02, 0x2E, 0x00, 0, 0x00007818, 0x00000010 },
    { 0x027B, 0x00, 0x02, 0x0A, 0x00, 0x06, 0x02, 0x2E, 0x00, 0, 0x00007828, 0x00000010 },
    { 0x027B, 0x00, 0x02, 0x0B, 0x00, 0x06, 0x02, 0x2E, 0x00, 0, 0x00007838, 0x00000010 },
    { 0x027B, 0x00, 0x02, 0x0C, 0x00, 0x06, 0x02, 0x2E, 0x00, 0, 0x00007848, 0x00000010 },
    { 0x027B, 0x00, 0x02, 0x0D, 0x00, 0x06, 0x02, 0x2E, 0x00, 0, 0x00007858, 0x00000010 },
    { 0x027B, 0x00, 0x02, 0x0E, 0x00, 0x06, 0x02, 0x2E, 0x00, 0, 0x00007868, 0x00000010 },
    { 0x027B, 0x00, 0x02, 0x0F, 0x00, 0x06, 0x02, 0x2E, 0x00, 0, 0x00007878, 0x00000010 },
    { 0x027B, 0x00, 0x02, 0x10, 0x00, 0x06, 0x02, 0x2E, 0x00, 0, 0x00007888, 0x00000010 },
    { 0x027B, 0x00, 0x02, 0x11, 0x00, 0x06, 0x02, 0x2E, 0x00, 0, 0x00007898, 0x00000010 },
    { 0x027B, 0x00, 0x02, 0x12, 0x00, 0x06, 0x02, 0x2E, 0x00, 0, 0x000078A8, 0x00000010 },
    { 0x027B, 0x00, 0x02, 0x13, 0x00, 0x06, 0x02, 0x2E, 0x00, 0, 0x000078B8, 0x00000010 },
    { 0x027B, 0x00, 0x02, 0x14, 0x00, 0x06, 0x02, 0x2E, 0x00, 0, 0x000078C8, 0x00000010 },
    { 0x027B, 0x00, 0x02, 0x15, 0x00, 0x06, 0x02, 0x2E, 0x00, 0, 0x000078D8, 0x00000010 },
    { 0x027B, 0x00, 0x02, 0x16, 0x00, 0x06, 0x02, 0x2E, 0x00, 0, 0x000078E8, 0x00000010 },
    { 0x027B, 0x00, 0x02, 0x17, 0x00, 0x06, 0x02, 0x2E, 0x00, 0, 0x000078F8, 0x00000010 },
    { 0x027B, 0x00, 0x02, 0x18, 0x00, 0x06, 0x02, 0x2E, 0x00, 0, 0x00007908, 0x00000010 },
    { 0x027B, 0x00, 0x02, 0x19, 0x00, 0x06, 0x02, 0x2E, 0x00, 0, 0x00007918, 0x00000010 },
    { 0x027B, 0x00, 0x02, 0x1A, 0x00, 0x06, 0x02, 0x2E, 0x00, 0, 0x00007928, 0x00000010 },
    { 0x027B, 0x00, 0x02, 0x1B, 0x00, 0x06, 0x02, 0x2E, 0x00, 0, 0x00007938, 0x00000010 },
    { 0x027B, 0x00, 0x02, 0x1C, 0x00, 0x06, 0x02, 0x2E, 0x00, 0, 0x00007948, 0x00000010 },
    { 0x027B, 0x00, 0x02, 0x1D, 0x00, 0x06, 0x02, 0x2E, 0x00, 0, 0x00007958, 0x00000010 },
    { 0x027B, 0x00, 0x02, 0x1E, 0x00, 0x06, 0x02, 0x2E, 0x00, 0, 0x00007968, 0x00000010 },
    { 0x027B, 0x00, 0x02, 0x1F, 0x00, 0x06, 0x02, 0x2E, 0x00, 0, 0x00007978, 0x00000010 },
    { 0x027B, 0x00, 0x02, 0x20, 0x00, 0x06, 0x02, 0x2E, 0x00, 0, 0x00007988, 0x00000010 },
    { 0x027B, 0x00, 0x02, 0x21, 0x00, 0x06, 0x02, 0x2E, 0x00, 0, 0x00007998, 0x00000010 },
    { 0x027B, 0x00, 0x02, 0x22, 0x00, 0x06, 0x02, 0x2E, 0x00, 0, 0x000079A8, 0x00000010 },
    { 0x027B, 0x00, 0x02, 0x23, 0x00, 0x06, 0x02, 0x2E, 0x00, 0, 0x000079B8, 0x00000010 },
    { 0x027B, 0x00, 0x02, 0x24, 0x00, 0x06, 0x02, 0x2E, 0x00, 0, 0x000079C8, 0x00000010 },
    { 0x027B, 0x00, 0x02, 0x25, 0x00, 0x06, 0x02, 0x2E, 0x00, 0, 0x000079D8, 0x00000010 },
    { 0x027B, 0x00, 0x02, 0x26, 0x00, 0x06, 0x02, 0x2E, 0x00, 0, 0x000079E8, 0x00000010 },
    { 0x027B, 0x00, 0x02, 0x27, 0x00, 0x06, 0x02, 0x2E, 0x00, 0, 0x000079F8, 0x00000010 },
    { 0x027B, 0x00, 0x02, 0x28, 0x00, 0x06, 0x02, 0x2E, 0x00, 0, 0x00007A08, 0x00000010 },
    { 0x027B, 0x00, 0x02, 0x29, 0x00, 0x06, 0x02, 0x2E, 0x00, 0, 0x00007A18, 0x00000010 },
    { 0x027B, 0x00, 0x02, 0x2A, 0x00, 0x06, 0x02, 0x2E, 0x00, 0, 0x00007A28, 0x00000010 },
    { 0x027B, 0x00, 0x02, 0x2B, 0x00, 0x06, 0x02, 0x2E, 0x00, 0, 0x00007A38, 0x00000010 },
    { 0x027B, 0x00, 0x02, 0x2C, 0x00, 0x06, 0x02, 0x2E, 0x00, 0, 0x00007A48, 0x00000010 },
    { 0x027B, 0x00, 0x02, 0x2D, 0x00, 0x06, 0x02, 0x2E, 0x00, 0, 0x00007A58, 0x00000010 },
    { 0x027B, 0x00, 0x03, 0x05, 0x00, 0x06, 0x02, 0x2E, 0x00, 0, 0x00007B30, 0x000005F0 },
    { 0x027B, 0x00, 0x03, 0x0D, 0x00, 0x06, 0x02, 0x2E, 0x00, 0, 0x00000C70, 0x000003B8 },
    { 0x027B, 0x00, 0x03, 0x14, 0x00, 0x06, 0x02, 0x2E, 0x00, 0, 0x00001298, 0x00000110 },
    { 0x027B, 0x00, 0x03, 0x15, 0x00, 0x06, 0x02, 0x2E, 0x00, 0, 0x000011E8, 0x000000B0 },
    { 0x027B, 0x00, 0x03, 0x1C, 0x00, 0x06, 0x02, 0x2E, 0x00, 0, 0x000013A8, 0x00000110 },
    { 0x027B, 0x00, 0x03, 0x1D, 0x00, 0x06, 0x02, 0x2E, 0x00, 0, 0x000014B8, 0x000000B0 },
    { 0x027B, 0x00, 0x03, 0x24, 0x00, 0x06, 0x02, 0x2E, 0x00, 0, 0x000010D8, 0x00000110 },
    { 0x027B, 0x00, 0x03, 0x25, 0x00, 0x06, 0x02, 0x2E, 0x00, 0, 0x00001028, 0x000000B0 },
    { 0x027B, 0x00, 0x03, 0x2C, 0x00, 0x06, 0x02, 0x2E, 0x00, 0, 0x00001568, 0x00000110 },
    { 0x027B, 0x00, 0x03, 0x2D, 0x00, 0x06, 0x02, 0x2E, 0x00, 0, 0x00001678, 0x000000B0 },
    { 0x027B, 0x00, 0x04, 0x05, 0x00, 0x06, 0x02, 0x2E, 0x00, 0, 0x0000777C, 0x0000000C },
    { 0x027B, 0x00, 0x05, 0x05, 0x00, 0x06, 0x02, 0x2E, 0x00, 0, 0x00006F8C, 0x000007F0 },
    { 0x027B, 0x00, 0x06, 0x05, 0x00, 0x06, 0x02, 0x2E, 0x00, 0, 0x00005F3C, 0x00000028 },
    { 0x027B, 0x00, 0x06, 0x05, 0x01, 0x06, 0x02, 0x2E, 0x00, 0, 0x00005F64, 0x0000001E },
    { 0x027B, 0x00, 0x06, 0x05, 0x02, 0x06, 0x02, 0x2E, 0x00, 0, 0x00005F84, 0x0000001E },
    { 0x027B, 0x00, 0x06, 0x05, 0x03, 0x06, 0x02, 0x2E, 0x00, 0, 0x00005FA4, 0x00000014 },
    { 0x027B, 0x00, 0x06, 0x05, 0x04, 0x06, 0x02, 0x2E, 0x00, 0, 0x00005FB8, 0x00000014 },
    { 0x027B, 0x00, 0x06, 0x05, 0x05, 0x06, 0x02, 0x2E, 0x00, 0, 0x00005FCC, 0x0000001E },
    { 0x027B, 0x00, 0x06, 0x05, 0x06, 0x06, 0x02, 0x2E, 0x00, 0, 0x00005FEC, 0x0000001E },
    { 0x027B, 0x00, 0x06, 0x05, 0x07, 0x06, 0x02, 0x2E, 0x00, 0, 0x0000600C, 0x0000001E },
    { 0x027B, 0x00, 0x06, 0x05, 0x08, 0x06, 0x02, 0x2E, 0x00, 0, 0x0000602C, 0x0000001E },
    { 0x027B, 0x00, 0x06, 0x05, 0x09, 0x06, 0x02, 0x2E, 0x00, 0, 0x0000604C, 0x00000032 },
    { 0x027B, 0x00, 0x06, 0x05, 0x0A, 0x06, 0x02, 0x2E, 0x00, 0, 0x00006080, 0x0000001E },
    { 0x027B, 0x00, 0x06, 0x05, 0x0B, 0x06, 0x02, 0x2E, 0x00, 0, 0x000060A0, 0x00000028 },
    { 0x027B, 0x00, 0x06, 0x05, 0x0C, 0x06, 0x02, 0x2E, 0x00, 0, 0x000060C8, 0x00000028 },
    { 0x027B, 0x00, 0x06, 0x05, 0x0D, 0x06, 0x02, 0x2E, 0x00, 0, 0x000060F0, 0x00000028 },
    { 0x027B, 0x00, 0x06, 0x05, 0x0E, 0x06, 0x02, 0x2E, 0x00, 0, 0x00006118, 0x0000001E },
    { 0x027B, 0x00, 0x06, 0x05, 0x0F, 0x06, 0x02, 0x2E, 0x00, 0, 0x00006138, 0x0000001E },
    { 0x027B, 0x00, 0x06, 0x05, 0x10, 0x06, 0x02, 0x2E, 0x00, 0, 0x00006158, 0x0000001E },
    { 0x027B, 0x00, 0x06, 0x05, 0x11, 0x06, 0x02, 0x2E, 0x00, 0, 0x00006178, 0x00000032 },
    { 0x027B, 0x00, 0x06, 0x05, 0x12, 0x06, 0x02, 0x2E, 0x00, 0, 0x000061AC, 0x00000028 },
    { 0x027B, 0x00, 0x06, 0x05, 0x13, 0x06, 0x02, 0x2E, 0x00, 0, 0x000061D4, 0x00000028 },
    { 0x027B, 0x00, 0x06, 0x05, 0x14, 0x06, 0x02, 0x2E, 0x00, 0, 0x000061FC, 0x00000028 },
    { 0x027B, 0x00, 0x06, 0x05, 0x15, 0x06, 0x02, 0x2E, 0x00, 0, 0x00006224, 0x0000000A },
    { 0x027B, 0x00, 0x06, 0x05, 0x16, 0x06, 0x02, 0x2E, 0x00, 0, 0x00006230, 0x0000001E },
    { 0x027B, 0x00, 0x06, 0x05, 0x17, 0x06, 0x02, 0x2E, 0x00, 0, 0x00006250, 0x0000001E },
    { 0x027B, 0x00, 0x06, 0x05, 0x18, 0x06, 0x02, 0x2E, 0x00, 0, 0x00006270, 0x0000001E },
    { 0x027B, 0x00, 0x06, 0x05, 0x19, 0x06, 0x02, 0x2E, 0x00, 0, 0x00006290, 0x00000028 },
    { 0x027B, 0x00, 0x06, 0x05, 0x1A, 0x06, 0x02, 0x2E, 0x00, 0, 0x000062B8, 0x00000014 },
    { 0x027B, 0x00, 0x06, 0x05, 0x1B, 0x06, 0x02, 0x2E, 0x00, 0, 0x000062CC, 0x00000014 },
    { 0x027B, 0x00, 0x06, 0x05, 0x1C, 0x06, 0x02, 0x2E, 0x00, 0, 0x000062E0, 0x00000028 },
    { 0x027B, 0x00, 0x06, 0x05, 0x1D, 0x06, 0x02, 0x2E, 0x00, 0, 0x00006308, 0x0000001E },
    { 0x027B, 0x00, 0x06, 0x05, 0x1E, 0x06, 0x02, 0x2E, 0x00, 0, 0x00006328, 0x00000014 },
    { 0x027B, 0x00, 0x06, 0x05, 0x1F, 0x06, 0x02, 0x2E, 0x00, 0, 0x0000633C, 0x0000000A },
    { 0x027B, 0x00, 0x06, 0x05, 0x20, 0x06, 0x02, 0x2E, 0x00, 0, 0x00006348, 0x00000014 },
    { 0x027B, 0x00, 0x06, 0x05, 0x21, 0x06, 0x02, 0x2E, 0x00, 0, 0x0000635C, 0x0000001E },
    { 0x027B, 0x00, 0x06, 0x05, 0x22, 0x06, 0x02, 0x2E, 0x00, 0, 0x0000637C, 0x00000014 },
    { 0x027B, 0x00, 0x06, 0x05, 0x23, 0x06, 0x02, 0x2E, 0x00, 0, 0x00006390, 0x00000032 },
    { 0x027B, 0x00, 0x06, 0x05, 0x24, 0x06, 0x02, 0x2E, 0x00, 0, 0x000063C4, 0x0000001E },
    { 0x027B, 0x00, 0x06, 0x05, 0x25, 0x06, 0x02, 0x2E, 0x00, 0, 0x000063E4, 0x0000001E },
    { 0x027B, 0x00, 0x06, 0x05, 0x26, 0x06, 0x02, 0x2E, 0x00, 0, 0x00006404, 0x00000014 },
    { 0x027B, 0x00, 0x06, 0x05, 0x27, 0x06, 0x02, 0x2E, 0x00, 0, 0x00006418, 0x00000014 },
    { 0x027B, 0x00, 0x06, 0x05, 0x28, 0x06, 0x02, 0x2E, 0x00, 0, 0x0000642C, 0x0000001E },
    { 0x027B, 0x00, 0x06, 0x05, 0x29, 0x06, 0x02, 0x2E, 0x00, 0, 0x0000644C, 0x00000028 },
    { 0x027B, 0x00, 0x06, 0x05, 0x2A, 0x06, 0x02, 0x2E, 0x00, 0, 0x00006474, 0x00000032 },
    { 0x027B, 0x00, 0x06, 0x05, 0x2B, 0x06, 0x02, 0x2E, 0x00, 0, 0x000064A8, 0x0000001E },
    { 0x027B, 0x00, 0x06, 0x05, 0x2C, 0x06, 0x02, 0x2E, 0x00, 0, 0x000064C8, 0x00000028 },
    { 0x027B, 0x00, 0x06, 0x05, 0x2D, 0x06, 0x02, 0x2E, 0x00, 0, 0x000064F0, 0x0000001E },
    { 0x027B, 0x00, 0x06, 0x05, 0x2E, 0x06, 0x02, 0x2E, 0x00, 0, 0x00006510, 0x00000028 },
    { 0x027B, 0x00, 0x06, 0x05, 0x2F, 0x06, 0x02, 0x2E, 0x00, 0, 0x00006538, 0x0000001E },
    { 0x027B, 0x00, 0x06, 0x05, 0x30, 0x06, 0x02, 0x2E, 0x00, 0, 0x00006558, 0x00000028 },
    { 0x027B, 0x00, 0x06, 0x05, 0x31, 0x06, 0x02, 0x2E, 0x00, 0, 0x00006580, 0x00000032 },
    { 0x027B, 0x00, 0x06, 0x05, 0x32, 0x06, 0x02, 0x2E, 0x00, 0, 0x000065B4, 0x00000028 },
    { 0x027B, 0x00, 0x06, 0x05, 0x33, 0x06, 0x02, 0x2E, 0x00, 0, 0x000065DC, 0x0000001E },
    { 0x027B, 0x00, 0x06, 0x05, 0x34, 0x06, 0x02, 0x2E, 0x00, 0, 0x000065FC, 0x00000028 },
    { 0x027B, 0x00, 0x06, 0x05, 0x35, 0x06, 0x02, 0x2E, 0x00, 0, 0x00006624, 0x00000014 },
    { 0x027B, 0x00, 0x06, 0x05, 0x36, 0x06, 0x02, 0x2E, 0x00, 0, 0x00006638, 0x00000028 },
    { 0x027B, 0x00, 0x06, 0x05, 0x37, 0x06, 0x02, 0x2E, 0x00, 0, 0x00006660, 0x0000001E },
    { 0x027B, 0x00, 0x06, 0x05, 0x38, 0x06, 0x02, 0x2E, 0x00, 0, 0x00006680, 0x00000014 },
    { 0x027B, 0x00, 0x06, 0x05, 0x39, 0x06, 0x02, 0x2E, 0x00, 0, 0x00006694, 0x00000032 },
    { 0x027B, 0x00, 0x06, 0x05, 0x3A, 0x06, 0x02, 0x2E, 0x00, 0, 0x000066C8, 0x00000032 },
    { 0x027B, 0x00, 0x06, 0x05, 0x3B, 0x06, 0x02, 0x2E, 0x00, 0, 0x000066FC, 0x0000001E },
    { 0x027B, 0x00, 0x06, 0x05, 0x3C, 0x06, 0x02, 0x2E, 0x00, 0, 0x0000671C, 0x0000001E },
    { 0x027B, 0x00, 0x06, 0x05, 0x3D, 0x06, 0x02, 0x2E, 0x00, 0, 0x0000673C, 0x00000014 },
    { 0x027B, 0x00, 0x06, 0x05, 0x3E, 0x06, 0x02, 0x2E, 0x00, 0, 0x00006750, 0x0000003C },
    { 0x027B, 0x00, 0x06, 0x05, 0x3F, 0x06, 0x02, 0x2E, 0x00, 0, 0x0000678C, 0x00000014 },
    { 0x027B, 0x00, 0x06, 0x05, 0x40, 0x06, 0x02, 0x2E, 0x00, 0, 0x000067A0, 0x0000000A },
    { 0x027B, 0x00, 0x06, 0x05, 0x41, 0x06, 0x02, 0x2E, 0x00, 0, 0x000067AC, 0x0000001E },
    { 0x027B, 0x00, 0x06, 0x05, 0x42, 0x06, 0x02, 0x2E, 0x00, 0, 0x000067CC, 0x0000001E },
    { 0x027B, 0x00, 0x06, 0x05, 0x43, 0x06, 0x02, 0x2E, 0x00, 0, 0x000067EC, 0x0000001E },
    { 0x027B, 0x00, 0x06, 0x05, 0x44, 0x06, 0x02, 0x2E, 0x00, 0, 0x0000680C, 0x00000028 },
    { 0x027B, 0x00, 0x06, 0x05, 0x45, 0x06, 0x02, 0x2E, 0x00, 0, 0x00006834, 0x00000028 },
    { 0x027B, 0x00, 0x06, 0x05, 0x46, 0x06, 0x02, 0x2E, 0x00, 0, 0x0000685C, 0x00000028 },
    { 0x027B, 0x00, 0x06, 0x05, 0x47, 0x06, 0x02, 0x2E, 0x00, 0, 0x00006884, 0x00000014 },
    { 0x027B, 0x00, 0x06, 0x05, 0x48, 0x06, 0x02, 0x2E, 0x00, 0, 0x00006898, 0x00000014 },
    { 0x027B, 0x00, 0x06, 0x05, 0x49, 0x06, 0x02, 0x2E, 0x00, 0, 0x000068AC, 0x00000014 },
    { 0x027B, 0x00, 0x06, 0x05, 0x4A, 0x06, 0x02, 0x2E, 0x00, 0, 0x000068C0, 0x00000028 },
    { 0x027B, 0x00, 0x06, 0x05, 0x4B, 0x06, 0x02, 0x2E, 0x00, 0, 0x000068E8, 0x0000003C },
    { 0x027B, 0x00, 0x06, 0x05, 0x4C, 0x06, 0x02, 0x2E, 0x00, 0, 0x00006924, 0x0000001E },
    { 0x027B, 0x00, 0x06, 0x05, 0x4D, 0x06, 0x02, 0x2E, 0x00, 0, 0x00006944, 0x00000014 },
    { 0x027B, 0x00, 0x06, 0x05, 0x4E, 0x06, 0x02, 0x2E, 0x00, 0, 0x00006958, 0x00000028 },
    { 0x027B, 0x00, 0x06, 0x05, 0x4F, 0x06, 0x02, 0x2E, 0x00, 0, 0x00006980, 0x00000032 },
    { 0x027B, 0x00, 0x06, 0x05, 0x50, 0x06, 0x02, 0x2E, 0x00, 0, 0x000069B4, 0x00000014 },
    { 0x027B, 0x00, 0x06, 0x05, 0x51, 0x06, 0x02, 0x2E, 0x00, 0, 0x000069C8, 0x00000014 },
    { 0x027B, 0x00, 0x06, 0x05, 0x52, 0x06, 0x02, 0x2E, 0x00, 0, 0x000069DC, 0x0000003C },
    { 0x027B, 0x00, 0x06, 0x05, 0x53, 0x06, 0x02, 0x2E, 0x00, 0, 0x00006A18, 0x00000014 },
    { 0x027B, 0x00, 0x06, 0x05, 0x54, 0x06, 0x02, 0x2E, 0x00, 0, 0x00006A2C, 0x00000032 },
    { 0x027B, 0x00, 0x06, 0x05, 0x55, 0x06, 0x02, 0x2E, 0x00, 0, 0x00006A60, 0x00000014 },
    { 0x027B, 0x00, 0x06, 0x05, 0x56, 0x06, 0x02, 0x2E, 0x00, 0, 0x00006A74, 0x00000032 },
    { 0x027B, 0x00, 0x06, 0x05, 0x57, 0x06, 0x02, 0x2E, 0x00, 0, 0x00006AA8, 0x0000001E },
    { 0x027B, 0x00, 0x06, 0x05, 0x58, 0x06, 0x02, 0x2E, 0x00, 0, 0x00006AC8, 0x00000028 },
    { 0x027B, 0x00, 0x06, 0x05, 0x59, 0x06, 0x02, 0x2E, 0x00, 0, 0x00006AF0, 0x00000028 },
    { 0x027B, 0x00, 0x06, 0x05, 0x5A, 0x06, 0x02, 0x2E, 0x00, 0, 0x00006B18, 0x00000014 },
    { 0x027B, 0x00, 0x06, 0x05, 0x5B, 0x06, 0x02, 0x2E, 0x00, 0, 0x00006B2C, 0x0000003C },
    { 0x027B, 0x00, 0x06, 0x05, 0x5C, 0x06, 0x02, 0x2E, 0x00, 0, 0x00006B68, 0x00000028 },
    { 0x027B, 0x00, 0x06, 0x05, 0x5D, 0x06, 0x02, 0x2E, 0x00, 0, 0x00006B90, 0x00000014 },
    { 0x027B, 0x00, 0x06, 0x05, 0x5E, 0x06, 0x02, 0x2E, 0x00, 0, 0x00006BA4, 0x00000028 },
    { 0x027B, 0x00, 0x06, 0x05, 0x5F, 0x06, 0x02, 0x2E, 0x00, 0, 0x00006BCC, 0x0000001E },
    { 0x027B, 0x00, 0x06, 0x05, 0x60, 0x06, 0x02, 0x2E, 0x00, 0, 0x00006BEC, 0x0000001E },
    { 0x027B, 0x00, 0x06, 0x05, 0x61, 0x06, 0x02, 0x2E, 0x00, 0, 0x00006C0C, 0x0000001E },
    { 0x027B, 0x00, 0x06, 0x05, 0x62, 0x06, 0x02, 0x2E, 0x00, 0, 0x00006C2C, 0x00000028 },
    { 0x027B, 0x00, 0x06, 0x05, 0x63, 0x06, 0x02, 0x2E, 0x00, 0, 0x00006C54, 0x00000028 },
    { 0x027B, 0x00, 0x06, 0x05, 0x64, 0x06, 0x02, 0x2E, 0x00, 0, 0x00006C7C, 0x00000028 },
    { 0x027B, 0x00, 0x06, 0x05, 0x65, 0x06, 0x02, 0x2E, 0x00, 0, 0x00006CA4, 0x00000028 },
    { 0x027B, 0x00, 0x06, 0x05, 0x66, 0x06, 0x02, 0x2E, 0x00, 0, 0x00006CCC, 0x00000014 },
    { 0x027B, 0x00, 0x06, 0x05, 0x67, 0x06, 0x02, 0x2E, 0x00, 0, 0x00006CE0, 0x00000014 },
    { 0x027B, 0x00, 0x06, 0x05, 0x68, 0x06, 0x02, 0x2E, 0x00, 0, 0x00006CF4, 0x00000014 },
    { 0x027B, 0x00, 0x06, 0x05, 0x69, 0x06, 0x02, 0x2E, 0x00, 0, 0x00006D08, 0x00000014 },
    { 0x027B, 0x00, 0x06, 0x05, 0x6A, 0x06, 0x02, 0x2E, 0x00, 0, 0x00006D1C, 0x0000000A },
    { 0x027B, 0x00, 0x06, 0x05, 0x6B, 0x06, 0x02, 0x2E, 0x00, 0, 0x00006D28, 0x0000000A },
    { 0x027B, 0x00, 0x06, 0x05, 0x6C, 0x06, 0x02, 0x2E, 0x00, 0, 0x00006D34, 0x00000014 },
    { 0x027B, 0x00, 0x06, 0x05, 0x6D, 0x06, 0x02, 0x2E, 0x00, 0, 0x00006D48, 0x0000000A },
    { 0x027B, 0x00, 0x06, 0x05, 0x6E, 0x06, 0x02, 0x2E, 0x00, 0, 0x00006D54, 0x0000000A },
    { 0x027B, 0x00, 0x06, 0x05, 0x6F, 0x06, 0x02, 0x2E, 0x00, 0, 0x00006D60, 0x0000000A },
    { 0x027B, 0x00, 0x06, 0x05, 0x70, 0x06, 0x02, 0x2E, 0x00, 0, 0x00006D6C, 0x00000014 },
    { 0x027B, 0x00, 0x06, 0x05, 0x71, 0x06, 0x02, 0x2E, 0x00, 0, 0x00006D80, 0x0000001E },
    { 0x027B, 0x00, 0x06, 0x05, 0x72, 0x06, 0x02, 0x2E, 0x00, 0, 0x00006DA0, 0x00000032 },
    { 0x027B, 0x00, 0x06, 0x05, 0x73, 0x06, 0x02, 0x2E, 0x00, 0, 0x00006DD4, 0x0000001E },
    { 0x027B, 0x00, 0x06, 0x05, 0x74, 0x06, 0x02, 0x2E, 0x00, 0, 0x00006DF4, 0x00000028 },
    { 0x027B, 0x00, 0x06, 0x05, 0x75, 0x06, 0x02, 0x2E, 0x00, 0, 0x00006E1C, 0x00000014 },
    { 0x027B, 0x00, 0x06, 0x05, 0x76, 0x06, 0x02, 0x2E, 0x00, 0, 0x00006E30, 0x0000003C },
    { 0x027B, 0x00, 0x06, 0x05, 0x77, 0x06, 0x02, 0x2E, 0x00, 0, 0x00006E6C, 0x00000028 },
    { 0x027B, 0x00, 0x06, 0x05, 0x78, 0x06, 0x02, 0x2E, 0x00, 0, 0x00006E94, 0x0000000A },
    { 0x027B, 0x00, 0x06, 0x05, 0x79, 0x06, 0x02, 0x2E, 0x00, 0, 0x00006EA0, 0x00000028 },
    { 0x027B, 0x00, 0x06, 0x05, 0x7A, 0x06, 0x02, 0x2E, 0x00, 0, 0x00006EC8, 0x00000032 },
    { 0x027B, 0x00, 0x06, 0x05, 0x7B, 0x06, 0x02, 0x2E, 0x00, 0, 0x00006EFC, 0x00000028 },
    { 0x027B, 0x00, 0x06, 0x05, 0x7C, 0x06, 0x02, 0x2E, 0x00, 0, 0x00006F24, 0x00000028 },
    { 0x027B, 0x00, 0x06, 0x05, 0x7D, 0x06, 0x02, 0x2E, 0x00, 0, 0x00006F4C, 0x0000000A },
    { 0x027B, 0x00, 0x06, 0x05, 0x7E, 0x06, 0x02, 0x2E, 0x00, 0, 0x00006F58, 0x00000032 },
    { 0x027B, 0x00, 0x07, 0x05, 0x00, 0x06, 0x02, 0x2E, 0x00, 0, 0x00005400, 0x00000014 },
    { 0x027B, 0x00, 0x07, 0x05, 0x01, 0x06, 0x02, 0x2E, 0x00, 0, 0x00005414, 0x0000001E },
    { 0x027B, 0x00, 0x07, 0x05, 0x02, 0x06, 0x02, 0x2E, 0x00, 0, 0x00005434, 0x00000014 },
    { 0x027B, 0x00, 0x07, 0x05, 0x03, 0x06, 0x02, 0x2E, 0x00, 0, 0x00005448, 0x00000014 },
    { 0x027B, 0x00, 0x07, 0x05, 0x04, 0x06, 0x02, 0x2E, 0x00, 0, 0x0000545C, 0x0000000A },
    { 0x027B, 0x00, 0x07, 0x05, 0x05, 0x06, 0x02, 0x2E, 0x00, 0, 0x00005468, 0x0000000A },
    { 0x027B, 0x00, 0x07, 0x05, 0x06, 0x06, 0x02, 0x2E, 0x00, 0, 0x00005474, 0x0000001E },
    { 0x027B, 0x00, 0x07, 0x05, 0x07, 0x06, 0x02, 0x2E, 0x00, 0, 0x00005494, 0x0000001E },
    { 0x027B, 0x00, 0x07, 0x05, 0x08, 0x06, 0x02, 0x2E, 0x00, 0, 0x000054B4, 0x00000014 },
    { 0x027B, 0x00, 0x07, 0x05, 0x09, 0x06, 0x02, 0x2E, 0x00, 0, 0x000054C8, 0x0000001E },
    { 0x027B, 0x00, 0x07, 0x05, 0x0A, 0x06, 0x02, 0x2E, 0x00, 0, 0x000054E8, 0x00000014 },
    { 0x027B, 0x00, 0x07, 0x05, 0x0B, 0x06, 0x02, 0x2E, 0x00, 0, 0x000054FC, 0x00000032 },
    { 0x027B, 0x00, 0x07, 0x05, 0x0C, 0x06, 0x02, 0x2E, 0x00, 0, 0x00005530, 0x00000014 },
    { 0x027B, 0x00, 0x07, 0x05, 0x0D, 0x06, 0x02, 0x2E, 0x00, 0, 0x00005544, 0x0000000A },
    { 0x027B, 0x00, 0x07, 0x05, 0x0E, 0x06, 0x02, 0x2E, 0x00, 0, 0x00005550, 0x0000001E },
    { 0x027B, 0x00, 0x07, 0x05, 0x0F, 0x06, 0x02, 0x2E, 0x00, 0, 0x00005570, 0x0000001E },
    { 0x027B, 0x00, 0x07, 0x05, 0x10, 0x06, 0x02, 0x2E, 0x00, 0, 0x00005590, 0x00000014 },
    { 0x027B, 0x00, 0x07, 0x05, 0x11, 0x06, 0x02, 0x2E, 0x00, 0, 0x000055A4, 0x0000001E },
    { 0x027B, 0x00, 0x07, 0x05, 0x12, 0x06, 0x02, 0x2E, 0x00, 0, 0x000055C4, 0x00000014 },
    { 0x027B, 0x00, 0x07, 0x05, 0x13, 0x06, 0x02, 0x2E, 0x00, 0, 0x000055D8, 0x00000014 },
    { 0x027B, 0x00, 0x07, 0x05, 0x14, 0x06, 0x02, 0x2E, 0x00, 0, 0x000055EC, 0x00000014 },
    { 0x027B, 0x00, 0x07, 0x05, 0x15, 0x06, 0x02, 0x2E, 0x00, 0, 0x00005600, 0x0000000A },
    { 0x027B, 0x00, 0x07, 0x05, 0x16, 0x06, 0x02, 0x2E, 0x00, 0, 0x0000560C, 0x00000014 },
    { 0x027B, 0x00, 0x07, 0x05, 0x17, 0x06, 0x02, 0x2E, 0x00, 0, 0x00005620, 0x00000014 },
    { 0x027B, 0x00, 0x07, 0x05, 0x18, 0x06, 0x02, 0x2E, 0x00, 0, 0x00005634, 0x00000014 },
    { 0x027B, 0x00, 0x07, 0x05, 0x19, 0x06, 0x02, 0x2E, 0x00, 0, 0x00005648, 0x0000001E },
    { 0x027B, 0x00, 0x07, 0x05, 0x1A, 0x06, 0x02, 0x2E, 0x00, 0, 0x00005668, 0x0000001E },
    { 0x027B, 0x00, 0x07, 0x05, 0x1B, 0x06, 0x02, 0x2E, 0x00, 0, 0x00005688, 0x00000014 },
    { 0x027B, 0x00, 0x07, 0x05, 0x1C, 0x06, 0x02, 0x2E, 0x00, 0, 0x0000569C, 0x0000001E },
    { 0x027B, 0x00, 0x07, 0x05, 0x1D, 0x06, 0x02, 0x2E, 0x00, 0, 0x000056BC, 0x00000014 },
    { 0x027B, 0x00, 0x07, 0x05, 0x1E, 0x06, 0x02, 0x2E, 0x00, 0, 0x000056D0, 0x0000000A },
    { 0x027B, 0x00, 0x07, 0x05, 0x1F, 0x06, 0x02, 0x2E, 0x00, 0, 0x000056DC, 0x00000014 },
    { 0x027B, 0x00, 0x07, 0x05, 0x20, 0x06, 0x02, 0x2E, 0x00, 0, 0x000056F0, 0x0000000A },
    { 0x027B, 0x00, 0x07, 0x05, 0x21, 0x06, 0x02, 0x2E, 0x00, 0, 0x000056FC, 0x0000001E },
    { 0x027B, 0x00, 0x07, 0x05, 0x22, 0x06, 0x02, 0x2E, 0x00, 0, 0x0000571C, 0x00000014 },
    { 0x027B, 0x00, 0x07, 0x05, 0x23, 0x06, 0x02, 0x2E, 0x00, 0, 0x00005730, 0x00000014 },
    { 0x027B, 0x00, 0x07, 0x05, 0x24, 0x06, 0x02, 0x2E, 0x00, 0, 0x00005744, 0x00000014 },
    { 0x027B, 0x00, 0x07, 0x05, 0x25, 0x06, 0x02, 0x2E, 0x00, 0, 0x00005758, 0x0000001E },
    { 0x027B, 0x00, 0x07, 0x05, 0x26, 0x06, 0x02, 0x2E, 0x00, 0, 0x00005778, 0x0000001E },
    { 0x027B, 0x00, 0x07, 0x05, 0x27, 0x06, 0x02, 0x2E, 0x00, 0, 0x00005798, 0x0000000A },
    { 0x027B, 0x00, 0x07, 0x05, 0x28, 0x06, 0x02, 0x2E, 0x00, 0, 0x000057A4, 0x00000014 },
    { 0x027B, 0x00, 0x07, 0x05, 0x29, 0x06, 0x02, 0x2E, 0x00, 0, 0x000057B8, 0x0000001E },
    { 0x027B, 0x00, 0x07, 0x05, 0x2A, 0x06, 0x02, 0x2E, 0x00, 0, 0x000057D8, 0x00000014 },
    { 0x027B, 0x00, 0x07, 0x05, 0x2B, 0x06, 0x02, 0x2E, 0x00, 0, 0x000057EC, 0x0000001E },
    { 0x027B, 0x00, 0x07, 0x05, 0x2C, 0x06, 0x02, 0x2E, 0x00, 0, 0x0000580C, 0x00000014 },
    { 0x027B, 0x00, 0x07, 0x05, 0x2D, 0x06, 0x02, 0x2E, 0x00, 0, 0x00005820, 0x0000001E },
    { 0x027B, 0x00, 0x07, 0x05, 0x2E, 0x06, 0x02, 0x2E, 0x00, 0, 0x00005840, 0x00000014 },
    { 0x027B, 0x00, 0x07, 0x05, 0x2F, 0x06, 0x02, 0x2E, 0x00, 0, 0x00005854, 0x00000014 },
    { 0x027B, 0x00, 0x07, 0x05, 0x30, 0x06, 0x02, 0x2E, 0x00, 0, 0x00005868, 0x0000001E },
    { 0x027B, 0x00, 0x07, 0x05, 0x31, 0x06, 0x02, 0x2E, 0x00, 0, 0x00005888, 0x0000001E },
    { 0x027B, 0x00, 0x07, 0x05, 0x32, 0x06, 0x02, 0x2E, 0x00, 0, 0x000058A8, 0x0000000A },
    { 0x027B, 0x00, 0x07, 0x05, 0x33, 0x06, 0x02, 0x2E, 0x00, 0, 0x000058B4, 0x00000014 },
    { 0x027B, 0x00, 0x07, 0x05, 0x34, 0x06, 0x02, 0x2E, 0x00, 0, 0x000058C8, 0x0000001E },
    { 0x027B, 0x00, 0x07, 0x05, 0x35, 0x06, 0x02, 0x2E, 0x00, 0, 0x000058E8, 0x0000001E },
    { 0x027B, 0x00, 0x07, 0x05, 0x36, 0x06, 0x02, 0x2E, 0x00, 0, 0x00005908, 0x0000001E },
    { 0x027B, 0x00, 0x07, 0x05, 0x37, 0x06, 0x02, 0x2E, 0x00, 0, 0x00005928, 0x00000014 },
    { 0x027B, 0x00, 0x07, 0x05, 0x38, 0x06, 0x02, 0x2E, 0x00, 0, 0x0000593C, 0x00000014 },
    { 0x027B, 0x00, 0x07, 0x05, 0x39, 0x06, 0x02, 0x2E, 0x00, 0, 0x00005950, 0x0000000A },
    { 0x027B, 0x00, 0x07, 0x05, 0x3A, 0x06, 0x02, 0x2E, 0x00, 0, 0x0000595C, 0x0000000A },
    { 0x027B, 0x00, 0x07, 0x05, 0x3B, 0x06, 0x02, 0x2E, 0x00, 0, 0x00005968, 0x0000000A },
    { 0x027B, 0x00, 0x07, 0x05, 0x3C, 0x06, 0x02, 0x2E, 0x00, 0, 0x00005974, 0x00000014 },
    { 0x027B, 0x00, 0x07, 0x05, 0x3D, 0x06, 0x02, 0x2E, 0x00, 0, 0x00005988, 0x00000014 },
    { 0x027B, 0x00, 0x07, 0x05, 0x3E, 0x06, 0x02, 0x2E, 0x00, 0, 0x0000599C, 0x0000000A },
    { 0x027B, 0x00, 0x07, 0x05, 0x3F, 0x06, 0x02, 0x2E, 0x00, 0, 0x000059A8, 0x00000014 },
    { 0x027B, 0x00, 0x07, 0x05, 0x40, 0x06, 0x02, 0x2E, 0x00, 0, 0x000059BC, 0x0000000A },
    { 0x027B, 0x00, 0x07, 0x05, 0x41, 0x06, 0x02, 0x2E, 0x00, 0, 0x000059C8, 0x00000014 },
    { 0x027B, 0x00, 0x07, 0x05, 0x42, 0x06, 0x02, 0x2E, 0x00, 0, 0x000059DC, 0x00000014 },
    { 0x027B, 0x00, 0x07, 0x05, 0x43, 0x06, 0x02, 0x2E, 0x00, 0, 0x000059F0, 0x00000014 },
    { 0x027B, 0x00, 0x07, 0x05, 0x44, 0x06, 0x02, 0x2E, 0x00, 0, 0x00005A04, 0x00000014 },
    { 0x027B, 0x00, 0x07, 0x05, 0x45, 0x06, 0x02, 0x2E, 0x00, 0, 0x00005A18, 0x00000014 },
    { 0x027B, 0x00, 0x07, 0x05, 0x46, 0x06, 0x02, 0x2E, 0x00, 0, 0x00005A2C, 0x0000001E },
    { 0x027B, 0x00, 0x07, 0x05, 0x47, 0x06, 0x02, 0x2E, 0x00, 0, 0x00005A4C, 0x00000014 },
    { 0x027B, 0x00, 0x07, 0x05, 0x48, 0x06, 0x02, 0x2E, 0x00, 0, 0x00005A60, 0x0000001E },
    { 0x027B, 0x00, 0x07, 0x05, 0x49, 0x06, 0x02, 0x2E, 0x00, 0, 0x00005A80, 0x00000032 },
    { 0x027B, 0x00, 0x07, 0x05, 0x4A, 0x06, 0x02, 0x2E, 0x00, 0, 0x00005AB4, 0x00000028 },
    { 0x027B, 0x00, 0x07, 0x05, 0x4B, 0x06, 0x02, 0x2E, 0x00, 0, 0x00005ADC, 0x0000001E },
    { 0x027B, 0x00, 0x07, 0x05, 0x4C, 0x06, 0x02, 0x2E, 0x00, 0, 0x00005AFC, 0x00000014 },
    { 0x027B, 0x00, 0x07, 0x05, 0x4D, 0x06, 0x02, 0x2E, 0x00, 0, 0x00005B10, 0x00000014 },
    { 0x027B, 0x00, 0x07, 0x05, 0x4E, 0x06, 0x02, 0x2E, 0x00, 0, 0x00005B24, 0x0000000A },
    { 0x027B, 0x00, 0x07, 0x05, 0x4F, 0x06, 0x02, 0x2E, 0x00, 0, 0x00005B30, 0x00000014 },
    { 0x027B, 0x00, 0x07, 0x05, 0x50, 0x06, 0x02, 0x2E, 0x00, 0, 0x00005B44, 0x0000000A },
    { 0x027B, 0x00, 0x07, 0x05, 0x51, 0x06, 0x02, 0x2E, 0x00, 0, 0x00005B50, 0x00000014 },
    { 0x027B, 0x00, 0x07, 0x05, 0x52, 0x06, 0x02, 0x2E, 0x00, 0, 0x00005B64, 0x0000000A },
    { 0x027B, 0x00, 0x07, 0x05, 0x53, 0x06, 0x02, 0x2E, 0x00, 0, 0x00005B70, 0x00000014 },
    { 0x027B, 0x00, 0x07, 0x05, 0x54, 0x06, 0x02, 0x2E, 0x00, 0, 0x00005B84, 0x0000000A },
    { 0x027B, 0x00, 0x07, 0x05, 0x55, 0x06, 0x02, 0x2E, 0x00, 0, 0x00005B90, 0x00000014 },
    { 0x027B, 0x00, 0x07, 0x05, 0x56, 0x06, 0x02, 0x2E, 0x00, 0, 0x00005BA4, 0x0000001E },
    { 0x027B, 0x00, 0x07, 0x05, 0x57, 0x06, 0x02, 0x2E, 0x00, 0, 0x00005BC4, 0x0000000A },
    { 0x027B, 0x00, 0x07, 0x05, 0x58, 0x06, 0x02, 0x2E, 0x00, 0, 0x00005BD0, 0x0000000A },
    { 0x027B, 0x00, 0x07, 0x05, 0x59, 0x06, 0x02, 0x2E, 0x00, 0, 0x00005BDC, 0x00000014 },
    { 0x027B, 0x00, 0x07, 0x05, 0x5A, 0x06, 0x02, 0x2E, 0x00, 0, 0x00005BF0, 0x00000014 },
    { 0x027B, 0x00, 0x07, 0x05, 0x5B, 0x06, 0x02, 0x2E, 0x00, 0, 0x00005C04, 0x00000014 },
    { 0x027B, 0x00, 0x07, 0x05, 0x5C, 0x06, 0x02, 0x2E, 0x00, 0, 0x00005C18, 0x00000014 },
    { 0x027B, 0x00, 0x07, 0x05, 0x5D, 0x06, 0x02, 0x2E, 0x00, 0, 0x00005C2C, 0x0000001E },
    { 0x027B, 0x00, 0x07, 0x05, 0x5E, 0x06, 0x02, 0x2E, 0x00, 0, 0x00005C4C, 0x0000001E },
    { 0x027B, 0x00, 0x07, 0x05, 0x5F, 0x06, 0x02, 0x2E, 0x00, 0, 0x00005C6C, 0x00000014 },
    { 0x027B, 0x00, 0x07, 0x05, 0x60, 0x06, 0x02, 0x2E, 0x00, 0, 0x00005C80, 0x00000014 },
    { 0x027B, 0x00, 0x07, 0x05, 0x61, 0x06, 0x02, 0x2E, 0x00, 0, 0x00005C94, 0x00000014 },
    { 0x027B, 0x00, 0x07, 0x05, 0x62, 0x06, 0x02, 0x2E, 0x00, 0, 0x00005CA8, 0x0000001E },
    { 0x027B, 0x00, 0x07, 0x05, 0x63, 0x06, 0x02, 0x2E, 0x00, 0, 0x00005CC8, 0x00000014 },
    { 0x027B, 0x00, 0x07, 0x05, 0x64, 0x06, 0x02, 0x2E, 0x00, 0, 0x00005CDC, 0x00000014 },
    { 0x027B, 0x00, 0x07, 0x05, 0x65, 0x06, 0x02, 0x2E, 0x00, 0, 0x00005CF0, 0x00000014 },
    { 0x027B, 0x00, 0x07, 0x05, 0x66, 0x06, 0x02, 0x2E, 0x00, 0, 0x00005D04, 0x00000014 },
    { 0x027B, 0x00, 0x07, 0x05, 0x67, 0x06, 0x02, 0x2E, 0x00, 0, 0x00005D18, 0x0000000A },
    { 0x027B, 0x00, 0x07, 0x05, 0x68, 0x06, 0x02, 0x2E, 0x00, 0, 0x00005D24, 0x0000000A },
    { 0x027B, 0x00, 0x07, 0x05, 0x69, 0x06, 0x02, 0x2E, 0x00, 0, 0x00005D30, 0x0000000A },
    { 0x027B, 0x00, 0x07, 0x05, 0x6A, 0x06, 0x02, 0x2E, 0x00, 0, 0x00005D3C, 0x0000000A },
    { 0x027B, 0x00, 0x07, 0x05, 0x6B, 0x06, 0x02, 0x2E, 0x00, 0, 0x00005D48, 0x0000000A },
    { 0x027B, 0x00, 0x07, 0x05, 0x6C, 0x06, 0x02, 0x2E, 0x00, 0, 0x00005D54, 0x00000014 },
    { 0x027B, 0x00, 0x07, 0x05, 0x6D, 0x06, 0x02, 0x2E, 0x00, 0, 0x00005D68, 0x00000028 },
    { 0x027B, 0x00, 0x07, 0x05, 0x6E, 0x06, 0x02, 0x2E, 0x00, 0, 0x00005D90, 0x0000001E },
    { 0x027B, 0x00, 0x07, 0x05, 0x6F, 0x06, 0x02, 0x2E, 0x00, 0, 0x00005DB0, 0x00000028 },
    { 0x027B, 0x00, 0x07, 0x05, 0x70, 0x06, 0x02, 0x2E, 0x00, 0, 0x00005DD8, 0x00000014 },
    { 0x027B, 0x00, 0x07, 0x05, 0x71, 0x06, 0x02, 0x2E, 0x00, 0, 0x00005DEC, 0x00000014 },
    { 0x027B, 0x00, 0x07, 0x05, 0x72, 0x06, 0x02, 0x2E, 0x00, 0, 0x00005E00, 0x0000001E },
    { 0x027B, 0x00, 0x07, 0x05, 0x73, 0x06, 0x02, 0x2E, 0x00, 0, 0x00005E20, 0x00000028 },
    { 0x027B, 0x00, 0x07, 0x05, 0x74, 0x06, 0x02, 0x2E, 0x00, 0, 0x00005E48, 0x00000014 },
    { 0x027B, 0x00, 0x07, 0x05, 0x75, 0x06, 0x02, 0x2E, 0x00, 0, 0x00005E5C, 0x0000000A },
    { 0x027B, 0x00, 0x07, 0x05, 0x76, 0x06, 0x02, 0x2E, 0x00, 0, 0x00005E68, 0x00000014 },
    { 0x027B, 0x00, 0x07, 0x05, 0x77, 0x06, 0x02, 0x2E, 0x00, 0, 0x00005E7C, 0x00000014 },
    { 0x027B, 0x00, 0x07, 0x05, 0x78, 0x06, 0x02, 0x2E, 0x00, 0, 0x00005E90, 0x00000014 },
    { 0x027B, 0x00, 0x07, 0x05, 0x79, 0x06, 0x02, 0x2E, 0x00, 0, 0x00005EA4, 0x00000014 },
    { 0x027B, 0x00, 0x07, 0x05, 0x7A, 0x06, 0x02, 0x2E, 0x00, 0, 0x00005EB8, 0x00000014 },
    { 0x027B, 0x00, 0x07, 0x05, 0x7B, 0x06, 0x02, 0x2E, 0x00, 0, 0x00005ECC, 0x00000028 },
    { 0x027B, 0x00, 0x07, 0x05, 0x7C, 0x06, 0x02, 0x2E, 0x00, 0, 0x00005EF4, 0x00000014 },
    { 0x027B, 0x00, 0x07, 0x05, 0x7D, 0x06, 0x02, 0x2E, 0x00, 0, 0x00005F08, 0x00000014 },
    { 0x027B, 0x00, 0x07, 0x05, 0x7E, 0x06, 0x02, 0x2E, 0x00, 0, 0x00005F1C, 0x0000001E },
    { 0x027E, 0x00, 0x00, 0x00, 0x00, 0x06, 0x00, 0x10, 0x0F, 0, 0x00012700, 0x0000000C },
    { 0x027E, 0x00, 0x01, 0x00, 0x00, 0x06, 0x00, 0x10, 0x0F, 0, 0x000126C0, 0x00000040 },
    { 0x027E, 0x00, 0x02, 0x00, 0x00, 0x06, 0x00, 0x10, 0x0F, 0, 0x00012600, 0x0000000C },
    { 0x027E, 0x00, 0x02, 0x01, 0x00, 0x06, 0x00, 0x10, 0x0F, 0, 0x0001260C, 0x0000000C },
    { 0x027E, 0x00, 0x02, 0x02, 0x00, 0x06, 0x00, 0x10, 0x0F, 0, 0x00012618, 0x0000000C },
    { 0x027E, 0x00, 0x02, 0x03, 0x00, 0x06, 0x00, 0x10, 0x0F, 0, 0x00012624, 0x0000000C },
    { 0x027E, 0x00, 0x02, 0x04, 0x00, 0x06, 0x00, 0x10, 0x0F, 0, 0x00012630, 0x0000000C },
    { 0x027E, 0x00, 0x02, 0x05, 0x00, 0x06, 0x00, 0x10, 0x0F, 0, 0x0001263C, 0x0000000C },
    { 0x027E, 0x00, 0x02, 0x06, 0x00, 0x06, 0x00, 0x10, 0x0F, 0, 0x00012648, 0x0000000C },
    { 0x027E, 0x00, 0x02, 0x07, 0x00, 0x06, 0x00, 0x10, 0x0F, 0, 0x00012654, 0x0000000C },
    { 0x027E, 0x00, 0x02, 0x08, 0x00, 0x06, 0x00, 0x10, 0x0F, 0, 0x00012660, 0x0000000C },
    { 0x027E, 0x00, 0x02, 0x09, 0x00, 0x06, 0x00, 0x10, 0x0F, 0, 0x0001266C, 0x0000000C },
    { 0x027E, 0x00, 0x02, 0x0A, 0x00, 0x06, 0x00, 0x10, 0x0F, 0, 0x00012678, 0x0000000C },
    { 0x027E, 0x00, 0x02, 0x0B, 0x00, 0x06, 0x00, 0x10, 0x0F, 0, 0x00012684, 0x0000000C },
    { 0x027E, 0x00, 0x02, 0x0C, 0x00, 0x06, 0x00, 0x10, 0x0F, 0, 0x00012690, 0x0000000C },
    { 0x027E, 0x00, 0x02, 0x0D, 0x00, 0x06, 0x00, 0x10, 0x0F, 0, 0x0001269C, 0x0000000C },
    { 0x027E, 0x00, 0x02, 0x0E, 0x00, 0x06, 0x00, 0x10, 0x0F, 0, 0x000126A8, 0x0000000C },
    { 0x027E, 0x00, 0x02, 0x0F, 0x00, 0x06, 0x00, 0x10, 0x0F, 0, 0x000126B4, 0x0000000C },
    { 0x027E, 0x00, 0x03, 0x01, 0x00, 0x06, 0x00, 0x10, 0x0F, 0, 0x0000C188, 0x00000250 },
    { 0x027E, 0x00, 0x03, 0x02, 0x00, 0x06, 0x00, 0x10, 0x0F, 0, 0x0000C3D8, 0x00000258 },
    { 0x027E, 0x00, 0x03, 0x03, 0x00, 0x06, 0x00, 0x10, 0x0F, 0, 0x0000C630, 0x000001A0 },
    { 0x027E, 0x00, 0x03, 0x04, 0x00, 0x06, 0x00, 0x10, 0x0F, 0, 0x0000C7D0, 0x00000250 },
    { 0x027E, 0x00, 0x03, 0x05, 0x00, 0x06, 0x00, 0x10, 0x0F, 0, 0x0000CA20, 0x00000258 },
    { 0x027E, 0x00, 0x03, 0x06, 0x00, 0x06, 0x00, 0x10, 0x0F, 0, 0x0000CC78, 0x000001A0 },
    { 0x027E, 0x00, 0x03, 0x07, 0x00, 0x06, 0x00, 0x10, 0x0F, 0, 0x0000CE18, 0x000002A0 },
    { 0x027E, 0x00, 0x03, 0x08, 0x00, 0x06, 0x00, 0x10, 0x0F, 0, 0x0000D870, 0x00000250 },
    { 0x027E, 0x00, 0x03, 0x09, 0x00, 0x06, 0x00, 0x10, 0x0F, 0, 0x0000DAC0, 0x000002E8 },
    { 0x027E, 0x00, 0x03, 0x0A, 0x00, 0x06, 0x00, 0x10, 0x0F, 0, 0x0000DDA8, 0x00000290 },
    { 0x027E, 0x00, 0x03, 0x0B, 0x00, 0x06, 0x00, 0x10, 0x0F, 0, 0x0000D0B8, 0x00000250 },
    { 0x027E, 0x00, 0x03, 0x0C, 0x00, 0x06, 0x00, 0x10, 0x0F, 0, 0x0000D308, 0x000002D8 },
    { 0x027E, 0x00, 0x03, 0x0D, 0x00, 0x06, 0x00, 0x10, 0x0F, 0, 0x0000D5E0, 0x00000290 },
    { 0x027E, 0x00, 0x03, 0x0E, 0x00, 0x06, 0x00, 0x10, 0x0F, 0, 0x000119F8, 0x00000808 },
    { 0x027E, 0x00, 0x03, 0x0F, 0x00, 0x06, 0x00, 0x10, 0x0F, 0, 0x0000C0A0, 0x000000E8 },
    { 0x0280, 0x00, 0x00, 0x00, 0x00, 0x06, 0x00, 0x24, 0x23, 0, 0x00011A78, 0x0000000C },
    { 0x0280, 0x00, 0x01, 0x00, 0x00, 0x06, 0x00, 0x24, 0x23, 0, 0x000119E8, 0x00000090 },
    { 0x0280, 0x00, 0x02, 0x00, 0x00, 0x06, 0x00, 0x24, 0x23, 0, 0x00011838, 0x0000000C },
    { 0x0280, 0x00, 0x02, 0x01, 0x00, 0x06, 0x00, 0x24, 0x23, 0, 0x00011844, 0x0000000C },
    { 0x0280, 0x00, 0x02, 0x02, 0x00, 0x06, 0x00, 0x24, 0x23, 0, 0x00011850, 0x0000000C },
    { 0x0280, 0x00, 0x02, 0x03, 0x00, 0x06, 0x00, 0x24, 0x23, 0, 0x0001185C, 0x0000000C },
    { 0x0280, 0x00, 0x02, 0x04, 0x00, 0x06, 0x00, 0x24, 0x23, 0, 0x00011868, 0x0000000C },
    { 0x0280, 0x00, 0x02, 0x05, 0x00, 0x06, 0x00, 0x24, 0x23, 0, 0x00011874, 0x0000000C },
    { 0x0280, 0x00, 0x02, 0x06, 0x00, 0x06, 0x00, 0x24, 0x23, 0, 0x00011880, 0x0000000C },
    { 0x0280, 0x00, 0x02, 0x07, 0x00, 0x06, 0x00, 0x24, 0x23, 0, 0x0001188C, 0x0000000C },
    { 0x0280, 0x00, 0x02, 0x08, 0x00, 0x06, 0x00, 0x24, 0x23, 0, 0x00011898, 0x0000000C },
    { 0x0280, 0x00, 0x02, 0x09, 0x00, 0x06, 0x00, 0x24, 0x23, 0, 0x000118A4, 0x0000000C },
    { 0x0280, 0x00, 0x02, 0x0A, 0x00, 0x06, 0x00, 0x24, 0x23, 0, 0x000118B0, 0x0000000C },
    { 0x0280, 0x00, 0x02, 0x0B, 0x00, 0x06, 0x00, 0x24, 0x23, 0, 0x000118BC, 0x0000000C },
    { 0x0280, 0x00, 0x02, 0x0C, 0x00, 0x06, 0x00, 0x24, 0x23, 0, 0x000118C8, 0x0000000C },
    { 0x0280, 0x00, 0x02, 0x0D, 0x00, 0x06, 0x00, 0x24, 0x23, 0, 0x000118D4, 0x0000000C },
    { 0x0280, 0x00, 0x02, 0x0E, 0x00, 0x06, 0x00, 0x24, 0x23, 0, 0x000118E0, 0x0000000C },
    { 0x0280, 0x00, 0x02, 0x0F, 0x00, 0x06, 0x00, 0x24, 0x23, 0, 0x000118EC, 0x0000000C },
    { 0x0280, 0x00, 0x02, 0x10, 0x00, 0x06, 0x00, 0x24, 0x23, 0, 0x000118F8, 0x0000000C },
    { 0x0280, 0x00, 0x02, 0x11, 0x00, 0x06, 0x00, 0x24, 0x23, 0, 0x00011904, 0x0000000C },
    { 0x0280, 0x00, 0x02, 0x12, 0x00, 0x06, 0x00, 0x24, 0x23, 0, 0x00011910, 0x0000000C },
    { 0x0280, 0x00, 0x02, 0x13, 0x00, 0x06, 0x00, 0x24, 0x23, 0, 0x0001191C, 0x0000000C },
    { 0x0280, 0x00, 0x02, 0x14, 0x00, 0x06, 0x00, 0x24, 0x23, 0, 0x00011928, 0x0000000C },
    { 0x0280, 0x00, 0x02, 0x15, 0x00, 0x06, 0x00, 0x24, 0x23, 0, 0x00011934, 0x0000000C },
    { 0x0280, 0x00, 0x02, 0x16, 0x00, 0x06, 0x00, 0x24, 0x23, 0, 0x00011940, 0x0000000C },
    { 0x0280, 0x00, 0x02, 0x17, 0x00, 0x06, 0x00, 0x24, 0x23, 0, 0x0001194C, 0x0000000C },
    { 0x0280, 0x00, 0x02, 0x18, 0x00, 0x06, 0x00, 0x24, 0x23, 0, 0x00011958, 0x0000000C },
    { 0x0280, 0x00, 0x02, 0x19, 0x00, 0x06, 0x00, 0x24, 0x23, 0, 0x00011964, 0x0000000C },
    { 0x0280, 0x00, 0x02, 0x1A, 0x00, 0x06, 0x00, 0x24, 0x23, 0, 0x00011970, 0x0000000C },
    { 0x0280, 0x00, 0x02, 0x1B, 0x00, 0x06, 0x00, 0x24, 0x23, 0, 0x0001197C, 0x0000000C },
    { 0x0280, 0x00, 0x02, 0x1C, 0x00, 0x06, 0x00, 0x24, 0x23, 0, 0x00011988, 0x0000000C },
    { 0x0280, 0x00, 0x02, 0x1D, 0x00, 0x06, 0x00, 0x24, 0x23, 0, 0x00011994, 0x0000000C },
    { 0x0280, 0x00, 0x02, 0x1E, 0x00, 0x06, 0x00, 0x24, 0x23, 0, 0x000119A0, 0x0000000C },
    { 0x0280, 0x00, 0x02, 0x1F, 0x00, 0x06, 0x00, 0x24, 0x23, 0, 0x000119AC, 0x0000000C },
    { 0x0280, 0x00, 0x02, 0x20, 0x00, 0x06, 0x00, 0x24, 0x23, 0, 0x000119B8, 0x0000000C },
    { 0x0280, 0x00, 0x02, 0x21, 0x00, 0x06, 0x00, 0x24, 0x23, 0, 0x000119C4, 0x0000000C },
    { 0x0280, 0x00, 0x02, 0x22, 0x00, 0x06, 0x00, 0x24, 0x23, 0, 0x000119D0, 0x0000000C },
    { 0x0280, 0x00, 0x02, 0x23, 0x00, 0x06, 0x00, 0x24, 0x23, 0, 0x000119DC, 0x0000000C },
    { 0x0280, 0x00, 0x03, 0x00, 0x00, 0x06, 0x00, 0x24, 0x23, 0, 0x0000FF70, 0x00000100 },
    { 0x0280, 0x00, 0x03, 0x01, 0x00, 0x06, 0x00, 0x24, 0x23, 0, 0x00010D40, 0x00000158 },
    { 0x0280, 0x00, 0x03, 0x02, 0x00, 0x06, 0x00, 0x24, 0x23, 0, 0x00010E98, 0x00000160 },
    { 0x0280, 0x00, 0x03, 0x03, 0x00, 0x06, 0x00, 0x24, 0x23, 0, 0x00010FF8, 0x00000168 },
    { 0x0280, 0x00, 0x03, 0x04, 0x00, 0x06, 0x00, 0x24, 0x23, 0, 0x00011160, 0x00000160 },
    { 0x0280, 0x00, 0x03, 0x05, 0x00, 0x06, 0x00, 0x24, 0x23, 0, 0x000112C0, 0x00000150 },
    { 0x0280, 0x00, 0x03, 0x06, 0x00, 0x06, 0x00, 0x24, 0x23, 0, 0x00011410, 0x00000150 },
    { 0x0280, 0x00, 0x03, 0x07, 0x00, 0x06, 0x00, 0x24, 0x23, 0, 0x00011560, 0x00000158 },
    { 0x0280, 0x00, 0x03, 0x08, 0x00, 0x06, 0x00, 0x24, 0x23, 0, 0x000116B8, 0x00000180 },
    { 0x0280, 0x00, 0x03, 0x09, 0x00, 0x06, 0x00, 0x24, 0x23, 0, 0x00010070, 0x00000160 },
    { 0x0280, 0x00, 0x03, 0x0A, 0x00, 0x06, 0x00, 0x24, 0x23, 0, 0x000101D0, 0x00000160 },
    { 0x0280, 0x00, 0x03, 0x0B, 0x00, 0x06, 0x00, 0x24, 0x23, 0, 0x00010330, 0x00000160 },
    { 0x0280, 0x00, 0x03, 0x0C, 0x00, 0x06, 0x00, 0x24, 0x23, 0, 0x00010490, 0x00000168 },
    { 0x0280, 0x00, 0x03, 0x0D, 0x00, 0x06, 0x00, 0x24, 0x23, 0, 0x000105F8, 0x00000160 },
    { 0x0280, 0x00, 0x03, 0x0E, 0x00, 0x06, 0x00, 0x24, 0x23, 0, 0x00010758, 0x00000158 },
    { 0x0280, 0x00, 0x03, 0x0F, 0x00, 0x06, 0x00, 0x24, 0x23, 0, 0x000108B0, 0x00000160 },
    { 0x0280, 0x00, 0x03, 0x10, 0x00, 0x06, 0x00, 0x24, 0x23, 0, 0x00010A10, 0x000001B8 },
    { 0x0280, 0x00, 0x03, 0x11, 0x00, 0x06, 0x00, 0x24, 0x23, 0, 0x00001748, 0x00000190 },
    { 0x0280, 0x00, 0x03, 0x12, 0x00, 0x06, 0x00, 0x24, 0x23, 0, 0x000018D8, 0x000000F8 },
    { 0x0280, 0x00, 0x03, 0x13, 0x00, 0x06, 0x00, 0x24, 0x23, 0, 0x000019D0, 0x000000E0 },
    { 0x0280, 0x00, 0x03, 0x14, 0x00, 0x06, 0x00, 0x24, 0x23, 0, 0x00001AB0, 0x00000140 },
    { 0x0280, 0x00, 0x03, 0x15, 0x00, 0x06, 0x00, 0x24, 0x23, 0, 0x00001D30, 0x00000140 },
    { 0x0280, 0x00, 0x03, 0x16, 0x00, 0x06, 0x00, 0x24, 0x23, 0, 0x00001BF0, 0x00000140 },
    { 0x0280, 0x00, 0x03, 0x17, 0x00, 0x06, 0x00, 0x24, 0x23, 0, 0x00001E70, 0x00000100 },
    { 0x0280, 0x00, 0x03, 0x18, 0x00, 0x06, 0x00, 0x24, 0x23, 0, 0x00001F70, 0x000000F8 },
    { 0x0280, 0x00, 0x03, 0x19, 0x00, 0x06, 0x00, 0x24, 0x23, 0, 0x00002068, 0x000000E0 },
    { 0x0280, 0x00, 0x03, 0x1A, 0x00, 0x06, 0x00, 0x24, 0x23, 0, 0x00002288, 0x00000140 },
    { 0x0280, 0x00, 0x03, 0x1B, 0x00, 0x06, 0x00, 0x24, 0x23, 0, 0x00002148, 0x00000140 },
    { 0x0280, 0x00, 0x03, 0x1C, 0x00, 0x06, 0x00, 0x24, 0x23, 0, 0x000023C8, 0x00000140 },
    { 0x0280, 0x00, 0x03, 0x1D, 0x00, 0x06, 0x00, 0x24, 0x23, 0, 0x00010BC8, 0x00000178 },
    { 0x0280, 0x00, 0x03, 0x1F, 0x00, 0x06, 0x00, 0x24, 0x23, 0, 0x000013E0, 0x000001D8 },
    { 0x0280, 0x00, 0x03, 0x20, 0x00, 0x06, 0x00, 0x24, 0x23, 0, 0x000015B8, 0x000000C8 },
    { 0x0280, 0x00, 0x03, 0x21, 0x00, 0x06, 0x00, 0x24, 0x23, 0, 0x00001680, 0x000000C8 },
    { 0x0280, 0x00, 0x03, 0x22, 0x00, 0x06, 0x00, 0x24, 0x23, 0, 0x00001308, 0x000000D8 },
    { 0x0280, 0x00, 0x03, 0x23, 0x00, 0x06, 0x00, 0x24, 0x23, 0, 0x00001010, 0x000002F8 },
    { 0x0281, 0x00, 0x00, 0x00, 0x00, 0x06, 0x00, 0x03, 0x03, 0, 0x00000BD8, 0x0000000C },
    { 0x0281, 0x00, 0x01, 0x00, 0x00, 0x06, 0x00, 0x03, 0x03, 0, 0x00000BCC, 0x0000000C },
    { 0x0281, 0x00, 0x02, 0x00, 0x00, 0x06, 0x00, 0x03, 0x03, 0, 0x00000BA8, 0x0000000C },
    { 0x0281, 0x00, 0x02, 0x01, 0x00, 0x06, 0x00, 0x03, 0x03, 0, 0x00000BB4, 0x0000000C },
    { 0x0281, 0x00, 0x02, 0x02, 0x00, 0x06, 0x00, 0x03, 0x03, 0, 0x00000BC0, 0x0000000C },
    { 0x0281, 0x00, 0x03, 0x00, 0x00, 0x06, 0x00, 0x03, 0x03, 0, 0x00000760, 0x000000A8 },
    { 0x0281, 0x00, 0x03, 0x01, 0x00, 0x06, 0x00, 0x03, 0x03, 0, 0x00000808, 0x00000108 },
    { 0x0281, 0x00, 0x03, 0x02, 0x00, 0x06, 0x00, 0x03, 0x03, 0, 0x00000910, 0x00000298 },
    { 0x0281, 0x01, 0x00, 0x00, 0x00, 0x06, 0x00, 0x0F, 0x0E, 0, 0x00007E88, 0x0000000C },
    { 0x0281, 0x01, 0x01, 0x00, 0x00, 0x06, 0x00, 0x0F, 0x0E, 0, 0x00007E4C, 0x0000003C },
    { 0x0281, 0x01, 0x02, 0x00, 0x00, 0x06, 0x00, 0x0F, 0x0E, 0, 0x00007D98, 0x0000000C },
    { 0x0281, 0x01, 0x02, 0x01, 0x00, 0x06, 0x00, 0x0F, 0x0E, 0, 0x00007DA4, 0x0000000C },
    { 0x0281, 0x01, 0x02, 0x02, 0x00, 0x06, 0x00, 0x0F, 0x0E, 0, 0x00007DB0, 0x0000000C },
    { 0x0281, 0x01, 0x02, 0x03, 0x00, 0x06, 0x00, 0x0F, 0x0E, 0, 0x00007DBC, 0x0000000C },
    { 0x0281, 0x01, 0x02, 0x04, 0x00, 0x06, 0x00, 0x0F, 0x0E, 0, 0x00007DC8, 0x0000000C },
    { 0x0281, 0x01, 0x02, 0x05, 0x00, 0x06, 0x00, 0x0F, 0x0E, 0, 0x00007DD4, 0x0000000C },
    { 0x0281, 0x01, 0x02, 0x06, 0x00, 0x06, 0x00, 0x0F, 0x0E, 0, 0x00007DE0, 0x0000000C },
    { 0x0281, 0x01, 0x02, 0x07, 0x00, 0x06, 0x00, 0x0F, 0x0E, 0, 0x00007DEC, 0x0000000C },
    { 0x0281, 0x01, 0x02, 0x08, 0x00, 0x06, 0x00, 0x0F, 0x0E, 0, 0x00007DF8, 0x0000000C },
    { 0x0281, 0x01, 0x02, 0x09, 0x00, 0x06, 0x00, 0x0F, 0x0E, 0, 0x00007E04, 0x0000000C },
    { 0x0281, 0x01, 0x02, 0x0A, 0x00, 0x06, 0x00, 0x0F, 0x0E, 0, 0x00007E10, 0x0000000C },
    { 0x0281, 0x01, 0x02, 0x0B, 0x00, 0x06, 0x00, 0x0F, 0x0E, 0, 0x00007E1C, 0x0000000C },
    { 0x0281, 0x01, 0x02, 0x0C, 0x00, 0x06, 0x00, 0x0F, 0x0E, 0, 0x00007E28, 0x0000000C },
    { 0x0281, 0x01, 0x02, 0x0D, 0x00, 0x06, 0x00, 0x0F, 0x0E, 0, 0x00007E34, 0x0000000C },
    { 0x0281, 0x01, 0x02, 0x0E, 0x00, 0x06, 0x00, 0x0F, 0x0E, 0, 0x00007E40, 0x0000000C },
    { 0x0281, 0x01, 0x03, 0x01, 0x00, 0x06, 0x00, 0x0F, 0x0E, 0, 0x00006DD8, 0x00000120 },
    { 0x0281, 0x01, 0x03, 0x02, 0x00, 0x06, 0x00, 0x0F, 0x0E, 0, 0x00006EF8, 0x000000E8 },
    { 0x0281, 0x01, 0x03, 0x03, 0x00, 0x06, 0x00, 0x0F, 0x0E, 0, 0x00006FE0, 0x00000128 },
    { 0x0281, 0x01, 0x03, 0x04, 0x00, 0x06, 0x00, 0x0F, 0x0E, 0, 0x00007108, 0x00000120 },
    { 0x0281, 0x01, 0x03, 0x05, 0x00, 0x06, 0x00, 0x0F, 0x0E, 0, 0x00007228, 0x00000110 },
    { 0x0281, 0x01, 0x03, 0x06, 0x00, 0x06, 0x00, 0x0F, 0x0E, 0, 0x00007338, 0x000000E8 },
    { 0x0281, 0x01, 0x03, 0x07, 0x00, 0x06, 0x00, 0x0F, 0x0E, 0, 0x00007420, 0x00000120 },
    { 0x0281, 0x01, 0x03, 0x08, 0x00, 0x06, 0x00, 0x0F, 0x0E, 0, 0x00007540, 0x00000110 },
    { 0x0281, 0x01, 0x03, 0x09, 0x00, 0x06, 0x00, 0x0F, 0x0E, 0, 0x00007650, 0x000000E8 },
    { 0x0281, 0x01, 0x03, 0x0A, 0x00, 0x06, 0x00, 0x0F, 0x0E, 0, 0x00007738, 0x000000E0 },
    { 0x0281, 0x01, 0x03, 0x0B, 0x00, 0x06, 0x00, 0x0F, 0x0E, 0, 0x00007818, 0x000000E0 },
    { 0x0281, 0x01, 0x03, 0x0C, 0x00, 0x06, 0x00, 0x0F, 0x0E, 0, 0x000078F8, 0x000002B0 },
    { 0x0281, 0x01, 0x03, 0x0D, 0x00, 0x06, 0x00, 0x0F, 0x0E, 0, 0x00007BA8, 0x000001F0 },
    { 0x0281, 0x01, 0x03, 0x0E, 0x00, 0x06, 0x00, 0x0F, 0x0E, 0, 0x00006D10, 0x000000C8 },
    { 0x0282, 0x00, 0x00, 0x00, 0x00, 0x06, 0x00, 0x0A, 0x09, 0, 0x00007B38, 0x0000000C },
    { 0x0282, 0x00, 0x01, 0x00, 0x00, 0x06, 0x00, 0x0A, 0x09, 0, 0x00007B10, 0x00000028 },
    { 0x0282, 0x00, 0x02, 0x00, 0x00, 0x06, 0x00, 0x0A, 0x09, 0, 0x00007A98, 0x0000000C },
    { 0x0282, 0x00, 0x02, 0x01, 0x00, 0x06, 0x00, 0x0A, 0x09, 0, 0x00007AA4, 0x0000000C },
    { 0x0282, 0x00, 0x02, 0x02, 0x00, 0x06, 0x00, 0x0A, 0x09, 0, 0x00007AB0, 0x0000000C },
    { 0x0282, 0x00, 0x02, 0x03, 0x00, 0x06, 0x00, 0x0A, 0x09, 0, 0x00007ABC, 0x0000000C },
    { 0x0282, 0x00, 0x02, 0x04, 0x00, 0x06, 0x00, 0x0A, 0x09, 0, 0x00007AC8, 0x0000000C },
    { 0x0282, 0x00, 0x02, 0x05, 0x00, 0x06, 0x00, 0x0A, 0x09, 0, 0x00007AD4, 0x0000000C },
    { 0x0282, 0x00, 0x02, 0x06, 0x00, 0x06, 0x00, 0x0A, 0x09, 0, 0x00007AE0, 0x0000000C },
    { 0x0282, 0x00, 0x02, 0x07, 0x00, 0x06, 0x00, 0x0A, 0x09, 0, 0x00007AEC, 0x0000000C },
    { 0x0282, 0x00, 0x02, 0x08, 0x00, 0x06, 0x00, 0x0A, 0x09, 0, 0x00007AF8, 0x0000000C },
    { 0x0282, 0x00, 0x02, 0x09, 0x00, 0x06, 0x00, 0x0A, 0x09, 0, 0x00007B04, 0x0000000C },
    { 0x0282, 0x00, 0x03, 0x01, 0x00, 0x06, 0x00, 0x0A, 0x09, 0, 0x000023D8, 0x000005C8 },
    { 0x0282, 0x00, 0x03, 0x02, 0x00, 0x06, 0x00, 0x0A, 0x09, 0, 0x00002E20, 0x00000100 },
    { 0x0282, 0x00, 0x03, 0x03, 0x00, 0x06, 0x00, 0x0A, 0x09, 0, 0x00002F20, 0x00000138 },
    { 0x0282, 0x00, 0x03, 0x04, 0x00, 0x06, 0x00, 0x0A, 0x09, 0, 0x00003058, 0x00000248 },
    { 0x0282, 0x00, 0x03, 0x05, 0x00, 0x06, 0x00, 0x0A, 0x09, 0, 0x000029A0, 0x00000100 },
    { 0x0282, 0x00, 0x03, 0x06, 0x00, 0x06, 0x00, 0x0A, 0x09, 0, 0x00002AA0, 0x00000138 },
    { 0x0282, 0x00, 0x03, 0x07, 0x00, 0x06, 0x00, 0x0A, 0x09, 0, 0x00002BD8, 0x00000248 },
    { 0x0282, 0x00, 0x03, 0x08, 0x00, 0x06, 0x00, 0x0A, 0x09, 0, 0x00005220, 0x000010F8 },
    { 0x0282, 0x00, 0x03, 0x09, 0x00, 0x06, 0x00, 0x0A, 0x09, 0, 0x00002230, 0x000001A8 },
    { 0x0283, 0x00, 0x00, 0x00, 0x00, 0x06, 0x03, 0x02, 0x00, 0, 0x000012E8, 0x00000008 },
    { 0x0283, 0x00, 0x01, 0x00, 0x00, 0x06, 0x03, 0x02, 0x00, 0, 0x000012E0, 0x00000008 },
    { 0x0283, 0x00, 0x02, 0x00, 0x00, 0x06, 0x03, 0x02, 0x00, 0, 0x000012C8, 0x0000000C },
    { 0x0283, 0x00, 0x02, 0x01, 0x00, 0x06, 0x03, 0x02, 0x00, 0, 0x000012D4, 0x0000000C },
    { 0x0283, 0x00, 0x03, 0x01, 0x01, 0x06, 0x03, 0x02, 0x00, 0, 0x000001B0, 0x00000118 },
    { 0x0287, 0x00, 0x00, 0x00, 0x00, 0x06, 0x00, 0x09, 0x05, 0, 0x000015D8, 0x0000000C },
    { 0x0287, 0x00, 0x01, 0x00, 0x00, 0x06, 0x00, 0x09, 0x05, 0, 0x000015B4, 0x00000024 },
    { 0x0287, 0x00, 0x02, 0x00, 0x00, 0x06, 0x00, 0x09, 0x05, 0, 0x00001548, 0x0000000C },
    { 0x0287, 0x00, 0x02, 0x01, 0x00, 0x06, 0x00, 0x09, 0x05, 0, 0x00001554, 0x0000000C },
    { 0x0287, 0x00, 0x02, 0x02, 0x00, 0x06, 0x00, 0x09, 0x05, 0, 0x00001560, 0x0000000C },
    { 0x0287, 0x00, 0x02, 0x03, 0x00, 0x06, 0x00, 0x09, 0x05, 0, 0x0000156C, 0x0000000C },
    { 0x0287, 0x00, 0x02, 0x04, 0x00, 0x06, 0x00, 0x09, 0x05, 0, 0x00001578, 0x0000000C },
    { 0x0287, 0x00, 0x02, 0x05, 0x00, 0x06, 0x00, 0x09, 0x05, 0, 0x00001584, 0x0000000C },
    { 0x0287, 0x00, 0x02, 0x06, 0x00, 0x06, 0x00, 0x09, 0x05, 0, 0x00001590, 0x0000000C },
    { 0x0287, 0x00, 0x02, 0x07, 0x00, 0x06, 0x00, 0x09, 0x05, 0, 0x0000159C, 0x0000000C },
    { 0x0287, 0x00, 0x02, 0x08, 0x00, 0x06, 0x00, 0x09, 0x05, 0, 0x000015A8, 0x0000000C },
    { 0x0287, 0x00, 0x03, 0x02, 0x00, 0x06, 0x00, 0x09, 0x05, 0, 0x000007E0, 0x000000B8 },
    { 0x0287, 0x00, 0x03, 0x04, 0x00, 0x06, 0x00, 0x09, 0x05, 0, 0x00000898, 0x00000138 },
    { 0x0287, 0x00, 0x03, 0x05, 0x00, 0x06, 0x00, 0x09, 0x05, 0, 0x000009D0, 0x00000118 },
    { 0x0287, 0x00, 0x03, 0x07, 0x00, 0x06, 0x00, 0x09, 0x05, 0, 0x00000AE8, 0x00000118 },
    { 0x0287, 0x00, 0x03, 0x08, 0x00, 0x06, 0x00, 0x09, 0x05, 0, 0x00000C00, 0x00000148 },
    { 0x028E, 0x00, 0x00, 0x00, 0x00, 0x06, 0x00, 0x12, 0x11, 0, 0x000181C8, 0x0000000C },
    { 0x028E, 0x00, 0x01, 0x00, 0x00, 0x06, 0x00, 0x12, 0x11, 0, 0x00018180, 0x00000048 },
    { 0x028E, 0x00, 0x02, 0x00, 0x00, 0x06, 0x00, 0x12, 0x11, 0, 0x000180A8, 0x0000000C },
    { 0x028E, 0x00, 0x02, 0x01, 0x00, 0x06, 0x00, 0x12, 0x11, 0, 0x000180B4, 0x0000000C },
    { 0x028E, 0x00, 0x02, 0x02, 0x00, 0x06, 0x00, 0x12, 0x11, 0, 0x000180C0, 0x0000000C },
    { 0x028E, 0x00, 0x02, 0x03, 0x00, 0x06, 0x00, 0x12, 0x11, 0, 0x000180CC, 0x0000000C },
    { 0x028E, 0x00, 0x02, 0x04, 0x00, 0x06, 0x00, 0x12, 0x11, 0, 0x000180D8, 0x0000000C },
    { 0x028E, 0x00, 0x02, 0x05, 0x00, 0x06, 0x00, 0x12, 0x11, 0, 0x000180E4, 0x0000000C },
    { 0x028E, 0x00, 0x02, 0x06, 0x00, 0x06, 0x00, 0x12, 0x11, 0, 0x000180F0, 0x0000000C },
    { 0x028E, 0x00, 0x02, 0x07, 0x00, 0x06, 0x00, 0x12, 0x11, 0, 0x000180FC, 0x0000000C },
    { 0x028E, 0x00, 0x02, 0x08, 0x00, 0x06, 0x00, 0x12, 0x11, 0, 0x00018108, 0x0000000C },
    { 0x028E, 0x00, 0x02, 0x09, 0x00, 0x06, 0x00, 0x12, 0x11, 0, 0x00018114, 0x0000000C },
    { 0x028E, 0x00, 0x02, 0x0A, 0x00, 0x06, 0x00, 0x12, 0x11, 0, 0x00018120, 0x0000000C },
    { 0x028E, 0x00, 0x02, 0x0B, 0x00, 0x06, 0x00, 0x12, 0x11, 0, 0x0001812C, 0x0000000C },
    { 0x028E, 0x00, 0x02, 0x0C, 0x00, 0x06, 0x00, 0x12, 0x11, 0, 0x00018138, 0x0000000C },
    { 0x028E, 0x00, 0x02, 0x0D, 0x00, 0x06, 0x00, 0x12, 0x11, 0, 0x00018144, 0x0000000C },
    { 0x028E, 0x00, 0x02, 0x0E, 0x00, 0x06, 0x00, 0x12, 0x11, 0, 0x00018150, 0x0000000C },
    { 0x028E, 0x00, 0x02, 0x0F, 0x00, 0x06, 0x00, 0x12, 0x11, 0, 0x0001815C, 0x0000000C },
    { 0x028E, 0x00, 0x02, 0x10, 0x00, 0x06, 0x00, 0x12, 0x11, 0, 0x00018168, 0x0000000C },
    { 0x028E, 0x00, 0x02, 0x11, 0x00, 0x06, 0x00, 0x12, 0x11, 0, 0x00018174, 0x0000000C },
    { 0x028E, 0x00, 0x03, 0x01, 0x00, 0x06, 0x00, 0x12, 0x11, 0, 0x00017B40, 0x00000240 },
    { 0x028E, 0x00, 0x03, 0x02, 0x00, 0x06, 0x00, 0x12, 0x11, 0, 0x00017D80, 0x00000328 },
    { 0x028E, 0x00, 0x03, 0x03, 0x00, 0x06, 0x00, 0x12, 0x11, 0, 0x00012F50, 0x00000208 },
    { 0x028E, 0x00, 0x03, 0x04, 0x00, 0x06, 0x00, 0x12, 0x11, 0, 0x00017658, 0x000001C0 },
    { 0x028E, 0x00, 0x03, 0x05, 0x00, 0x06, 0x00, 0x12, 0x11, 0, 0x00017818, 0x00000328 },
    { 0x028E, 0x00, 0x03, 0x06, 0x00, 0x06, 0x00, 0x12, 0x11, 0, 0x00012D48, 0x00000208 },
    { 0x028E, 0x00, 0x03, 0x07, 0x00, 0x06, 0x00, 0x12, 0x11, 0, 0x00016848, 0x00000798 },
    { 0x028E, 0x00, 0x03, 0x08, 0x00, 0x06, 0x00, 0x12, 0x11, 0, 0x000172D8, 0x000001C8 },
    { 0x028E, 0x00, 0x03, 0x09, 0x00, 0x06, 0x00, 0x12, 0x11, 0, 0x000174A0, 0x000001B8 },
    { 0x028E, 0x00, 0x03, 0x0A, 0x00, 0x06, 0x00, 0x12, 0x11, 0, 0x000126B8, 0x00000348 },
    { 0x028E, 0x00, 0x03, 0x0B, 0x00, 0x06, 0x00, 0x12, 0x11, 0, 0x00016FE0, 0x00000140 },
    { 0x028E, 0x00, 0x03, 0x0C, 0x00, 0x06, 0x00, 0x12, 0x11, 0, 0x00017120, 0x000001B8 },
    { 0x028E, 0x00, 0x03, 0x0D, 0x00, 0x06, 0x00, 0x12, 0x11, 0, 0x00012A00, 0x00000348 },
    { 0x028E, 0x00, 0x03, 0x0E, 0x00, 0x06, 0x00, 0x12, 0x11, 0, 0x000114A8, 0x000010F8 },
    { 0x028E, 0x00, 0x03, 0x0F, 0x00, 0x06, 0x00, 0x12, 0x11, 0, 0x000125A0, 0x00000008 },
    { 0x028E, 0x00, 0x03, 0x10, 0x00, 0x06, 0x00, 0x12, 0x11, 0, 0x000125A8, 0x00000110 },
    { 0x028E, 0x00, 0x03, 0x11, 0x00, 0x06, 0x00, 0x12, 0x11, 0, 0x00016490, 0x000003B8 },
    { 0x0290, 0x00, 0x00, 0x00, 0x00, 0x06, 0x00, 0x08, 0x04, 0, 0x00002BF0, 0x0000000C },
    { 0x0290, 0x00, 0x01, 0x00, 0x00, 0x06, 0x00, 0x08, 0x04, 0, 0x00002BD0, 0x00000020 },
    { 0x0290, 0x00, 0x02, 0x00, 0x00, 0x06, 0x00, 0x08, 0x04, 0, 0x00002B70, 0x0000000C },
    { 0x0290, 0x00, 0x02, 0x01, 0x00, 0x06, 0x00, 0x08, 0x04, 0, 0x00002B7C, 0x0000000C },
    { 0x0290, 0x00, 0x02, 0x02, 0x00, 0x06, 0x00, 0x08, 0x04, 0, 0x00002B88, 0x0000000C },
    { 0x0290, 0x00, 0x02, 0x03, 0x00, 0x06, 0x00, 0x08, 0x04, 0, 0x00002B94, 0x0000000C },
    { 0x0290, 0x00, 0x02, 0x04, 0x00, 0x06, 0x00, 0x08, 0x04, 0, 0x00002BA0, 0x0000000C },
    { 0x0290, 0x00, 0x02, 0x05, 0x00, 0x06, 0x00, 0x08, 0x04, 0, 0x00002BAC, 0x0000000C },
    { 0x0290, 0x00, 0x02, 0x06, 0x00, 0x06, 0x00, 0x08, 0x04, 0, 0x00002BB8, 0x0000000C },
    { 0x0290, 0x00, 0x02, 0x07, 0x00, 0x06, 0x00, 0x08, 0x04, 0, 0x00002BC4, 0x0000000C },
    { 0x0290, 0x00, 0x03, 0x03, 0x00, 0x06, 0x00, 0x08, 0x04, 0, 0x000025B0, 0x000002A8 },
    { 0x0290, 0x00, 0x03, 0x05, 0x00, 0x06, 0x00, 0x08, 0x04, 0, 0x00002858, 0x00000298 },
    { 0x0290, 0x00, 0x03, 0x06, 0x00, 0x06, 0x00, 0x08, 0x04, 0, 0x00000E70, 0x000001B0 },
    { 0x0290, 0x00, 0x03, 0x07, 0x00, 0x06, 0x00, 0x08, 0x04, 0, 0x00000D80, 0x000000F0 },
    { 0x0297, 0x00, 0x00, 0x00, 0x00, 0x06, 0x00, 0x10, 0x0F, 0, 0x0000B1A0, 0x0000000C },
    { 0x0297, 0x00, 0x01, 0x00, 0x00, 0x06, 0x00, 0x10, 0x0F, 0, 0x0000B160, 0x00000040 },
    { 0x0297, 0x00, 0x02, 0x00, 0x00, 0x06, 0x00, 0x10, 0x0F, 0, 0x0000B0A0, 0x0000000C },
    { 0x0297, 0x00, 0x02, 0x01, 0x00, 0x06, 0x00, 0x10, 0x0F, 0, 0x0000B0AC, 0x0000000C },
    { 0x0297, 0x00, 0x02, 0x02, 0x00, 0x06, 0x00, 0x10, 0x0F, 0, 0x0000B0B8, 0x0000000C },
    { 0x0297, 0x00, 0x02, 0x03, 0x00, 0x06, 0x00, 0x10, 0x0F, 0, 0x0000B0C4, 0x0000000C },
    { 0x0297, 0x00, 0x02, 0x04, 0x00, 0x06, 0x00, 0x10, 0x0F, 0, 0x0000B0D0, 0x0000000C },
    { 0x0297, 0x00, 0x02, 0x05, 0x00, 0x06, 0x00, 0x10, 0x0F, 0, 0x0000B0DC, 0x0000000C },
    { 0x0297, 0x00, 0x02, 0x06, 0x00, 0x06, 0x00, 0x10, 0x0F, 0, 0x0000B0E8, 0x0000000C },
    { 0x0297, 0x00, 0x02, 0x07, 0x00, 0x06, 0x00, 0x10, 0x0F, 0, 0x0000B0F4, 0x0000000C },
    { 0x0297, 0x00, 0x02, 0x08, 0x00, 0x06, 0x00, 0x10, 0x0F, 0, 0x0000B100, 0x0000000C },
    { 0x0297, 0x00, 0x02, 0x09, 0x00, 0x06, 0x00, 0x10, 0x0F, 0, 0x0000B10C, 0x0000000C },
    { 0x0297, 0x00, 0x02, 0x0A, 0x00, 0x06, 0x00, 0x10, 0x0F, 0, 0x0000B118, 0x0000000C },
    { 0x0297, 0x00, 0x02, 0x0B, 0x00, 0x06, 0x00, 0x10, 0x0F, 0, 0x0000B124, 0x0000000C },
    { 0x0297, 0x00, 0x02, 0x0C, 0x00, 0x06, 0x00, 0x10, 0x0F, 0, 0x0000B130, 0x0000000C },
    { 0x0297, 0x00, 0x02, 0x0D, 0x00, 0x06, 0x00, 0x10, 0x0F, 0, 0x0000B13C, 0x0000000C },
    { 0x0297, 0x00, 0x02, 0x0E, 0x00, 0x06, 0x00, 0x10, 0x0F, 0, 0x0000B148, 0x0000000C },
    { 0x0297, 0x00, 0x02, 0x0F, 0x00, 0x06, 0x00, 0x10, 0x0F, 0, 0x0000B154, 0x0000000C },
    { 0x0297, 0x00, 0x03, 0x01, 0x00, 0x06, 0x00, 0x10, 0x0F, 0, 0x0000A0A8, 0x00000258 },
    { 0x0297, 0x00, 0x03, 0x02, 0x00, 0x06, 0x00, 0x10, 0x0F, 0, 0x0000A9D0, 0x00000250 },
    { 0x0297, 0x00, 0x03, 0x03, 0x00, 0x06, 0x00, 0x10, 0x0F, 0, 0x0000AC20, 0x000002C0 },
    { 0x0297, 0x00, 0x03, 0x04, 0x00, 0x06, 0x00, 0x10, 0x0F, 0, 0x0000AEE0, 0x000001C0 },
    { 0x0297, 0x00, 0x03, 0x05, 0x00, 0x06, 0x00, 0x10, 0x0F, 0, 0x0000A300, 0x00000250 },
    { 0x0297, 0x00, 0x03, 0x06, 0x00, 0x06, 0x00, 0x10, 0x0F, 0, 0x0000A550, 0x000002C0 },
    { 0x0297, 0x00, 0x03, 0x07, 0x00, 0x06, 0x00, 0x10, 0x0F, 0, 0x0000A810, 0x000001C0 },
    { 0x0297, 0x00, 0x03, 0x08, 0x00, 0x06, 0x00, 0x10, 0x0F, 0, 0x00009918, 0x00000190 },
    { 0x0297, 0x00, 0x03, 0x09, 0x00, 0x06, 0x00, 0x10, 0x0F, 0, 0x00009DA8, 0x000001C8 },
    { 0x0297, 0x00, 0x03, 0x0A, 0x00, 0x06, 0x00, 0x10, 0x0F, 0, 0x00009F70, 0x00000138 },
    { 0x0297, 0x00, 0x03, 0x0B, 0x00, 0x06, 0x00, 0x10, 0x0F, 0, 0x00007900, 0x00000140 },
    { 0x0297, 0x00, 0x03, 0x0C, 0x00, 0x06, 0x00, 0x10, 0x0F, 0, 0x00009AA8, 0x000001C8 },
    { 0x0297, 0x00, 0x03, 0x0D, 0x00, 0x06, 0x00, 0x10, 0x0F, 0, 0x00009C70, 0x00000138 },
    { 0x0297, 0x00, 0x03, 0x0E, 0x00, 0x06, 0x00, 0x10, 0x0F, 0, 0x00007A40, 0x00000140 },
    { 0x0297, 0x00, 0x03, 0x0F, 0x00, 0x06, 0x00, 0x10, 0x0F, 0, 0x00006BF8, 0x00000D08 },
    { 0x029B, 0x00, 0x00, 0x00, 0x00, 0x06, 0x00, 0x13, 0x12, 0, 0x00013B88, 0x0000000C },
    { 0x029B, 0x00, 0x01, 0x00, 0x00, 0x06, 0x00, 0x13, 0x12, 0, 0x00013B3C, 0x0000004C },
    { 0x029B, 0x00, 0x02, 0x00, 0x00, 0x06, 0x00, 0x13, 0x12, 0, 0x00013A58, 0x0000000C },
    { 0x029B, 0x00, 0x02, 0x01, 0x00, 0x06, 0x00, 0x13, 0x12, 0, 0x00013A64, 0x0000000C },
    { 0x029B, 0x00, 0x02, 0x02, 0x00, 0x06, 0x00, 0x13, 0x12, 0, 0x00013A70, 0x0000000C },
    { 0x029B, 0x00, 0x02, 0x03, 0x00, 0x06, 0x00, 0x13, 0x12, 0, 0x00013A7C, 0x0000000C },
    { 0x029B, 0x00, 0x02, 0x04, 0x00, 0x06, 0x00, 0x13, 0x12, 0, 0x00013A88, 0x0000000C },
    { 0x029B, 0x00, 0x02, 0x05, 0x00, 0x06, 0x00, 0x13, 0x12, 0, 0x00013A94, 0x0000000C },
    { 0x029B, 0x00, 0x02, 0x06, 0x00, 0x06, 0x00, 0x13, 0x12, 0, 0x00013AA0, 0x0000000C },
    { 0x029B, 0x00, 0x02, 0x07, 0x00, 0x06, 0x00, 0x13, 0x12, 0, 0x00013AAC, 0x0000000C },
    { 0x029B, 0x00, 0x02, 0x08, 0x00, 0x06, 0x00, 0x13, 0x12, 0, 0x00013AB8, 0x0000000C },
    { 0x029B, 0x00, 0x02, 0x09, 0x00, 0x06, 0x00, 0x13, 0x12, 0, 0x00013AC4, 0x0000000C },
    { 0x029B, 0x00, 0x02, 0x0A, 0x00, 0x06, 0x00, 0x13, 0x12, 0, 0x00013AD0, 0x0000000C },
    { 0x029B, 0x00, 0x02, 0x0B, 0x00, 0x06, 0x00, 0x13, 0x12, 0, 0x00013ADC, 0x0000000C },
    { 0x029B, 0x00, 0x02, 0x0C, 0x00, 0x06, 0x00, 0x13, 0x12, 0, 0x00013AE8, 0x0000000C },
    { 0x029B, 0x00, 0x02, 0x0D, 0x00, 0x06, 0x00, 0x13, 0x12, 0, 0x00013AF4, 0x0000000C },
    { 0x029B, 0x00, 0x02, 0x0E, 0x00, 0x06, 0x00, 0x13, 0x12, 0, 0x00013B00, 0x0000000C },
    { 0x029B, 0x00, 0x02, 0x0F, 0x00, 0x06, 0x00, 0x13, 0x12, 0, 0x00013B0C, 0x0000000C },
    { 0x029B, 0x00, 0x02, 0x10, 0x00, 0x06, 0x00, 0x13, 0x12, 0, 0x00013B18, 0x0000000C },
    { 0x029B, 0x00, 0x02, 0x11, 0x00, 0x06, 0x00, 0x13, 0x12, 0, 0x00013B24, 0x0000000C },
    { 0x029B, 0x00, 0x02, 0x12, 0x00, 0x06, 0x00, 0x13, 0x12, 0, 0x00013B30, 0x0000000C },
    { 0x029B, 0x00, 0x03, 0x01, 0x00, 0x06, 0x00, 0x13, 0x12, 0, 0x0000BD80, 0x00000348 },
    { 0x029B, 0x00, 0x03, 0x02, 0x00, 0x06, 0x00, 0x13, 0x12, 0, 0x0000C0C8, 0x000001D0 },
    { 0x029B, 0x00, 0x03, 0x03, 0x00, 0x06, 0x00, 0x13, 0x12, 0, 0x000076E0, 0x000001A0 },
    { 0x029B, 0x00, 0x03, 0x04, 0x00, 0x06, 0x00, 0x13, 0x12, 0, 0x0000B7E0, 0x00000348 },
    { 0x029B, 0x00, 0x03, 0x05, 0x00, 0x06, 0x00, 0x13, 0x12, 0, 0x0000BB28, 0x00000258 },
    { 0x029B, 0x00, 0x03, 0x06, 0x00, 0x06, 0x00, 0x13, 0x12, 0, 0x00007880, 0x000001A0 },
    { 0x029B, 0x00, 0x03, 0x07, 0x00, 0x06, 0x00, 0x13, 0x12, 0, 0x0000B5B8, 0x00000228 },
    { 0x029B, 0x00, 0x03, 0x08, 0x00, 0x06, 0x00, 0x13, 0x12, 0, 0x0000A0D8, 0x00000330 },
    { 0x029B, 0x00, 0x03, 0x09, 0x00, 0x06, 0x00, 0x13, 0x12, 0, 0x0000ACA0, 0x00000228 },
    { 0x029B, 0x00, 0x03, 0x0A, 0x00, 0x06, 0x00, 0x13, 0x12, 0, 0x0000AEC8, 0x000002B0 },
    { 0x029B, 0x00, 0x03, 0x0B, 0x00, 0x06, 0x00, 0x13, 0x12, 0, 0x0000B178, 0x00000440 },
    { 0x029B, 0x00, 0x03, 0x0C, 0x00, 0x06, 0x00, 0x13, 0x12, 0, 0x0000A408, 0x00000228 },
    { 0x029B, 0x00, 0x03, 0x0D, 0x00, 0x06, 0x00, 0x13, 0x12, 0, 0x0000A630, 0x000002B0 },
    { 0x029B, 0x00, 0x03, 0x0E, 0x00, 0x06, 0x00, 0x13, 0x12, 0, 0x0000A8E0, 0x000003C0 },
    { 0x029B, 0x00, 0x03, 0x0F, 0x00, 0x06, 0x00, 0x13, 0x12, 0, 0x00006730, 0x00000C68 },
    { 0x029B, 0x00, 0x03, 0x10, 0x00, 0x06, 0x00, 0x13, 0x12, 0, 0x000074C0, 0x00000128 },
    { 0x029B, 0x00, 0x03, 0x11, 0x00, 0x06, 0x00, 0x13, 0x12, 0, 0x00007398, 0x00000128 },
    { 0x029B, 0x00, 0x03, 0x12, 0x00, 0x06, 0x00, 0x13, 0x12, 0, 0x000075E8, 0x000000F8 },
    { 0x029C, 0x00, 0x00, 0x00, 0x00, 0x06, 0x00, 0x1A, 0x1A, 0, 0x0000C530, 0x0000000C },
    { 0x029C, 0x00, 0x01, 0x00, 0x00, 0x06, 0x00, 0x1A, 0x1A, 0, 0x0000C4C8, 0x00000068 },
    { 0x029C, 0x00, 0x02, 0x00, 0x00, 0x06, 0x00, 0x1A, 0x1A, 0, 0x0000C390, 0x0000000C },
    { 0x029C, 0x00, 0x02, 0x01, 0x00, 0x06, 0x00, 0x1A, 0x1A, 0, 0x0000C39C, 0x0000000C },
    { 0x029C, 0x00, 0x02, 0x02, 0x00, 0x06, 0x00, 0x1A, 0x1A, 0, 0x0000C3A8, 0x0000000C },
    { 0x029C, 0x00, 0x02, 0x03, 0x00, 0x06, 0x00, 0x1A, 0x1A, 0, 0x0000C3B4, 0x0000000C },
    { 0x029C, 0x00, 0x02, 0x04, 0x00, 0x06, 0x00, 0x1A, 0x1A, 0, 0x0000C3C0, 0x0000000C },
    { 0x029C, 0x00, 0x02, 0x05, 0x00, 0x06, 0x00, 0x1A, 0x1A, 0, 0x0000C3CC, 0x0000000C },
    { 0x029C, 0x00, 0x02, 0x06, 0x00, 0x06, 0x00, 0x1A, 0x1A, 0, 0x0000C3D8, 0x0000000C },
    { 0x029C, 0x00, 0x02, 0x07, 0x00, 0x06, 0x00, 0x1A, 0x1A, 0, 0x0000C3E4, 0x0000000C },
    { 0x029C, 0x00, 0x02, 0x08, 0x00, 0x06, 0x00, 0x1A, 0x1A, 0, 0x0000C3F0, 0x0000000C },
    { 0x029C, 0x00, 0x02, 0x09, 0x00, 0x06, 0x00, 0x1A, 0x1A, 0, 0x0000C3FC, 0x0000000C },
    { 0x029C, 0x00, 0x02, 0x0A, 0x00, 0x06, 0x00, 0x1A, 0x1A, 0, 0x0000C408, 0x0000000C },
    { 0x029C, 0x00, 0x02, 0x0B, 0x00, 0x06, 0x00, 0x1A, 0x1A, 0, 0x0000C414, 0x0000000C },
    { 0x029C, 0x00, 0x02, 0x0C, 0x00, 0x06, 0x00, 0x1A, 0x1A, 0, 0x0000C420, 0x0000000C },
    { 0x029C, 0x00, 0x02, 0x0D, 0x00, 0x06, 0x00, 0x1A, 0x1A, 0, 0x0000C42C, 0x0000000C },
    { 0x029C, 0x00, 0x02, 0x0E, 0x00, 0x06, 0x00, 0x1A, 0x1A, 0, 0x0000C438, 0x0000000C },
    { 0x029C, 0x00, 0x02, 0x0F, 0x00, 0x06, 0x00, 0x1A, 0x1A, 0, 0x0000C444, 0x0000000C },
    { 0x029C, 0x00, 0x02, 0x10, 0x00, 0x06, 0x00, 0x1A, 0x1A, 0, 0x0000C450, 0x0000000C },
    { 0x029C, 0x00, 0x02, 0x11, 0x00, 0x06, 0x00, 0x1A, 0x1A, 0, 0x0000C45C, 0x0000000C },
    { 0x029C, 0x00, 0x02, 0x12, 0x00, 0x06, 0x00, 0x1A, 0x1A, 0, 0x0000C468, 0x0000000C },
    { 0x029C, 0x00, 0x02, 0x13, 0x00, 0x06, 0x00, 0x1A, 0x1A, 0, 0x0000C474, 0x0000000C },
    { 0x029C, 0x00, 0x02, 0x14, 0x00, 0x06, 0x00, 0x1A, 0x1A, 0, 0x0000C480, 0x0000000C },
    { 0x029C, 0x00, 0x02, 0x15, 0x00, 0x06, 0x00, 0x1A, 0x1A, 0, 0x0000C48C, 0x0000000C },
    { 0x029C, 0x00, 0x02, 0x16, 0x00, 0x06, 0x00, 0x1A, 0x1A, 0, 0x0000C498, 0x0000000C },
    { 0x029C, 0x00, 0x02, 0x17, 0x00, 0x06, 0x00, 0x1A, 0x1A, 0, 0x0000C4A4, 0x0000000C },
    { 0x029C, 0x00, 0x02, 0x18, 0x00, 0x06, 0x00, 0x1A, 0x1A, 0, 0x0000C4B0, 0x0000000C },
    { 0x029C, 0x00, 0x02, 0x19, 0x00, 0x06, 0x00, 0x1A, 0x1A, 0, 0x0000C4BC, 0x0000000C },
    { 0x029C, 0x00, 0x03, 0x00, 0x00, 0x06, 0x00, 0x1A, 0x1A, 0, 0x00006520, 0x00000180 },
    { 0x029C, 0x00, 0x03, 0x01, 0x00, 0x06, 0x00, 0x1A, 0x1A, 0, 0x00007728, 0x00000008 },
    { 0x029C, 0x00, 0x03, 0x02, 0x00, 0x06, 0x00, 0x1A, 0x1A, 0, 0x0000B678, 0x000000B0 },
    { 0x029C, 0x00, 0x03, 0x03, 0x00, 0x06, 0x00, 0x1A, 0x1A, 0, 0x0000B968, 0x00000098 },
    { 0x029C, 0x00, 0x03, 0x04, 0x00, 0x06, 0x00, 0x1A, 0x1A, 0, 0x00007720, 0x00000008 },
    { 0x029C, 0x00, 0x03, 0x05, 0x00, 0x06, 0x00, 0x1A, 0x1A, 0, 0x0000B5C8, 0x000000B0 },
    { 0x029C, 0x00, 0x03, 0x06, 0x00, 0x06, 0x00, 0x1A, 0x1A, 0, 0x0000B8D0, 0x00000098 },
    { 0x029C, 0x00, 0x03, 0x07, 0x00, 0x06, 0x00, 0x1A, 0x1A, 0, 0x000066A0, 0x00000160 },
    { 0x029C, 0x00, 0x03, 0x08, 0x00, 0x06, 0x00, 0x1A, 0x1A, 0, 0x00007238, 0x00000120 },
    { 0x029C, 0x00, 0x03, 0x09, 0x00, 0x06, 0x00, 0x1A, 0x1A, 0, 0x000074D8, 0x00000128 },
    { 0x029C, 0x00, 0x03, 0x0A, 0x00, 0x06, 0x00, 0x1A, 0x1A, 0, 0x00007600, 0x00000120 },
    { 0x029C, 0x00, 0x03, 0x0B, 0x00, 0x06, 0x00, 0x1A, 0x1A, 0, 0x00007358, 0x00000180 },
    { 0x029C, 0x00, 0x03, 0x0C, 0x00, 0x06, 0x00, 0x1A, 0x1A, 0, 0x0000BB68, 0x00000168 },
    { 0x029C, 0x00, 0x03, 0x0D, 0x00, 0x06, 0x00, 0x1A, 0x1A, 0, 0x0000B728, 0x000001A8 },
    { 0x029C, 0x00, 0x03, 0x0E, 0x00, 0x06, 0x00, 0x1A, 0x1A, 0, 0x00006D50, 0x00000120 },
    { 0x029C, 0x00, 0x03, 0x0F, 0x00, 0x06, 0x00, 0x1A, 0x1A, 0, 0x00006FF0, 0x00000128 },
    { 0x029C, 0x00, 0x03, 0x10, 0x00, 0x06, 0x00, 0x1A, 0x1A, 0, 0x00007118, 0x00000120 },
    { 0x029C, 0x00, 0x03, 0x11, 0x00, 0x06, 0x00, 0x1A, 0x1A, 0, 0x00006E70, 0x00000180 },
    { 0x029C, 0x00, 0x03, 0x12, 0x00, 0x06, 0x00, 0x1A, 0x1A, 0, 0x0000BA00, 0x00000168 },
    { 0x029C, 0x00, 0x03, 0x13, 0x00, 0x06, 0x00, 0x1A, 0x1A, 0, 0x00006800, 0x00000140 },
    { 0x029C, 0x00, 0x03, 0x14, 0x00, 0x06, 0x00, 0x1A, 0x1A, 0, 0x0000AF38, 0x00000630 },
    { 0x029C, 0x00, 0x03, 0x15, 0x00, 0x06, 0x00, 0x1A, 0x1A, 0, 0x00006B48, 0x00000110 },
    { 0x029C, 0x00, 0x03, 0x16, 0x00, 0x06, 0x00, 0x1A, 0x1A, 0, 0x00006C58, 0x000000F8 },
    { 0x029C, 0x00, 0x03, 0x17, 0x00, 0x06, 0x00, 0x1A, 0x1A, 0, 0x0000B568, 0x00000060 },
    { 0x029C, 0x00, 0x03, 0x18, 0x00, 0x06, 0x00, 0x1A, 0x1A, 0, 0x00006940, 0x00000110 },
    { 0x029C, 0x00, 0x03, 0x19, 0x00, 0x06, 0x00, 0x1A, 0x1A, 0, 0x00006A50, 0x000000F8 },
    { 0x029C, 0x01, 0x00, 0x00, 0x00, 0x06, 0x00, 0x1A, 0x1A, 0, 0x00011688, 0x0000000C },
    { 0x029C, 0x01, 0x01, 0x00, 0x00, 0x06, 0x00, 0x1A, 0x1A, 0, 0x00011620, 0x00000068 },
    { 0x029C, 0x01, 0x02, 0x00, 0x00, 0x06, 0x00, 0x1A, 0x1A, 0, 0x000114E8, 0x0000000C },
    { 0x029C, 0x01, 0x02, 0x01, 0x00, 0x06, 0x00, 0x1A, 0x1A, 0, 0x000114F4, 0x0000000C },
    { 0x029C, 0x01, 0x02, 0x02, 0x00, 0x06, 0x00, 0x1A, 0x1A, 0, 0x00011500, 0x0000000C },
    { 0x029C, 0x01, 0x02, 0x03, 0x00, 0x06, 0x00, 0x1A, 0x1A, 0, 0x0001150C, 0x0000000C },
    { 0x029C, 0x01, 0x02, 0x04, 0x00, 0x06, 0x00, 0x1A, 0x1A, 0, 0x00011518, 0x0000000C },
    { 0x029C, 0x01, 0x02, 0x05, 0x00, 0x06, 0x00, 0x1A, 0x1A, 0, 0x00011524, 0x0000000C },
    { 0x029C, 0x01, 0x02, 0x06, 0x00, 0x06, 0x00, 0x1A, 0x1A, 0, 0x00011530, 0x0000000C },
    { 0x029C, 0x01, 0x02, 0x07, 0x00, 0x06, 0x00, 0x1A, 0x1A, 0, 0x0001153C, 0x0000000C },
    { 0x029C, 0x01, 0x02, 0x08, 0x00, 0x06, 0x00, 0x1A, 0x1A, 0, 0x00011548, 0x0000000C },
    { 0x029C, 0x01, 0x02, 0x09, 0x00, 0x06, 0x00, 0x1A, 0x1A, 0, 0x00011554, 0x0000000C },
    { 0x029C, 0x01, 0x02, 0x0A, 0x00, 0x06, 0x00, 0x1A, 0x1A, 0, 0x00011560, 0x0000000C },
    { 0x029C, 0x01, 0x02, 0x0B, 0x00, 0x06, 0x00, 0x1A, 0x1A, 0, 0x0001156C, 0x0000000C },
    { 0x029C, 0x01, 0x02, 0x0C, 0x00, 0x06, 0x00, 0x1A, 0x1A, 0, 0x00011578, 0x0000000C },
    { 0x029C, 0x01, 0x02, 0x0D, 0x00, 0x06, 0x00, 0x1A, 0x1A, 0, 0x00011584, 0x0000000C },
    { 0x029C, 0x01, 0x02, 0x0E, 0x00, 0x06, 0x00, 0x1A, 0x1A, 0, 0x00011590, 0x0000000C },
    { 0x029C, 0x01, 0x02, 0x0F, 0x00, 0x06, 0x00, 0x1A, 0x1A, 0, 0x0001159C, 0x0000000C },
    { 0x029C, 0x01, 0x02, 0x10, 0x00, 0x06, 0x00, 0x1A, 0x1A, 0, 0x000115A8, 0x0000000C },
    { 0x029C, 0x01, 0x02, 0x11, 0x00, 0x06, 0x00, 0x1A, 0x1A, 0, 0x000115B4, 0x0000000C },
    { 0x029C, 0x01, 0x02, 0x12, 0x00, 0x06, 0x00, 0x1A, 0x1A, 0, 0x000115C0, 0x0000000C },
    { 0x029C, 0x01, 0x02, 0x13, 0x00, 0x06, 0x00, 0x1A, 0x1A, 0, 0x000115CC, 0x0000000C },
    { 0x029C, 0x01, 0x02, 0x14, 0x00, 0x06, 0x00, 0x1A, 0x1A, 0, 0x000115D8, 0x0000000C },
    { 0x029C, 0x01, 0x02, 0x15, 0x00, 0x06, 0x00, 0x1A, 0x1A, 0, 0x000115E4, 0x0000000C },
    { 0x029C, 0x01, 0x02, 0x16, 0x00, 0x06, 0x00, 0x1A, 0x1A, 0, 0x000115F0, 0x0000000C },
    { 0x029C, 0x01, 0x02, 0x17, 0x00, 0x06, 0x00, 0x1A, 0x1A, 0, 0x000115FC, 0x0000000C },
    { 0x029C, 0x01, 0x02, 0x18, 0x00, 0x06, 0x00, 0x1A, 0x1A, 0, 0x00011608, 0x0000000C },
    { 0x029C, 0x01, 0x02, 0x19, 0x00, 0x06, 0x00, 0x1A, 0x1A, 0, 0x00011614, 0x0000000C },
    { 0x029C, 0x01, 0x03, 0x00, 0x00, 0x06, 0x00, 0x1A, 0x1A, 0, 0x0000D820, 0x00000180 },
    { 0x029C, 0x01, 0x03, 0x01, 0x00, 0x06, 0x00, 0x1A, 0x1A, 0, 0x0000EA28, 0x00000008 },
    { 0x029C, 0x01, 0x03, 0x02, 0x00, 0x06, 0x00, 0x1A, 0x1A, 0, 0x00010E50, 0x000000B0 },
    { 0x029C, 0x01, 0x03, 0x03, 0x00, 0x06, 0x00, 0x1A, 0x1A, 0, 0x00011140, 0x00000098 },
    { 0x029C, 0x01, 0x03, 0x04, 0x00, 0x06, 0x00, 0x1A, 0x1A, 0, 0x0000EA20, 0x00000008 },
    { 0x029C, 0x01, 0x03, 0x05, 0x00, 0x06, 0x00, 0x1A, 0x1A, 0, 0x00010DA0, 0x000000B0 },
    { 0x029C, 0x01, 0x03, 0x06, 0x00, 0x06, 0x00, 0x1A, 0x1A, 0, 0x000110A8, 0x00000098 },
    { 0x029C, 0x01, 0x03, 0x07, 0x00, 0x06, 0x00, 0x1A, 0x1A, 0, 0x0000D9A0, 0x00000160 },
    { 0x029C, 0x01, 0x03, 0x08, 0x00, 0x06, 0x00, 0x1A, 0x1A, 0, 0x0000E538, 0x00000120 },
    { 0x029C, 0x01, 0x03, 0x09, 0x00, 0x06, 0x00, 0x1A, 0x1A, 0, 0x0000E7D8, 0x00000128 },
    { 0x029C, 0x01, 0x03, 0x0A, 0x00, 0x06, 0x00, 0x1A, 0x1A, 0, 0x0000E900, 0x00000120 },
    { 0x029C, 0x01, 0x03, 0x0B, 0x00, 0x06, 0x00, 0x1A, 0x1A, 0, 0x0000E658, 0x00000180 },
    { 0x029C, 0x01, 0x03, 0x0C, 0x00, 0x06, 0x00, 0x1A, 0x1A, 0, 0x00011340, 0x00000168 },
    { 0x029C, 0x01, 0x03, 0x0D, 0x00, 0x06, 0x00, 0x1A, 0x1A, 0, 0x00010F00, 0x000001A8 },
    { 0x029C, 0x01, 0x03, 0x0E, 0x00, 0x06, 0x00, 0x1A, 0x1A, 0, 0x0000E050, 0x00000120 },
    { 0x029C, 0x01, 0x03, 0x0F, 0x00, 0x06, 0x00, 0x1A, 0x1A, 0, 0x0000E2F0, 0x00000128 },
    { 0x029C, 0x01, 0x03, 0x10, 0x00, 0x06, 0x00, 0x1A, 0x1A, 0, 0x0000E418, 0x00000120 },
    { 0x029C, 0x01, 0x03, 0x11, 0x00, 0x06, 0x00, 0x1A, 0x1A, 0, 0x0000E170, 0x00000180 },
    { 0x029C, 0x01, 0x03, 0x12, 0x00, 0x06, 0x00, 0x1A, 0x1A, 0, 0x000111D8, 0x00000168 },
    { 0x029C, 0x01, 0x03, 0x13, 0x00, 0x06, 0x00, 0x1A, 0x1A, 0, 0x0000DB00, 0x00000140 },
    { 0x029C, 0x01, 0x03, 0x14, 0x00, 0x06, 0x00, 0x1A, 0x1A, 0, 0x00010710, 0x00000630 },
    { 0x029C, 0x01, 0x03, 0x15, 0x00, 0x06, 0x00, 0x1A, 0x1A, 0, 0x0000DE48, 0x00000110 },
    { 0x029C, 0x01, 0x03, 0x16, 0x00, 0x06, 0x00, 0x1A, 0x1A, 0, 0x0000DF58, 0x000000F8 },
    { 0x029C, 0x01, 0x03, 0x17, 0x00, 0x06, 0x00, 0x1A, 0x1A, 0, 0x00010D40, 0x00000060 },
    { 0x029C, 0x01, 0x03, 0x18, 0x00, 0x06, 0x00, 0x1A, 0x1A, 0, 0x0000DC40, 0x00000110 },
    { 0x029C, 0x01, 0x03, 0x19, 0x00, 0x06, 0x00, 0x1A, 0x1A, 0, 0x0000DD50, 0x000000F8 },
    { 0x029E, 0x00, 0x00, 0x00, 0x00, 0x06, 0x00, 0x10, 0x0F, 0, 0x00000190, 0x0000000C },
    { 0x029E, 0x00, 0x01, 0x00, 0x00, 0x06, 0x00, 0x10, 0x0F, 0, 0x00000150, 0x00000040 },
    { 0x029E, 0x00, 0x02, 0x00, 0x00, 0x06, 0x00, 0x10, 0x0F, 0, 0x00000090, 0x0000000C },
    { 0x029E, 0x00, 0x02, 0x01, 0x00, 0x06, 0x00, 0x10, 0x0F, 0, 0x0000009C, 0x0000000C },
    { 0x029E, 0x00, 0x02, 0x02, 0x00, 0x06, 0x00, 0x10, 0x0F, 0, 0x000000A8, 0x0000000C },
    { 0x029E, 0x00, 0x02, 0x03, 0x00, 0x06, 0x00, 0x10, 0x0F, 0, 0x000000B4, 0x0000000C },
    { 0x029E, 0x00, 0x02, 0x04, 0x00, 0x06, 0x00, 0x10, 0x0F, 0, 0x000000C0, 0x0000000C },
    { 0x029E, 0x00, 0x02, 0x05, 0x00, 0x06, 0x00, 0x10, 0x0F, 0, 0x000000CC, 0x0000000C },
    { 0x029E, 0x00, 0x02, 0x06, 0x00, 0x06, 0x00, 0x10, 0x0F, 0, 0x000000D8, 0x0000000C },
    { 0x029E, 0x00, 0x02, 0x07, 0x00, 0x06, 0x00, 0x10, 0x0F, 0, 0x000000E4, 0x0000000C },
    { 0x029E, 0x00, 0x02, 0x08, 0x00, 0x06, 0x00, 0x10, 0x0F, 0, 0x000000F0, 0x0000000C },
    { 0x029E, 0x00, 0x02, 0x09, 0x00, 0x06, 0x00, 0x10, 0x0F, 0, 0x000000FC, 0x0000000C },
    { 0x029E, 0x00, 0x02, 0x0A, 0x00, 0x06, 0x00, 0x10, 0x0F, 0, 0x00000108, 0x0000000C },
    { 0x029E, 0x00, 0x02, 0x0B, 0x00, 0x06, 0x00, 0x10, 0x0F, 0, 0x00000114, 0x0000000C },
    { 0x029E, 0x00, 0x02, 0x0C, 0x00, 0x06, 0x00, 0x10, 0x0F, 0, 0x00000120, 0x0000000C },
    { 0x029E, 0x00, 0x02, 0x0D, 0x00, 0x06, 0x00, 0x10, 0x0F, 0, 0x0000012C, 0x0000000C },
    { 0x029E, 0x00, 0x02, 0x0E, 0x00, 0x06, 0x00, 0x10, 0x0F, 0, 0x00000138, 0x0000000C },
    { 0x029E, 0x00, 0x02, 0x0F, 0x00, 0x06, 0x00, 0x10, 0x0F, 0, 0x00000144, 0x0000000C },
    { 0x029E, 0x00, 0x03, 0x01, 0x00, 0x06, 0x00, 0x10, 0x0F, 0, 0x00005010, 0x00000140 },
    { 0x029E, 0x00, 0x03, 0x02, 0x00, 0x06, 0x00, 0x10, 0x0F, 0, 0x00006490, 0x000000D0 },
    { 0x029E, 0x00, 0x03, 0x03, 0x00, 0x06, 0x00, 0x10, 0x0F, 0, 0x00006340, 0x00000150 },
    { 0x029E, 0x00, 0x03, 0x04, 0x00, 0x06, 0x00, 0x10, 0x0F, 0, 0x00006288, 0x000000B8 },
    { 0x029E, 0x00, 0x03, 0x05, 0x00, 0x06, 0x00, 0x10, 0x0F, 0, 0x00005CF0, 0x000000D0 },
    { 0x029E, 0x00, 0x03, 0x06, 0x00, 0x06, 0x00, 0x10, 0x0F, 0, 0x00005BA0, 0x00000150 },
    { 0x029E, 0x00, 0x03, 0x07, 0x00, 0x06, 0x00, 0x10, 0x0F, 0, 0x00005AE8, 0x000000B8 },
    { 0x029E, 0x00, 0x03, 0x08, 0x00, 0x06, 0x00, 0x10, 0x0F, 0, 0x00004D98, 0x00000278 },
    { 0x029E, 0x00, 0x03, 0x09, 0x00, 0x06, 0x00, 0x10, 0x0F, 0, 0x00006110, 0x00000178 },
    { 0x029E, 0x00, 0x03, 0x0A, 0x00, 0x06, 0x00, 0x10, 0x0F, 0, 0x00005FA8, 0x00000168 },
    { 0x029E, 0x00, 0x03, 0x0B, 0x00, 0x06, 0x00, 0x10, 0x0F, 0, 0x00005DC0, 0x000001E8 },
    { 0x029E, 0x00, 0x03, 0x0C, 0x00, 0x06, 0x00, 0x10, 0x0F, 0, 0x00005970, 0x00000178 },
    { 0x029E, 0x00, 0x03, 0x0D, 0x00, 0x06, 0x00, 0x10, 0x0F, 0, 0x00005808, 0x00000168 },
    { 0x029E, 0x00, 0x03, 0x0E, 0x00, 0x06, 0x00, 0x10, 0x0F, 0, 0x00005620, 0x000001E8 },
    { 0x029E, 0x00, 0x03, 0x0F, 0x00, 0x06, 0x00, 0x10, 0x0F, 0, 0x00005150, 0x000004D0 },
    { 0x029F, 0x00, 0x00, 0x00, 0x00, 0x06, 0x00, 0x10, 0x0F, 0, 0x00000190, 0x0000000C },
    { 0x029F, 0x00, 0x01, 0x00, 0x00, 0x06, 0x00, 0x10, 0x0F, 0, 0x00000150, 0x00000040 },
    { 0x029F, 0x00, 0x02, 0x00, 0x00, 0x06, 0x00, 0x10, 0x0F, 0, 0x00000090, 0x0000000C },
    { 0x029F, 0x00, 0x02, 0x01, 0x00, 0x06, 0x00, 0x10, 0x0F, 0, 0x0000009C, 0x0000000C },
    { 0x029F, 0x00, 0x02, 0x02, 0x00, 0x06, 0x00, 0x10, 0x0F, 0, 0x000000A8, 0x0000000C },
    { 0x029F, 0x00, 0x02, 0x03, 0x00, 0x06, 0x00, 0x10, 0x0F, 0, 0x000000B4, 0x0000000C },
    { 0x029F, 0x00, 0x02, 0x04, 0x00, 0x06, 0x00, 0x10, 0x0F, 0, 0x000000C0, 0x0000000C },
    { 0x029F, 0x00, 0x02, 0x05, 0x00, 0x06, 0x00, 0x10, 0x0F, 0, 0x000000CC, 0x0000000C },
    { 0x029F, 0x00, 0x02, 0x06, 0x00, 0x06, 0x00, 0x10, 0x0F, 0, 0x000000D8, 0x0000000C },
    { 0x029F, 0x00, 0x02, 0x07, 0x00, 0x06, 0x00, 0x10, 0x0F, 0, 0x000000E4, 0x0000000C },
    { 0x029F, 0x00, 0x02, 0x08, 0x00, 0x06, 0x00, 0x10, 0x0F, 0, 0x000000F0, 0x0000000C },
    { 0x029F, 0x00, 0x02, 0x09, 0x00, 0x06, 0x00, 0x10, 0x0F, 0, 0x000000FC, 0x0000000C },
    { 0x029F, 0x00, 0x02, 0x0A, 0x00, 0x06, 0x00, 0x10, 0x0F, 0, 0x00000108, 0x0000000C },
    { 0x029F, 0x00, 0x02, 0x0B, 0x00, 0x06, 0x00, 0x10, 0x0F, 0, 0x00000114, 0x0000000C },
    { 0x029F, 0x00, 0x02, 0x0C, 0x00, 0x06, 0x00, 0x10, 0x0F, 0, 0x00000120, 0x0000000C },
    { 0x029F, 0x00, 0x02, 0x0D, 0x00, 0x06, 0x00, 0x10, 0x0F, 0, 0x0000012C, 0x0000000C },
    { 0x029F, 0x00, 0x02, 0x0E, 0x00, 0x06, 0x00, 0x10, 0x0F, 0, 0x00000138, 0x0000000C },
    { 0x029F, 0x00, 0x02, 0x0F, 0x00, 0x06, 0x00, 0x10, 0x0F, 0, 0x00000144, 0x0000000C },
    { 0x029F, 0x00, 0x03, 0x01, 0x00, 0x06, 0x00, 0x10, 0x0F, 0, 0x00003B28, 0x00000118 },
    { 0x029F, 0x00, 0x03, 0x02, 0x00, 0x06, 0x00, 0x10, 0x0F, 0, 0x00004D00, 0x00000100 },
    { 0x029F, 0x00, 0x03, 0x03, 0x00, 0x06, 0x00, 0x10, 0x0F, 0, 0x00004C48, 0x000000B8 },
    { 0x029F, 0x00, 0x03, 0x04, 0x00, 0x06, 0x00, 0x10, 0x0F, 0, 0x00004B90, 0x000000B8 },
    { 0x029F, 0x00, 0x03, 0x05, 0x00, 0x06, 0x00, 0x10, 0x0F, 0, 0x00004708, 0x00000120 },
    { 0x029F, 0x00, 0x03, 0x06, 0x00, 0x06, 0x00, 0x10, 0x0F, 0, 0x00004650, 0x000000B8 },
    { 0x029F, 0x00, 0x03, 0x07, 0x00, 0x06, 0x00, 0x10, 0x0F, 0, 0x00004598, 0x000000B8 },
    { 0x029F, 0x00, 0x03, 0x08, 0x00, 0x06, 0x00, 0x10, 0x0F, 0, 0x00003970, 0x000001B8 },
    { 0x029F, 0x00, 0x03, 0x09, 0x00, 0x06, 0x00, 0x10, 0x0F, 0, 0x00004A90, 0x00000100 },
    { 0x029F, 0x00, 0x03, 0x0A, 0x00, 0x06, 0x00, 0x10, 0x0F, 0, 0x000049A0, 0x000000F0 },
    { 0x029F, 0x00, 0x03, 0x0B, 0x00, 0x06, 0x00, 0x10, 0x0F, 0, 0x00004828, 0x00000178 },
    { 0x029F, 0x00, 0x03, 0x0C, 0x00, 0x06, 0x00, 0x10, 0x0F, 0, 0x00004498, 0x00000100 },
    { 0x029F, 0x00, 0x03, 0x0D, 0x00, 0x06, 0x00, 0x10, 0x0F, 0, 0x000043A8, 0x000000F0 },
    { 0x029F, 0x00, 0x03, 0x0E, 0x00, 0x06, 0x00, 0x10, 0x0F, 0, 0x00004230, 0x00000178 },
    { 0x029F, 0x00, 0x03, 0x0F, 0x00, 0x06, 0x00, 0x10, 0x0F, 0, 0x00003C40, 0x000005F0 },
    { 0x02A4, 0x00, 0x00, 0x00, 0x00, 0x06, 0x00, 0x11, 0x0F, 0, 0x0000FEF0, 0x0000000C },
    { 0x02A4, 0x00, 0x01, 0x00, 0x00, 0x06, 0x00, 0x11, 0x0F, 0, 0x0000FEAC, 0x00000044 },
    { 0x02A4, 0x00, 0x02, 0x00, 0x00, 0x06, 0x00, 0x11, 0x0F, 0, 0x0000FDE0, 0x0000000C },
    { 0x02A4, 0x00, 0x02, 0x01, 0x00, 0x06, 0x00, 0x11, 0x0F, 0, 0x0000FDEC, 0x0000000C },
    { 0x02A4, 0x00, 0x02, 0x02, 0x00, 0x06, 0x00, 0x11, 0x0F, 0, 0x0000FDF8, 0x0000000C },
    { 0x02A4, 0x00, 0x02, 0x03, 0x00, 0x06, 0x00, 0x11, 0x0F, 0, 0x0000FE04, 0x0000000C },
    { 0x02A4, 0x00, 0x02, 0x04, 0x00, 0x06, 0x00, 0x11, 0x0F, 0, 0x0000FE10, 0x0000000C },
    { 0x02A4, 0x00, 0x02, 0x05, 0x00, 0x06, 0x00, 0x11, 0x0F, 0, 0x0000FE1C, 0x0000000C },
    { 0x02A4, 0x00, 0x02, 0x06, 0x00, 0x06, 0x00, 0x11, 0x0F, 0, 0x0000FE28, 0x0000000C },
    { 0x02A4, 0x00, 0x02, 0x07, 0x00, 0x06, 0x00, 0x11, 0x0F, 0, 0x0000FE34, 0x0000000C },
    { 0x02A4, 0x00, 0x02, 0x08, 0x00, 0x06, 0x00, 0x11, 0x0F, 0, 0x0000FE40, 0x0000000C },
    { 0x02A4, 0x00, 0x02, 0x09, 0x00, 0x06, 0x00, 0x11, 0x0F, 0, 0x0000FE4C, 0x0000000C },
    { 0x02A4, 0x00, 0x02, 0x0A, 0x00, 0x06, 0x00, 0x11, 0x0F, 0, 0x0000FE58, 0x0000000C },
    { 0x02A4, 0x00, 0x02, 0x0B, 0x00, 0x06, 0x00, 0x11, 0x0F, 0, 0x0000FE64, 0x0000000C },
    { 0x02A4, 0x00, 0x02, 0x0C, 0x00, 0x06, 0x00, 0x11, 0x0F, 0, 0x0000FE70, 0x0000000C },
    { 0x02A4, 0x00, 0x02, 0x0D, 0x00, 0x06, 0x00, 0x11, 0x0F, 0, 0x0000FE7C, 0x0000000C },
    { 0x02A4, 0x00, 0x02, 0x0E, 0x00, 0x06, 0x00, 0x11, 0x0F, 0, 0x0000FE88, 0x0000000C },
    { 0x02A4, 0x00, 0x02, 0x0F, 0x00, 0x06, 0x00, 0x11, 0x0F, 0, 0x0000FE94, 0x0000000C },
    { 0x02A4, 0x00, 0x02, 0x10, 0x00, 0x06, 0x00, 0x11, 0x0F, 0, 0x0000FEA0, 0x0000000C },
    { 0x02A4, 0x00, 0x03, 0x01, 0x00, 0x06, 0x00, 0x11, 0x0F, 0, 0x00008708, 0x000000C8 },
    { 0x02A4, 0x00, 0x03, 0x03, 0x00, 0x06, 0x00, 0x11, 0x0F, 0, 0x00008C80, 0x000000F0 },
    { 0x02A4, 0x00, 0x03, 0x04, 0x00, 0x06, 0x00, 0x11, 0x0F, 0, 0x00008D70, 0x00000150 },
    { 0x02A4, 0x00, 0x03, 0x05, 0x00, 0x06, 0x00, 0x11, 0x0F, 0, 0x00008EC0, 0x00000270 },
    { 0x02A4, 0x00, 0x03, 0x06, 0x00, 0x06, 0x00, 0x11, 0x0F, 0, 0x000087D0, 0x000000F0 },
    { 0x02A4, 0x00, 0x03, 0x07, 0x00, 0x06, 0x00, 0x11, 0x0F, 0, 0x000088C0, 0x00000150 },
    { 0x02A4, 0x00, 0x03, 0x08, 0x00, 0x06, 0x00, 0x11, 0x0F, 0, 0x00008A10, 0x00000270 },
    { 0x02A4, 0x00, 0x03, 0x09, 0x00, 0x06, 0x00, 0x11, 0x0F, 0, 0x00006F90, 0x000004C8 },
    { 0x02A4, 0x00, 0x03, 0x0A, 0x00, 0x06, 0x00, 0x11, 0x0F, 0, 0x00008218, 0x00000188 },
    { 0x02A4, 0x00, 0x03, 0x0B, 0x00, 0x06, 0x00, 0x11, 0x0F, 0, 0x000083A0, 0x00000140 },
    { 0x02A4, 0x00, 0x03, 0x0C, 0x00, 0x06, 0x00, 0x11, 0x0F, 0, 0x000084E0, 0x00000228 },
    { 0x02A4, 0x00, 0x03, 0x0D, 0x00, 0x06, 0x00, 0x11, 0x0F, 0, 0x00007D28, 0x00000188 },
    { 0x02A4, 0x00, 0x03, 0x0E, 0x00, 0x06, 0x00, 0x11, 0x0F, 0, 0x00007EB0, 0x00000140 },
    { 0x02A4, 0x00, 0x03, 0x0F, 0x00, 0x06, 0x00, 0x11, 0x0F, 0, 0x00007FF0, 0x00000228 },
    { 0x02A4, 0x00, 0x03, 0x10, 0x00, 0x06, 0x00, 0x11, 0x0F, 0, 0x00007458, 0x000008D0 },
    { 0x02A5, 0x00, 0x00, 0x00, 0x00, 0x06, 0x00, 0x16, 0x15, 0, 0x0000C700, 0x0000000C },
    { 0x02A5, 0x00, 0x01, 0x00, 0x00, 0x06, 0x00, 0x16, 0x15, 0, 0x0000C6A8, 0x00000058 },
    { 0x02A5, 0x00, 0x02, 0x00, 0x00, 0x06, 0x00, 0x16, 0x15, 0, 0x0000C5A0, 0x0000000C },
    { 0x02A5, 0x00, 0x02, 0x01, 0x00, 0x06, 0x00, 0x16, 0x15, 0, 0x0000C5AC, 0x0000000C },
    { 0x02A5, 0x00, 0x02, 0x02, 0x00, 0x06, 0x00, 0x16, 0x15, 0, 0x0000C5B8, 0x0000000C },
    { 0x02A5, 0x00, 0x02, 0x03, 0x00, 0x06, 0x00, 0x16, 0x15, 0, 0x0000C5C4, 0x0000000C },
    { 0x02A5, 0x00, 0x02, 0x04, 0x00, 0x06, 0x00, 0x16, 0x15, 0, 0x0000C5D0, 0x0000000C },
    { 0x02A5, 0x00, 0x02, 0x05, 0x00, 0x06, 0x00, 0x16, 0x15, 0, 0x0000C5DC, 0x0000000C },
    { 0x02A5, 0x00, 0x02, 0x06, 0x00, 0x06, 0x00, 0x16, 0x15, 0, 0x0000C5E8, 0x0000000C },
    { 0x02A5, 0x00, 0x02, 0x07, 0x00, 0x06, 0x00, 0x16, 0x15, 0, 0x0000C5F4, 0x0000000C },
    { 0x02A5, 0x00, 0x02, 0x08, 0x00, 0x06, 0x00, 0x16, 0x15, 0, 0x0000C600, 0x0000000C },
    { 0x02A5, 0x00, 0x02, 0x09, 0x00, 0x06, 0x00, 0x16, 0x15, 0, 0x0000C60C, 0x0000000C },
    { 0x02A5, 0x00, 0x02, 0x0A, 0x00, 0x06, 0x00, 0x16, 0x15, 0, 0x0000C618, 0x0000000C },
    { 0x02A5, 0x00, 0x02, 0x0B, 0x00, 0x06, 0x00, 0x16, 0x15, 0, 0x0000C624, 0x0000000C },
    { 0x02A5, 0x00, 0x02, 0x0C, 0x00, 0x06, 0x00, 0x16, 0x15, 0, 0x0000C630, 0x0000000C },
    { 0x02A5, 0x00, 0x02, 0x0D, 0x00, 0x06, 0x00, 0x16, 0x15, 0, 0x0000C63C, 0x0000000C },
    { 0x02A5, 0x00, 0x02, 0x0E, 0x00, 0x06, 0x00, 0x16, 0x15, 0, 0x0000C648, 0x0000000C },
    { 0x02A5, 0x00, 0x02, 0x0F, 0x00, 0x06, 0x00, 0x16, 0x15, 0, 0x0000C654, 0x0000000C },
    { 0x02A5, 0x00, 0x02, 0x10, 0x00, 0x06, 0x00, 0x16, 0x15, 0, 0x0000C660, 0x0000000C },
    { 0x02A5, 0x00, 0x02, 0x11, 0x00, 0x06, 0x00, 0x16, 0x15, 0, 0x0000C66C, 0x0000000C },
    { 0x02A5, 0x00, 0x02, 0x12, 0x00, 0x06, 0x00, 0x16, 0x15, 0, 0x0000C678, 0x0000000C },
    { 0x02A5, 0x00, 0x02, 0x13, 0x00, 0x06, 0x00, 0x16, 0x15, 0, 0x0000C684, 0x0000000C },
    { 0x02A5, 0x00, 0x02, 0x14, 0x00, 0x06, 0x00, 0x16, 0x15, 0, 0x0000C690, 0x0000000C },
    { 0x02A5, 0x00, 0x02, 0x15, 0x00, 0x06, 0x00, 0x16, 0x15, 0, 0x0000C69C, 0x0000000C },
    { 0x02A5, 0x00, 0x03, 0x01, 0x00, 0x06, 0x00, 0x16, 0x15, 0, 0x0000B8E0, 0x00000428 },
    { 0x02A5, 0x00, 0x03, 0x02, 0x00, 0x06, 0x00, 0x16, 0x15, 0, 0x0000BE38, 0x000003F0 },
    { 0x02A5, 0x00, 0x03, 0x03, 0x00, 0x06, 0x00, 0x16, 0x15, 0, 0x0000C228, 0x00000378 },
    { 0x02A5, 0x00, 0x03, 0x04, 0x00, 0x06, 0x00, 0x16, 0x15, 0, 0x0000BD08, 0x00000130 },
    { 0x02A5, 0x00, 0x03, 0x05, 0x00, 0x06, 0x00, 0x16, 0x15, 0, 0x0000AC20, 0x00000428 },
    { 0x02A5, 0x00, 0x03, 0x06, 0x00, 0x06, 0x00, 0x16, 0x15, 0, 0x0000B178, 0x000003F0 },
    { 0x02A5, 0x00, 0x03, 0x07, 0x00, 0x06, 0x00, 0x16, 0x15, 0, 0x0000B568, 0x00000378 },
    { 0x02A5, 0x00, 0x03, 0x08, 0x00, 0x06, 0x00, 0x16, 0x15, 0, 0x0000B048, 0x00000130 },
    { 0x02A5, 0x00, 0x03, 0x09, 0x00, 0x06, 0x00, 0x16, 0x15, 0, 0x00008D30, 0x00000950 },
    { 0x02A5, 0x00, 0x03, 0x0A, 0x00, 0x06, 0x00, 0x16, 0x15, 0, 0x0000A150, 0x00000318 },
    { 0x02A5, 0x00, 0x03, 0x0B, 0x00, 0x06, 0x00, 0x16, 0x15, 0, 0x0000AA20, 0x000000E0 },
    { 0x02A5, 0x00, 0x03, 0x0C, 0x00, 0x06, 0x00, 0x16, 0x15, 0, 0x0000AB00, 0x00000120 },
    { 0x02A5, 0x00, 0x03, 0x0D, 0x00, 0x06, 0x00, 0x16, 0x15, 0, 0x0000A468, 0x000001E8 },
    { 0x02A5, 0x00, 0x03, 0x0E, 0x00, 0x06, 0x00, 0x16, 0x15, 0, 0x0000A650, 0x000003D0 },
    { 0x02A5, 0x00, 0x03, 0x0F, 0x00, 0x06, 0x00, 0x16, 0x15, 0, 0x00009680, 0x00000318 },
    { 0x02A5, 0x00, 0x03, 0x10, 0x00, 0x06, 0x00, 0x16, 0x15, 0, 0x00009F50, 0x000000E0 },
    { 0x02A5, 0x00, 0x03, 0x11, 0x00, 0x06, 0x00, 0x16, 0x15, 0, 0x0000A030, 0x00000120 },
    { 0x02A5, 0x00, 0x03, 0x12, 0x00, 0x06, 0x00, 0x16, 0x15, 0, 0x00009998, 0x000001E8 },
    { 0x02A5, 0x00, 0x03, 0x13, 0x00, 0x06, 0x00, 0x16, 0x15, 0, 0x00009B80, 0x000003D0 },
    { 0x02A5, 0x00, 0x03, 0x14, 0x00, 0x06, 0x00, 0x16, 0x15, 0, 0x00003EB0, 0x00000510 },
    { 0x02A5, 0x00, 0x03, 0x15, 0x00, 0x06, 0x00, 0x16, 0x15, 0, 0x000088F0, 0x00000440 },
    { 0x02AA, 0x00, 0x00, 0x00, 0x00, 0x06, 0x00, 0x11, 0x0F, 0, 0x00000110, 0x0000000C },
    { 0x02AA, 0x00, 0x01, 0x00, 0x00, 0x06, 0x00, 0x11, 0x0F, 0, 0x000000CC, 0x00000044 },
    { 0x02AA, 0x00, 0x02, 0x00, 0x00, 0x06, 0x00, 0x11, 0x0F, 0, 0x00000000, 0x0000000C },
    { 0x02AA, 0x00, 0x02, 0x01, 0x00, 0x06, 0x00, 0x11, 0x0F, 0, 0x0000000C, 0x0000000C },
    { 0x02AA, 0x00, 0x02, 0x02, 0x00, 0x06, 0x00, 0x11, 0x0F, 0, 0x00000018, 0x0000000C },
    { 0x02AA, 0x00, 0x02, 0x03, 0x00, 0x06, 0x00, 0x11, 0x0F, 0, 0x00000024, 0x0000000C },
    { 0x02AA, 0x00, 0x02, 0x04, 0x00, 0x06, 0x00, 0x11, 0x0F, 0, 0x00000030, 0x0000000C },
    { 0x02AA, 0x00, 0x02, 0x05, 0x00, 0x06, 0x00, 0x11, 0x0F, 0, 0x0000003C, 0x0000000C },
    { 0x02AA, 0x00, 0x02, 0x06, 0x00, 0x06, 0x00, 0x11, 0x0F, 0, 0x00000048, 0x0000000C },
    { 0x02AA, 0x00, 0x02, 0x07, 0x00, 0x06, 0x00, 0x11, 0x0F, 0, 0x00000054, 0x0000000C },
    { 0x02AA, 0x00, 0x02, 0x08, 0x00, 0x06, 0x00, 0x11, 0x0F, 0, 0x00000060, 0x0000000C },
    { 0x02AA, 0x00, 0x02, 0x09, 0x00, 0x06, 0x00, 0x11, 0x0F, 0, 0x0000006C, 0x0000000C },
    { 0x02AA, 0x00, 0x02, 0x0A, 0x00, 0x06, 0x00, 0x11, 0x0F, 0, 0x00000078, 0x0000000C },
    { 0x02AA, 0x00, 0x02, 0x0B, 0x00, 0x06, 0x00, 0x11, 0x0F, 0, 0x00000084, 0x0000000C },
    { 0x02AA, 0x00, 0x02, 0x0C, 0x00, 0x06, 0x00, 0x11, 0x0F, 0, 0x00000090, 0x0000000C },
    { 0x02AA, 0x00, 0x02, 0x0D, 0x00, 0x06, 0x00, 0x11, 0x0F, 0, 0x0000009C, 0x0000000C },
    { 0x02AA, 0x00, 0x02, 0x0E, 0x00, 0x06, 0x00, 0x11, 0x0F, 0, 0x000000A8, 0x0000000C },
    { 0x02AA, 0x00, 0x02, 0x0F, 0x00, 0x06, 0x00, 0x11, 0x0F, 0, 0x000000B4, 0x0000000C },
    { 0x02AA, 0x00, 0x02, 0x10, 0x00, 0x06, 0x00, 0x11, 0x0F, 0, 0x000000C0, 0x0000000C },
    { 0x02AA, 0x00, 0x03, 0x01, 0x00, 0x06, 0x00, 0x11, 0x0F, 0, 0x00008488, 0x00000058 },
    { 0x02AA, 0x00, 0x03, 0x03, 0x00, 0x06, 0x00, 0x11, 0x0F, 0, 0x000082C8, 0x000001C0 },
    { 0x02AA, 0x00, 0x03, 0x04, 0x00, 0x06, 0x00, 0x11, 0x0F, 0, 0x00008190, 0x00000138 },
    { 0x02AA, 0x00, 0x03, 0x05, 0x00, 0x06, 0x00, 0x11, 0x0F, 0, 0x00007F90, 0x00000200 },
    { 0x02AA, 0x00, 0x03, 0x06, 0x00, 0x06, 0x00, 0x11, 0x0F, 0, 0x00007880, 0x000001C0 },
    { 0x02AA, 0x00, 0x03, 0x07, 0x00, 0x06, 0x00, 0x11, 0x0F, 0, 0x00007748, 0x00000138 },
    { 0x02AA, 0x00, 0x03, 0x08, 0x00, 0x06, 0x00, 0x11, 0x0F, 0, 0x00007548, 0x00000200 },
    { 0x02AA, 0x00, 0x03, 0x09, 0x00, 0x06, 0x00, 0x11, 0x0F, 0, 0x00006DE8, 0x00000210 },
    { 0x02AA, 0x00, 0x03, 0x0A, 0x00, 0x06, 0x00, 0x11, 0x0F, 0, 0x00007D70, 0x00000220 },
    { 0x02AA, 0x00, 0x03, 0x0B, 0x00, 0x06, 0x00, 0x11, 0x0F, 0, 0x00007C10, 0x00000160 },
    { 0x02AA, 0x00, 0x03, 0x0C, 0x00, 0x06, 0x00, 0x11, 0x0F, 0, 0x00007A40, 0x000001D0 },
    { 0x02AA, 0x00, 0x03, 0x0D, 0x00, 0x06, 0x00, 0x11, 0x0F, 0, 0x00007328, 0x00000220 },
    { 0x02AA, 0x00, 0x03, 0x0E, 0x00, 0x06, 0x00, 0x11, 0x0F, 0, 0x000071C8, 0x00000160 },
    { 0x02AA, 0x00, 0x03, 0x0F, 0x00, 0x06, 0x00, 0x11, 0x0F, 0, 0x00006FF8, 0x000001D0 },
    { 0x02AA, 0x00, 0x03, 0x10, 0x00, 0x06, 0x00, 0x11, 0x0F, 0, 0x00006A40, 0x000003A8 },
    { 0x02AB, 0x00, 0x00, 0x00, 0x00, 0x06, 0x00, 0x12, 0x10, 0, 0x00008D90, 0x0000000C },
    { 0x02AB, 0x00, 0x01, 0x00, 0x00, 0x06, 0x00, 0x12, 0x10, 0, 0x00008D48, 0x00000048 },
    { 0x02AB, 0x00, 0x02, 0x00, 0x00, 0x06, 0x00, 0x12, 0x10, 0, 0x00008C70, 0x0000000C },
    { 0x02AB, 0x00, 0x02, 0x01, 0x00, 0x06, 0x00, 0x12, 0x10, 0, 0x00008C7C, 0x0000000C },
    { 0x02AB, 0x00, 0x02, 0x02, 0x00, 0x06, 0x00, 0x12, 0x10, 0, 0x00008C88, 0x0000000C },
    { 0x02AB, 0x00, 0x02, 0x03, 0x00, 0x06, 0x00, 0x12, 0x10, 0, 0x00008C94, 0x0000000C },
    { 0x02AB, 0x00, 0x02, 0x04, 0x00, 0x06, 0x00, 0x12, 0x10, 0, 0x00008CA0, 0x0000000C },
    { 0x02AB, 0x00, 0x02, 0x05, 0x00, 0x06, 0x00, 0x12, 0x10, 0, 0x00008CAC, 0x0000000C },
    { 0x02AB, 0x00, 0x02, 0x06, 0x00, 0x06, 0x00, 0x12, 0x10, 0, 0x00008CB8, 0x0000000C },
    { 0x02AB, 0x00, 0x02, 0x07, 0x00, 0x06, 0x00, 0x12, 0x10, 0, 0x00008CC4, 0x0000000C },
    { 0x02AB, 0x00, 0x02, 0x08, 0x00, 0x06, 0x00, 0x12, 0x10, 0, 0x00008CD0, 0x0000000C },
    { 0x02AB, 0x00, 0x02, 0x09, 0x00, 0x06, 0x00, 0x12, 0x10, 0, 0x00008CDC, 0x0000000C },
    { 0x02AB, 0x00, 0x02, 0x0A, 0x00, 0x06, 0x00, 0x12, 0x10, 0, 0x00008CE8, 0x0000000C },
    { 0x02AB, 0x00, 0x02, 0x0B, 0x00, 0x06, 0x00, 0x12, 0x10, 0, 0x00008CF4, 0x0000000C },
    { 0x02AB, 0x00, 0x02, 0x0C, 0x00, 0x06, 0x00, 0x12, 0x10, 0, 0x00008D00, 0x0000000C },
    { 0x02AB, 0x00, 0x02, 0x0D, 0x00, 0x06, 0x00, 0x12, 0x10, 0, 0x00008D0C, 0x0000000C },
    { 0x02AB, 0x00, 0x02, 0x0E, 0x00, 0x06, 0x00, 0x12, 0x10, 0, 0x00008D18, 0x0000000C },
    { 0x02AB, 0x00, 0x02, 0x0F, 0x00, 0x06, 0x00, 0x12, 0x10, 0, 0x00008D24, 0x0000000C },
    { 0x02AB, 0x00, 0x02, 0x10, 0x00, 0x06, 0x00, 0x12, 0x10, 0, 0x00008D30, 0x0000000C },
    { 0x02AB, 0x00, 0x02, 0x11, 0x00, 0x06, 0x00, 0x12, 0x10, 0, 0x00008D3C, 0x0000000C },
    { 0x02AB, 0x00, 0x03, 0x02, 0x00, 0x06, 0x00, 0x12, 0x10, 0, 0x00008A08, 0x00000058 },
    { 0x02AB, 0x00, 0x03, 0x03, 0x00, 0x06, 0x00, 0x12, 0x10, 0, 0x00008A60, 0x000000F0 },
    { 0x02AB, 0x00, 0x03, 0x04, 0x00, 0x06, 0x00, 0x12, 0x10, 0, 0x00008B50, 0x00000120 },
    { 0x02AB, 0x00, 0x03, 0x05, 0x00, 0x06, 0x00, 0x12, 0x10, 0, 0x000087A0, 0x00000058 },
    { 0x02AB, 0x00, 0x03, 0x06, 0x00, 0x06, 0x00, 0x12, 0x10, 0, 0x000087F8, 0x000000F0 },
    { 0x02AB, 0x00, 0x03, 0x07, 0x00, 0x06, 0x00, 0x12, 0x10, 0, 0x000088E8, 0x00000120 },
    { 0x02AB, 0x00, 0x03, 0x08, 0x00, 0x06, 0x00, 0x12, 0x10, 0, 0x00008530, 0x00000270 },
    { 0x02AB, 0x00, 0x03, 0x09, 0x00, 0x06, 0x00, 0x12, 0x10, 0, 0x00008300, 0x00000230 },
    { 0x02AB, 0x00, 0x03, 0x0A, 0x00, 0x06, 0x00, 0x12, 0x10, 0, 0x00007568, 0x00000418 },
    { 0x02AB, 0x00, 0x03, 0x0B, 0x00, 0x06, 0x00, 0x12, 0x10, 0, 0x00007E40, 0x00000230 },
    { 0x02AB, 0x00, 0x03, 0x0C, 0x00, 0x06, 0x00, 0x12, 0x10, 0, 0x00008070, 0x000000F8 },
    { 0x02AB, 0x00, 0x03, 0x0D, 0x00, 0x06, 0x00, 0x12, 0x10, 0, 0x00008168, 0x00000198 },
    { 0x02AB, 0x00, 0x03, 0x0E, 0x00, 0x06, 0x00, 0x12, 0x10, 0, 0x00007980, 0x00000230 },
    { 0x02AB, 0x00, 0x03, 0x0F, 0x00, 0x06, 0x00, 0x12, 0x10, 0, 0x00007BB0, 0x000000F8 },
    { 0x02AB, 0x00, 0x03, 0x10, 0x00, 0x06, 0x00, 0x12, 0x10, 0, 0x00007CA8, 0x00000198 },
    { 0x02AB, 0x00, 0x03, 0x11, 0x00, 0x06, 0x00, 0x12, 0x10, 0, 0x00004BE0, 0x00000840 },
    { 0x02AD, 0x00, 0x00, 0x00, 0x00, 0x06, 0x02, 0x2F, 0x00, 0, 0x00004A24, 0x00000008 },
    { 0x02AD, 0x00, 0x01, 0x00, 0x00, 0x06, 0x02, 0x2F, 0x00, 0, 0x00004968, 0x000000BC },
    { 0x02AD, 0x00, 0x02, 0x00, 0x00, 0x06, 0x02, 0x2F, 0x00, 0, 0x00004678, 0x00000010 },
    { 0x02AD, 0x00, 0x02, 0x01, 0x00, 0x06, 0x02, 0x2F, 0x00, 0, 0x00004688, 0x00000010 },
    { 0x02AD, 0x00, 0x02, 0x02, 0x00, 0x06, 0x02, 0x2F, 0x00, 0, 0x00004698, 0x00000010 },
    { 0x02AD, 0x00, 0x02, 0x03, 0x00, 0x06, 0x02, 0x2F, 0x00, 0, 0x000046A8, 0x00000010 },
    { 0x02AD, 0x00, 0x02, 0x04, 0x00, 0x06, 0x02, 0x2F, 0x00, 0, 0x000046B8, 0x00000010 },
    { 0x02AD, 0x00, 0x02, 0x05, 0x00, 0x06, 0x02, 0x2F, 0x00, 0, 0x000046C8, 0x00000010 },
    { 0x02AD, 0x00, 0x02, 0x06, 0x00, 0x06, 0x02, 0x2F, 0x00, 0, 0x000046D8, 0x00000010 },
    { 0x02AD, 0x00, 0x02, 0x07, 0x00, 0x06, 0x02, 0x2F, 0x00, 0, 0x000046E8, 0x00000010 },
    { 0x02AD, 0x00, 0x02, 0x08, 0x00, 0x06, 0x02, 0x2F, 0x00, 0, 0x000046F8, 0x00000010 },
    { 0x02AD, 0x00, 0x02, 0x09, 0x00, 0x06, 0x02, 0x2F, 0x00, 0, 0x00004708, 0x00000010 },
    { 0x02AD, 0x00, 0x02, 0x0A, 0x00, 0x06, 0x02, 0x2F, 0x00, 0, 0x00004718, 0x00000010 },
    { 0x02AD, 0x00, 0x02, 0x0B, 0x00, 0x06, 0x02, 0x2F, 0x00, 0, 0x00004728, 0x00000010 },
    { 0x02AD, 0x00, 0x02, 0x0C, 0x00, 0x06, 0x02, 0x2F, 0x00, 0, 0x00004738, 0x00000010 },
    { 0x02AD, 0x00, 0x02, 0x0D, 0x00, 0x06, 0x02, 0x2F, 0x00, 0, 0x00004748, 0x00000010 },
    { 0x02AD, 0x00, 0x02, 0x0E, 0x00, 0x06, 0x02, 0x2F, 0x00, 0, 0x00004758, 0x00000010 },
    { 0x02AD, 0x00, 0x02, 0x0F, 0x00, 0x06, 0x02, 0x2F, 0x00, 0, 0x00004768, 0x00000010 },
    { 0x02AD, 0x00, 0x02, 0x10, 0x00, 0x06, 0x02, 0x2F, 0x00, 0, 0x00004778, 0x00000010 },
    { 0x02AD, 0x00, 0x02, 0x11, 0x00, 0x06, 0x02, 0x2F, 0x00, 0, 0x00004788, 0x00000010 },
    { 0x02AD, 0x00, 0x02, 0x12, 0x00, 0x06, 0x02, 0x2F, 0x00, 0, 0x00004798, 0x00000010 },
    { 0x02AD, 0x00, 0x02, 0x13, 0x00, 0x06, 0x02, 0x2F, 0x00, 0, 0x000047A8, 0x00000010 },
    { 0x02AD, 0x00, 0x02, 0x14, 0x00, 0x06, 0x02, 0x2F, 0x00, 0, 0x000047B8, 0x00000010 },
    { 0x02AD, 0x00, 0x02, 0x15, 0x00, 0x06, 0x02, 0x2F, 0x00, 0, 0x000047C8, 0x00000010 },
    { 0x02AD, 0x00, 0x02, 0x16, 0x00, 0x06, 0x02, 0x2F, 0x00, 0, 0x000047D8, 0x00000010 },
    { 0x02AD, 0x00, 0x02, 0x17, 0x00, 0x06, 0x02, 0x2F, 0x00, 0, 0x000047E8, 0x00000010 },
    { 0x02AD, 0x00, 0x02, 0x18, 0x00, 0x06, 0x02, 0x2F, 0x00, 0, 0x000047F8, 0x00000010 },
    { 0x02AD, 0x00, 0x02, 0x19, 0x00, 0x06, 0x02, 0x2F, 0x00, 0, 0x00004808, 0x00000010 },
    { 0x02AD, 0x00, 0x02, 0x1A, 0x00, 0x06, 0x02, 0x2F, 0x00, 0, 0x00004818, 0x00000010 },
    { 0x02AD, 0x00, 0x02, 0x1B, 0x00, 0x06, 0x02, 0x2F, 0x00, 0, 0x00004828, 0x00000010 },
    { 0x02AD, 0x00, 0x02, 0x1C, 0x00, 0x06, 0x02, 0x2F, 0x00, 0, 0x00004838, 0x00000010 },
    { 0x02AD, 0x00, 0x02, 0x1D, 0x00, 0x06, 0x02, 0x2F, 0x00, 0, 0x00004848, 0x00000010 },
    { 0x02AD, 0x00, 0x02, 0x1E, 0x00, 0x06, 0x02, 0x2F, 0x00, 0, 0x00004858, 0x00000010 },
    { 0x02AD, 0x00, 0x02, 0x1F, 0x00, 0x06, 0x02, 0x2F, 0x00, 0, 0x00004868, 0x00000010 },
    { 0x02AD, 0x00, 0x02, 0x20, 0x00, 0x06, 0x02, 0x2F, 0x00, 0, 0x00004878, 0x00000010 },
    { 0x02AD, 0x00, 0x02, 0x21, 0x00, 0x06, 0x02, 0x2F, 0x00, 0, 0x00004888, 0x00000010 },
    { 0x02AD, 0x00, 0x02, 0x22, 0x00, 0x06, 0x02, 0x2F, 0x00, 0, 0x00004898, 0x00000010 },
    { 0x02AD, 0x00, 0x02, 0x23, 0x00, 0x06, 0x02, 0x2F, 0x00, 0, 0x000048A8, 0x00000010 },
    { 0x02AD, 0x00, 0x02, 0x24, 0x00, 0x06, 0x02, 0x2F, 0x00, 0, 0x000048B8, 0x00000010 },
    { 0x02AD, 0x00, 0x02, 0x25, 0x00, 0x06, 0x02, 0x2F, 0x00, 0, 0x000048C8, 0x00000010 },
    { 0x02AD, 0x00, 0x02, 0x26, 0x00, 0x06, 0x02, 0x2F, 0x00, 0, 0x000048D8, 0x00000010 },
    { 0x02AD, 0x00, 0x02, 0x27, 0x00, 0x06, 0x02, 0x2F, 0x00, 0, 0x000048E8, 0x00000010 },
    { 0x02AD, 0x00, 0x02, 0x28, 0x00, 0x06, 0x02, 0x2F, 0x00, 0, 0x000048F8, 0x00000010 },
    { 0x02AD, 0x00, 0x02, 0x29, 0x00, 0x06, 0x02, 0x2F, 0x00, 0, 0x00004908, 0x00000010 },
    { 0x02AD, 0x00, 0x02, 0x2A, 0x00, 0x06, 0x02, 0x2F, 0x00, 0, 0x00004918, 0x00000010 },
    { 0x02AD, 0x00, 0x02, 0x2B, 0x00, 0x06, 0x02, 0x2F, 0x00, 0, 0x00004928, 0x00000010 },
    { 0x02AD, 0x00, 0x02, 0x2C, 0x00, 0x06, 0x02, 0x2F, 0x00, 0, 0x00004938, 0x00000010 },
    { 0x02AD, 0x00, 0x02, 0x2D, 0x00, 0x06, 0x02, 0x2F, 0x00, 0, 0x00004948, 0x00000010 },
    { 0x02AD, 0x00, 0x02, 0x2E, 0x00, 0x06, 0x02, 0x2F, 0x00, 0, 0x00004958, 0x00000010 },
    { 0x02AD, 0x00, 0x03, 0x05, 0x00, 0x06, 0x02, 0x2F, 0x00, 0, 0x00006ED0, 0x00000620 },
    { 0x02AD, 0x00, 0x03, 0x0D, 0x00, 0x06, 0x02, 0x2F, 0x00, 0, 0x00002290, 0x00000348 },
    { 0x02AD, 0x00, 0x03, 0x14, 0x00, 0x06, 0x02, 0x2F, 0x00, 0, 0x00002188, 0x00000108 },
    { 0x02AD, 0x00, 0x03, 0x15, 0x00, 0x06, 0x02, 0x2F, 0x00, 0, 0x00002110, 0x00000078 },
    { 0x02AD, 0x00, 0x03, 0x1C, 0x00, 0x06, 0x02, 0x2F, 0x00, 0, 0x00001D08, 0x00000108 },
    { 0x02AD, 0x00, 0x03, 0x1D, 0x00, 0x06, 0x02, 0x2F, 0x00, 0, 0x00001C90, 0x00000078 },
    { 0x02AD, 0x00, 0x03, 0x1E, 0x00, 0x06, 0x02, 0x2F, 0x00, 0, 0x000025D8, 0x00000170 },
    { 0x02AD, 0x00, 0x03, 0x25, 0x00, 0x06, 0x02, 0x2F, 0x00, 0, 0x00002008, 0x00000108 },
    { 0x02AD, 0x00, 0x03, 0x26, 0x00, 0x06, 0x02, 0x2F, 0x00, 0, 0x00001F90, 0x00000078 },
    { 0x02AD, 0x00, 0x03, 0x2D, 0x00, 0x06, 0x02, 0x2F, 0x00, 0, 0x00001E88, 0x00000108 },
    { 0x02AD, 0x00, 0x03, 0x2E, 0x00, 0x06, 0x02, 0x2F, 0x00, 0, 0x00001E10, 0x00000078 },
    { 0x02AD, 0x00, 0x04, 0x05, 0x00, 0x06, 0x02, 0x2F, 0x00, 0, 0x0000466C, 0x0000000C },
    { 0x02AD, 0x00, 0x05, 0x05, 0x00, 0x06, 0x02, 0x2F, 0x00, 0, 0x00003ECC, 0x000007A0 },
    { 0x02AD, 0x00, 0x06, 0x05, 0x00, 0x06, 0x02, 0x2F, 0x00, 0, 0x00003264, 0x0000000A },
    { 0x02AD, 0x00, 0x06, 0x05, 0x01, 0x06, 0x02, 0x2F, 0x00, 0, 0x00003270, 0x0000000A },
    { 0x02AD, 0x00, 0x06, 0x05, 0x02, 0x06, 0x02, 0x2F, 0x00, 0, 0x0000327C, 0x0000000A },
    { 0x02AD, 0x00, 0x06, 0x05, 0x03, 0x06, 0x02, 0x2F, 0x00, 0, 0x00003288, 0x00000014 },
    { 0x02AD, 0x00, 0x06, 0x05, 0x04, 0x06, 0x02, 0x2F, 0x00, 0, 0x0000329C, 0x00000014 },
    { 0x02AD, 0x00, 0x06, 0x05, 0x05, 0x06, 0x02, 0x2F, 0x00, 0, 0x000032B0, 0x00000014 },
    { 0x02AD, 0x00, 0x06, 0x05, 0x06, 0x06, 0x02, 0x2F, 0x00, 0, 0x000032C4, 0x00000028 },
    { 0x02AD, 0x00, 0x06, 0x05, 0x07, 0x06, 0x02, 0x2F, 0x00, 0, 0x000032EC, 0x00000014 },
    { 0x02AD, 0x00, 0x06, 0x05, 0x08, 0x06, 0x02, 0x2F, 0x00, 0, 0x00003300, 0x00000014 },
    { 0x02AD, 0x00, 0x06, 0x05, 0x09, 0x06, 0x02, 0x2F, 0x00, 0, 0x00003314, 0x00000032 },
    { 0x02AD, 0x00, 0x06, 0x05, 0x0A, 0x06, 0x02, 0x2F, 0x00, 0, 0x00003348, 0x00000028 },
    { 0x02AD, 0x00, 0x06, 0x05, 0x0B, 0x06, 0x02, 0x2F, 0x00, 0, 0x00003370, 0x0000001E },
    { 0x02AD, 0x00, 0x06, 0x05, 0x0C, 0x06, 0x02, 0x2F, 0x00, 0, 0x00003390, 0x0000001E },
    { 0x02AD, 0x00, 0x06, 0x05, 0x0D, 0x06, 0x02, 0x2F, 0x00, 0, 0x000033B0, 0x00000014 },
    { 0x02AD, 0x00, 0x06, 0x05, 0x0E, 0x06, 0x02, 0x2F, 0x00, 0, 0x000033C4, 0x00000014 },
    { 0x02AD, 0x00, 0x06, 0x05, 0x0F, 0x06, 0x02, 0x2F, 0x00, 0, 0x000033D8, 0x00000014 },
    { 0x02AD, 0x00, 0x06, 0x05, 0x10, 0x06, 0x02, 0x2F, 0x00, 0, 0x000033EC, 0x0000000A },
    { 0x02AD, 0x00, 0x06, 0x05, 0x11, 0x06, 0x02, 0x2F, 0x00, 0, 0x000033F8, 0x0000003C },
    { 0x02AD, 0x00, 0x06, 0x05, 0x12, 0x06, 0x02, 0x2F, 0x00, 0, 0x00003434, 0x0000001E },
    { 0x02AD, 0x00, 0x06, 0x05, 0x13, 0x06, 0x02, 0x2F, 0x00, 0, 0x00003454, 0x0000000A },
    { 0x02AD, 0x00, 0x06, 0x05, 0x14, 0x06, 0x02, 0x2F, 0x00, 0, 0x00003460, 0x00000014 },
    { 0x02AD, 0x00, 0x06, 0x05, 0x15, 0x06, 0x02, 0x2F, 0x00, 0, 0x00003474, 0x0000001E },
    { 0x02AD, 0x00, 0x06, 0x05, 0x16, 0x06, 0x02, 0x2F, 0x00, 0, 0x00003494, 0x00000014 },
    { 0x02AD, 0x00, 0x06, 0x05, 0x17, 0x06, 0x02, 0x2F, 0x00, 0, 0x000034A8, 0x0000000A },
    { 0x02AD, 0x00, 0x06, 0x05, 0x18, 0x06, 0x02, 0x2F, 0x00, 0, 0x000034B4, 0x0000001E },
    { 0x02AD, 0x00, 0x06, 0x05, 0x19, 0x06, 0x02, 0x2F, 0x00, 0, 0x000034D4, 0x0000001E },
    { 0x02AD, 0x00, 0x06, 0x05, 0x1A, 0x06, 0x02, 0x2F, 0x00, 0, 0x000034F4, 0x00000014 },
    { 0x02AD, 0x00, 0x06, 0x05, 0x1B, 0x06, 0x02, 0x2F, 0x00, 0, 0x00003508, 0x00000014 },
    { 0x02AD, 0x00, 0x06, 0x05, 0x1C, 0x06, 0x02, 0x2F, 0x00, 0, 0x0000351C, 0x0000001E },
    { 0x02AD, 0x00, 0x06, 0x05, 0x1D, 0x06, 0x02, 0x2F, 0x00, 0, 0x0000353C, 0x00000014 },
    { 0x02AD, 0x00, 0x06, 0x05, 0x1E, 0x06, 0x02, 0x2F, 0x00, 0, 0x00003550, 0x0000000A },
    { 0x02AD, 0x00, 0x06, 0x05, 0x1F, 0x06, 0x02, 0x2F, 0x00, 0, 0x0000355C, 0x00000014 },
    { 0x02AD, 0x00, 0x06, 0x05, 0x20, 0x06, 0x02, 0x2F, 0x00, 0, 0x00003570, 0x0000001E },
    { 0x02AD, 0x00, 0x06, 0x05, 0x21, 0x06, 0x02, 0x2F, 0x00, 0, 0x00003590, 0x0000001E },
    { 0x02AD, 0x00, 0x06, 0x05, 0x22, 0x06, 0x02, 0x2F, 0x00, 0, 0x000035B0, 0x0000000A },
    { 0x02AD, 0x00, 0x06, 0x05, 0x23, 0x06, 0x02, 0x2F, 0x00, 0, 0x000035BC, 0x00000028 },
    { 0x02AD, 0x00, 0x06, 0x05, 0x24, 0x06, 0x02, 0x2F, 0x00, 0, 0x000035E4, 0x00000014 },
    { 0x02AD, 0x00, 0x06, 0x05, 0x25, 0x06, 0x02, 0x2F, 0x00, 0, 0x000035F8, 0x00000028 },
    { 0x02AD, 0x00, 0x06, 0x05, 0x26, 0x06, 0x02, 0x2F, 0x00, 0, 0x00003620, 0x0000001E },
    { 0x02AD, 0x00, 0x06, 0x05, 0x27, 0x06, 0x02, 0x2F, 0x00, 0, 0x00003640, 0x00000014 },
    { 0x02AD, 0x00, 0x06, 0x05, 0x28, 0x06, 0x02, 0x2F, 0x00, 0, 0x00003654, 0x0000001E },
    { 0x02AD, 0x00, 0x06, 0x05, 0x29, 0x06, 0x02, 0x2F, 0x00, 0, 0x00003674, 0x00000014 },
    { 0x02AD, 0x00, 0x06, 0x05, 0x2A, 0x06, 0x02, 0x2F, 0x00, 0, 0x00003688, 0x0000000A },
    { 0x02AD, 0x00, 0x06, 0x05, 0x2B, 0x06, 0x02, 0x2F, 0x00, 0, 0x00003694, 0x00000014 },
    { 0x02AD, 0x00, 0x06, 0x05, 0x2C, 0x06, 0x02, 0x2F, 0x00, 0, 0x000036A8, 0x00000014 },
    { 0x02AD, 0x00, 0x06, 0x05, 0x2D, 0x06, 0x02, 0x2F, 0x00, 0, 0x000036BC, 0x00000014 },
    { 0x02AD, 0x00, 0x06, 0x05, 0x2E, 0x06, 0x02, 0x2F, 0x00, 0, 0x000036D0, 0x00000014 },
    { 0x02AD, 0x00, 0x06, 0x05, 0x2F, 0x06, 0x02, 0x2F, 0x00, 0, 0x000036E4, 0x0000000A },
    { 0x02AD, 0x00, 0x06, 0x05, 0x30, 0x06, 0x02, 0x2F, 0x00, 0, 0x000036F0, 0x0000003C },
    { 0x02AD, 0x00, 0x06, 0x05, 0x31, 0x06, 0x02, 0x2F, 0x00, 0, 0x0000372C, 0x00000032 },
    { 0x02AD, 0x00, 0x06, 0x05, 0x32, 0x06, 0x02, 0x2F, 0x00, 0, 0x00003760, 0x0000001E },
    { 0x02AD, 0x00, 0x06, 0x05, 0x33, 0x06, 0x02, 0x2F, 0x00, 0, 0x00003780, 0x00000014 },
    { 0x02AD, 0x00, 0x06, 0x05, 0x34, 0x06, 0x02, 0x2F, 0x00, 0, 0x00003794, 0x00000014 },
    { 0x02AD, 0x00, 0x06, 0x05, 0x35, 0x06, 0x02, 0x2F, 0x00, 0, 0x000037A8, 0x00000014 },
    { 0x02AD, 0x00, 0x06, 0x05, 0x36, 0x06, 0x02, 0x2F, 0x00, 0, 0x000037BC, 0x00000014 },
    { 0x02AD, 0x00, 0x06, 0x05, 0x37, 0x06, 0x02, 0x2F, 0x00, 0, 0x000037D0, 0x0000001E },
    { 0x02AD, 0x00, 0x06, 0x05, 0x38, 0x06, 0x02, 0x2F, 0x00, 0, 0x000037F0, 0x0000000A },
    { 0x02AD, 0x00, 0x06, 0x05, 0x39, 0x06, 0x02, 0x2F, 0x00, 0, 0x000037FC, 0x0000001E },
    { 0x02AD, 0x00, 0x06, 0x05, 0x3A, 0x06, 0x02, 0x2F, 0x00, 0, 0x0000381C, 0x00000014 },
    { 0x02AD, 0x00, 0x06, 0x05, 0x3B, 0x06, 0x02, 0x2F, 0x00, 0, 0x00003830, 0x0000000A },
    { 0x02AD, 0x00, 0x06, 0x05, 0x3C, 0x06, 0x02, 0x2F, 0x00, 0, 0x0000383C, 0x0000000A },
    { 0x02AD, 0x00, 0x06, 0x05, 0x3D, 0x06, 0x02, 0x2F, 0x00, 0, 0x00003848, 0x0000000A },
    { 0x02AD, 0x00, 0x06, 0x05, 0x3E, 0x06, 0x02, 0x2F, 0x00, 0, 0x00003854, 0x0000000A },
    { 0x02AD, 0x00, 0x06, 0x05, 0x3F, 0x06, 0x02, 0x2F, 0x00, 0, 0x00003860, 0x0000000A },
    { 0x02AD, 0x00, 0x06, 0x05, 0x40, 0x06, 0x02, 0x2F, 0x00, 0, 0x0000386C, 0x00000014 },
    { 0x02AD, 0x00, 0x06, 0x05, 0x41, 0x06, 0x02, 0x2F, 0x00, 0, 0x00003880, 0x00000028 },
    { 0x02AD, 0x00, 0x06, 0x05, 0x42, 0x06, 0x02, 0x2F, 0x00, 0, 0x000038A8, 0x0000001E },
    { 0x02AD, 0x00, 0x06, 0x05, 0x43, 0x06, 0x02, 0x2F, 0x00, 0, 0x000038C8, 0x00000028 },
    { 0x02AD, 0x00, 0x06, 0x05, 0x44, 0x06, 0x02, 0x2F, 0x00, 0, 0x000038F0, 0x0000000A },
    { 0x02AD, 0x00, 0x06, 0x05, 0x45, 0x06, 0x02, 0x2F, 0x00, 0, 0x000038FC, 0x0000001E },
    { 0x02AD, 0x00, 0x06, 0x05, 0x46, 0x06, 0x02, 0x2F, 0x00, 0, 0x0000391C, 0x00000014 },
    { 0x02AD, 0x00, 0x06, 0x05, 0x47, 0x06, 0x02, 0x2F, 0x00, 0, 0x00003930, 0x0000001E },
    { 0x02AD, 0x00, 0x06, 0x05, 0x48, 0x06, 0x02, 0x2F, 0x00, 0, 0x00003950, 0x0000003C },
    { 0x02AD, 0x00, 0x06, 0x05, 0x49, 0x06, 0x02, 0x2F, 0x00, 0, 0x0000398C, 0x00000014 },
    { 0x02AD, 0x00, 0x06, 0x05, 0x4A, 0x06, 0x02, 0x2F, 0x00, 0, 0x000039A0, 0x00000028 },
    { 0x02AD, 0x00, 0x06, 0x05, 0x4B, 0x06, 0x02, 0x2F, 0x00, 0, 0x000039C8, 0x0000001E },
    { 0x02AD, 0x00, 0x06, 0x05, 0x4C, 0x06, 0x02, 0x2F, 0x00, 0, 0x000039E8, 0x0000003C },
    { 0x02AD, 0x00, 0x06, 0x05, 0x4D, 0x06, 0x02, 0x2F, 0x00, 0, 0x00003A24, 0x00000028 },
    { 0x02AD, 0x00, 0x06, 0x05, 0x4E, 0x06, 0x02, 0x2F, 0x00, 0, 0x00003A4C, 0x0000000A },
    { 0x02AD, 0x00, 0x06, 0x05, 0x4F, 0x06, 0x02, 0x2F, 0x00, 0, 0x00003A58, 0x0000000A },
    { 0x02AD, 0x00, 0x06, 0x05, 0x50, 0x06, 0x02, 0x2F, 0x00, 0, 0x00003A64, 0x0000000A },
    { 0x02AD, 0x00, 0x06, 0x05, 0x51, 0x06, 0x02, 0x2F, 0x00, 0, 0x00003A70, 0x0000000A },
    { 0x02AD, 0x00, 0x06, 0x05, 0x52, 0x06, 0x02, 0x2F, 0x00, 0, 0x00003A7C, 0x00000028 },
    { 0x02AD, 0x00, 0x06, 0x05, 0x53, 0x06, 0x02, 0x2F, 0x00, 0, 0x00003AA4, 0x0000000A },
    { 0x02AD, 0x00, 0x06, 0x05, 0x54, 0x06, 0x02, 0x2F, 0x00, 0, 0x00003AB0, 0x00000028 },
    { 0x02AD, 0x00, 0x06, 0x05, 0x55, 0x06, 0x02, 0x2F, 0x00, 0, 0x00003AD8, 0x0000000A },
    { 0x02AD, 0x00, 0x06, 0x05, 0x56, 0x06, 0x02, 0x2F, 0x00, 0, 0x00003AE4, 0x0000000A },
    { 0x02AD, 0x00, 0x06, 0x05, 0x57, 0x06, 0x02, 0x2F, 0x00, 0, 0x00003AF0, 0x0000000A },
    { 0x02AD, 0x00, 0x06, 0x05, 0x58, 0x06, 0x02, 0x2F, 0x00, 0, 0x00003AFC, 0x0000000A },
    { 0x02AD, 0x00, 0x06, 0x05, 0x59, 0x06, 0x02, 0x2F, 0x00, 0, 0x00003B08, 0x0000001E },
    { 0x02AD, 0x00, 0x06, 0x05, 0x5A, 0x06, 0x02, 0x2F, 0x00, 0, 0x00003B28, 0x0000000A },
    { 0x02AD, 0x00, 0x06, 0x05, 0x5B, 0x06, 0x02, 0x2F, 0x00, 0, 0x00003B34, 0x0000000A },
    { 0x02AD, 0x00, 0x06, 0x05, 0x5C, 0x06, 0x02, 0x2F, 0x00, 0, 0x00003B40, 0x0000001E },
    { 0x02AD, 0x00, 0x06, 0x05, 0x5D, 0x06, 0x02, 0x2F, 0x00, 0, 0x00003B60, 0x00000046 },
    { 0x02AD, 0x00, 0x06, 0x05, 0x5E, 0x06, 0x02, 0x2F, 0x00, 0, 0x00003BA8, 0x00000028 },
    { 0x02AD, 0x00, 0x06, 0x05, 0x5F, 0x06, 0x02, 0x2F, 0x00, 0, 0x00003BD0, 0x00000014 },
    { 0x02AD, 0x00, 0x06, 0x05, 0x60, 0x06, 0x02, 0x2F, 0x00, 0, 0x00003BE4, 0x00000014 },
    { 0x02AD, 0x00, 0x06, 0x05, 0x61, 0x06, 0x02, 0x2F, 0x00, 0, 0x00003BF8, 0x00000028 },
    { 0x02AD, 0x00, 0x06, 0x05, 0x62, 0x06, 0x02, 0x2F, 0x00, 0, 0x00003C20, 0x00000014 },
    { 0x02AD, 0x00, 0x06, 0x05, 0x63, 0x06, 0x02, 0x2F, 0x00, 0, 0x00003C34, 0x0000003C },
    { 0x02AD, 0x00, 0x06, 0x05, 0x64, 0x06, 0x02, 0x2F, 0x00, 0, 0x00003C70, 0x00000028 },
    { 0x02AD, 0x00, 0x06, 0x05, 0x65, 0x06, 0x02, 0x2F, 0x00, 0, 0x00003C98, 0x00000014 },
    { 0x02AD, 0x00, 0x06, 0x05, 0x66, 0x06, 0x02, 0x2F, 0x00, 0, 0x00003CAC, 0x0000001E },
    { 0x02AD, 0x00, 0x06, 0x05, 0x67, 0x06, 0x02, 0x2F, 0x00, 0, 0x00003CCC, 0x00000014 },
    { 0x02AD, 0x00, 0x06, 0x05, 0x68, 0x06, 0x02, 0x2F, 0x00, 0, 0x00003CE0, 0x0000000A },
    { 0x02AD, 0x00, 0x06, 0x05, 0x69, 0x06, 0x02, 0x2F, 0x00, 0, 0x00003CEC, 0x0000000A },
    { 0x02AD, 0x00, 0x06, 0x05, 0x6A, 0x06, 0x02, 0x2F, 0x00, 0, 0x00003CF8, 0x0000001E },
    { 0x02AD, 0x00, 0x06, 0x05, 0x6B, 0x06, 0x02, 0x2F, 0x00, 0, 0x00003D18, 0x00000014 },
    { 0x02AD, 0x00, 0x06, 0x05, 0x6C, 0x06, 0x02, 0x2F, 0x00, 0, 0x00003D2C, 0x0000003C },
    { 0x02AD, 0x00, 0x06, 0x05, 0x6D, 0x06, 0x02, 0x2F, 0x00, 0, 0x00003D68, 0x00000014 },
    { 0x02AD, 0x00, 0x06, 0x05, 0x6E, 0x06, 0x02, 0x2F, 0x00, 0, 0x00003D7C, 0x0000000A },
    { 0x02AD, 0x00, 0x06, 0x05, 0x6F, 0x06, 0x02, 0x2F, 0x00, 0, 0x00003D88, 0x00000028 },
    { 0x02AD, 0x00, 0x06, 0x05, 0x70, 0x06, 0x02, 0x2F, 0x00, 0, 0x00003DB0, 0x0000001E },
    { 0x02AD, 0x00, 0x06, 0x05, 0x71, 0x06, 0x02, 0x2F, 0x00, 0, 0x00003DD0, 0x0000001E },
    { 0x02AD, 0x00, 0x06, 0x05, 0x72, 0x06, 0x02, 0x2F, 0x00, 0, 0x00003DF0, 0x0000001E },
    { 0x02AD, 0x00, 0x06, 0x05, 0x73, 0x06, 0x02, 0x2F, 0x00, 0, 0x00003E10, 0x0000000A },
    { 0x02AD, 0x00, 0x06, 0x05, 0x74, 0x06, 0x02, 0x2F, 0x00, 0, 0x00003E1C, 0x00000014 },
    { 0x02AD, 0x00, 0x06, 0x05, 0x75, 0x06, 0x02, 0x2F, 0x00, 0, 0x00003E30, 0x00000014 },
    { 0x02AD, 0x00, 0x06, 0x05, 0x76, 0x06, 0x02, 0x2F, 0x00, 0, 0x00003E44, 0x00000046 },
    { 0x02AD, 0x00, 0x06, 0x05, 0x77, 0x06, 0x02, 0x2F, 0x00, 0, 0x00003E8C, 0x0000001E },
    { 0x02AD, 0x00, 0x06, 0x05, 0x78, 0x06, 0x02, 0x2F, 0x00, 0, 0x00003EAC, 0x00000014 },
    { 0x02AD, 0x00, 0x06, 0x05, 0x79, 0x06, 0x02, 0x2F, 0x00, 0, 0x00003EC0, 0x0000000A },
    { 0x02AD, 0x00, 0x07, 0x05, 0x00, 0x06, 0x02, 0x2F, 0x00, 0, 0x00002750, 0x00000014 },
    { 0x02AD, 0x00, 0x07, 0x05, 0x01, 0x06, 0x02, 0x2F, 0x00, 0, 0x00002764, 0x00000014 },
    { 0x02AD, 0x00, 0x07, 0x05, 0x02, 0x06, 0x02, 0x2F, 0x00, 0, 0x00002778, 0x00000014 },
    { 0x02AD, 0x00, 0x07, 0x05, 0x03, 0x06, 0x02, 0x2F, 0x00, 0, 0x0000278C, 0x00000014 },
    { 0x02AD, 0x00, 0x07, 0x05, 0x04, 0x06, 0x02, 0x2F, 0x00, 0, 0x000027A0, 0x00000014 },
    { 0x02AD, 0x00, 0x07, 0x05, 0x05, 0x06, 0x02, 0x2F, 0x00, 0, 0x000027B4, 0x0000000A },
    { 0x02AD, 0x00, 0x07, 0x05, 0x06, 0x06, 0x02, 0x2F, 0x00, 0, 0x000027C0, 0x0000001E },
    { 0x02AD, 0x00, 0x07, 0x05, 0x07, 0x06, 0x02, 0x2F, 0x00, 0, 0x000027E0, 0x0000001E },
    { 0x02AD, 0x00, 0x07, 0x05, 0x08, 0x06, 0x02, 0x2F, 0x00, 0, 0x00002800, 0x0000001E },
    { 0x02AD, 0x00, 0x07, 0x05, 0x09, 0x06, 0x02, 0x2F, 0x00, 0, 0x00002820, 0x0000001E },
    { 0x02AD, 0x00, 0x07, 0x05, 0x0A, 0x06, 0x02, 0x2F, 0x00, 0, 0x00002840, 0x00000014 },
    { 0x02AD, 0x00, 0x07, 0x05, 0x0B, 0x06, 0x02, 0x2F, 0x00, 0, 0x00002854, 0x0000001E },
    { 0x02AD, 0x00, 0x07, 0x05, 0x0C, 0x06, 0x02, 0x2F, 0x00, 0, 0x00002874, 0x00000014 },
    { 0x02AD, 0x00, 0x07, 0x05, 0x0D, 0x06, 0x02, 0x2F, 0x00, 0, 0x00002888, 0x00000028 },
    { 0x02AD, 0x00, 0x07, 0x05, 0x0E, 0x06, 0x02, 0x2F, 0x00, 0, 0x000028B0, 0x0000001E },
    { 0x02AD, 0x00, 0x07, 0x05, 0x0F, 0x06, 0x02, 0x2F, 0x00, 0, 0x000028D0, 0x0000001E },
    { 0x02AD, 0x00, 0x07, 0x05, 0x10, 0x06, 0x02, 0x2F, 0x00, 0, 0x000028F0, 0x00000014 },
    { 0x02AD, 0x00, 0x07, 0x05, 0x11, 0x06, 0x02, 0x2F, 0x00, 0, 0x00002904, 0x0000001E },
    { 0x02AD, 0x00, 0x07, 0x05, 0x12, 0x06, 0x02, 0x2F, 0x00, 0, 0x00002924, 0x00000014 },
    { 0x02AD, 0x00, 0x07, 0x05, 0x13, 0x06, 0x02, 0x2F, 0x00, 0, 0x00002938, 0x0000000A },
    { 0x02AD, 0x00, 0x07, 0x05, 0x14, 0x06, 0x02, 0x2F, 0x00, 0, 0x00002944, 0x00000014 },
    { 0x02AD, 0x00, 0x07, 0x05, 0x15, 0x06, 0x02, 0x2F, 0x00, 0, 0x00002958, 0x00000014 },
    { 0x02AD, 0x00, 0x07, 0x05, 0x16, 0x06, 0x02, 0x2F, 0x00, 0, 0x0000296C, 0x00000014 },
    { 0x02AD, 0x00, 0x07, 0x05, 0x17, 0x06, 0x02, 0x2F, 0x00, 0, 0x00002980, 0x00000014 },
    { 0x02AD, 0x00, 0x07, 0x05, 0x18, 0x06, 0x02, 0x2F, 0x00, 0, 0x00002994, 0x00000014 },
    { 0x02AD, 0x00, 0x07, 0x05, 0x19, 0x06, 0x02, 0x2F, 0x00, 0, 0x000029A8, 0x0000001E },
    { 0x02AD, 0x00, 0x07, 0x05, 0x1A, 0x06, 0x02, 0x2F, 0x00, 0, 0x000029C8, 0x0000001E },
    { 0x02AD, 0x00, 0x07, 0x05, 0x1B, 0x06, 0x02, 0x2F, 0x00, 0, 0x000029E8, 0x00000014 },
    { 0x02AD, 0x00, 0x07, 0x05, 0x1C, 0x06, 0x02, 0x2F, 0x00, 0, 0x000029FC, 0x00000014 },
    { 0x02AD, 0x00, 0x07, 0x05, 0x1D, 0x06, 0x02, 0x2F, 0x00, 0, 0x00002A10, 0x00000014 },
    { 0x02AD, 0x00, 0x07, 0x05, 0x1E, 0x06, 0x02, 0x2F, 0x00, 0, 0x00002A24, 0x0000000A },
    { 0x02AD, 0x00, 0x07, 0x05, 0x1F, 0x06, 0x02, 0x2F, 0x00, 0, 0x00002A30, 0x00000014 },
    { 0x02AD, 0x00, 0x07, 0x05, 0x20, 0x06, 0x02, 0x2F, 0x00, 0, 0x00002A44, 0x0000001E },
    { 0x02AD, 0x00, 0x07, 0x05, 0x21, 0x06, 0x02, 0x2F, 0x00, 0, 0x00002A64, 0x00000014 },
    { 0x02AD, 0x00, 0x07, 0x05, 0x22, 0x06, 0x02, 0x2F, 0x00, 0, 0x00002A78, 0x0000001E },
    { 0x02AD, 0x00, 0x07, 0x05, 0x23, 0x06, 0x02, 0x2F, 0x00, 0, 0x00002A98, 0x00000014 },
    { 0x02AD, 0x00, 0x07, 0x05, 0x24, 0x06, 0x02, 0x2F, 0x00, 0, 0x00002AAC, 0x00000014 },
    { 0x02AD, 0x00, 0x07, 0x05, 0x25, 0x06, 0x02, 0x2F, 0x00, 0, 0x00002AC0, 0x0000001E },
    { 0x02AD, 0x00, 0x07, 0x05, 0x26, 0x06, 0x02, 0x2F, 0x00, 0, 0x00002AE0, 0x0000001E },
    { 0x02AD, 0x00, 0x07, 0x05, 0x27, 0x06, 0x02, 0x2F, 0x00, 0, 0x00002B00, 0x00000014 },
    { 0x02AD, 0x00, 0x07, 0x05, 0x28, 0x06, 0x02, 0x2F, 0x00, 0, 0x00002B14, 0x00000014 },
    { 0x02AD, 0x00, 0x07, 0x05, 0x29, 0x06, 0x02, 0x2F, 0x00, 0, 0x00002B28, 0x0000001E },
    { 0x02AD, 0x00, 0x07, 0x05, 0x2A, 0x06, 0x02, 0x2F, 0x00, 0, 0x00002B48, 0x00000014 },
    { 0x02AD, 0x00, 0x07, 0x05, 0x2B, 0x06, 0x02, 0x2F, 0x00, 0, 0x00002B5C, 0x0000001E },
    { 0x02AD, 0x00, 0x07, 0x05, 0x2C, 0x06, 0x02, 0x2F, 0x00, 0, 0x00002B7C, 0x00000014 },
    { 0x02AD, 0x00, 0x07, 0x05, 0x2D, 0x06, 0x02, 0x2F, 0x00, 0, 0x00002B90, 0x00000014 },
    { 0x02AD, 0x00, 0x07, 0x05, 0x2E, 0x06, 0x02, 0x2F, 0x00, 0, 0x00002BA4, 0x00000014 },
    { 0x02AD, 0x00, 0x07, 0x05, 0x2F, 0x06, 0x02, 0x2F, 0x00, 0, 0x00002BB8, 0x00000014 },
    { 0x02AD, 0x00, 0x07, 0x05, 0x30, 0x06, 0x02, 0x2F, 0x00, 0, 0x00002BCC, 0x0000001E },
    { 0x02AD, 0x00, 0x07, 0x05, 0x31, 0x06, 0x02, 0x2F, 0x00, 0, 0x00002BEC, 0x00000014 },
    { 0x02AD, 0x00, 0x07, 0x05, 0x32, 0x06, 0x02, 0x2F, 0x00, 0, 0x00002C00, 0x00000028 },
    { 0x02AD, 0x00, 0x07, 0x05, 0x33, 0x06, 0x02, 0x2F, 0x00, 0, 0x00002C28, 0x00000014 },
    { 0x02AD, 0x00, 0x07, 0x05, 0x34, 0x06, 0x02, 0x2F, 0x00, 0, 0x00002C3C, 0x0000001E },
    { 0x02AD, 0x00, 0x07, 0x05, 0x35, 0x06, 0x02, 0x2F, 0x00, 0, 0x00002C5C, 0x0000001E },
    { 0x02AD, 0x00, 0x07, 0x05, 0x36, 0x06, 0x02, 0x2F, 0x00, 0, 0x00002C7C, 0x0000001E },
    { 0x02AD, 0x00, 0x07, 0x05, 0x37, 0x06, 0x02, 0x2F, 0x00, 0, 0x00002C9C, 0x00000014 },
    { 0x02AD, 0x00, 0x07, 0x05, 0x38, 0x06, 0x02, 0x2F, 0x00, 0, 0x00002CB0, 0x00000014 },
    { 0x02AD, 0x00, 0x07, 0x05, 0x39, 0x06, 0x02, 0x2F, 0x00, 0, 0x00002CC4, 0x0000001E },
    { 0x02AD, 0x00, 0x07, 0x05, 0x3A, 0x06, 0x02, 0x2F, 0x00, 0, 0x00002CE4, 0x00000014 },
    { 0x02AD, 0x00, 0x07, 0x05, 0x3B, 0x06, 0x02, 0x2F, 0x00, 0, 0x00002CF8, 0x0000000A },
    { 0x02AD, 0x00, 0x07, 0x05, 0x3C, 0x06, 0x02, 0x2F, 0x00, 0, 0x00002D04, 0x00000014 },
    { 0x02AD, 0x00, 0x07, 0x05, 0x3D, 0x06, 0x02, 0x2F, 0x00, 0, 0x00002D18, 0x00000014 },
    { 0x02AD, 0x00, 0x07, 0x05, 0x3E, 0x06, 0x02, 0x2F, 0x00, 0, 0x00002D2C, 0x0000000A },
    { 0x02AD, 0x00, 0x07, 0x05, 0x3F, 0x06, 0x02, 0x2F, 0x00, 0, 0x00002D38, 0x00000014 },
    { 0x02AD, 0x00, 0x07, 0x05, 0x40, 0x06, 0x02, 0x2F, 0x00, 0, 0x00002D4C, 0x00000028 },
    { 0x02AD, 0x00, 0x07, 0x05, 0x41, 0x06, 0x02, 0x2F, 0x00, 0, 0x00002D74, 0x00000014 },
    { 0x02AD, 0x00, 0x07, 0x05, 0x42, 0x06, 0x02, 0x2F, 0x00, 0, 0x00002D88, 0x0000001E },
    { 0x02AD, 0x00, 0x07, 0x05, 0x43, 0x06, 0x02, 0x2F, 0x00, 0, 0x00002DA8, 0x0000001E },
    { 0x02AD, 0x00, 0x07, 0x05, 0x44, 0x06, 0x02, 0x2F, 0x00, 0, 0x00002DC8, 0x00000014 },
    { 0x02AD, 0x00, 0x07, 0x05, 0x45, 0x06, 0x02, 0x2F, 0x00, 0, 0x00002DDC, 0x00000014 },
    { 0x02AD, 0x00, 0x07, 0x05, 0x46, 0x06, 0x02, 0x2F, 0x00, 0, 0x00002DF0, 0x0000001E },
    { 0x02AD, 0x00, 0x07, 0x05, 0x47, 0x06, 0x02, 0x2F, 0x00, 0, 0x00002E10, 0x00000014 },
    { 0x02AD, 0x00, 0x07, 0x05, 0x48, 0x06, 0x02, 0x2F, 0x00, 0, 0x00002E24, 0x0000001E },
    { 0x02AD, 0x00, 0x07, 0x05, 0x49, 0x06, 0x02, 0x2F, 0x00, 0, 0x00002E44, 0x00000032 },
    { 0x02AD, 0x00, 0x07, 0x05, 0x4A, 0x06, 0x02, 0x2F, 0x00, 0, 0x00002E78, 0x0000001E },
    { 0x02AD, 0x00, 0x07, 0x05, 0x4B, 0x06, 0x02, 0x2F, 0x00, 0, 0x00002E98, 0x0000001E },
    { 0x02AD, 0x00, 0x07, 0x05, 0x4C, 0x06, 0x02, 0x2F, 0x00, 0, 0x00002EB8, 0x0000001E },
    { 0x02AD, 0x00, 0x07, 0x05, 0x4D, 0x06, 0x02, 0x2F, 0x00, 0, 0x00002ED8, 0x00000014 },
    { 0x02AD, 0x00, 0x07, 0x05, 0x4E, 0x06, 0x02, 0x2F, 0x00, 0, 0x00002EEC, 0x0000000A },
    { 0x02AD, 0x00, 0x07, 0x05, 0x4F, 0x06, 0x02, 0x2F, 0x00, 0, 0x00002EF8, 0x00000014 },
    { 0x02AD, 0x00, 0x07, 0x05, 0x50, 0x06, 0x02, 0x2F, 0x00, 0, 0x00002F0C, 0x0000000A },
    { 0x02AD, 0x00, 0x07, 0x05, 0x51, 0x06, 0x02, 0x2F, 0x00, 0, 0x00002F18, 0x00000014 },
    { 0x02AD, 0x00, 0x07, 0x05, 0x52, 0x06, 0x02, 0x2F, 0x00, 0, 0x00002F2C, 0x00000014 },
    { 0x02AD, 0x00, 0x07, 0x05, 0x53, 0x06, 0x02, 0x2F, 0x00, 0, 0x00002F40, 0x00000014 },
    { 0x02AD, 0x00, 0x07, 0x05, 0x54, 0x06, 0x02, 0x2F, 0x00, 0, 0x00002F54, 0x00000014 },
    { 0x02AD, 0x00, 0x07, 0x05, 0x55, 0x06, 0x02, 0x2F, 0x00, 0, 0x00002F68, 0x00000014 },
    { 0x02AD, 0x00, 0x07, 0x05, 0x56, 0x06, 0x02, 0x2F, 0x00, 0, 0x00002F7C, 0x00000014 },
    { 0x02AD, 0x00, 0x07, 0x05, 0x57, 0x06, 0x02, 0x2F, 0x00, 0, 0x00002F90, 0x0000000A },
    { 0x02AD, 0x00, 0x07, 0x05, 0x58, 0x06, 0x02, 0x2F, 0x00, 0, 0x00002F9C, 0x0000000A },
    { 0x02AD, 0x00, 0x07, 0x05, 0x59, 0x06, 0x02, 0x2F, 0x00, 0, 0x00002FA8, 0x0000001E },
    { 0x02AD, 0x00, 0x07, 0x05, 0x5A, 0x06, 0x02, 0x2F, 0x00, 0, 0x00002FC8, 0x00000014 },
    { 0x02AD, 0x00, 0x07, 0x05, 0x5B, 0x06, 0x02, 0x2F, 0x00, 0, 0x00002FDC, 0x00000014 },
    { 0x02AD, 0x00, 0x07, 0x05, 0x5C, 0x06, 0x02, 0x2F, 0x00, 0, 0x00002FF0, 0x00000014 },
    { 0x02AD, 0x00, 0x07, 0x05, 0x5D, 0x06, 0x02, 0x2F, 0x00, 0, 0x00003004, 0x0000001E },
    { 0x02AD, 0x00, 0x07, 0x05, 0x5E, 0x06, 0x02, 0x2F, 0x00, 0, 0x00003024, 0x0000001E },
    { 0x02AD, 0x00, 0x07, 0x05, 0x5F, 0x06, 0x02, 0x2F, 0x00, 0, 0x00003044, 0x0000000A },
    { 0x02AD, 0x00, 0x07, 0x05, 0x60, 0x06, 0x02, 0x2F, 0x00, 0, 0x00003050, 0x0000001E },
    { 0x02AD, 0x00, 0x07, 0x05, 0x61, 0x06, 0x02, 0x2F, 0x00, 0, 0x00003070, 0x0000001E },
    { 0x02AD, 0x00, 0x07, 0x05, 0x62, 0x06, 0x02, 0x2F, 0x00, 0, 0x00003090, 0x0000001E },
    { 0x02AD, 0x00, 0x07, 0x05, 0x63, 0x06, 0x02, 0x2F, 0x00, 0, 0x000030B0, 0x0000001E },
    { 0x02AD, 0x00, 0x07, 0x05, 0x64, 0x06, 0x02, 0x2F, 0x00, 0, 0x000030D0, 0x00000014 },
    { 0x02AD, 0x00, 0x07, 0x05, 0x65, 0x06, 0x02, 0x2F, 0x00, 0, 0x000030E4, 0x00000014 },
    { 0x02AD, 0x00, 0x07, 0x05, 0x66, 0x06, 0x02, 0x2F, 0x00, 0, 0x000030F8, 0x00000014 },
    { 0x02AD, 0x00, 0x07, 0x05, 0x67, 0x06, 0x02, 0x2F, 0x00, 0, 0x0000310C, 0x0000000A },
    { 0x02AD, 0x00, 0x07, 0x05, 0x68, 0x06, 0x02, 0x2F, 0x00, 0, 0x00003118, 0x0000000A },
    { 0x02AD, 0x00, 0x07, 0x05, 0x69, 0x06, 0x02, 0x2F, 0x00, 0, 0x00003124, 0x0000000A },
    { 0x02AD, 0x00, 0x07, 0x05, 0x6A, 0x06, 0x02, 0x2F, 0x00, 0, 0x00003130, 0x0000000A },
    { 0x02AD, 0x00, 0x07, 0x05, 0x6B, 0x06, 0x02, 0x2F, 0x00, 0, 0x0000313C, 0x0000000A },
    { 0x02AD, 0x00, 0x07, 0x05, 0x6C, 0x06, 0x02, 0x2F, 0x00, 0, 0x00003148, 0x00000014 },
    { 0x02AD, 0x00, 0x07, 0x05, 0x6D, 0x06, 0x02, 0x2F, 0x00, 0, 0x0000315C, 0x0000001E },
    { 0x02AD, 0x00, 0x07, 0x05, 0x6E, 0x06, 0x02, 0x2F, 0x00, 0, 0x0000317C, 0x0000000A },
    { 0x02AD, 0x00, 0x07, 0x05, 0x6F, 0x06, 0x02, 0x2F, 0x00, 0, 0x00003188, 0x0000001E },
    { 0x02AD, 0x00, 0x07, 0x05, 0x70, 0x06, 0x02, 0x2F, 0x00, 0, 0x000031A8, 0x00000014 },
    { 0x02AD, 0x00, 0x07, 0x05, 0x71, 0x06, 0x02, 0x2F, 0x00, 0, 0x000031BC, 0x00000014 },
    { 0x02AD, 0x00, 0x07, 0x05, 0x72, 0x06, 0x02, 0x2F, 0x00, 0, 0x000031D0, 0x0000001E },
    { 0x02AD, 0x00, 0x07, 0x05, 0x73, 0x06, 0x02, 0x2F, 0x00, 0, 0x000031F0, 0x0000000A },
    { 0x02AD, 0x00, 0x07, 0x05, 0x74, 0x06, 0x02, 0x2F, 0x00, 0, 0x000031FC, 0x00000014 },
    { 0x02AD, 0x00, 0x07, 0x05, 0x75, 0x06, 0x02, 0x2F, 0x00, 0, 0x00003210, 0x0000000A },
    { 0x02AD, 0x00, 0x07, 0x05, 0x76, 0x06, 0x02, 0x2F, 0x00, 0, 0x0000321C, 0x00000014 },
    { 0x02AD, 0x00, 0x07, 0x05, 0x77, 0x06, 0x02, 0x2F, 0x00, 0, 0x00003230, 0x00000014 },
    { 0x02AD, 0x00, 0x07, 0x05, 0x78, 0x06, 0x02, 0x2F, 0x00, 0, 0x00003244, 0x00000014 },
    { 0x02AD, 0x00, 0x07, 0x05, 0x79, 0x06, 0x02, 0x2F, 0x00, 0, 0x00003258, 0x0000000A },
    { 0x02AE, 0x00, 0x00, 0x00, 0x00, 0x06, 0x00, 0x1A, 0x1A, 0, 0x000070E0, 0x0000000C },
    { 0x02AE, 0x00, 0x01, 0x00, 0x00, 0x06, 0x00, 0x1A, 0x1A, 0, 0x00007078, 0x00000068 },
    { 0x02AE, 0x00, 0x02, 0x00, 0x00, 0x06, 0x00, 0x1A, 0x1A, 0, 0x00006F40, 0x0000000C },
    { 0x02AE, 0x00, 0x02, 0x01, 0x00, 0x06, 0x00, 0x1A, 0x1A, 0, 0x00006F4C, 0x0000000C },
    { 0x02AE, 0x00, 0x02, 0x02, 0x00, 0x06, 0x00, 0x1A, 0x1A, 0, 0x00006F58, 0x0000000C },
    { 0x02AE, 0x00, 0x02, 0x03, 0x00, 0x06, 0x00, 0x1A, 0x1A, 0, 0x00006F64, 0x0000000C },
    { 0x02AE, 0x00, 0x02, 0x04, 0x00, 0x06, 0x00, 0x1A, 0x1A, 0, 0x00006F70, 0x0000000C },
    { 0x02AE, 0x00, 0x02, 0x05, 0x00, 0x06, 0x00, 0x1A, 0x1A, 0, 0x00006F7C, 0x0000000C },
    { 0x02AE, 0x00, 0x02, 0x06, 0x00, 0x06, 0x00, 0x1A, 0x1A, 0, 0x00006F88, 0x0000000C },
    { 0x02AE, 0x00, 0x02, 0x07, 0x00, 0x06, 0x00, 0x1A, 0x1A, 0, 0x00006F94, 0x0000000C },
    { 0x02AE, 0x00, 0x02, 0x08, 0x00, 0x06, 0x00, 0x1A, 0x1A, 0, 0x00006FA0, 0x0000000C },
    { 0x02AE, 0x00, 0x02, 0x09, 0x00, 0x06, 0x00, 0x1A, 0x1A, 0, 0x00006FAC, 0x0000000C },
    { 0x02AE, 0x00, 0x02, 0x0A, 0x00, 0x06, 0x00, 0x1A, 0x1A, 0, 0x00006FB8, 0x0000000C },
    { 0x02AE, 0x00, 0x02, 0x0B, 0x00, 0x06, 0x00, 0x1A, 0x1A, 0, 0x00006FC4, 0x0000000C },
    { 0x02AE, 0x00, 0x02, 0x0C, 0x00, 0x06, 0x00, 0x1A, 0x1A, 0, 0x00006FD0, 0x0000000C },
    { 0x02AE, 0x00, 0x02, 0x0D, 0x00, 0x06, 0x00, 0x1A, 0x1A, 0, 0x00006FDC, 0x0000000C },
    { 0x02AE, 0x00, 0x02, 0x0E, 0x00, 0x06, 0x00, 0x1A, 0x1A, 0, 0x00006FE8, 0x0000000C },
    { 0x02AE, 0x00, 0x02, 0x0F, 0x00, 0x06, 0x00, 0x1A, 0x1A, 0, 0x00006FF4, 0x0000000C },
    { 0x02AE, 0x00, 0x02, 0x10, 0x00, 0x06, 0x00, 0x1A, 0x1A, 0, 0x00007000, 0x0000000C },
    { 0x02AE, 0x00, 0x02, 0x11, 0x00, 0x06, 0x00, 0x1A, 0x1A, 0, 0x0000700C, 0x0000000C },
    { 0x02AE, 0x00, 0x02, 0x12, 0x00, 0x06, 0x00, 0x1A, 0x1A, 0, 0x00007018, 0x0000000C },
    { 0x02AE, 0x00, 0x02, 0x13, 0x00, 0x06, 0x00, 0x1A, 0x1A, 0, 0x00007024, 0x0000000C },
    { 0x02AE, 0x00, 0x02, 0x14, 0x00, 0x06, 0x00, 0x1A, 0x1A, 0, 0x00007030, 0x0000000C },
    { 0x02AE, 0x00, 0x02, 0x15, 0x00, 0x06, 0x00, 0x1A, 0x1A, 0, 0x0000703C, 0x0000000C },
    { 0x02AE, 0x00, 0x02, 0x16, 0x00, 0x06, 0x00, 0x1A, 0x1A, 0, 0x00007048, 0x0000000C },
    { 0x02AE, 0x00, 0x02, 0x17, 0x00, 0x06, 0x00, 0x1A, 0x1A, 0, 0x00007054, 0x0000000C },
    { 0x02AE, 0x00, 0x02, 0x18, 0x00, 0x06, 0x00, 0x1A, 0x1A, 0, 0x00007060, 0x0000000C },
    { 0x02AE, 0x00, 0x02, 0x19, 0x00, 0x06, 0x00, 0x1A, 0x1A, 0, 0x0000706C, 0x0000000C },
    { 0x02AE, 0x00, 0x03, 0x00, 0x00, 0x06, 0x00, 0x1A, 0x1A, 0, 0x000164D0, 0x00000180 },
    { 0x02AE, 0x00, 0x03, 0x01, 0x00, 0x06, 0x00, 0x1A, 0x1A, 0, 0x000164C8, 0x00000008 },
    { 0x02AE, 0x00, 0x03, 0x02, 0x00, 0x06, 0x00, 0x1A, 0x1A, 0, 0x000120C8, 0x000000B0 },
    { 0x02AE, 0x00, 0x03, 0x03, 0x00, 0x06, 0x00, 0x1A, 0x1A, 0, 0x00012210, 0x00000098 },
    { 0x02AE, 0x00, 0x03, 0x04, 0x00, 0x06, 0x00, 0x1A, 0x1A, 0, 0x000164C0, 0x00000008 },
    { 0x02AE, 0x00, 0x03, 0x05, 0x00, 0x06, 0x00, 0x1A, 0x1A, 0, 0x00012018, 0x000000B0 },
    { 0x02AE, 0x00, 0x03, 0x06, 0x00, 0x06, 0x00, 0x1A, 0x1A, 0, 0x00012178, 0x00000098 },
    { 0x02AE, 0x00, 0x03, 0x07, 0x00, 0x06, 0x00, 0x1A, 0x1A, 0, 0x00016360, 0x00000160 },
    { 0x02AE, 0x00, 0x03, 0x08, 0x00, 0x06, 0x00, 0x1A, 0x1A, 0, 0x00016240, 0x00000120 },
    { 0x02AE, 0x00, 0x03, 0x09, 0x00, 0x06, 0x00, 0x1A, 0x1A, 0, 0x00016118, 0x00000128 },
    { 0x02AE, 0x00, 0x03, 0x0A, 0x00, 0x06, 0x00, 0x1A, 0x1A, 0, 0x00015FF8, 0x00000120 },
    { 0x02AE, 0x00, 0x03, 0x0B, 0x00, 0x06, 0x00, 0x1A, 0x1A, 0, 0x00015E78, 0x00000180 },
    { 0x02AE, 0x00, 0x03, 0x0C, 0x00, 0x06, 0x00, 0x1A, 0x1A, 0, 0x00012410, 0x00000168 },
    { 0x02AE, 0x00, 0x03, 0x0D, 0x00, 0x06, 0x00, 0x1A, 0x1A, 0, 0x00011C98, 0x00000190 },
    { 0x02AE, 0x00, 0x03, 0x0E, 0x00, 0x06, 0x00, 0x1A, 0x1A, 0, 0x00015D58, 0x00000120 },
    { 0x02AE, 0x00, 0x03, 0x0F, 0x00, 0x06, 0x00, 0x1A, 0x1A, 0, 0x00015C30, 0x00000128 },
    { 0x02AE, 0x00, 0x03, 0x10, 0x00, 0x06, 0x00, 0x1A, 0x1A, 0, 0x00015B10, 0x00000120 },
    { 0x02AE, 0x00, 0x03, 0x11, 0x00, 0x06, 0x00, 0x1A, 0x1A, 0, 0x00015990, 0x00000180 },
    { 0x02AE, 0x00, 0x03, 0x12, 0x00, 0x06, 0x00, 0x1A, 0x1A, 0, 0x000122A8, 0x00000168 },
    { 0x02AE, 0x00, 0x03, 0x13, 0x00, 0x06, 0x00, 0x1A, 0x1A, 0, 0x00015850, 0x00000140 },
    { 0x02AE, 0x00, 0x03, 0x14, 0x00, 0x06, 0x00, 0x1A, 0x1A, 0, 0x000110A8, 0x000005F8 },
    { 0x02AE, 0x00, 0x03, 0x15, 0x00, 0x06, 0x00, 0x1A, 0x1A, 0, 0x00015740, 0x00000110 },
    { 0x02AE, 0x00, 0x03, 0x16, 0x00, 0x06, 0x00, 0x1A, 0x1A, 0, 0x00015648, 0x000000F8 },
    { 0x02AE, 0x00, 0x03, 0x17, 0x00, 0x06, 0x00, 0x1A, 0x1A, 0, 0x00011FB8, 0x00000060 },
    { 0x02AE, 0x00, 0x03, 0x18, 0x00, 0x06, 0x00, 0x1A, 0x1A, 0, 0x00015538, 0x00000110 },
    { 0x02AE, 0x00, 0x03, 0x19, 0x00, 0x06, 0x00, 0x1A, 0x1A, 0, 0x00015440, 0x000000F8 },
    { 0x02AE, 0x01, 0x00, 0x00, 0x00, 0x06, 0x00, 0x1A, 0x1A, 0, 0x0001F888, 0x0000000C },
    { 0x02AE, 0x01, 0x01, 0x00, 0x00, 0x06, 0x00, 0x1A, 0x1A, 0, 0x0001F820, 0x00000068 },
    { 0x02AE, 0x01, 0x02, 0x00, 0x00, 0x06, 0x00, 0x1A, 0x1A, 0, 0x0001F6E8, 0x0000000C },
    { 0x02AE, 0x01, 0x02, 0x01, 0x00, 0x06, 0x00, 0x1A, 0x1A, 0, 0x0001F6F4, 0x0000000C },
    { 0x02AE, 0x01, 0x02, 0x02, 0x00, 0x06, 0x00, 0x1A, 0x1A, 0, 0x0001F700, 0x0000000C },
    { 0x02AE, 0x01, 0x02, 0x03, 0x00, 0x06, 0x00, 0x1A, 0x1A, 0, 0x0001F70C, 0x0000000C },
    { 0x02AE, 0x01, 0x02, 0x04, 0x00, 0x06, 0x00, 0x1A, 0x1A, 0, 0x0001F718, 0x0000000C },
    { 0x02AE, 0x01, 0x02, 0x05, 0x00, 0x06, 0x00, 0x1A, 0x1A, 0, 0x0001F724, 0x0000000C },
    { 0x02AE, 0x01, 0x02, 0x06, 0x00, 0x06, 0x00, 0x1A, 0x1A, 0, 0x0001F730, 0x0000000C },
    { 0x02AE, 0x01, 0x02, 0x07, 0x00, 0x06, 0x00, 0x1A, 0x1A, 0, 0x0001F73C, 0x0000000C },
    { 0x02AE, 0x01, 0x02, 0x08, 0x00, 0x06, 0x00, 0x1A, 0x1A, 0, 0x0001F748, 0x0000000C },
    { 0x02AE, 0x01, 0x02, 0x09, 0x00, 0x06, 0x00, 0x1A, 0x1A, 0, 0x0001F754, 0x0000000C },
    { 0x02AE, 0x01, 0x02, 0x0A, 0x00, 0x06, 0x00, 0x1A, 0x1A, 0, 0x0001F760, 0x0000000C },
    { 0x02AE, 0x01, 0x02, 0x0B, 0x00, 0x06, 0x00, 0x1A, 0x1A, 0, 0x0001F76C, 0x0000000C },
    { 0x02AE, 0x01, 0x02, 0x0C, 0x00, 0x06, 0x00, 0x1A, 0x1A, 0, 0x0001F778, 0x0000000C },
    { 0x02AE, 0x01, 0x02, 0x0D, 0x00, 0x06, 0x00, 0x1A, 0x1A, 0, 0x0001F784, 0x0000000C },
    { 0x02AE, 0x01, 0x02, 0x0E, 0x00, 0x06, 0x00, 0x1A, 0x1A, 0, 0x0001F790, 0x0000000C },
    { 0x02AE, 0x01, 0x02, 0x0F, 0x00, 0x06, 0x00, 0x1A, 0x1A, 0, 0x0001F79C, 0x0000000C },
    { 0x02AE, 0x01, 0x02, 0x10, 0x00, 0x06, 0x00, 0x1A, 0x1A, 0, 0x0001F7A8, 0x0000000C },
    { 0x02AE, 0x01, 0x02, 0x11, 0x00, 0x06, 0x00, 0x1A, 0x1A, 0, 0x0001F7B4, 0x0000000C },
    { 0x02AE, 0x01, 0x02, 0x12, 0x00, 0x06, 0x00, 0x1A, 0x1A, 0, 0x0001F7C0, 0x0000000C },
    { 0x02AE, 0x01, 0x02, 0x13, 0x00, 0x06, 0x00, 0x1A, 0x1A, 0, 0x0001F7CC, 0x0000000C },
    { 0x02AE, 0x01, 0x02, 0x14, 0x00, 0x06, 0x00, 0x1A, 0x1A, 0, 0x0001F7D8, 0x0000000C },
    { 0x02AE, 0x01, 0x02, 0x15, 0x00, 0x06, 0x00, 0x1A, 0x1A, 0, 0x0001F7E4, 0x0000000C },
    { 0x02AE, 0x01, 0x02, 0x16, 0x00, 0x06, 0x00, 0x1A, 0x1A, 0, 0x0001F7F0, 0x0000000C },
    { 0x02AE, 0x01, 0x02, 0x17, 0x00, 0x06, 0x00, 0x1A, 0x1A, 0, 0x0001F7FC, 0x0000000C },
    { 0x02AE, 0x01, 0x02, 0x18, 0x00, 0x06, 0x00, 0x1A, 0x1A, 0, 0x0001F808, 0x0000000C },
    { 0x02AE, 0x01, 0x02, 0x19, 0x00, 0x06, 0x00, 0x1A, 0x1A, 0, 0x0001F814, 0x0000000C },
    { 0x02AE, 0x01, 0x03, 0x00, 0x00, 0x06, 0x00, 0x1A, 0x1A, 0, 0x000189A0, 0x00000180 },
    { 0x02AE, 0x01, 0x03, 0x01, 0x00, 0x06, 0x00, 0x1A, 0x1A, 0, 0x00018998, 0x00000008 },
    { 0x02AE, 0x01, 0x03, 0x02, 0x00, 0x06, 0x00, 0x1A, 0x1A, 0, 0x00012978, 0x000000B0 },
    { 0x02AE, 0x01, 0x03, 0x03, 0x00, 0x06, 0x00, 0x1A, 0x1A, 0, 0x00012848, 0x00000098 },
    { 0x02AE, 0x01, 0x03, 0x04, 0x00, 0x06, 0x00, 0x1A, 0x1A, 0, 0x00018990, 0x00000008 },
    { 0x02AE, 0x01, 0x03, 0x05, 0x00, 0x06, 0x00, 0x1A, 0x1A, 0, 0x00012A28, 0x000000B0 },
    { 0x02AE, 0x01, 0x03, 0x06, 0x00, 0x06, 0x00, 0x1A, 0x1A, 0, 0x000128E0, 0x00000098 },
    { 0x02AE, 0x01, 0x03, 0x07, 0x00, 0x06, 0x00, 0x1A, 0x1A, 0, 0x00018830, 0x00000160 },
    { 0x02AE, 0x01, 0x03, 0x08, 0x00, 0x06, 0x00, 0x1A, 0x1A, 0, 0x00018710, 0x00000120 },
    { 0x02AE, 0x01, 0x03, 0x09, 0x00, 0x06, 0x00, 0x1A, 0x1A, 0, 0x000185E8, 0x00000128 },
    { 0x02AE, 0x01, 0x03, 0x0A, 0x00, 0x06, 0x00, 0x1A, 0x1A, 0, 0x000184C8, 0x00000120 },
    { 0x02AE, 0x01, 0x03, 0x0B, 0x00, 0x06, 0x00, 0x1A, 0x1A, 0, 0x00018348, 0x00000180 },
    { 0x02AE, 0x01, 0x03, 0x0C, 0x00, 0x06, 0x00, 0x1A, 0x1A, 0, 0x000126E0, 0x00000168 },
    { 0x02AE, 0x01, 0x03, 0x0D, 0x00, 0x06, 0x00, 0x1A, 0x1A, 0, 0x00011E28, 0x00000190 },
    { 0x02AE, 0x01, 0x03, 0x0E, 0x00, 0x06, 0x00, 0x1A, 0x1A, 0, 0x00018228, 0x00000120 },
    { 0x02AE, 0x01, 0x03, 0x0F, 0x00, 0x06, 0x00, 0x1A, 0x1A, 0, 0x00018100, 0x00000128 },
    { 0x02AE, 0x01, 0x03, 0x10, 0x00, 0x06, 0x00, 0x1A, 0x1A, 0, 0x00017FE0, 0x00000120 },
    { 0x02AE, 0x01, 0x03, 0x11, 0x00, 0x06, 0x00, 0x1A, 0x1A, 0, 0x00017E60, 0x00000180 },
    { 0x02AE, 0x01, 0x03, 0x12, 0x00, 0x06, 0x00, 0x1A, 0x1A, 0, 0x00012578, 0x00000168 },
    { 0x02AE, 0x01, 0x03, 0x13, 0x00, 0x06, 0x00, 0x1A, 0x1A, 0, 0x00017D20, 0x00000140 },
    { 0x02AE, 0x01, 0x03, 0x14, 0x00, 0x06, 0x00, 0x1A, 0x1A, 0, 0x000116A0, 0x000005F8 },
    { 0x02AE, 0x01, 0x03, 0x15, 0x00, 0x06, 0x00, 0x1A, 0x1A, 0, 0x00017C10, 0x00000110 },
    { 0x02AE, 0x01, 0x03, 0x16, 0x00, 0x06, 0x00, 0x1A, 0x1A, 0, 0x00017B18, 0x000000F8 },
    { 0x02AE, 0x01, 0x03, 0x17, 0x00, 0x06, 0x00, 0x1A, 0x1A, 0, 0x00012AD8, 0x00000060 },
    { 0x02AE, 0x01, 0x03, 0x18, 0x00, 0x06, 0x00, 0x1A, 0x1A, 0, 0x00017A08, 0x00000110 },
    { 0x02AE, 0x01, 0x03, 0x19, 0x00, 0x06, 0x00, 0x1A, 0x1A, 0, 0x00017910, 0x000000F8 },
    { 0x02AE, 0x02, 0x00, 0x00, 0x00, 0x06, 0x00, 0x2B, 0x2B, 0, 0x00030C20, 0x0000000C },
    { 0x02AE, 0x02, 0x01, 0x00, 0x00, 0x06, 0x00, 0x2B, 0x2B, 0, 0x00030B74, 0x000000AC },
    { 0x02AE, 0x02, 0x02, 0x00, 0x00, 0x06, 0x00, 0x2B, 0x2B, 0, 0x00030970, 0x0000000C },
    { 0x02AE, 0x02, 0x02, 0x01, 0x00, 0x06, 0x00, 0x2B, 0x2B, 0, 0x0003097C, 0x0000000C },
    { 0x02AE, 0x02, 0x02, 0x02, 0x00, 0x06, 0x00, 0x2B, 0x2B, 0, 0x00030988, 0x0000000C },
    { 0x02AE, 0x02, 0x02, 0x03, 0x00, 0x06, 0x00, 0x2B, 0x2B, 0, 0x00030994, 0x0000000C },
    { 0x02AE, 0x02, 0x02, 0x04, 0x00, 0x06, 0x00, 0x2B, 0x2B, 0, 0x000309A0, 0x0000000C },
    { 0x02AE, 0x02, 0x02, 0x05, 0x00, 0x06, 0x00, 0x2B, 0x2B, 0, 0x000309AC, 0x0000000C },
    { 0x02AE, 0x02, 0x02, 0x06, 0x00, 0x06, 0x00, 0x2B, 0x2B, 0, 0x000309B8, 0x0000000C },
    { 0x02AE, 0x02, 0x02, 0x07, 0x00, 0x06, 0x00, 0x2B, 0x2B, 0, 0x000309C4, 0x0000000C },
    { 0x02AE, 0x02, 0x02, 0x08, 0x00, 0x06, 0x00, 0x2B, 0x2B, 0, 0x000309D0, 0x0000000C },
    { 0x02AE, 0x02, 0x02, 0x09, 0x00, 0x06, 0x00, 0x2B, 0x2B, 0, 0x000309DC, 0x0000000C },
    { 0x02AE, 0x02, 0x02, 0x0A, 0x00, 0x06, 0x00, 0x2B, 0x2B, 0, 0x000309E8, 0x0000000C },
    { 0x02AE, 0x02, 0x02, 0x0B, 0x00, 0x06, 0x00, 0x2B, 0x2B, 0, 0x000309F4, 0x0000000C },
    { 0x02AE, 0x02, 0x02, 0x0C, 0x00, 0x06, 0x00, 0x2B, 0x2B, 0, 0x00030A00, 0x0000000C },
    { 0x02AE, 0x02, 0x02, 0x0D, 0x00, 0x06, 0x00, 0x2B, 0x2B, 0, 0x00030A0C, 0x0000000C },
    { 0x02AE, 0x02, 0x02, 0x0E, 0x00, 0x06, 0x00, 0x2B, 0x2B, 0, 0x00030A18, 0x0000000C },
    { 0x02AE, 0x02, 0x02, 0x0F, 0x00, 0x06, 0x00, 0x2B, 0x2B, 0, 0x00030A24, 0x0000000C },
    { 0x02AE, 0x02, 0x02, 0x10, 0x00, 0x06, 0x00, 0x2B, 0x2B, 0, 0x00030A30, 0x0000000C },
    { 0x02AE, 0x02, 0x02, 0x11, 0x00, 0x06, 0x00, 0x2B, 0x2B, 0, 0x00030A3C, 0x0000000C },
    { 0x02AE, 0x02, 0x02, 0x12, 0x00, 0x06, 0x00, 0x2B, 0x2B, 0, 0x00030A48, 0x0000000C },
    { 0x02AE, 0x02, 0x02, 0x13, 0x00, 0x06, 0x00, 0x2B, 0x2B, 0, 0x00030A54, 0x0000000C },
    { 0x02AE, 0x02, 0x02, 0x14, 0x00, 0x06, 0x00, 0x2B, 0x2B, 0, 0x00030A60, 0x0000000C },
    { 0x02AE, 0x02, 0x02, 0x15, 0x00, 0x06, 0x00, 0x2B, 0x2B, 0, 0x00030A6C, 0x0000000C },
    { 0x02AE, 0x02, 0x02, 0x16, 0x00, 0x06, 0x00, 0x2B, 0x2B, 0, 0x00030A78, 0x0000000C },
    { 0x02AE, 0x02, 0x02, 0x17, 0x00, 0x06, 0x00, 0x2B, 0x2B, 0, 0x00030A84, 0x0000000C },
    { 0x02AE, 0x02, 0x02, 0x18, 0x00, 0x06, 0x00, 0x2B, 0x2B, 0, 0x00030A90, 0x0000000C },
    { 0x02AE, 0x02, 0x02, 0x19, 0x00, 0x06, 0x00, 0x2B, 0x2B, 0, 0x00030A9C, 0x0000000C },
    { 0x02AE, 0x02, 0x02, 0x1A, 0x00, 0x06, 0x00, 0x2B, 0x2B, 0, 0x00030AA8, 0x0000000C },
    { 0x02AE, 0x02, 0x02, 0x1B, 0x00, 0x06, 0x00, 0x2B, 0x2B, 0, 0x00030AB4, 0x0000000C },
    { 0x02AE, 0x02, 0x02, 0x1C, 0x00, 0x06, 0x00, 0x2B, 0x2B, 0, 0x00030AC0, 0x0000000C },
    { 0x02AE, 0x02, 0x02, 0x1D, 0x00, 0x06, 0x00, 0x2B, 0x2B, 0, 0x00030ACC, 0x0000000C },
    { 0x02AE, 0x02, 0x02, 0x1E, 0x00, 0x06, 0x00, 0x2B, 0x2B, 0, 0x00030AD8, 0x0000000C },
    { 0x02AE, 0x02, 0x02, 0x1F, 0x00, 0x06, 0x00, 0x2B, 0x2B, 0, 0x00030AE4, 0x0000000C },
    { 0x02AE, 0x02, 0x02, 0x20, 0x00, 0x06, 0x00, 0x2B, 0x2B, 0, 0x00030AF0, 0x0000000C },
    { 0x02AE, 0x02, 0x02, 0x21, 0x00, 0x06, 0x00, 0x2B, 0x2B, 0, 0x00030AFC, 0x0000000C },
    { 0x02AE, 0x02, 0x02, 0x22, 0x00, 0x06, 0x00, 0x2B, 0x2B, 0, 0x00030B08, 0x0000000C },
    { 0x02AE, 0x02, 0x02, 0x23, 0x00, 0x06, 0x00, 0x2B, 0x2B, 0, 0x00030B14, 0x0000000C },
    { 0x02AE, 0x02, 0x02, 0x24, 0x00, 0x06, 0x00, 0x2B, 0x2B, 0, 0x00030B20, 0x0000000C },
    { 0x02AE, 0x02, 0x02, 0x25, 0x00, 0x06, 0x00, 0x2B, 0x2B, 0, 0x00030B2C, 0x0000000C },
    { 0x02AE, 0x02, 0x02, 0x26, 0x00, 0x06, 0x00, 0x2B, 0x2B, 0, 0x00030B38, 0x0000000C },
    { 0x02AE, 0x02, 0x02, 0x27, 0x00, 0x06, 0x00, 0x2B, 0x2B, 0, 0x00030B44, 0x0000000C },
    { 0x02AE, 0x02, 0x02, 0x28, 0x00, 0x06, 0x00, 0x2B, 0x2B, 0, 0x00030B50, 0x0000000C },
    { 0x02AE, 0x02, 0x02, 0x29, 0x00, 0x06, 0x00, 0x2B, 0x2B, 0, 0x00030B5C, 0x0000000C },
    { 0x02AE, 0x02, 0x02, 0x2A, 0x00, 0x06, 0x00, 0x2B, 0x2B, 0, 0x00030B68, 0x0000000C },
    { 0x02AE, 0x02, 0x03, 0x00, 0x00, 0x06, 0x00, 0x2B, 0x2B, 0, 0x00029B10, 0x00000340 },
    { 0x02AE, 0x02, 0x03, 0x01, 0x00, 0x06, 0x00, 0x2B, 0x2B, 0, 0x000299F8, 0x00000118 },
    { 0x02AE, 0x02, 0x03, 0x02, 0x00, 0x06, 0x00, 0x2B, 0x2B, 0, 0x00029900, 0x000000F8 },
    { 0x02AE, 0x02, 0x03, 0x03, 0x00, 0x06, 0x00, 0x2B, 0x2B, 0, 0x00029738, 0x000001C8 },
    { 0x02AE, 0x02, 0x03, 0x04, 0x00, 0x06, 0x00, 0x2B, 0x2B, 0, 0x00029620, 0x00000118 },
    { 0x02AE, 0x02, 0x03, 0x05, 0x00, 0x06, 0x00, 0x2B, 0x2B, 0, 0x00029530, 0x000000F0 },
    { 0x02AE, 0x02, 0x03, 0x06, 0x00, 0x06, 0x00, 0x2B, 0x2B, 0, 0x000293E0, 0x00000150 },
    { 0x02AE, 0x02, 0x03, 0x07, 0x00, 0x06, 0x00, 0x2B, 0x2B, 0, 0x00029268, 0x00000178 },
    { 0x02AE, 0x02, 0x03, 0x08, 0x00, 0x06, 0x00, 0x2B, 0x2B, 0, 0x00027970, 0x000000F0 },
    { 0x02AE, 0x02, 0x03, 0x09, 0x00, 0x06, 0x00, 0x2B, 0x2B, 0, 0x00027820, 0x00000150 },
    { 0x02AE, 0x02, 0x03, 0x0A, 0x00, 0x06, 0x00, 0x2B, 0x2B, 0, 0x00027720, 0x00000100 },
    { 0x02AE, 0x02, 0x03, 0x0B, 0x00, 0x06, 0x00, 0x2B, 0x2B, 0, 0x00028D70, 0x000004F8 },
    { 0x02AE, 0x02, 0x03, 0x0C, 0x00, 0x06, 0x00, 0x2B, 0x2B, 0, 0x00028B78, 0x000001F8 },
    { 0x02AE, 0x02, 0x03, 0x0D, 0x00, 0x06, 0x00, 0x2B, 0x2B, 0, 0x00028980, 0x000001F8 },
    { 0x02AE, 0x02, 0x03, 0x0E, 0x00, 0x06, 0x00, 0x2B, 0x2B, 0, 0x0002DAE0, 0x000000E8 },
    { 0x02AE, 0x02, 0x03, 0x0F, 0x00, 0x06, 0x00, 0x2B, 0x2B, 0, 0x0002D9F0, 0x000000F0 },
    { 0x02AE, 0x02, 0x03, 0x10, 0x00, 0x06, 0x00, 0x2B, 0x2B, 0, 0x0002DBC8, 0x000000F0 },
    { 0x02AE, 0x02, 0x03, 0x11, 0x00, 0x06, 0x00, 0x2B, 0x2B, 0, 0x0002DCB8, 0x00000120 },
    { 0x02AE, 0x02, 0x03, 0x12, 0x00, 0x06, 0x00, 0x2B, 0x2B, 0, 0x0002CAF0, 0x00000060 },
    { 0x02AE, 0x02, 0x03, 0x13, 0x00, 0x06, 0x00, 0x2B, 0x2B, 0, 0x0002CB50, 0x00000060 },
    { 0x02AE, 0x02, 0x03, 0x14, 0x00, 0x06, 0x00, 0x2B, 0x2B, 0, 0x0002CBB0, 0x00000770 },
    { 0x02AE, 0x02, 0x03, 0x15, 0x00, 0x06, 0x00, 0x2B, 0x2B, 0, 0x00028870, 0x00000110 },
    { 0x02AE, 0x02, 0x03, 0x16, 0x00, 0x06, 0x00, 0x2B, 0x2B, 0, 0x00028778, 0x000000F8 },
    { 0x02AE, 0x02, 0x03, 0x17, 0x00, 0x06, 0x00, 0x2B, 0x2B, 0, 0x00028668, 0x00000110 },
    { 0x02AE, 0x02, 0x03, 0x18, 0x00, 0x06, 0x00, 0x2B, 0x2B, 0, 0x00028570, 0x000000F8 },
    { 0x02AE, 0x02, 0x03, 0x19, 0x00, 0x06, 0x00, 0x2B, 0x2B, 0, 0x00028468, 0x00000108 },
    { 0x02AE, 0x02, 0x03, 0x1A, 0x00, 0x06, 0x00, 0x2B, 0x2B, 0, 0x00028370, 0x000000F8 },
    { 0x02AE, 0x02, 0x03, 0x1B, 0x00, 0x06, 0x00, 0x2B, 0x2B, 0, 0x00028220, 0x00000150 },
    { 0x02AE, 0x02, 0x03, 0x1C, 0x00, 0x06, 0x00, 0x2B, 0x2B, 0, 0x00028100, 0x00000120 },
    { 0x02AE, 0x02, 0x03, 0x1D, 0x00, 0x06, 0x00, 0x2B, 0x2B, 0, 0x00027FE8, 0x00000118 },
    { 0x02AE, 0x02, 0x03, 0x1E, 0x00, 0x06, 0x00, 0x2B, 0x2B, 0, 0x0002DEB0, 0x00000100 },
    { 0x02AE, 0x02, 0x03, 0x1F, 0x00, 0x06, 0x00, 0x2B, 0x2B, 0, 0x0002DDD8, 0x000000D8 },
    { 0x02AE, 0x02, 0x03, 0x20, 0x00, 0x06, 0x00, 0x2B, 0x2B, 0, 0x0002D320, 0x00000180 },
    { 0x02AE, 0x02, 0x03, 0x21, 0x00, 0x06, 0x00, 0x2B, 0x2B, 0, 0x0002D5D8, 0x00000138 },
    { 0x02AE, 0x02, 0x03, 0x22, 0x00, 0x06, 0x00, 0x2B, 0x2B, 0, 0x00027EE0, 0x00000108 },
    { 0x02AE, 0x02, 0x03, 0x23, 0x00, 0x06, 0x00, 0x2B, 0x2B, 0, 0x00027DE8, 0x000000F8 },
    { 0x02AE, 0x02, 0x03, 0x24, 0x00, 0x06, 0x00, 0x2B, 0x2B, 0, 0x00027C98, 0x00000150 },
    { 0x02AE, 0x02, 0x03, 0x25, 0x00, 0x06, 0x00, 0x2B, 0x2B, 0, 0x00027B78, 0x00000120 },
    { 0x02AE, 0x02, 0x03, 0x26, 0x00, 0x06, 0x00, 0x2B, 0x2B, 0, 0x00027A60, 0x00000118 },
    { 0x02AE, 0x02, 0x03, 0x27, 0x00, 0x06, 0x00, 0x2B, 0x2B, 0, 0x0002D4A0, 0x00000138 },
    { 0x02AE, 0x02, 0x03, 0x28, 0x00, 0x06, 0x00, 0x2B, 0x2B, 0, 0x0002DFB0, 0x000000E8 },
    { 0x02AE, 0x02, 0x03, 0x29, 0x00, 0x06, 0x00, 0x2B, 0x2B, 0, 0x0002E098, 0x000000D8 },
    { 0x02AE, 0x02, 0x03, 0x2A, 0x00, 0x06, 0x00, 0x2B, 0x2B, 0, 0x0002D710, 0x00000180 },
    { 0x02B1, 0x00, 0x00, 0x00, 0x00, 0x06, 0x00, 0x0F, 0x00, 0, 0x00003990, 0x00000008 },
    { 0x02B1, 0x00, 0x01, 0x00, 0x00, 0x06, 0x00, 0x0F, 0x00, 0, 0x00003954, 0x0000003C },
    { 0x02B1, 0x00, 0x02, 0x00, 0x00, 0x06, 0x00, 0x0F, 0x00, 0, 0x000038A0, 0x0000000C },
    { 0x02B1, 0x00, 0x02, 0x01, 0x00, 0x06, 0x00, 0x0F, 0x00, 0, 0x000038AC, 0x0000000C },
    { 0x02B1, 0x00, 0x02, 0x02, 0x00, 0x06, 0x00, 0x0F, 0x00, 0, 0x000038B8, 0x0000000C },
    { 0x02B1, 0x00, 0x02, 0x03, 0x00, 0x06, 0x00, 0x0F, 0x00, 0, 0x000038C4, 0x0000000C },
    { 0x02B1, 0x00, 0x02, 0x04, 0x00, 0x06, 0x00, 0x0F, 0x00, 0, 0x000038D0, 0x0000000C },
    { 0x02B1, 0x00, 0x02, 0x05, 0x00, 0x06, 0x00, 0x0F, 0x00, 0, 0x000038DC, 0x0000000C },
    { 0x02B1, 0x00, 0x02, 0x06, 0x00, 0x06, 0x00, 0x0F, 0x00, 0, 0x000038E8, 0x0000000C },
    { 0x02B1, 0x00, 0x02, 0x07, 0x00, 0x06, 0x00, 0x0F, 0x00, 0, 0x000038F4, 0x0000000C },
    { 0x02B1, 0x00, 0x02, 0x08, 0x00, 0x06, 0x00, 0x0F, 0x00, 0, 0x00003900, 0x0000000C },
    { 0x02B1, 0x00, 0x02, 0x09, 0x00, 0x06, 0x00, 0x0F, 0x00, 0, 0x0000390C, 0x0000000C },
    { 0x02B1, 0x00, 0x02, 0x0A, 0x00, 0x06, 0x00, 0x0F, 0x00, 0, 0x00003918, 0x0000000C },
    { 0x02B1, 0x00, 0x02, 0x0B, 0x00, 0x06, 0x00, 0x0F, 0x00, 0, 0x00003924, 0x0000000C },
    { 0x02B1, 0x00, 0x02, 0x0C, 0x00, 0x06, 0x00, 0x0F, 0x00, 0, 0x00003930, 0x0000000C },
    { 0x02B1, 0x00, 0x02, 0x0D, 0x00, 0x06, 0x00, 0x0F, 0x00, 0, 0x0000393C, 0x0000000C },
    { 0x02B1, 0x00, 0x02, 0x0E, 0x00, 0x06, 0x00, 0x0F, 0x00, 0, 0x00003948, 0x0000000C },
    { 0x02B1, 0x00, 0x03, 0x02, 0x00, 0x06, 0x00, 0x0F, 0x00, 0, 0x00002CE0, 0x00000150 },
    { 0x02B1, 0x00, 0x03, 0x04, 0x00, 0x06, 0x00, 0x0F, 0x00, 0, 0x00002E30, 0x000000B0 },
    { 0x02B1, 0x00, 0x03, 0x05, 0x00, 0x06, 0x00, 0x0F, 0x00, 0, 0x00002EE0, 0x000000B0 },
    { 0x02B1, 0x00, 0x03, 0x07, 0x00, 0x06, 0x00, 0x0F, 0x00, 0, 0x00002F90, 0x000000B0 },
    { 0x02B1, 0x00, 0x03, 0x08, 0x00, 0x06, 0x00, 0x0F, 0x00, 0, 0x00003040, 0x000000C8 },
    { 0x02B1, 0x00, 0x03, 0x0A, 0x00, 0x06, 0x00, 0x0F, 0x00, 0, 0x00003108, 0x00000098 },
    { 0x02B1, 0x00, 0x03, 0x0C, 0x00, 0x06, 0x00, 0x0F, 0x00, 0, 0x00003288, 0x000001E0 },
    { 0x02B1, 0x00, 0x03, 0x0E, 0x00, 0x06, 0x00, 0x0F, 0x00, 0, 0x000031A0, 0x000000E8 },
    { 0x02BB, 0x00, 0x00, 0x00, 0x00, 0x06, 0x00, 0x12, 0x11, 0, 0x00008460, 0x0000000C },
    { 0x02BB, 0x00, 0x01, 0x00, 0x00, 0x06, 0x00, 0x12, 0x11, 0, 0x00008418, 0x00000048 },
    { 0x02BB, 0x00, 0x02, 0x00, 0x00, 0x06, 0x00, 0x12, 0x11, 0, 0x00008340, 0x0000000C },
    { 0x02BB, 0x00, 0x02, 0x01, 0x00, 0x06, 0x00, 0x12, 0x11, 0, 0x0000834C, 0x0000000C },
    { 0x02BB, 0x00, 0x02, 0x02, 0x00, 0x06, 0x00, 0x12, 0x11, 0, 0x00008358, 0x0000000C },
    { 0x02BB, 0x00, 0x02, 0x03, 0x00, 0x06, 0x00, 0x12, 0x11, 0, 0x00008364, 0x0000000C },
    { 0x02BB, 0x00, 0x02, 0x04, 0x00, 0x06, 0x00, 0x12, 0x11, 0, 0x00008370, 0x0000000C },
    { 0x02BB, 0x00, 0x02, 0x05, 0x00, 0x06, 0x00, 0x12, 0x11, 0, 0x0000837C, 0x0000000C },
    { 0x02BB, 0x00, 0x02, 0x06, 0x00, 0x06, 0x00, 0x12, 0x11, 0, 0x00008388, 0x0000000C },
    { 0x02BB, 0x00, 0x02, 0x07, 0x00, 0x06, 0x00, 0x12, 0x11, 0, 0x00008394, 0x0000000C },
    { 0x02BB, 0x00, 0x02, 0x08, 0x00, 0x06, 0x00, 0x12, 0x11, 0, 0x000083A0, 0x0000000C },
    { 0x02BB, 0x00, 0x02, 0x09, 0x00, 0x06, 0x00, 0x12, 0x11, 0, 0x000083AC, 0x0000000C },
    { 0x02BB, 0x00, 0x02, 0x0A, 0x00, 0x06, 0x00, 0x12, 0x11, 0, 0x000083B8, 0x0000000C },
    { 0x02BB, 0x00, 0x02, 0x0B, 0x00, 0x06, 0x00, 0x12, 0x11, 0, 0x000083C4, 0x0000000C },
    { 0x02BB, 0x00, 0x02, 0x0C, 0x00, 0x06, 0x00, 0x12, 0x11, 0, 0x000083D0, 0x0000000C },
    { 0x02BB, 0x00, 0x02, 0x0D, 0x00, 0x06, 0x00, 0x12, 0x11, 0, 0x000083DC, 0x0000000C },
    { 0x02BB, 0x00, 0x02, 0x0E, 0x00, 0x06, 0x00, 0x12, 0x11, 0, 0x000083E8, 0x0000000C },
    { 0x02BB, 0x00, 0x02, 0x0F, 0x00, 0x06, 0x00, 0x12, 0x11, 0, 0x000083F4, 0x0000000C },
    { 0x02BB, 0x00, 0x02, 0x10, 0x00, 0x06, 0x00, 0x12, 0x11, 0, 0x00008400, 0x0000000C },
    { 0x02BB, 0x00, 0x02, 0x11, 0x00, 0x06, 0x00, 0x12, 0x11, 0, 0x0000840C, 0x0000000C },
    { 0x02BB, 0x00, 0x03, 0x00, 0x00, 0x06, 0x00, 0x12, 0x11, 0, 0x00007C40, 0x00000100 },
    { 0x02BB, 0x00, 0x03, 0x01, 0x00, 0x06, 0x00, 0x12, 0x11, 0, 0x00008040, 0x00000058 },
    { 0x02BB, 0x00, 0x03, 0x02, 0x00, 0x06, 0x00, 0x12, 0x11, 0, 0x00008098, 0x00000160 },
    { 0x02BB, 0x00, 0x03, 0x03, 0x00, 0x06, 0x00, 0x12, 0x11, 0, 0x000081F8, 0x00000148 },
    { 0x02BB, 0x00, 0x03, 0x04, 0x00, 0x06, 0x00, 0x12, 0x11, 0, 0x00007D40, 0x00000058 },
    { 0x02BB, 0x00, 0x03, 0x05, 0x00, 0x06, 0x00, 0x12, 0x11, 0, 0x00007D98, 0x00000160 },
    { 0x02BB, 0x00, 0x03, 0x06, 0x00, 0x06, 0x00, 0x12, 0x11, 0, 0x00007EF8, 0x00000148 },
    { 0x02BB, 0x00, 0x03, 0x07, 0x00, 0x06, 0x00, 0x12, 0x11, 0, 0x00006F10, 0x00000450 },
    { 0x02BB, 0x00, 0x03, 0x08, 0x00, 0x06, 0x00, 0x12, 0x11, 0, 0x000077D0, 0x000001B8 },
    { 0x02BB, 0x00, 0x03, 0x09, 0x00, 0x06, 0x00, 0x12, 0x11, 0, 0x00007988, 0x00000110 },
    { 0x02BB, 0x00, 0x03, 0x0A, 0x00, 0x06, 0x00, 0x12, 0x11, 0, 0x00007A98, 0x000001A8 },
    { 0x02BB, 0x00, 0x03, 0x0B, 0x00, 0x06, 0x00, 0x12, 0x11, 0, 0x00007360, 0x000001B8 },
    { 0x02BB, 0x00, 0x03, 0x0C, 0x00, 0x06, 0x00, 0x12, 0x11, 0, 0x00007518, 0x00000110 },
    { 0x02BB, 0x00, 0x03, 0x0D, 0x00, 0x06, 0x00, 0x12, 0x11, 0, 0x00007628, 0x000001A8 },
    { 0x02BB, 0x00, 0x03, 0x0E, 0x00, 0x06, 0x00, 0x12, 0x11, 0, 0x00004148, 0x000009D0 },
    { 0x02BB, 0x00, 0x03, 0x10, 0x00, 0x06, 0x00, 0x12, 0x11, 0, 0x00006DD8, 0x00000138 },
    { 0x02BB, 0x00, 0x03, 0x11, 0x00, 0x06, 0x00, 0x12, 0x11, 0, 0x00006C68, 0x00000170 },
    { 0x02BC, 0x00, 0x00, 0x00, 0x00, 0x06, 0x00, 0x19, 0x18, 0, 0x000100E8, 0x0000000C },
    { 0x02BC, 0x00, 0x01, 0x00, 0x00, 0x06, 0x00, 0x19, 0x18, 0, 0x00010084, 0x00000064 },
    { 0x02BC, 0x00, 0x02, 0x00, 0x00, 0x06, 0x00, 0x19, 0x18, 0, 0x0000FF58, 0x0000000C },
    { 0x02BC, 0x00, 0x02, 0x01, 0x00, 0x06, 0x00, 0x19, 0x18, 0, 0x0000FF64, 0x0000000C },
    { 0x02BC, 0x00, 0x02, 0x02, 0x00, 0x06, 0x00, 0x19, 0x18, 0, 0x0000FF70, 0x0000000C },
    { 0x02BC, 0x00, 0x02, 0x03, 0x00, 0x06, 0x00, 0x19, 0x18, 0, 0x0000FF7C, 0x0000000C },
    { 0x02BC, 0x00, 0x02, 0x04, 0x00, 0x06, 0x00, 0x19, 0x18, 0, 0x0000FF88, 0x0000000C },
    { 0x02BC, 0x00, 0x02, 0x05, 0x00, 0x06, 0x00, 0x19, 0x18, 0, 0x0000FF94, 0x0000000C },
    { 0x02BC, 0x00, 0x02, 0x06, 0x00, 0x06, 0x00, 0x19, 0x18, 0, 0x0000FFA0, 0x0000000C },
    { 0x02BC, 0x00, 0x02, 0x07, 0x00, 0x06, 0x00, 0x19, 0x18, 0, 0x0000FFAC, 0x0000000C },
    { 0x02BC, 0x00, 0x02, 0x08, 0x00, 0x06, 0x00, 0x19, 0x18, 0, 0x0000FFB8, 0x0000000C },
    { 0x02BC, 0x00, 0x02, 0x09, 0x00, 0x06, 0x00, 0x19, 0x18, 0, 0x0000FFC4, 0x0000000C },
    { 0x02BC, 0x00, 0x02, 0x0A, 0x00, 0x06, 0x00, 0x19, 0x18, 0, 0x0000FFD0, 0x0000000C },
    { 0x02BC, 0x00, 0x02, 0x0B, 0x00, 0x06, 0x00, 0x19, 0x18, 0, 0x0000FFDC, 0x0000000C },
    { 0x02BC, 0x00, 0x02, 0x0C, 0x00, 0x06, 0x00, 0x19, 0x18, 0, 0x0000FFE8, 0x0000000C },
    { 0x02BC, 0x00, 0x02, 0x0D, 0x00, 0x06, 0x00, 0x19, 0x18, 0, 0x0000FFF4, 0x0000000C },
    { 0x02BC, 0x00, 0x02, 0x0E, 0x00, 0x06, 0x00, 0x19, 0x18, 0, 0x00010000, 0x0000000C },
    { 0x02BC, 0x00, 0x02, 0x0F, 0x00, 0x06, 0x00, 0x19, 0x18, 0, 0x0001000C, 0x0000000C },
    { 0x02BC, 0x00, 0x02, 0x10, 0x00, 0x06, 0x00, 0x19, 0x18, 0, 0x00010018, 0x0000000C },
    { 0x02BC, 0x00, 0x02, 0x11, 0x00, 0x06, 0x00, 0x19, 0x18, 0, 0x00010024, 0x0000000C },
    { 0x02BC, 0x00, 0x02, 0x12, 0x00, 0x06, 0x00, 0x19, 0x18, 0, 0x00010030, 0x0000000C },
    { 0x02BC, 0x00, 0x02, 0x13, 0x00, 0x06, 0x00, 0x19, 0x18, 0, 0x0001003C, 0x0000000C },
    { 0x02BC, 0x00, 0x02, 0x14, 0x00, 0x06, 0x00, 0x19, 0x18, 0, 0x00010048, 0x0000000C },
    { 0x02BC, 0x00, 0x02, 0x15, 0x00, 0x06, 0x00, 0x19, 0x18, 0, 0x00010054, 0x0000000C },
    { 0x02BC, 0x00, 0x02, 0x16, 0x00, 0x06, 0x00, 0x19, 0x18, 0, 0x00010060, 0x0000000C },
    { 0x02BC, 0x00, 0x02, 0x17, 0x00, 0x06, 0x00, 0x19, 0x18, 0, 0x0001006C, 0x0000000C },
    { 0x02BC, 0x00, 0x02, 0x18, 0x00, 0x06, 0x00, 0x19, 0x18, 0, 0x00010078, 0x0000000C },
    { 0x02BC, 0x00, 0x03, 0x01, 0x00, 0x06, 0x00, 0x19, 0x18, 0, 0x00006B90, 0x00000390 },
    { 0x02BC, 0x00, 0x03, 0x02, 0x00, 0x06, 0x00, 0x19, 0x18, 0, 0x00007908, 0x00000208 },
    { 0x02BC, 0x00, 0x03, 0x03, 0x00, 0x06, 0x00, 0x19, 0x18, 0, 0x00007640, 0x000002C8 },
    { 0x02BC, 0x00, 0x03, 0x04, 0x00, 0x06, 0x00, 0x19, 0x18, 0, 0x00007518, 0x00000128 },
    { 0x02BC, 0x00, 0x03, 0x05, 0x00, 0x06, 0x00, 0x19, 0x18, 0, 0x0000C048, 0x000004D0 },
    { 0x02BC, 0x00, 0x03, 0x06, 0x00, 0x06, 0x00, 0x19, 0x18, 0, 0x00007310, 0x00000208 },
    { 0x02BC, 0x00, 0x03, 0x07, 0x00, 0x06, 0x00, 0x19, 0x18, 0, 0x00007048, 0x000002C8 },
    { 0x02BC, 0x00, 0x03, 0x08, 0x00, 0x06, 0x00, 0x19, 0x18, 0, 0x00006F20, 0x00000128 },
    { 0x02BC, 0x00, 0x03, 0x09, 0x00, 0x06, 0x00, 0x19, 0x18, 0, 0x0000C518, 0x000004D0 },
    { 0x02BC, 0x00, 0x03, 0x0A, 0x00, 0x06, 0x00, 0x19, 0x18, 0, 0x0000BF40, 0x00000108 },
    { 0x02BC, 0x00, 0x03, 0x0B, 0x00, 0x06, 0x00, 0x19, 0x18, 0, 0x00006A28, 0x00000168 },
    { 0x02BC, 0x00, 0x03, 0x0C, 0x00, 0x06, 0x00, 0x19, 0x18, 0, 0x000066E8, 0x00000340 },
    { 0x02BC, 0x00, 0x03, 0x0D, 0x00, 0x06, 0x00, 0x19, 0x18, 0, 0x00006460, 0x00000288 },
    { 0x02BC, 0x00, 0x03, 0x0E, 0x00, 0x06, 0x00, 0x19, 0x18, 0, 0x000062F0, 0x00000170 },
    { 0x02BC, 0x00, 0x03, 0x0F, 0x00, 0x06, 0x00, 0x19, 0x18, 0, 0x00006198, 0x00000158 },
    { 0x02BC, 0x00, 0x03, 0x10, 0x00, 0x06, 0x00, 0x19, 0x18, 0, 0x00006030, 0x00000168 },
    { 0x02BC, 0x00, 0x03, 0x11, 0x00, 0x06, 0x00, 0x19, 0x18, 0, 0x000054D8, 0x00000B58 },
    { 0x02BC, 0x00, 0x03, 0x12, 0x00, 0x06, 0x00, 0x19, 0x18, 0, 0x000049C0, 0x00000248 },
    { 0x02BC, 0x00, 0x03, 0x13, 0x00, 0x06, 0x00, 0x19, 0x18, 0, 0x00005388, 0x00000150 },
    { 0x02BC, 0x00, 0x03, 0x14, 0x00, 0x06, 0x00, 0x19, 0x18, 0, 0x00005070, 0x00000200 },
    { 0x02BC, 0x00, 0x03, 0x15, 0x00, 0x06, 0x00, 0x19, 0x18, 0, 0x00005270, 0x00000118 },
    { 0x02BC, 0x00, 0x03, 0x16, 0x00, 0x06, 0x00, 0x19, 0x18, 0, 0x00004F20, 0x00000150 },
    { 0x02BC, 0x00, 0x03, 0x17, 0x00, 0x06, 0x00, 0x19, 0x18, 0, 0x00004C08, 0x00000200 },
    { 0x02BC, 0x00, 0x03, 0x18, 0x00, 0x06, 0x00, 0x19, 0x18, 0, 0x00004E08, 0x00000118 },
    { 0x02BD, 0x00, 0x00, 0x00, 0x00, 0x06, 0x00, 0x1A, 0x0F, 0, 0x00004DE0, 0x0000000C },
    { 0x02BD, 0x00, 0x01, 0x00, 0x00, 0x06, 0x00, 0x1A, 0x0F, 0, 0x00004D78, 0x00000068 },
    { 0x02BD, 0x00, 0x02, 0x00, 0x00, 0x06, 0x00, 0x1A, 0x0F, 0, 0x00004C40, 0x0000000C },
    { 0x02BD, 0x00, 0x02, 0x01, 0x00, 0x06, 0x00, 0x1A, 0x0F, 0, 0x00004C4C, 0x0000000C },
    { 0x02BD, 0x00, 0x02, 0x02, 0x00, 0x06, 0x00, 0x1A, 0x0F, 0, 0x00004C58, 0x0000000C },
    { 0x02BD, 0x00, 0x02, 0x03, 0x00, 0x06, 0x00, 0x1A, 0x0F, 0, 0x00004C64, 0x0000000C },
    { 0x02BD, 0x00, 0x02, 0x04, 0x00, 0x06, 0x00, 0x1A, 0x0F, 0, 0x00004C70, 0x0000000C },
    { 0x02BD, 0x00, 0x02, 0x05, 0x00, 0x06, 0x00, 0x1A, 0x0F, 0, 0x00004C7C, 0x0000000C },
    { 0x02BD, 0x00, 0x02, 0x06, 0x00, 0x06, 0x00, 0x1A, 0x0F, 0, 0x00004C88, 0x0000000C },
    { 0x02BD, 0x00, 0x02, 0x07, 0x00, 0x06, 0x00, 0x1A, 0x0F, 0, 0x00004C94, 0x0000000C },
    { 0x02BD, 0x00, 0x02, 0x08, 0x00, 0x06, 0x00, 0x1A, 0x0F, 0, 0x00004CA0, 0x0000000C },
    { 0x02BD, 0x00, 0x02, 0x09, 0x00, 0x06, 0x00, 0x1A, 0x0F, 0, 0x00004CAC, 0x0000000C },
    { 0x02BD, 0x00, 0x02, 0x0A, 0x00, 0x06, 0x00, 0x1A, 0x0F, 0, 0x00004CB8, 0x0000000C },
    { 0x02BD, 0x00, 0x02, 0x0B, 0x00, 0x06, 0x00, 0x1A, 0x0F, 0, 0x00004CC4, 0x0000000C },
    { 0x02BD, 0x00, 0x02, 0x0C, 0x00, 0x06, 0x00, 0x1A, 0x0F, 0, 0x00004CD0, 0x0000000C },
    { 0x02BD, 0x00, 0x02, 0x0D, 0x00, 0x06, 0x00, 0x1A, 0x0F, 0, 0x00004CDC, 0x0000000C },
    { 0x02BD, 0x00, 0x02, 0x0E, 0x00, 0x06, 0x00, 0x1A, 0x0F, 0, 0x00004CE8, 0x0000000C },
    { 0x02BD, 0x00, 0x02, 0x0F, 0x00, 0x06, 0x00, 0x1A, 0x0F, 0, 0x00004CF4, 0x0000000C },
    { 0x02BD, 0x00, 0x02, 0x10, 0x00, 0x06, 0x00, 0x1A, 0x0F, 0, 0x00004D00, 0x0000000C },
    { 0x02BD, 0x00, 0x02, 0x11, 0x00, 0x06, 0x00, 0x1A, 0x0F, 0, 0x00004D0C, 0x0000000C },
    { 0x02BD, 0x00, 0x02, 0x12, 0x00, 0x06, 0x00, 0x1A, 0x0F, 0, 0x00004D18, 0x0000000C },
    { 0x02BD, 0x00, 0x02, 0x13, 0x00, 0x06, 0x00, 0x1A, 0x0F, 0, 0x00004D24, 0x0000000C },
    { 0x02BD, 0x00, 0x02, 0x14, 0x00, 0x06, 0x00, 0x1A, 0x0F, 0, 0x00004D30, 0x0000000C },
    { 0x02BD, 0x00, 0x02, 0x15, 0x00, 0x06, 0x00, 0x1A, 0x0F, 0, 0x00004D3C, 0x0000000C },
    { 0x02BD, 0x00, 0x02, 0x16, 0x00, 0x06, 0x00, 0x1A, 0x0F, 0, 0x00004D48, 0x0000000C },
    { 0x02BD, 0x00, 0x02, 0x17, 0x00, 0x06, 0x00, 0x1A, 0x0F, 0, 0x00004D54, 0x0000000C },
    { 0x02BD, 0x00, 0x02, 0x18, 0x00, 0x06, 0x00, 0x1A, 0x0F, 0, 0x00004D60, 0x0000000C },
    { 0x02BD, 0x00, 0x02, 0x19, 0x00, 0x06, 0x00, 0x1A, 0x0F, 0, 0x00004D6C, 0x0000000C },
    { 0x02BD, 0x00, 0x03, 0x01, 0x00, 0x06, 0x00, 0x1A, 0x0F, 0, 0x000044C8, 0x000002D0 },
    { 0x02BD, 0x00, 0x03, 0x04, 0x00, 0x06, 0x00, 0x1A, 0x0F, 0, 0x000049F8, 0x00000248 },
    { 0x02BD, 0x00, 0x03, 0x05, 0x00, 0x06, 0x00, 0x1A, 0x0F, 0, 0x00004798, 0x00000260 },
    { 0x02BD, 0x00, 0x03, 0x07, 0x00, 0x06, 0x00, 0x1A, 0x0F, 0, 0x00004280, 0x00000248 },
    { 0x02BD, 0x00, 0x03, 0x09, 0x00, 0x06, 0x00, 0x1A, 0x0F, 0, 0x00004038, 0x00000248 },
    { 0x02BD, 0x00, 0x03, 0x0A, 0x00, 0x06, 0x00, 0x1A, 0x0F, 0, 0x00003DD8, 0x00000260 },
    { 0x02BD, 0x00, 0x03, 0x0C, 0x00, 0x06, 0x00, 0x1A, 0x0F, 0, 0x00003B90, 0x00000248 },
    { 0x02BD, 0x00, 0x03, 0x0E, 0x00, 0x06, 0x00, 0x1A, 0x0F, 0, 0x00003948, 0x00000248 },
    { 0x02BD, 0x00, 0x03, 0x0F, 0x00, 0x06, 0x00, 0x1A, 0x0F, 0, 0x000036E8, 0x00000260 },
    { 0x02BD, 0x00, 0x03, 0x11, 0x00, 0x06, 0x00, 0x1A, 0x0F, 0, 0x000034A0, 0x00000248 },
    { 0x02BD, 0x00, 0x03, 0x13, 0x00, 0x06, 0x00, 0x1A, 0x0F, 0, 0x00003258, 0x00000248 },
    { 0x02BD, 0x00, 0x03, 0x14, 0x00, 0x06, 0x00, 0x1A, 0x0F, 0, 0x00002FF8, 0x00000260 },
    { 0x02BD, 0x00, 0x03, 0x16, 0x00, 0x06, 0x00, 0x1A, 0x0F, 0, 0x00002D08, 0x000002F0 },
    { 0x02BD, 0x00, 0x03, 0x18, 0x00, 0x06, 0x00, 0x1A, 0x0F, 0, 0x00002AB0, 0x00000258 },
    { 0x02BD, 0x00, 0x03, 0x19, 0x00, 0x06, 0x00, 0x1A, 0x0F, 0, 0x00002850, 0x00000260 },
    { 0x02BD, 0x01, 0x00, 0x00, 0x00, 0x06, 0x00, 0x1A, 0x0F, 0, 0x0000A350, 0x0000000C },
    { 0x02BD, 0x01, 0x01, 0x00, 0x00, 0x06, 0x00, 0x1A, 0x0F, 0, 0x0000A2E8, 0x00000068 },
    { 0x02BD, 0x01, 0x02, 0x00, 0x00, 0x06, 0x00, 0x1A, 0x0F, 0, 0x0000A1B0, 0x0000000C },
    { 0x02BD, 0x01, 0x02, 0x01, 0x00, 0x06, 0x00, 0x1A, 0x0F, 0, 0x0000A1BC, 0x0000000C },
    { 0x02BD, 0x01, 0x02, 0x02, 0x00, 0x06, 0x00, 0x1A, 0x0F, 0, 0x0000A1C8, 0x0000000C },
    { 0x02BD, 0x01, 0x02, 0x03, 0x00, 0x06, 0x00, 0x1A, 0x0F, 0, 0x0000A1D4, 0x0000000C },
    { 0x02BD, 0x01, 0x02, 0x04, 0x00, 0x06, 0x00, 0x1A, 0x0F, 0, 0x0000A1E0, 0x0000000C },
    { 0x02BD, 0x01, 0x02, 0x05, 0x00, 0x06, 0x00, 0x1A, 0x0F, 0, 0x0000A1EC, 0x0000000C },
    { 0x02BD, 0x01, 0x02, 0x06, 0x00, 0x06, 0x00, 0x1A, 0x0F, 0, 0x0000A1F8, 0x0000000C },
    { 0x02BD, 0x01, 0x02, 0x07, 0x00, 0x06, 0x00, 0x1A, 0x0F, 0, 0x0000A204, 0x0000000C },
    { 0x02BD, 0x01, 0x02, 0x08, 0x00, 0x06, 0x00, 0x1A, 0x0F, 0, 0x0000A210, 0x0000000C },
    { 0x02BD, 0x01, 0x02, 0x09, 0x00, 0x06, 0x00, 0x1A, 0x0F, 0, 0x0000A21C, 0x0000000C },
    { 0x02BD, 0x01, 0x02, 0x0A, 0x00, 0x06, 0x00, 0x1A, 0x0F, 0, 0x0000A228, 0x0000000C },
    { 0x02BD, 0x01, 0x02, 0x0B, 0x00, 0x06, 0x00, 0x1A, 0x0F, 0, 0x0000A234, 0x0000000C },
    { 0x02BD, 0x01, 0x02, 0x0C, 0x00, 0x06, 0x00, 0x1A, 0x0F, 0, 0x0000A240, 0x0000000C },
    { 0x02BD, 0x01, 0x02, 0x0D, 0x00, 0x06, 0x00, 0x1A, 0x0F, 0, 0x0000A24C, 0x0000000C },
    { 0x02BD, 0x01, 0x02, 0x0E, 0x00, 0x06, 0x00, 0x1A, 0x0F, 0, 0x0000A258, 0x0000000C },
    { 0x02BD, 0x01, 0x02, 0x0F, 0x00, 0x06, 0x00, 0x1A, 0x0F, 0, 0x0000A264, 0x0000000C },
    { 0x02BD, 0x01, 0x02, 0x10, 0x00, 0x06, 0x00, 0x1A, 0x0F, 0, 0x0000A270, 0x0000000C },
    { 0x02BD, 0x01, 0x02, 0x11, 0x00, 0x06, 0x00, 0x1A, 0x0F, 0, 0x0000A27C, 0x0000000C },
    { 0x02BD, 0x01, 0x02, 0x12, 0x00, 0x06, 0x00, 0x1A, 0x0F, 0, 0x0000A288, 0x0000000C },
    { 0x02BD, 0x01, 0x02, 0x13, 0x00, 0x06, 0x00, 0x1A, 0x0F, 0, 0x0000A294, 0x0000000C },
    { 0x02BD, 0x01, 0x02, 0x14, 0x00, 0x06, 0x00, 0x1A, 0x0F, 0, 0x0000A2A0, 0x0000000C },
    { 0x02BD, 0x01, 0x02, 0x15, 0x00, 0x06, 0x00, 0x1A, 0x0F, 0, 0x0000A2AC, 0x0000000C },
    { 0x02BD, 0x01, 0x02, 0x16, 0x00, 0x06, 0x00, 0x1A, 0x0F, 0, 0x0000A2B8, 0x0000000C },
    { 0x02BD, 0x01, 0x02, 0x17, 0x00, 0x06, 0x00, 0x1A, 0x0F, 0, 0x0000A2C4, 0x0000000C },
    { 0x02BD, 0x01, 0x02, 0x18, 0x00, 0x06, 0x00, 0x1A, 0x0F, 0, 0x0000A2D0, 0x0000000C },
    { 0x02BD, 0x01, 0x02, 0x19, 0x00, 0x06, 0x00, 0x1A, 0x0F, 0, 0x0000A2DC, 0x0000000C },
    { 0x02BD, 0x01, 0x03, 0x01, 0x00, 0x06, 0x00, 0x1A, 0x0F, 0, 0x00009A38, 0x000002D0 },
    { 0x02BD, 0x01, 0x03, 0x04, 0x00, 0x06, 0x00, 0x1A, 0x0F, 0, 0x00009F68, 0x00000248 },
    { 0x02BD, 0x01, 0x03, 0x05, 0x00, 0x06, 0x00, 0x1A, 0x0F, 0, 0x00009D08, 0x00000260 },
    { 0x02BD, 0x01, 0x03, 0x07, 0x00, 0x06, 0x00, 0x1A, 0x0F, 0, 0x000097F0, 0x00000248 },
    { 0x02BD, 0x01, 0x03, 0x09, 0x00, 0x06, 0x00, 0x1A, 0x0F, 0, 0x000095A8, 0x00000248 },
    { 0x02BD, 0x01, 0x03, 0x0A, 0x00, 0x06, 0x00, 0x1A, 0x0F, 0, 0x00009348, 0x00000260 },
    { 0x02BD, 0x01, 0x03, 0x0C, 0x00, 0x06, 0x00, 0x1A, 0x0F, 0, 0x00009100, 0x00000248 },
    { 0x02BD, 0x01, 0x03, 0x0E, 0x00, 0x06, 0x00, 0x1A, 0x0F, 0, 0x00008EB8, 0x00000248 },
    { 0x02BD, 0x01, 0x03, 0x0F, 0x00, 0x06, 0x00, 0x1A, 0x0F, 0, 0x00008C58, 0x00000260 },
    { 0x02BD, 0x01, 0x03, 0x11, 0x00, 0x06, 0x00, 0x1A, 0x0F, 0, 0x00008A10, 0x00000248 },
    { 0x02BD, 0x01, 0x03, 0x13, 0x00, 0x06, 0x00, 0x1A, 0x0F, 0, 0x000087C8, 0x00000248 },
    { 0x02BD, 0x01, 0x03, 0x14, 0x00, 0x06, 0x00, 0x1A, 0x0F, 0, 0x00008568, 0x00000260 },
    { 0x02BD, 0x01, 0x03, 0x16, 0x00, 0x06, 0x00, 0x1A, 0x0F, 0, 0x00008278, 0x000002F0 },
    { 0x02BD, 0x01, 0x03, 0x18, 0x00, 0x06, 0x00, 0x1A, 0x0F, 0, 0x00008020, 0x00000258 },
    { 0x02BD, 0x01, 0x03, 0x19, 0x00, 0x06, 0x00, 0x1A, 0x0F, 0, 0x00007DC0, 0x00000260 },
    { 0x02BD, 0x02, 0x00, 0x00, 0x00, 0x06, 0x00, 0x2C, 0x1E, 0, 0x00016840, 0x0000000C },
    { 0x02BD, 0x02, 0x01, 0x00, 0x00, 0x06, 0x00, 0x2C, 0x1E, 0, 0x00016790, 0x000000B0 },
    { 0x02BD, 0x02, 0x02, 0x00, 0x00, 0x06, 0x00, 0x2C, 0x1E, 0, 0x00016580, 0x0000000C },
    { 0x02BD, 0x02, 0x02, 0x01, 0x00, 0x06, 0x00, 0x2C, 0x1E, 0, 0x0001658C, 0x0000000C },
    { 0x02BD, 0x02, 0x02, 0x02, 0x00, 0x06, 0x00, 0x2C, 0x1E, 0, 0x00016598, 0x0000000C },
    { 0x02BD, 0x02, 0x02, 0x03, 0x00, 0x06, 0x00, 0x2C, 0x1E, 0, 0x000165A4, 0x0000000C },
    { 0x02BD, 0x02, 0x02, 0x04, 0x00, 0x06, 0x00, 0x2C, 0x1E, 0, 0x000165B0, 0x0000000C },
    { 0x02BD, 0x02, 0x02, 0x05, 0x00, 0x06, 0x00, 0x2C, 0x1E, 0, 0x000165BC, 0x0000000C },
    { 0x02BD, 0x02, 0x02, 0x06, 0x00, 0x06, 0x00, 0x2C, 0x1E, 0, 0x000165C8, 0x0000000C },
    { 0x02BD, 0x02, 0x02, 0x07, 0x00, 0x06, 0x00, 0x2C, 0x1E, 0, 0x000165D4, 0x0000000C },
    { 0x02BD, 0x02, 0x02, 0x08, 0x00, 0x06, 0x00, 0x2C, 0x1E, 0, 0x000165E0, 0x0000000C },
    { 0x02BD, 0x02, 0x02, 0x09, 0x00, 0x06, 0x00, 0x2C, 0x1E, 0, 0x000165EC, 0x0000000C },
    { 0x02BD, 0x02, 0x02, 0x0A, 0x00, 0x06, 0x00, 0x2C, 0x1E, 0, 0x000165F8, 0x0000000C },
    { 0x02BD, 0x02, 0x02, 0x0B, 0x00, 0x06, 0x00, 0x2C, 0x1E, 0, 0x00016604, 0x0000000C },
    { 0x02BD, 0x02, 0x02, 0x0C, 0x00, 0x06, 0x00, 0x2C, 0x1E, 0, 0x00016610, 0x0000000C },
    { 0x02BD, 0x02, 0x02, 0x0D, 0x00, 0x06, 0x00, 0x2C, 0x1E, 0, 0x0001661C, 0x0000000C },
    { 0x02BD, 0x02, 0x02, 0x0E, 0x00, 0x06, 0x00, 0x2C, 0x1E, 0, 0x00016628, 0x0000000C },
    { 0x02BD, 0x02, 0x02, 0x0F, 0x00, 0x06, 0x00, 0x2C, 0x1E, 0, 0x00016634, 0x0000000C },
    { 0x02BD, 0x02, 0x02, 0x10, 0x00, 0x06, 0x00, 0x2C, 0x1E, 0, 0x00016640, 0x0000000C },
    { 0x02BD, 0x02, 0x02, 0x11, 0x00, 0x06, 0x00, 0x2C, 0x1E, 0, 0x0001664C, 0x0000000C },
    { 0x02BD, 0x02, 0x02, 0x12, 0x00, 0x06, 0x00, 0x2C, 0x1E, 0, 0x00016658, 0x0000000C },
    { 0x02BD, 0x02, 0x02, 0x13, 0x00, 0x06, 0x00, 0x2C, 0x1E, 0, 0x00016664, 0x0000000C },
    { 0x02BD, 0x02, 0x02, 0x14, 0x00, 0x06, 0x00, 0x2C, 0x1E, 0, 0x00016670, 0x0000000C },
    { 0x02BD, 0x02, 0x02, 0x15, 0x00, 0x06, 0x00, 0x2C, 0x1E, 0, 0x0001667C, 0x0000000C },
    { 0x02BD, 0x02, 0x02, 0x16, 0x00, 0x06, 0x00, 0x2C, 0x1E, 0, 0x00016688, 0x0000000C },
    { 0x02BD, 0x02, 0x02, 0x17, 0x00, 0x06, 0x00, 0x2C, 0x1E, 0, 0x00016694, 0x0000000C },
    { 0x02BD, 0x02, 0x02, 0x18, 0x00, 0x06, 0x00, 0x2C, 0x1E, 0, 0x000166A0, 0x0000000C },
    { 0x02BD, 0x02, 0x02, 0x19, 0x00, 0x06, 0x00, 0x2C, 0x1E, 0, 0x000166AC, 0x0000000C },
    { 0x02BD, 0x02, 0x02, 0x1A, 0x00, 0x06, 0x00, 0x2C, 0x1E, 0, 0x000166B8, 0x0000000C },
    { 0x02BD, 0x02, 0x02, 0x1B, 0x00, 0x06, 0x00, 0x2C, 0x1E, 0, 0x000166C4, 0x0000000C },
    { 0x02BD, 0x02, 0x02, 0x1C, 0x00, 0x06, 0x00, 0x2C, 0x1E, 0, 0x000166D0, 0x0000000C },
    { 0x02BD, 0x02, 0x02, 0x1D, 0x00, 0x06, 0x00, 0x2C, 0x1E, 0, 0x000166DC, 0x0000000C },
    { 0x02BD, 0x02, 0x02, 0x1E, 0x00, 0x06, 0x00, 0x2C, 0x1E, 0, 0x000166E8, 0x0000000C },
    { 0x02BD, 0x02, 0x02, 0x1F, 0x00, 0x06, 0x00, 0x2C, 0x1E, 0, 0x000166F4, 0x0000000C },
    { 0x02BD, 0x02, 0x02, 0x20, 0x00, 0x06, 0x00, 0x2C, 0x1E, 0, 0x00016700, 0x0000000C },
    { 0x02BD, 0x02, 0x02, 0x21, 0x00, 0x06, 0x00, 0x2C, 0x1E, 0, 0x0001670C, 0x0000000C },
    { 0x02BD, 0x02, 0x02, 0x22, 0x00, 0x06, 0x00, 0x2C, 0x1E, 0, 0x00016718, 0x0000000C },
    { 0x02BD, 0x02, 0x02, 0x23, 0x00, 0x06, 0x00, 0x2C, 0x1E, 0, 0x00016724, 0x0000000C },
    { 0x02BD, 0x02, 0x02, 0x24, 0x00, 0x06, 0x00, 0x2C, 0x1E, 0, 0x00016730, 0x0000000C },
    { 0x02BD, 0x02, 0x02, 0x25, 0x00, 0x06, 0x00, 0x2C, 0x1E, 0, 0x0001673C, 0x0000000C },
    { 0x02BD, 0x02, 0x02, 0x26, 0x00, 0x06, 0x00, 0x2C, 0x1E, 0, 0x00016748, 0x0000000C },
    { 0x02BD, 0x02, 0x02, 0x27, 0x00, 0x06, 0x00, 0x2C, 0x1E, 0, 0x00016754, 0x0000000C },
    { 0x02BD, 0x02, 0x02, 0x28, 0x00, 0x06, 0x00, 0x2C, 0x1E, 0, 0x00016760, 0x0000000C },
    { 0x02BD, 0x02, 0x02, 0x29, 0x00, 0x06, 0x00, 0x2C, 0x1E, 0, 0x0001676C, 0x0000000C },
    { 0x02BD, 0x02, 0x02, 0x2A, 0x00, 0x06, 0x00, 0x2C, 0x1E, 0, 0x00016778, 0x0000000C },
    { 0x02BD, 0x02, 0x02, 0x2B, 0x00, 0x06, 0x00, 0x2C, 0x1E, 0, 0x00016784, 0x0000000C },
    { 0x02BD, 0x02, 0x03, 0x01, 0x00, 0x06, 0x00, 0x2C, 0x1E, 0, 0x00011370, 0x000000C0 },
    { 0x02BD, 0x02, 0x03, 0x02, 0x00, 0x06, 0x00, 0x2C, 0x1E, 0, 0x00011430, 0x000000E8 },
    { 0x02BD, 0x02, 0x03, 0x03, 0x00, 0x06, 0x00, 0x2C, 0x1E, 0, 0x00011518, 0x00000140 },
    { 0x02BD, 0x02, 0x03, 0x04, 0x00, 0x06, 0x00, 0x2C, 0x1E, 0, 0x00011F98, 0x000000E8 },
    { 0x02BD, 0x02, 0x03, 0x05, 0x00, 0x06, 0x00, 0x2C, 0x1E, 0, 0x00012080, 0x000000E8 },
    { 0x02BD, 0x02, 0x03, 0x06, 0x00, 0x06, 0x00, 0x2C, 0x1E, 0, 0x00012168, 0x00000218 },
    { 0x02BD, 0x02, 0x03, 0x09, 0x00, 0x06, 0x00, 0x2C, 0x1E, 0, 0x00013A20, 0x000001E8 },
    { 0x02BD, 0x02, 0x03, 0x0A, 0x00, 0x06, 0x00, 0x2C, 0x1E, 0, 0x00013C08, 0x00000178 },
    { 0x02BD, 0x02, 0x03, 0x0C, 0x00, 0x06, 0x00, 0x2C, 0x1E, 0, 0x000136C0, 0x000001E8 },
    { 0x02BD, 0x02, 0x03, 0x0D, 0x00, 0x06, 0x00, 0x2C, 0x1E, 0, 0x000138A8, 0x00000178 },
    { 0x02BD, 0x02, 0x03, 0x0F, 0x00, 0x06, 0x00, 0x2C, 0x1E, 0, 0x00013360, 0x000001E8 },
    { 0x02BD, 0x02, 0x03, 0x10, 0x00, 0x06, 0x00, 0x2C, 0x1E, 0, 0x00013548, 0x00000178 },
    { 0x02BD, 0x02, 0x03, 0x12, 0x00, 0x06, 0x00, 0x2C, 0x1E, 0, 0x00013000, 0x000001E8 },
    { 0x02BD, 0x02, 0x03, 0x13, 0x00, 0x06, 0x00, 0x2C, 0x1E, 0, 0x000131E8, 0x00000178 },
    { 0x02BD, 0x02, 0x03, 0x15, 0x00, 0x06, 0x00, 0x2C, 0x1E, 0, 0x00012CA0, 0x000001E8 },
    { 0x02BD, 0x02, 0x03, 0x16, 0x00, 0x06, 0x00, 0x2C, 0x1E, 0, 0x00012E88, 0x00000178 },
    { 0x02BD, 0x02, 0x03, 0x18, 0x00, 0x06, 0x00, 0x2C, 0x1E, 0, 0x00012940, 0x000001E8 },
    { 0x02BD, 0x02, 0x03, 0x19, 0x00, 0x06, 0x00, 0x2C, 0x1E, 0, 0x00012B28, 0x00000178 },
    { 0x02BD, 0x02, 0x03, 0x1B, 0x00, 0x06, 0x00, 0x2C, 0x1E, 0, 0x000127D0, 0x000000B8 },
    { 0x02BD, 0x02, 0x03, 0x1C, 0x00, 0x06, 0x00, 0x2C, 0x1E, 0, 0x00012888, 0x000000B8 },
    { 0x02BD, 0x02, 0x03, 0x1E, 0x00, 0x06, 0x00, 0x2C, 0x1E, 0, 0x00012660, 0x000000B8 },
    { 0x02BD, 0x02, 0x03, 0x1F, 0x00, 0x06, 0x00, 0x2C, 0x1E, 0, 0x00012718, 0x000000B8 },
    { 0x02BD, 0x02, 0x03, 0x21, 0x00, 0x06, 0x00, 0x2C, 0x1E, 0, 0x000124F0, 0x000000B8 },
    { 0x02BD, 0x02, 0x03, 0x22, 0x00, 0x06, 0x00, 0x2C, 0x1E, 0, 0x000125A8, 0x000000B8 },
    { 0x02BD, 0x02, 0x03, 0x24, 0x00, 0x06, 0x00, 0x2C, 0x1E, 0, 0x00012380, 0x000000B8 },
    { 0x02BD, 0x02, 0x03, 0x25, 0x00, 0x06, 0x00, 0x2C, 0x1E, 0, 0x00012438, 0x000000B8 },
    { 0x02BD, 0x02, 0x03, 0x27, 0x00, 0x06, 0x00, 0x2C, 0x1E, 0, 0x00011AF8, 0x00000358 },
    { 0x02BD, 0x02, 0x03, 0x28, 0x00, 0x06, 0x00, 0x2C, 0x1E, 0, 0x00011E50, 0x00000148 },
    { 0x02BD, 0x02, 0x03, 0x2A, 0x00, 0x06, 0x00, 0x2C, 0x1E, 0, 0x00011658, 0x00000358 },
    { 0x02BD, 0x02, 0x03, 0x2B, 0x00, 0x06, 0x00, 0x2C, 0x1E, 0, 0x000119B0, 0x00000148 },
    { 0x02BF, 0x00, 0x00, 0x00, 0x00, 0x06, 0x00, 0x17, 0x16, 0, 0x0000B498, 0x0000000C },
    { 0x02BF, 0x00, 0x01, 0x00, 0x00, 0x06, 0x00, 0x17, 0x16, 0, 0x0000B43C, 0x0000005C },
    { 0x02BF, 0x00, 0x02, 0x00, 0x00, 0x06, 0x00, 0x17, 0x16, 0, 0x0000B328, 0x0000000C },
    { 0x02BF, 0x00, 0x02, 0x01, 0x00, 0x06, 0x00, 0x17, 0x16, 0, 0x0000B334, 0x0000000C },
    { 0x02BF, 0x00, 0x02, 0x02, 0x00, 0x06, 0x00, 0x17, 0x16, 0, 0x0000B340, 0x0000000C },
    { 0x02BF, 0x00, 0x02, 0x03, 0x00, 0x06, 0x00, 0x17, 0x16, 0, 0x0000B34C, 0x0000000C },
    { 0x02BF, 0x00, 0x02, 0x04, 0x00, 0x06, 0x00, 0x17, 0x16, 0, 0x0000B358, 0x0000000C },
    { 0x02BF, 0x00, 0x02, 0x05, 0x00, 0x06, 0x00, 0x17, 0x16, 0, 0x0000B364, 0x0000000C },
    { 0x02BF, 0x00, 0x02, 0x06, 0x00, 0x06, 0x00, 0x17, 0x16, 0, 0x0000B370, 0x0000000C },
    { 0x02BF, 0x00, 0x02, 0x07, 0x00, 0x06, 0x00, 0x17, 0x16, 0, 0x0000B37C, 0x0000000C },
    { 0x02BF, 0x00, 0x02, 0x08, 0x00, 0x06, 0x00, 0x17, 0x16, 0, 0x0000B388, 0x0000000C },
    { 0x02BF, 0x00, 0x02, 0x09, 0x00, 0x06, 0x00, 0x17, 0x16, 0, 0x0000B394, 0x0000000C },
    { 0x02BF, 0x00, 0x02, 0x0A, 0x00, 0x06, 0x00, 0x17, 0x16, 0, 0x0000B3A0, 0x0000000C },
    { 0x02BF, 0x00, 0x02, 0x0B, 0x00, 0x06, 0x00, 0x17, 0x16, 0, 0x0000B3AC, 0x0000000C },
    { 0x02BF, 0x00, 0x02, 0x0C, 0x00, 0x06, 0x00, 0x17, 0x16, 0, 0x0000B3B8, 0x0000000C },
    { 0x02BF, 0x00, 0x02, 0x0D, 0x00, 0x06, 0x00, 0x17, 0x16, 0, 0x0000B3C4, 0x0000000C },
    { 0x02BF, 0x00, 0x02, 0x0E, 0x00, 0x06, 0x00, 0x17, 0x16, 0, 0x0000B3D0, 0x0000000C },
    { 0x02BF, 0x00, 0x02, 0x0F, 0x00, 0x06, 0x00, 0x17, 0x16, 0, 0x0000B3DC, 0x0000000C },
    { 0x02BF, 0x00, 0x02, 0x10, 0x00, 0x06, 0x00, 0x17, 0x16, 0, 0x0000B3E8, 0x0000000C },
    { 0x02BF, 0x00, 0x02, 0x11, 0x00, 0x06, 0x00, 0x17, 0x16, 0, 0x0000B3F4, 0x0000000C },
    { 0x02BF, 0x00, 0x02, 0x12, 0x00, 0x06, 0x00, 0x17, 0x16, 0, 0x0000B400, 0x0000000C },
    { 0x02BF, 0x00, 0x02, 0x13, 0x00, 0x06, 0x00, 0x17, 0x16, 0, 0x0000B40C, 0x0000000C },
    { 0x02BF, 0x00, 0x02, 0x14, 0x00, 0x06, 0x00, 0x17, 0x16, 0, 0x0000B418, 0x0000000C },
    { 0x02BF, 0x00, 0x02, 0x15, 0x00, 0x06, 0x00, 0x17, 0x16, 0, 0x0000B424, 0x0000000C },
    { 0x02BF, 0x00, 0x02, 0x16, 0x00, 0x06, 0x00, 0x17, 0x16, 0, 0x0000B430, 0x0000000C },
    { 0x02BF, 0x00, 0x03, 0x00, 0x00, 0x06, 0x00, 0x17, 0x16, 0, 0x0000A258, 0x000001D0 },
    { 0x02BF, 0x00, 0x03, 0x01, 0x00, 0x06, 0x00, 0x17, 0x16, 0, 0x000095A0, 0x00000318 },
    { 0x02BF, 0x00, 0x03, 0x03, 0x00, 0x06, 0x00, 0x17, 0x16, 0, 0x00009000, 0x00000328 },
    { 0x02BF, 0x00, 0x03, 0x04, 0x00, 0x06, 0x00, 0x17, 0x16, 0, 0x00009328, 0x000000A0 },
    { 0x02BF, 0x00, 0x03, 0x05, 0x00, 0x06, 0x00, 0x17, 0x16, 0, 0x00009468, 0x00000138 },
    { 0x02BF, 0x00, 0x03, 0x06, 0x00, 0x06, 0x00, 0x17, 0x16, 0, 0x00008EC0, 0x000000A0 },
    { 0x02BF, 0x00, 0x03, 0x07, 0x00, 0x06, 0x00, 0x17, 0x16, 0, 0x00008F60, 0x000000A0 },
    { 0x02BF, 0x00, 0x03, 0x08, 0x00, 0x06, 0x00, 0x17, 0x16, 0, 0x000093C8, 0x000000A0 },
    { 0x02BF, 0x00, 0x03, 0x09, 0x00, 0x06, 0x00, 0x17, 0x16, 0, 0x00009B80, 0x00000208 },
    { 0x02BF, 0x00, 0x03, 0x0A, 0x00, 0x06, 0x00, 0x17, 0x16, 0, 0x000098B8, 0x00000228 },
    { 0x02BF, 0x00, 0x03, 0x0B, 0x00, 0x06, 0x00, 0x17, 0x16, 0, 0x00009AE0, 0x000000A0 },
    { 0x02BF, 0x00, 0x03, 0x0C, 0x00, 0x06, 0x00, 0x17, 0x16, 0, 0x0000A050, 0x00000208 },
    { 0x02BF, 0x00, 0x03, 0x0D, 0x00, 0x06, 0x00, 0x17, 0x16, 0, 0x00009D88, 0x00000228 },
    { 0x02BF, 0x00, 0x03, 0x0E, 0x00, 0x06, 0x00, 0x17, 0x16, 0, 0x00009FB0, 0x000000A0 },
    { 0x02BF, 0x00, 0x03, 0x0F, 0x00, 0x06, 0x00, 0x17, 0x16, 0, 0x0000A978, 0x00000230 },
    { 0x02BF, 0x00, 0x03, 0x10, 0x00, 0x06, 0x00, 0x17, 0x16, 0, 0x0000A758, 0x00000220 },
    { 0x02BF, 0x00, 0x03, 0x11, 0x00, 0x06, 0x00, 0x17, 0x16, 0, 0x0000A428, 0x00000290 },
    { 0x02BF, 0x00, 0x03, 0x12, 0x00, 0x06, 0x00, 0x17, 0x16, 0, 0x0000A6B8, 0x000000A0 },
    { 0x02BF, 0x00, 0x03, 0x13, 0x00, 0x06, 0x00, 0x17, 0x16, 0, 0x0000B0F8, 0x00000230 },
    { 0x02BF, 0x00, 0x03, 0x14, 0x00, 0x06, 0x00, 0x17, 0x16, 0, 0x0000AED8, 0x00000220 },
    { 0x02BF, 0x00, 0x03, 0x15, 0x00, 0x06, 0x00, 0x17, 0x16, 0, 0x0000ABA8, 0x00000290 },
    { 0x02BF, 0x00, 0x03, 0x16, 0x00, 0x06, 0x00, 0x17, 0x16, 0, 0x0000AE38, 0x000000A0 },
    { 0x02C5, 0x00, 0x00, 0x00, 0x00, 0x06, 0x00, 0x0F, 0x0F, 0, 0x000000F0, 0x0000000C },
    { 0x02C5, 0x00, 0x01, 0x00, 0x00, 0x06, 0x00, 0x0F, 0x0F, 0, 0x000000B4, 0x0000003C },
    { 0x02C5, 0x00, 0x02, 0x00, 0x00, 0x06, 0x00, 0x0F, 0x0F, 0, 0x00000000, 0x0000000C },
    { 0x02C5, 0x00, 0x02, 0x01, 0x00, 0x06, 0x00, 0x0F, 0x0F, 0, 0x0000000C, 0x0000000C },
    { 0x02C5, 0x00, 0x02, 0x02, 0x00, 0x06, 0x00, 0x0F, 0x0F, 0, 0x00000018, 0x0000000C },
    { 0x02C5, 0x00, 0x02, 0x03, 0x00, 0x06, 0x00, 0x0F, 0x0F, 0, 0x00000024, 0x0000000C },
    { 0x02C5, 0x00, 0x02, 0x04, 0x00, 0x06, 0x00, 0x0F, 0x0F, 0, 0x00000030, 0x0000000C },
    { 0x02C5, 0x00, 0x02, 0x05, 0x00, 0x06, 0x00, 0x0F, 0x0F, 0, 0x0000003C, 0x0000000C },
    { 0x02C5, 0x00, 0x02, 0x06, 0x00, 0x06, 0x00, 0x0F, 0x0F, 0, 0x00000048, 0x0000000C },
    { 0x02C5, 0x00, 0x02, 0x07, 0x00, 0x06, 0x00, 0x0F, 0x0F, 0, 0x00000054, 0x0000000C },
    { 0x02C5, 0x00, 0x02, 0x08, 0x00, 0x06, 0x00, 0x0F, 0x0F, 0, 0x00000060, 0x0000000C },
    { 0x02C5, 0x00, 0x02, 0x09, 0x00, 0x06, 0x00, 0x0F, 0x0F, 0, 0x0000006C, 0x0000000C },
    { 0x02C5, 0x00, 0x02, 0x0A, 0x00, 0x06, 0x00, 0x0F, 0x0F, 0, 0x00000078, 0x0000000C },
    { 0x02C5, 0x00, 0x02, 0x0B, 0x00, 0x06, 0x00, 0x0F, 0x0F, 0, 0x00000084, 0x0000000C },
    { 0x02C5, 0x00, 0x02, 0x0C, 0x00, 0x06, 0x00, 0x0F, 0x0F, 0, 0x00000090, 0x0000000C },
    { 0x02C5, 0x00, 0x02, 0x0D, 0x00, 0x06, 0x00, 0x0F, 0x0F, 0, 0x0000009C, 0x0000000C },
    { 0x02C5, 0x00, 0x02, 0x0E, 0x00, 0x06, 0x00, 0x0F, 0x0F, 0, 0x000000A8, 0x0000000C },
    { 0x02C5, 0x00, 0x03, 0x00, 0x00, 0x06, 0x00, 0x0F, 0x0F, 0, 0x000061C8, 0x000000E0 },
    { 0x02C5, 0x00, 0x03, 0x01, 0x00, 0x06, 0x00, 0x0F, 0x0F, 0, 0x000060A0, 0x00000128 },
    { 0x02C5, 0x00, 0x03, 0x02, 0x00, 0x06, 0x00, 0x0F, 0x0F, 0, 0x00005D58, 0x00000348 },
    { 0x02C5, 0x00, 0x03, 0x03, 0x00, 0x06, 0x00, 0x0F, 0x0F, 0, 0x00005B80, 0x000001D8 },
    { 0x02C5, 0x00, 0x03, 0x04, 0x00, 0x06, 0x00, 0x0F, 0x0F, 0, 0x00005A58, 0x00000128 },
    { 0x02C5, 0x00, 0x03, 0x05, 0x00, 0x06, 0x00, 0x0F, 0x0F, 0, 0x000057F0, 0x00000268 },
    { 0x02C5, 0x00, 0x03, 0x06, 0x00, 0x06, 0x00, 0x0F, 0x0F, 0, 0x00005610, 0x000001E0 },
    { 0x02C5, 0x00, 0x03, 0x07, 0x00, 0x06, 0x00, 0x0F, 0x0F, 0, 0x00005318, 0x000002F8 },
    { 0x02C5, 0x00, 0x03, 0x08, 0x00, 0x06, 0x00, 0x0F, 0x0F, 0, 0x000051C8, 0x00000150 },
    { 0x02C5, 0x00, 0x03, 0x09, 0x00, 0x06, 0x00, 0x0F, 0x0F, 0, 0x00005058, 0x00000170 },
    { 0x02C5, 0x00, 0x03, 0x0A, 0x00, 0x06, 0x00, 0x0F, 0x0F, 0, 0x00004EC0, 0x00000198 },
    { 0x02C5, 0x00, 0x03, 0x0B, 0x00, 0x06, 0x00, 0x0F, 0x0F, 0, 0x00004D70, 0x00000150 },
    { 0x02C5, 0x00, 0x03, 0x0C, 0x00, 0x06, 0x00, 0x0F, 0x0F, 0, 0x00004C00, 0x00000170 },
    { 0x02C5, 0x00, 0x03, 0x0D, 0x00, 0x06, 0x00, 0x0F, 0x0F, 0, 0x00004A68, 0x00000198 },
    { 0x02C5, 0x00, 0x03, 0x0E, 0x00, 0x06, 0x00, 0x0F, 0x0F, 0, 0x00002CD8, 0x000002D0 },
    { 0x02D3, 0x00, 0x00, 0x00, 0x00, 0x06, 0x00, 0x10, 0x0F, 0, 0x00007FB8, 0x0000000C },
    { 0x02D3, 0x00, 0x01, 0x00, 0x00, 0x06, 0x00, 0x10, 0x0F, 0, 0x00007F78, 0x00000040 },
    { 0x02D3, 0x00, 0x02, 0x00, 0x00, 0x06, 0x00, 0x10, 0x0F, 0, 0x00007EB8, 0x0000000C },
    { 0x02D3, 0x00, 0x02, 0x01, 0x00, 0x06, 0x00, 0x10, 0x0F, 0, 0x00007EC4, 0x0000000C },
    { 0x02D3, 0x00, 0x02, 0x02, 0x00, 0x06, 0x00, 0x10, 0x0F, 0, 0x00007ED0, 0x0000000C },
    { 0x02D3, 0x00, 0x02, 0x03, 0x00, 0x06, 0x00, 0x10, 0x0F, 0, 0x00007EDC, 0x0000000C },
    { 0x02D3, 0x00, 0x02, 0x04, 0x00, 0x06, 0x00, 0x10, 0x0F, 0, 0x00007EE8, 0x0000000C },
    { 0x02D3, 0x00, 0x02, 0x05, 0x00, 0x06, 0x00, 0x10, 0x0F, 0, 0x00007EF4, 0x0000000C },
    { 0x02D3, 0x00, 0x02, 0x06, 0x00, 0x06, 0x00, 0x10, 0x0F, 0, 0x00007F00, 0x0000000C },
    { 0x02D3, 0x00, 0x02, 0x07, 0x00, 0x06, 0x00, 0x10, 0x0F, 0, 0x00007F0C, 0x0000000C },
    { 0x02D3, 0x00, 0x02, 0x08, 0x00, 0x06, 0x00, 0x10, 0x0F, 0, 0x00007F18, 0x0000000C },
    { 0x02D3, 0x00, 0x02, 0x09, 0x00, 0x06, 0x00, 0x10, 0x0F, 0, 0x00007F24, 0x0000000C },
    { 0x02D3, 0x00, 0x02, 0x0A, 0x00, 0x06, 0x00, 0x10, 0x0F, 0, 0x00007F30, 0x0000000C },
    { 0x02D3, 0x00, 0x02, 0x0B, 0x00, 0x06, 0x00, 0x10, 0x0F, 0, 0x00007F3C, 0x0000000C },
    { 0x02D3, 0x00, 0x02, 0x0C, 0x00, 0x06, 0x00, 0x10, 0x0F, 0, 0x00007F48, 0x0000000C },
    { 0x02D3, 0x00, 0x02, 0x0D, 0x00, 0x06, 0x00, 0x10, 0x0F, 0, 0x00007F54, 0x0000000C },
    { 0x02D3, 0x00, 0x02, 0x0E, 0x00, 0x06, 0x00, 0x10, 0x0F, 0, 0x00007F60, 0x0000000C },
    { 0x02D3, 0x00, 0x02, 0x0F, 0x00, 0x06, 0x00, 0x10, 0x0F, 0, 0x00007F6C, 0x0000000C },
    { 0x02D3, 0x00, 0x03, 0x01, 0x00, 0x06, 0x00, 0x10, 0x0F, 0, 0x00004218, 0x00000138 },
    { 0x02D3, 0x00, 0x03, 0x02, 0x00, 0x06, 0x00, 0x10, 0x0F, 0, 0x000047D0, 0x000001A8 },
    { 0x02D3, 0x00, 0x03, 0x03, 0x00, 0x06, 0x00, 0x10, 0x0F, 0, 0x00004978, 0x00000198 },
    { 0x02D3, 0x00, 0x03, 0x04, 0x00, 0x06, 0x00, 0x10, 0x0F, 0, 0x00004B10, 0x00000138 },
    { 0x02D3, 0x00, 0x03, 0x05, 0x00, 0x06, 0x00, 0x10, 0x0F, 0, 0x00004350, 0x000001A8 },
    { 0x02D3, 0x00, 0x03, 0x06, 0x00, 0x06, 0x00, 0x10, 0x0F, 0, 0x000044F8, 0x000001A0 },
    { 0x02D3, 0x00, 0x03, 0x07, 0x00, 0x06, 0x00, 0x10, 0x0F, 0, 0x00004698, 0x00000138 },
    { 0x02D3, 0x00, 0x03, 0x08, 0x00, 0x06, 0x00, 0x10, 0x0F, 0, 0x000032D0, 0x00000470 },
    { 0x02D3, 0x00, 0x03, 0x09, 0x00, 0x06, 0x00, 0x10, 0x0F, 0, 0x00003CA8, 0x00000138 },
    { 0x02D3, 0x00, 0x03, 0x0A, 0x00, 0x06, 0x00, 0x10, 0x0F, 0, 0x00003DE0, 0x00000138 },
    { 0x02D3, 0x00, 0x03, 0x0B, 0x00, 0x06, 0x00, 0x10, 0x0F, 0, 0x00003F18, 0x00000300 },
    { 0x02D3, 0x00, 0x03, 0x0C, 0x00, 0x06, 0x00, 0x10, 0x0F, 0, 0x00003740, 0x00000138 },
    { 0x02D3, 0x00, 0x03, 0x0D, 0x00, 0x06, 0x00, 0x10, 0x0F, 0, 0x00003878, 0x00000138 },
    { 0x02D3, 0x00, 0x03, 0x0E, 0x00, 0x06, 0x00, 0x10, 0x0F, 0, 0x000039B0, 0x000002F8 },
    { 0x02D3, 0x00, 0x03, 0x0F, 0x00, 0x06, 0x00, 0x10, 0x0F, 0, 0x00007380, 0x00000B38 },
    { 0x02D4, 0x00, 0x00, 0x00, 0x00, 0x06, 0x00, 0x0F, 0x0F, 0, 0x000000F0, 0x0000000C },
    { 0x02D4, 0x00, 0x01, 0x00, 0x00, 0x06, 0x00, 0x0F, 0x0F, 0, 0x000000B4, 0x0000003C },
    { 0x02D4, 0x00, 0x02, 0x00, 0x00, 0x06, 0x00, 0x0F, 0x0F, 0, 0x00000000, 0x0000000C },
    { 0x02D4, 0x00, 0x02, 0x01, 0x00, 0x06, 0x00, 0x0F, 0x0F, 0, 0x0000000C, 0x0000000C },
    { 0x02D4, 0x00, 0x02, 0x02, 0x00, 0x06, 0x00, 0x0F, 0x0F, 0, 0x00000018, 0x0000000C },
    { 0x02D4, 0x00, 0x02, 0x03, 0x00, 0x06, 0x00, 0x0F, 0x0F, 0, 0x00000024, 0x0000000C },
    { 0x02D4, 0x00, 0x02, 0x04, 0x00, 0x06, 0x00, 0x0F, 0x0F, 0, 0x00000030, 0x0000000C },
    { 0x02D4, 0x00, 0x02, 0x05, 0x00, 0x06, 0x00, 0x0F, 0x0F, 0, 0x0000003C, 0x0000000C },
    { 0x02D4, 0x00, 0x02, 0x06, 0x00, 0x06, 0x00, 0x0F, 0x0F, 0, 0x00000048, 0x0000000C },
    { 0x02D4, 0x00, 0x02, 0x07, 0x00, 0x06, 0x00, 0x0F, 0x0F, 0, 0x00000054, 0x0000000C },
    { 0x02D4, 0x00, 0x02, 0x08, 0x00, 0x06, 0x00, 0x0F, 0x0F, 0, 0x00000060, 0x0000000C },
    { 0x02D4, 0x00, 0x02, 0x09, 0x00, 0x06, 0x00, 0x0F, 0x0F, 0, 0x0000006C, 0x0000000C },
    { 0x02D4, 0x00, 0x02, 0x0A, 0x00, 0x06, 0x00, 0x0F, 0x0F, 0, 0x00000078, 0x0000000C },
    { 0x02D4, 0x00, 0x02, 0x0B, 0x00, 0x06, 0x00, 0x0F, 0x0F, 0, 0x00000084, 0x0000000C },
    { 0x02D4, 0x00, 0x02, 0x0C, 0x00, 0x06, 0x00, 0x0F, 0x0F, 0, 0x00000090, 0x0000000C },
    { 0x02D4, 0x00, 0x02, 0x0D, 0x00, 0x06, 0x00, 0x0F, 0x0F, 0, 0x0000009C, 0x0000000C },
    { 0x02D4, 0x00, 0x02, 0x0E, 0x00, 0x06, 0x00, 0x0F, 0x0F, 0, 0x000000A8, 0x0000000C },
    { 0x02D4, 0x00, 0x03, 0x00, 0x00, 0x06, 0x00, 0x0F, 0x0F, 0, 0x00004D90, 0x00000108 },
    { 0x02D4, 0x00, 0x03, 0x01, 0x00, 0x06, 0x00, 0x0F, 0x0F, 0, 0x00005428, 0x00000240 },
    { 0x02D4, 0x00, 0x03, 0x02, 0x00, 0x06, 0x00, 0x0F, 0x0F, 0, 0x00005668, 0x00000248 },
    { 0x02D4, 0x00, 0x03, 0x03, 0x00, 0x06, 0x00, 0x0F, 0x0F, 0, 0x000058B0, 0x00000108 },
    { 0x02D4, 0x00, 0x03, 0x04, 0x00, 0x06, 0x00, 0x0F, 0x0F, 0, 0x00004E98, 0x00000240 },
    { 0x02D4, 0x00, 0x03, 0x05, 0x00, 0x06, 0x00, 0x0F, 0x0F, 0, 0x000050D8, 0x00000248 },
    { 0x02D4, 0x00, 0x03, 0x06, 0x00, 0x06, 0x00, 0x0F, 0x0F, 0, 0x00005320, 0x00000108 },
    { 0x02D4, 0x00, 0x03, 0x07, 0x00, 0x06, 0x00, 0x0F, 0x0F, 0, 0x00003F08, 0x00000230 },
    { 0x02D4, 0x00, 0x03, 0x08, 0x00, 0x06, 0x00, 0x0F, 0x0F, 0, 0x000047A0, 0x00000238 },
    { 0x02D4, 0x00, 0x03, 0x09, 0x00, 0x06, 0x00, 0x0F, 0x0F, 0, 0x000049D8, 0x00000138 },
    { 0x02D4, 0x00, 0x03, 0x0A, 0x00, 0x06, 0x00, 0x0F, 0x0F, 0, 0x00004B10, 0x00000280 },
    { 0x02D4, 0x00, 0x03, 0x0B, 0x00, 0x06, 0x00, 0x0F, 0x0F, 0, 0x00004138, 0x00000238 },
    { 0x02D4, 0x00, 0x03, 0x0C, 0x00, 0x06, 0x00, 0x0F, 0x0F, 0, 0x00004370, 0x00000138 },
    { 0x02D4, 0x00, 0x03, 0x0D, 0x00, 0x06, 0x00, 0x0F, 0x0F, 0, 0x000044A8, 0x000002F8 },
    { 0x02D4, 0x00, 0x03, 0x0E, 0x00, 0x06, 0x00, 0x0F, 0x0F, 0, 0x00001890, 0x00000538 },
    { 0x02D5, 0x00, 0x00, 0x00, 0x00, 0x06, 0x00, 0x0F, 0x0F, 0, 0x000000F0, 0x0000000C },
    { 0x02D5, 0x00, 0x01, 0x00, 0x00, 0x06, 0x00, 0x0F, 0x0F, 0, 0x000000B4, 0x0000003C },
    { 0x02D5, 0x00, 0x02, 0x00, 0x00, 0x06, 0x00, 0x0F, 0x0F, 0, 0x00000000, 0x0000000C },
    { 0x02D5, 0x00, 0x02, 0x01, 0x00, 0x06, 0x00, 0x0F, 0x0F, 0, 0x0000000C, 0x0000000C },
    { 0x02D5, 0x00, 0x02, 0x02, 0x00, 0x06, 0x00, 0x0F, 0x0F, 0, 0x00000018, 0x0000000C },
    { 0x02D5, 0x00, 0x02, 0x03, 0x00, 0x06, 0x00, 0x0F, 0x0F, 0, 0x00000024, 0x0000000C },
    { 0x02D5, 0x00, 0x02, 0x04, 0x00, 0x06, 0x00, 0x0F, 0x0F, 0, 0x00000030, 0x0000000C },
    { 0x02D5, 0x00, 0x02, 0x05, 0x00, 0x06, 0x00, 0x0F, 0x0F, 0, 0x0000003C, 0x0000000C },
    { 0x02D5, 0x00, 0x02, 0x06, 0x00, 0x06, 0x00, 0x0F, 0x0F, 0, 0x00000048, 0x0000000C },
    { 0x02D5, 0x00, 0x02, 0x07, 0x00, 0x06, 0x00, 0x0F, 0x0F, 0, 0x00000054, 0x0000000C },
    { 0x02D5, 0x00, 0x02, 0x08, 0x00, 0x06, 0x00, 0x0F, 0x0F, 0, 0x00000060, 0x0000000C },
    { 0x02D5, 0x00, 0x02, 0x09, 0x00, 0x06, 0x00, 0x0F, 0x0F, 0, 0x0000006C, 0x0000000C },
    { 0x02D5, 0x00, 0x02, 0x0A, 0x00, 0x06, 0x00, 0x0F, 0x0F, 0, 0x00000078, 0x0000000C },
    { 0x02D5, 0x00, 0x02, 0x0B, 0x00, 0x06, 0x00, 0x0F, 0x0F, 0, 0x00000084, 0x0000000C },
    { 0x02D5, 0x00, 0x02, 0x0C, 0x00, 0x06, 0x00, 0x0F, 0x0F, 0, 0x00000090, 0x0000000C },
    { 0x02D5, 0x00, 0x02, 0x0D, 0x00, 0x06, 0x00, 0x0F, 0x0F, 0, 0x0000009C, 0x0000000C },
    { 0x02D5, 0x00, 0x02, 0x0E, 0x00, 0x06, 0x00, 0x0F, 0x0F, 0, 0x000000A8, 0x0000000C },
    { 0x02D5, 0x00, 0x03, 0x00, 0x00, 0x06, 0x00, 0x0F, 0x0F, 0, 0x00005E58, 0x000001C0 },
    { 0x02D5, 0x00, 0x03, 0x01, 0x00, 0x06, 0x00, 0x0F, 0x0F, 0, 0x00006478, 0x000001A8 },
    { 0x02D5, 0x00, 0x03, 0x02, 0x00, 0x06, 0x00, 0x0F, 0x0F, 0, 0x00006620, 0x000001A0 },
    { 0x02D5, 0x00, 0x03, 0x03, 0x00, 0x06, 0x00, 0x0F, 0x0F, 0, 0x000067C0, 0x00000118 },
    { 0x02D5, 0x00, 0x03, 0x04, 0x00, 0x06, 0x00, 0x0F, 0x0F, 0, 0x00006018, 0x000001A8 },
    { 0x02D5, 0x00, 0x03, 0x05, 0x00, 0x06, 0x00, 0x0F, 0x0F, 0, 0x000061C0, 0x000001A0 },
    { 0x02D5, 0x00, 0x03, 0x06, 0x00, 0x06, 0x00, 0x0F, 0x0F, 0, 0x00006360, 0x00000118 },
    { 0x02D5, 0x00, 0x03, 0x07, 0x00, 0x06, 0x00, 0x0F, 0x0F, 0, 0x000053F8, 0x00000270 },
    { 0x02D5, 0x00, 0x03, 0x08, 0x00, 0x06, 0x00, 0x0F, 0x0F, 0, 0x00005A60, 0x00000140 },
    { 0x02D5, 0x00, 0x03, 0x09, 0x00, 0x06, 0x00, 0x0F, 0x0F, 0, 0x00005BA0, 0x00000130 },
    { 0x02D5, 0x00, 0x03, 0x0A, 0x00, 0x06, 0x00, 0x0F, 0x0F, 0, 0x00005CD0, 0x00000188 },
    { 0x02D5, 0x00, 0x03, 0x0B, 0x00, 0x06, 0x00, 0x0F, 0x0F, 0, 0x00005668, 0x00000140 },
    { 0x02D5, 0x00, 0x03, 0x0C, 0x00, 0x06, 0x00, 0x0F, 0x0F, 0, 0x000057A8, 0x00000130 },
    { 0x02D5, 0x00, 0x03, 0x0D, 0x00, 0x06, 0x00, 0x0F, 0x0F, 0, 0x000058D8, 0x00000188 },
    { 0x02D5, 0x00, 0x03, 0x0E, 0x00, 0x06, 0x00, 0x0F, 0x0F, 0, 0x00002C10, 0x00000838 },
    { 0x02D6, 0x00, 0x00, 0x00, 0x00, 0x06, 0x00, 0x13, 0x13, 0, 0x0000BFA8, 0x0000000C },
    { 0x02D6, 0x00, 0x01, 0x00, 0x00, 0x06, 0x00, 0x13, 0x13, 0, 0x0000BF5C, 0x0000004C },
    { 0x02D6, 0x00, 0x02, 0x00, 0x00, 0x06, 0x00, 0x13, 0x13, 0, 0x0000BE78, 0x0000000C },
    { 0x02D6, 0x00, 0x02, 0x01, 0x00, 0x06, 0x00, 0x13, 0x13, 0, 0x0000BE84, 0x0000000C },
    { 0x02D6, 0x00, 0x02, 0x02, 0x00, 0x06, 0x00, 0x13, 0x13, 0, 0x0000BE90, 0x0000000C },
    { 0x02D6, 0x00, 0x02, 0x03, 0x00, 0x06, 0x00, 0x13, 0x13, 0, 0x0000BE9C, 0x0000000C },
    { 0x02D6, 0x00, 0x02, 0x04, 0x00, 0x06, 0x00, 0x13, 0x13, 0, 0x0000BEA8, 0x0000000C },
    { 0x02D6, 0x00, 0x02, 0x05, 0x00, 0x06, 0x00, 0x13, 0x13, 0, 0x0000BEB4, 0x0000000C },
    { 0x02D6, 0x00, 0x02, 0x06, 0x00, 0x06, 0x00, 0x13, 0x13, 0, 0x0000BEC0, 0x0000000C },
    { 0x02D6, 0x00, 0x02, 0x07, 0x00, 0x06, 0x00, 0x13, 0x13, 0, 0x0000BECC, 0x0000000C },
    { 0x02D6, 0x00, 0x02, 0x08, 0x00, 0x06, 0x00, 0x13, 0x13, 0, 0x0000BED8, 0x0000000C },
    { 0x02D6, 0x00, 0x02, 0x09, 0x00, 0x06, 0x00, 0x13, 0x13, 0, 0x0000BEE4, 0x0000000C },
    { 0x02D6, 0x00, 0x02, 0x0A, 0x00, 0x06, 0x00, 0x13, 0x13, 0, 0x0000BEF0, 0x0000000C },
    { 0x02D6, 0x00, 0x02, 0x0B, 0x00, 0x06, 0x00, 0x13, 0x13, 0, 0x0000BEFC, 0x0000000C },
    { 0x02D6, 0x00, 0x02, 0x0C, 0x00, 0x06, 0x00, 0x13, 0x13, 0, 0x0000BF08, 0x0000000C },
    { 0x02D6, 0x00, 0x02, 0x0D, 0x00, 0x06, 0x00, 0x13, 0x13, 0, 0x0000BF14, 0x0000000C },
    { 0x02D6, 0x00, 0x02, 0x0E, 0x00, 0x06, 0x00, 0x13, 0x13, 0, 0x0000BF20, 0x0000000C },
    { 0x02D6, 0x00, 0x02, 0x0F, 0x00, 0x06, 0x00, 0x13, 0x13, 0, 0x0000BF2C, 0x0000000C },
    { 0x02D6, 0x00, 0x02, 0x10, 0x00, 0x06, 0x00, 0x13, 0x13, 0, 0x0000BF38, 0x0000000C },
    { 0x02D6, 0x00, 0x02, 0x11, 0x00, 0x06, 0x00, 0x13, 0x13, 0, 0x0000BF44, 0x0000000C },
    { 0x02D6, 0x00, 0x02, 0x12, 0x00, 0x06, 0x00, 0x13, 0x13, 0, 0x0000BF50, 0x0000000C },
    { 0x02D6, 0x00, 0x03, 0x00, 0x00, 0x06, 0x00, 0x13, 0x13, 0, 0x00009040, 0x000001A8 },
    { 0x02D6, 0x00, 0x03, 0x01, 0x00, 0x06, 0x00, 0x13, 0x13, 0, 0x0000B5F8, 0x000002E0 },
    { 0x02D6, 0x00, 0x03, 0x02, 0x00, 0x06, 0x00, 0x13, 0x13, 0, 0x0000B8D8, 0x000002D8 },
    { 0x02D6, 0x00, 0x03, 0x03, 0x00, 0x06, 0x00, 0x13, 0x13, 0, 0x0000BBB0, 0x000002C8 },
    { 0x02D6, 0x00, 0x03, 0x04, 0x00, 0x06, 0x00, 0x13, 0x13, 0, 0x0000AD78, 0x000002E0 },
    { 0x02D6, 0x00, 0x03, 0x05, 0x00, 0x06, 0x00, 0x13, 0x13, 0, 0x0000B058, 0x000002D8 },
    { 0x02D6, 0x00, 0x03, 0x06, 0x00, 0x06, 0x00, 0x13, 0x13, 0, 0x0000B330, 0x000002C8 },
    { 0x02D6, 0x00, 0x03, 0x07, 0x00, 0x06, 0x00, 0x13, 0x13, 0, 0x000091E8, 0x00000378 },
    { 0x02D6, 0x00, 0x03, 0x08, 0x00, 0x06, 0x00, 0x13, 0x13, 0, 0x0000A630, 0x00000260 },
    { 0x02D6, 0x00, 0x03, 0x09, 0x00, 0x06, 0x00, 0x13, 0x13, 0, 0x0000A890, 0x000002E0 },
    { 0x02D6, 0x00, 0x03, 0x0A, 0x00, 0x06, 0x00, 0x13, 0x13, 0, 0x0000AB70, 0x00000208 },
    { 0x02D6, 0x00, 0x03, 0x0B, 0x00, 0x06, 0x00, 0x13, 0x13, 0, 0x00009EE8, 0x00000260 },
    { 0x02D6, 0x00, 0x03, 0x0C, 0x00, 0x06, 0x00, 0x13, 0x13, 0, 0x0000A148, 0x000002E0 },
    { 0x02D6, 0x00, 0x03, 0x0D, 0x00, 0x06, 0x00, 0x13, 0x13, 0, 0x0000A428, 0x00000208 },
    { 0x02D6, 0x00, 0x03, 0x0E, 0x00, 0x06, 0x00, 0x13, 0x13, 0, 0x00009560, 0x00000278 },
    { 0x02D6, 0x00, 0x03, 0x0F, 0x00, 0x06, 0x00, 0x13, 0x13, 0, 0x000097D8, 0x000001A0 },
    { 0x02D6, 0x00, 0x03, 0x10, 0x00, 0x06, 0x00, 0x13, 0x13, 0, 0x00009978, 0x00000198 },
    { 0x02D6, 0x00, 0x03, 0x11, 0x00, 0x06, 0x00, 0x13, 0x13, 0, 0x00009B10, 0x00000198 },
    { 0x02D6, 0x00, 0x03, 0x12, 0x00, 0x06, 0x00, 0x13, 0x13, 0, 0x00009CA8, 0x00000240 },
    { 0x02D7, 0x00, 0x00, 0x00, 0x00, 0x06, 0x00, 0x0B, 0x0B, 0, 0x000086D0, 0x0000000C },
    { 0x02D7, 0x00, 0x01, 0x00, 0x00, 0x06, 0x00, 0x0B, 0x0B, 0, 0x000086A4, 0x0000002C },
    { 0x02D7, 0x00, 0x02, 0x00, 0x00, 0x06, 0x00, 0x0B, 0x0B, 0, 0x00008620, 0x0000000C },
    { 0x02D7, 0x00, 0x02, 0x01, 0x00, 0x06, 0x00, 0x0B, 0x0B, 0, 0x0000862C, 0x0000000C },
    { 0x02D7, 0x00, 0x02, 0x02, 0x00, 0x06, 0x00, 0x0B, 0x0B, 0, 0x00008638, 0x0000000C },
    { 0x02D7, 0x00, 0x02, 0x03, 0x00, 0x06, 0x00, 0x0B, 0x0B, 0, 0x00008644, 0x0000000C },
    { 0x02D7, 0x00, 0x02, 0x04, 0x00, 0x06, 0x00, 0x0B, 0x0B, 0, 0x00008650, 0x0000000C },
    { 0x02D7, 0x00, 0x02, 0x05, 0x00, 0x06, 0x00, 0x0B, 0x0B, 0, 0x0000865C, 0x0000000C },
    { 0x02D7, 0x00, 0x02, 0x06, 0x00, 0x06, 0x00, 0x0B, 0x0B, 0, 0x00008668, 0x0000000C },
    { 0x02D7, 0x00, 0x02, 0x07, 0x00, 0x06, 0x00, 0x0B, 0x0B, 0, 0x00008674, 0x0000000C },
    { 0x02D7, 0x00, 0x02, 0x08, 0x00, 0x06, 0x00, 0x0B, 0x0B, 0, 0x00008680, 0x0000000C },
    { 0x02D7, 0x00, 0x02, 0x09, 0x00, 0x06, 0x00, 0x0B, 0x0B, 0, 0x0000868C, 0x0000000C },
    { 0x02D7, 0x00, 0x02, 0x0A, 0x00, 0x06, 0x00, 0x0B, 0x0B, 0, 0x00008698, 0x0000000C },
    { 0x02D7, 0x00, 0x03, 0x00, 0x00, 0x06, 0x00, 0x0B, 0x0B, 0, 0x000076C8, 0x00000318 },
    { 0x02D7, 0x00, 0x03, 0x01, 0x00, 0x06, 0x00, 0x0B, 0x0B, 0, 0x00008000, 0x00000220 },
    { 0x02D7, 0x00, 0x03, 0x02, 0x00, 0x06, 0x00, 0x0B, 0x0B, 0, 0x00008220, 0x00000140 },
    { 0x02D7, 0x00, 0x03, 0x03, 0x00, 0x06, 0x00, 0x0B, 0x0B, 0, 0x00008360, 0x000002C0 },
    { 0x02D7, 0x00, 0x03, 0x04, 0x00, 0x06, 0x00, 0x0B, 0x0B, 0, 0x000079E0, 0x00000220 },
    { 0x02D7, 0x00, 0x03, 0x05, 0x00, 0x06, 0x00, 0x0B, 0x0B, 0, 0x00007C00, 0x00000140 },
    { 0x02D7, 0x00, 0x03, 0x06, 0x00, 0x06, 0x00, 0x0B, 0x0B, 0, 0x00007D40, 0x000002C0 },
    { 0x02D7, 0x00, 0x03, 0x07, 0x00, 0x06, 0x00, 0x0B, 0x0B, 0, 0x00005920, 0x00000B00 },
    { 0x02D7, 0x00, 0x03, 0x08, 0x00, 0x06, 0x00, 0x0B, 0x0B, 0, 0x000074B0, 0x00000218 },
    { 0x02D7, 0x00, 0x03, 0x09, 0x00, 0x06, 0x00, 0x0B, 0x0B, 0, 0x00007298, 0x00000218 },
    { 0x02D7, 0x00, 0x03, 0x0A, 0x00, 0x06, 0x00, 0x0B, 0x0B, 0, 0x00006420, 0x00000E78 },
    { 0x02DD, 0x00, 0x00, 0x00, 0x00, 0x06, 0x00, 0x0F, 0x0F, 0, 0x000000F0, 0x0000000C },
    { 0x02DD, 0x00, 0x01, 0x00, 0x00, 0x06, 0x00, 0x0F, 0x0F, 0, 0x000000B4, 0x0000003C },
    { 0x02DD, 0x00, 0x02, 0x00, 0x00, 0x06, 0x00, 0x0F, 0x0F, 0, 0x00000000, 0x0000000C },
    { 0x02DD, 0x00, 0x02, 0x01, 0x00, 0x06, 0x00, 0x0F, 0x0F, 0, 0x0000000C, 0x0000000C },
    { 0x02DD, 0x00, 0x02, 0x02, 0x00, 0x06, 0x00, 0x0F, 0x0F, 0, 0x00000018, 0x0000000C },
    { 0x02DD, 0x00, 0x02, 0x03, 0x00, 0x06, 0x00, 0x0F, 0x0F, 0, 0x00000024, 0x0000000C },
    { 0x02DD, 0x00, 0x02, 0x04, 0x00, 0x06, 0x00, 0x0F, 0x0F, 0, 0x00000030, 0x0000000C },
    { 0x02DD, 0x00, 0x02, 0x05, 0x00, 0x06, 0x00, 0x0F, 0x0F, 0, 0x0000003C, 0x0000000C },
    { 0x02DD, 0x00, 0x02, 0x06, 0x00, 0x06, 0x00, 0x0F, 0x0F, 0, 0x00000048, 0x0000000C },
    { 0x02DD, 0x00, 0x02, 0x07, 0x00, 0x06, 0x00, 0x0F, 0x0F, 0, 0x00000054, 0x0000000C },
    { 0x02DD, 0x00, 0x02, 0x08, 0x00, 0x06, 0x00, 0x0F, 0x0F, 0, 0x00000060, 0x0000000C },
    { 0x02DD, 0x00, 0x02, 0x09, 0x00, 0x06, 0x00, 0x0F, 0x0F, 0, 0x0000006C, 0x0000000C },
    { 0x02DD, 0x00, 0x02, 0x0A, 0x00, 0x06, 0x00, 0x0F, 0x0F, 0, 0x00000078, 0x0000000C },
    { 0x02DD, 0x00, 0x02, 0x0B, 0x00, 0x06, 0x00, 0x0F, 0x0F, 0, 0x00000084, 0x0000000C },
    { 0x02DD, 0x00, 0x02, 0x0C, 0x00, 0x06, 0x00, 0x0F, 0x0F, 0, 0x00000090, 0x0000000C },
    { 0x02DD, 0x00, 0x02, 0x0D, 0x00, 0x06, 0x00, 0x0F, 0x0F, 0, 0x0000009C, 0x0000000C },
    { 0x02DD, 0x00, 0x02, 0x0E, 0x00, 0x06, 0x00, 0x0F, 0x0F, 0, 0x000000A8, 0x0000000C },
    { 0x02DD, 0x00, 0x03, 0x00, 0x00, 0x06, 0x00, 0x0F, 0x0F, 0, 0x00005588, 0x00000120 },
    { 0x02DD, 0x00, 0x03, 0x01, 0x00, 0x06, 0x00, 0x0F, 0x0F, 0, 0x000054B8, 0x000000D0 },
    { 0x02DD, 0x00, 0x03, 0x02, 0x00, 0x06, 0x00, 0x0F, 0x0F, 0, 0x000053E8, 0x000000D0 },
    { 0x02DD, 0x00, 0x03, 0x03, 0x00, 0x06, 0x00, 0x0F, 0x0F, 0, 0x00005318, 0x000000D0 },
    { 0x02DD, 0x00, 0x03, 0x04, 0x00, 0x06, 0x00, 0x0F, 0x0F, 0, 0x00005248, 0x000000D0 },
    { 0x02DD, 0x00, 0x03, 0x05, 0x00, 0x06, 0x00, 0x0F, 0x0F, 0, 0x00005178, 0x000000D0 },
    { 0x02DD, 0x00, 0x03, 0x06, 0x00, 0x06, 0x00, 0x0F, 0x0F, 0, 0x000050A8, 0x000000D0 },
    { 0x02DD, 0x00, 0x03, 0x07, 0x00, 0x06, 0x00, 0x0F, 0x0F, 0, 0x00004E08, 0x000002A0 },
    { 0x02DD, 0x00, 0x03, 0x08, 0x00, 0x06, 0x00, 0x0F, 0x0F, 0, 0x00004C60, 0x000001A8 },
    { 0x02DD, 0x00, 0x03, 0x09, 0x00, 0x06, 0x00, 0x0F, 0x0F, 0, 0x00004B30, 0x00000130 },
    { 0x02DD, 0x00, 0x03, 0x0A, 0x00, 0x06, 0x00, 0x0F, 0x0F, 0, 0x00004928, 0x00000208 },
    { 0x02DD, 0x00, 0x03, 0x0B, 0x00, 0x06, 0x00, 0x0F, 0x0F, 0, 0x00004780, 0x000001A8 },
    { 0x02DD, 0x00, 0x03, 0x0C, 0x00, 0x06, 0x00, 0x0F, 0x0F, 0, 0x00004650, 0x00000130 },
    { 0x02DD, 0x00, 0x03, 0x0D, 0x00, 0x06, 0x00, 0x0F, 0x0F, 0, 0x00004448, 0x00000208 },
    { 0x02DD, 0x00, 0x03, 0x0E, 0x00, 0x06, 0x00, 0x0F, 0x0F, 0, 0x00003C88, 0x000007C0 },
    { 0x02DE, 0x00, 0x00, 0x00, 0x00, 0x06, 0x00, 0x01, 0x01, 0, 0x00000380, 0x0000000C },
    { 0x02DE, 0x00, 0x01, 0x00, 0x00, 0x06, 0x00, 0x01, 0x01, 0, 0x0000037C, 0x00000004 },
    { 0x02DE, 0x00, 0x02, 0x00, 0x00, 0x06, 0x00, 0x01, 0x01, 0, 0x00000370, 0x0000000C },
    { 0x02DE, 0x00, 0x03, 0x00, 0x00, 0x06, 0x00, 0x01, 0x01, 0, 0x00016658, 0x000000F0 },
    { 0x02DE, 0x01, 0x00, 0x00, 0x00, 0x06, 0x00, 0x01, 0x01, 0, 0x00000660, 0x0000000C },
    { 0x02DE, 0x01, 0x01, 0x00, 0x00, 0x06, 0x00, 0x01, 0x01, 0, 0x0000065C, 0x00000004 },
    { 0x02DE, 0x01, 0x02, 0x00, 0x00, 0x06, 0x00, 0x01, 0x01, 0, 0x00000650, 0x0000000C },
    { 0x02DE, 0x01, 0x03, 0x00, 0x00, 0x06, 0x00, 0x01, 0x01, 0, 0x00016278, 0x000000C8 },
    { 0x02DE, 0x02, 0x00, 0x00, 0x00, 0x06, 0x00, 0x01, 0x01, 0, 0x00000C90, 0x0000000C },
    { 0x02DE, 0x02, 0x01, 0x00, 0x00, 0x06, 0x00, 0x01, 0x01, 0, 0x00000C8C, 0x00000004 },
    { 0x02DE, 0x02, 0x02, 0x00, 0x00, 0x06, 0x00, 0x01, 0x01, 0, 0x00000C80, 0x0000000C },
    { 0x02DE, 0x02, 0x03, 0x00, 0x00, 0x06, 0x00, 0x01, 0x01, 0, 0x000151F0, 0x00000190 },
    { 0x02DE, 0x03, 0x00, 0x00, 0x00, 0x06, 0x00, 0x01, 0x01, 0, 0x00000900, 0x0000000C },
    { 0x02DE, 0x03, 0x01, 0x00, 0x00, 0x06, 0x00, 0x01, 0x01, 0, 0x000008FC, 0x00000004 },
    { 0x02DE, 0x03, 0x02, 0x00, 0x00, 0x06, 0x00, 0x01, 0x01, 0, 0x000008F0, 0x0000000C },
    { 0x02DE, 0x03, 0x03, 0x00, 0x00, 0x06, 0x00, 0x01, 0x01, 0, 0x00015380, 0x00000160 },
    { 0x02DE, 0x04, 0x00, 0x00, 0x00, 0x06, 0x00, 0x01, 0x01, 0, 0x00000F30, 0x0000000C },
    { 0x02DE, 0x04, 0x01, 0x00, 0x00, 0x06, 0x00, 0x01, 0x01, 0, 0x00000F2C, 0x00000004 },
    { 0x02DE, 0x04, 0x02, 0x00, 0x00, 0x06, 0x00, 0x01, 0x01, 0, 0x00000F20, 0x0000000C },
    { 0x02DE, 0x04, 0x03, 0x00, 0x00, 0x06, 0x00, 0x01, 0x01, 0, 0x000151F0, 0x00000190 },
    { 0x02DE, 0x05, 0x00, 0x00, 0x00, 0x06, 0x00, 0x01, 0x01, 0, 0x0001EB40, 0x0000000C },
    { 0x02DE, 0x05, 0x01, 0x00, 0x00, 0x06, 0x00, 0x01, 0x01, 0, 0x0001EB3C, 0x00000004 },
    { 0x02DE, 0x05, 0x02, 0x00, 0x00, 0x06, 0x00, 0x01, 0x01, 0, 0x0001EB30, 0x0000000C },
    { 0x02DE, 0x05, 0x03, 0x00, 0x00, 0x06, 0x00, 0x01, 0x01, 0, 0x00016748, 0x000002A0 },
    { 0x02DE, 0x06, 0x00, 0x00, 0x00, 0x06, 0x00, 0x01, 0x01, 0, 0x0001EE60, 0x0000000C },
    { 0x02DE, 0x06, 0x01, 0x00, 0x00, 0x06, 0x00, 0x01, 0x01, 0, 0x0001EE5C, 0x00000004 },
    { 0x02DE, 0x06, 0x02, 0x00, 0x00, 0x06, 0x00, 0x01, 0x01, 0, 0x0001EE50, 0x0000000C },
    { 0x02DE, 0x06, 0x03, 0x00, 0x00, 0x06, 0x00, 0x01, 0x01, 0, 0x000169E8, 0x000001F8 },
    { 0x02DE, 0x07, 0x00, 0x00, 0x00, 0x06, 0x00, 0x1D, 0x18, 0, 0x0001E178, 0x0000000C },
    { 0x02DE, 0x07, 0x01, 0x00, 0x00, 0x06, 0x00, 0x1D, 0x18, 0, 0x0001E104, 0x00000074 },
    { 0x02DE, 0x07, 0x02, 0x00, 0x00, 0x06, 0x00, 0x1D, 0x18, 0, 0x0001DFA8, 0x0000000C },
    { 0x02DE, 0x07, 0x02, 0x01, 0x00, 0x06, 0x00, 0x1D, 0x18, 0, 0x0001DFB4, 0x0000000C },
    { 0x02DE, 0x07, 0x02, 0x02, 0x00, 0x06, 0x00, 0x1D, 0x18, 0, 0x0001DFC0, 0x0000000C },
    { 0x02DE, 0x07, 0x02, 0x03, 0x00, 0x06, 0x00, 0x1D, 0x18, 0, 0x0001DFCC, 0x0000000C },
    { 0x02DE, 0x07, 0x02, 0x04, 0x00, 0x06, 0x00, 0x1D, 0x18, 0, 0x0001DFD8, 0x0000000C },
    { 0x02DE, 0x07, 0x02, 0x05, 0x00, 0x06, 0x00, 0x1D, 0x18, 0, 0x0001DFE4, 0x0000000C },
    { 0x02DE, 0x07, 0x02, 0x06, 0x00, 0x06, 0x00, 0x1D, 0x18, 0, 0x0001DFF0, 0x0000000C },
    { 0x02DE, 0x07, 0x02, 0x07, 0x00, 0x06, 0x00, 0x1D, 0x18, 0, 0x0001DFFC, 0x0000000C },
    { 0x02DE, 0x07, 0x02, 0x08, 0x00, 0x06, 0x00, 0x1D, 0x18, 0, 0x0001E008, 0x0000000C },
    { 0x02DE, 0x07, 0x02, 0x09, 0x00, 0x06, 0x00, 0x1D, 0x18, 0, 0x0001E014, 0x0000000C },
    { 0x02DE, 0x07, 0x02, 0x0A, 0x00, 0x06, 0x00, 0x1D, 0x18, 0, 0x0001E020, 0x0000000C },
    { 0x02DE, 0x07, 0x02, 0x0B, 0x00, 0x06, 0x00, 0x1D, 0x18, 0, 0x0001E02C, 0x0000000C },
    { 0x02DE, 0x07, 0x02, 0x0C, 0x00, 0x06, 0x00, 0x1D, 0x18, 0, 0x0001E038, 0x0000000C },
    { 0x02DE, 0x07, 0x02, 0x0D, 0x00, 0x06, 0x00, 0x1D, 0x18, 0, 0x0001E044, 0x0000000C },
    { 0x02DE, 0x07, 0x02, 0x0E, 0x00, 0x06, 0x00, 0x1D, 0x18, 0, 0x0001E050, 0x0000000C },
    { 0x02DE, 0x07, 0x02, 0x0F, 0x00, 0x06, 0x00, 0x1D, 0x18, 0, 0x0001E05C, 0x0000000C },
    { 0x02DE, 0x07, 0x02, 0x10, 0x00, 0x06, 0x00, 0x1D, 0x18, 0, 0x0001E068, 0x0000000C },
    { 0x02DE, 0x07, 0x02, 0x11, 0x00, 0x06, 0x00, 0x1D, 0x18, 0, 0x0001E074, 0x0000000C },
    { 0x02DE, 0x07, 0x02, 0x12, 0x00, 0x06, 0x00, 0x1D, 0x18, 0, 0x0001E080, 0x0000000C },
    { 0x02DE, 0x07, 0x02, 0x13, 0x00, 0x06, 0x00, 0x1D, 0x18, 0, 0x0001E08C, 0x0000000C },
    { 0x02DE, 0x07, 0x02, 0x14, 0x00, 0x06, 0x00, 0x1D, 0x18, 0, 0x0001E098, 0x0000000C },
    { 0x02DE, 0x07, 0x02, 0x15, 0x00, 0x06, 0x00, 0x1D, 0x18, 0, 0x0001E0A4, 0x0000000C },
    { 0x02DE, 0x07, 0x02, 0x16, 0x00, 0x06, 0x00, 0x1D, 0x18, 0, 0x0001E0B0, 0x0000000C },
    { 0x02DE, 0x07, 0x02, 0x17, 0x00, 0x06, 0x00, 0x1D, 0x18, 0, 0x0001E0BC, 0x0000000C },
    { 0x02DE, 0x07, 0x02, 0x18, 0x00, 0x06, 0x00, 0x1D, 0x18, 0, 0x0001E0C8, 0x0000000C },
    { 0x02DE, 0x07, 0x02, 0x19, 0x00, 0x06, 0x00, 0x1D, 0x18, 0, 0x0001E0D4, 0x0000000C },
    { 0x02DE, 0x07, 0x02, 0x1A, 0x00, 0x06, 0x00, 0x1D, 0x18, 0, 0x0001E0E0, 0x0000000C },
    { 0x02DE, 0x07, 0x02, 0x1B, 0x00, 0x06, 0x00, 0x1D, 0x18, 0, 0x0001E0EC, 0x0000000C },
    { 0x02DE, 0x07, 0x02, 0x1C, 0x00, 0x06, 0x00, 0x1D, 0x18, 0, 0x0001E0F8, 0x0000000C },
    { 0x02DE, 0x07, 0x03, 0x01, 0x00, 0x06, 0x00, 0x1D, 0x18, 0, 0x0001C7B8, 0x000003A0 },
    { 0x02DE, 0x07, 0x03, 0x02, 0x00, 0x06, 0x00, 0x1D, 0x18, 0, 0x0001CEE0, 0x000003D0 },
    { 0x02DE, 0x07, 0x03, 0x03, 0x00, 0x06, 0x00, 0x1D, 0x18, 0, 0x0001CB58, 0x00000148 },
    { 0x02DE, 0x07, 0x03, 0x04, 0x00, 0x06, 0x00, 0x1D, 0x18, 0, 0x0001CCA0, 0x00000240 },
    { 0x02DE, 0x07, 0x03, 0x05, 0x00, 0x06, 0x00, 0x1D, 0x18, 0, 0x0001D638, 0x00000370 },
    { 0x02DE, 0x07, 0x03, 0x06, 0x00, 0x06, 0x00, 0x1D, 0x18, 0, 0x0001D2B0, 0x00000148 },
    { 0x02DE, 0x07, 0x03, 0x07, 0x00, 0x06, 0x00, 0x1D, 0x18, 0, 0x0001D3F8, 0x00000240 },
    { 0x02DE, 0x07, 0x03, 0x0B, 0x00, 0x06, 0x00, 0x1D, 0x18, 0, 0x000154E0, 0x00000360 },
    { 0x02DE, 0x07, 0x03, 0x0C, 0x00, 0x06, 0x00, 0x1D, 0x18, 0, 0x00015B00, 0x00000618 },
    { 0x02DE, 0x07, 0x03, 0x0D, 0x00, 0x06, 0x00, 0x1D, 0x18, 0, 0x0001C130, 0x00000188 },
    { 0x02DE, 0x07, 0x03, 0x0E, 0x00, 0x06, 0x00, 0x1D, 0x18, 0, 0x0001BE98, 0x00000298 },
    { 0x02DE, 0x07, 0x03, 0x10, 0x00, 0x06, 0x00, 0x1D, 0x18, 0, 0x00015840, 0x000002C0 },
    { 0x02DE, 0x07, 0x03, 0x11, 0x00, 0x06, 0x00, 0x1D, 0x18, 0, 0x00016118, 0x00000160 },
    { 0x02DE, 0x07, 0x03, 0x12, 0x00, 0x06, 0x00, 0x1D, 0x18, 0, 0x0001C550, 0x00000188 },
    { 0x02DE, 0x07, 0x03, 0x13, 0x00, 0x06, 0x00, 0x1D, 0x18, 0, 0x0001C2B8, 0x00000298 },
    { 0x02DE, 0x07, 0x03, 0x14, 0x00, 0x06, 0x00, 0x1D, 0x18, 0, 0x00016340, 0x00000160 },
    { 0x02DE, 0x07, 0x03, 0x15, 0x00, 0x06, 0x00, 0x1D, 0x18, 0, 0x00016658, 0x000000F0 },
    { 0x02DE, 0x07, 0x03, 0x16, 0x00, 0x06, 0x00, 0x1D, 0x18, 0, 0x000164A0, 0x000000C8 },
    { 0x02DE, 0x07, 0x03, 0x17, 0x00, 0x06, 0x00, 0x1D, 0x18, 0, 0x00016568, 0x000000F0 },
    { 0x02DE, 0x07, 0x03, 0x18, 0x00, 0x06, 0x00, 0x1D, 0x18, 0, 0x00016278, 0x000000C8 },
    { 0x02DE, 0x07, 0x03, 0x19, 0x00, 0x06, 0x00, 0x1D, 0x18, 0, 0x000151F0, 0x00000190 },
    { 0x02DE, 0x07, 0x03, 0x1A, 0x00, 0x06, 0x00, 0x1D, 0x18, 0, 0x00015380, 0x00000160 },
    { 0x02DE, 0x07, 0x03, 0x1B, 0x00, 0x06, 0x00, 0x1D, 0x18, 0, 0x0001BA78, 0x00000420 },
    { 0x02DE, 0x07, 0x03, 0x1C, 0x00, 0x06, 0x00, 0x1D, 0x18, 0, 0x0001C6D8, 0x000000E0 },
    { 0x02DE, 0x08, 0x00, 0x00, 0x00, 0x06, 0x00, 0x1D, 0x18, 0, 0x000205C0, 0x0000000C },
    { 0x02DE, 0x08, 0x01, 0x00, 0x00, 0x06, 0x00, 0x1D, 0x18, 0, 0x0002054C, 0x00000074 },
    { 0x02DE, 0x08, 0x02, 0x00, 0x00, 0x06, 0x00, 0x1D, 0x18, 0, 0x000203F0, 0x0000000C },
    { 0x02DE, 0x08, 0x02, 0x01, 0x00, 0x06, 0x00, 0x1D, 0x18, 0, 0x000203FC, 0x0000000C },
    { 0x02DE, 0x08, 0x02, 0x02, 0x00, 0x06, 0x00, 0x1D, 0x18, 0, 0x00020408, 0x0000000C },
    { 0x02DE, 0x08, 0x02, 0x03, 0x00, 0x06, 0x00, 0x1D, 0x18, 0, 0x00020414, 0x0000000C },
    { 0x02DE, 0x08, 0x02, 0x04, 0x00, 0x06, 0x00, 0x1D, 0x18, 0, 0x00020420, 0x0000000C },
    { 0x02DE, 0x08, 0x02, 0x05, 0x00, 0x06, 0x00, 0x1D, 0x18, 0, 0x0002042C, 0x0000000C },
    { 0x02DE, 0x08, 0x02, 0x06, 0x00, 0x06, 0x00, 0x1D, 0x18, 0, 0x00020438, 0x0000000C },
    { 0x02DE, 0x08, 0x02, 0x07, 0x00, 0x06, 0x00, 0x1D, 0x18, 0, 0x00020444, 0x0000000C },
    { 0x02DE, 0x08, 0x02, 0x08, 0x00, 0x06, 0x00, 0x1D, 0x18, 0, 0x00020450, 0x0000000C },
    { 0x02DE, 0x08, 0x02, 0x09, 0x00, 0x06, 0x00, 0x1D, 0x18, 0, 0x0002045C, 0x0000000C },
    { 0x02DE, 0x08, 0x02, 0x0A, 0x00, 0x06, 0x00, 0x1D, 0x18, 0, 0x00020468, 0x0000000C },
    { 0x02DE, 0x08, 0x02, 0x0B, 0x00, 0x06, 0x00, 0x1D, 0x18, 0, 0x00020474, 0x0000000C },
    { 0x02DE, 0x08, 0x02, 0x0C, 0x00, 0x06, 0x00, 0x1D, 0x18, 0, 0x00020480, 0x0000000C },
    { 0x02DE, 0x08, 0x02, 0x0D, 0x00, 0x06, 0x00, 0x1D, 0x18, 0, 0x0002048C, 0x0000000C },
    { 0x02DE, 0x08, 0x02, 0x0E, 0x00, 0x06, 0x00, 0x1D, 0x18, 0, 0x00020498, 0x0000000C },
    { 0x02DE, 0x08, 0x02, 0x0F, 0x00, 0x06, 0x00, 0x1D, 0x18, 0, 0x000204A4, 0x0000000C },
    { 0x02DE, 0x08, 0x02, 0x10, 0x00, 0x06, 0x00, 0x1D, 0x18, 0, 0x000204B0, 0x0000000C },
    { 0x02DE, 0x08, 0x02, 0x11, 0x00, 0x06, 0x00, 0x1D, 0x18, 0, 0x000204BC, 0x0000000C },
    { 0x02DE, 0x08, 0x02, 0x12, 0x00, 0x06, 0x00, 0x1D, 0x18, 0, 0x000204C8, 0x0000000C },
    { 0x02DE, 0x08, 0x02, 0x13, 0x00, 0x06, 0x00, 0x1D, 0x18, 0, 0x000204D4, 0x0000000C },
    { 0x02DE, 0x08, 0x02, 0x14, 0x00, 0x06, 0x00, 0x1D, 0x18, 0, 0x000204E0, 0x0000000C },
    { 0x02DE, 0x08, 0x02, 0x15, 0x00, 0x06, 0x00, 0x1D, 0x18, 0, 0x000204EC, 0x0000000C },
    { 0x02DE, 0x08, 0x02, 0x16, 0x00, 0x06, 0x00, 0x1D, 0x18, 0, 0x000204F8, 0x0000000C },
    { 0x02DE, 0x08, 0x02, 0x17, 0x00, 0x06, 0x00, 0x1D, 0x18, 0, 0x00020504, 0x0000000C },
    { 0x02DE, 0x08, 0x02, 0x18, 0x00, 0x06, 0x00, 0x1D, 0x18, 0, 0x00020510, 0x0000000C },
    { 0x02DE, 0x08, 0x02, 0x19, 0x00, 0x06, 0x00, 0x1D, 0x18, 0, 0x0002051C, 0x0000000C },
    { 0x02DE, 0x08, 0x02, 0x1A, 0x00, 0x06, 0x00, 0x1D, 0x18, 0, 0x00020528, 0x0000000C },
    { 0x02DE, 0x08, 0x02, 0x1B, 0x00, 0x06, 0x00, 0x1D, 0x18, 0, 0x00020534, 0x0000000C },
    { 0x02DE, 0x08, 0x02, 0x1C, 0x00, 0x06, 0x00, 0x1D, 0x18, 0, 0x00020540, 0x0000000C },
    { 0x02DE, 0x08, 0x03, 0x01, 0x00, 0x06, 0x00, 0x1D, 0x18, 0, 0x0001C7B8, 0x000003A0 },
    { 0x02DE, 0x08, 0x03, 0x02, 0x00, 0x06, 0x00, 0x1D, 0x18, 0, 0x0001CEE0, 0x000003D0 },
    { 0x02DE, 0x08, 0x03, 0x03, 0x00, 0x06, 0x00, 0x1D, 0x18, 0, 0x0001CB58, 0x00000148 },
    { 0x02DE, 0x08, 0x03, 0x04, 0x00, 0x06, 0x00, 0x1D, 0x18, 0, 0x0001CCA0, 0x00000240 },
    { 0x02DE, 0x08, 0x03, 0x05, 0x00, 0x06, 0x00, 0x1D, 0x18, 0, 0x0001D638, 0x00000370 },
    { 0x02DE, 0x08, 0x03, 0x06, 0x00, 0x06, 0x00, 0x1D, 0x18, 0, 0x0001D2B0, 0x00000148 },
    { 0x02DE, 0x08, 0x03, 0x07, 0x00, 0x06, 0x00, 0x1D, 0x18, 0, 0x0001D3F8, 0x00000240 },
    { 0x02DE, 0x08, 0x03, 0x0B, 0x00, 0x06, 0x00, 0x1D, 0x18, 0, 0x00015B00, 0x00000618 },
    { 0x02DE, 0x08, 0x03, 0x0C, 0x00, 0x06, 0x00, 0x1D, 0x18, 0, 0x000154E0, 0x00000360 },
    { 0x02DE, 0x08, 0x03, 0x0D, 0x00, 0x06, 0x00, 0x1D, 0x18, 0, 0x0001C130, 0x00000188 },
    { 0x02DE, 0x08, 0x03, 0x0E, 0x00, 0x06, 0x00, 0x1D, 0x18, 0, 0x0001BE98, 0x00000298 },
    { 0x02DE, 0x08, 0x03, 0x10, 0x00, 0x06, 0x00, 0x1D, 0x18, 0, 0x00015840, 0x000002C0 },
    { 0x02DE, 0x08, 0x03, 0x11, 0x00, 0x06, 0x00, 0x1D, 0x18, 0, 0x00016118, 0x00000160 },
    { 0x02DE, 0x08, 0x03, 0x12, 0x00, 0x06, 0x00, 0x1D, 0x18, 0, 0x0001C550, 0x00000188 },
    { 0x02DE, 0x08, 0x03, 0x13, 0x00, 0x06, 0x00, 0x1D, 0x18, 0, 0x0001C2B8, 0x00000298 },
    { 0x02DE, 0x08, 0x03, 0x14, 0x00, 0x06, 0x00, 0x1D, 0x18, 0, 0x00016340, 0x00000160 },
    { 0x02DE, 0x08, 0x03, 0x15, 0x00, 0x06, 0x00, 0x1D, 0x18, 0, 0x00016658, 0x000000F0 },
    { 0x02DE, 0x08, 0x03, 0x16, 0x00, 0x06, 0x00, 0x1D, 0x18, 0, 0x000164A0, 0x000000C8 },
    { 0x02DE, 0x08, 0x03, 0x17, 0x00, 0x06, 0x00, 0x1D, 0x18, 0, 0x00016568, 0x000000F0 },
    { 0x02DE, 0x08, 0x03, 0x18, 0x00, 0x06, 0x00, 0x1D, 0x18, 0, 0x00016278, 0x000000C8 },
    { 0x02DE, 0x08, 0x03, 0x19, 0x00, 0x06, 0x00, 0x1D, 0x18, 0, 0x000151F0, 0x00000190 },
    { 0x02DE, 0x08, 0x03, 0x1A, 0x00, 0x06, 0x00, 0x1D, 0x18, 0, 0x00015380, 0x00000160 },
    { 0x02DE, 0x08, 0x03, 0x1B, 0x00, 0x06, 0x00, 0x1D, 0x18, 0, 0x0001BA78, 0x00000420 },
    { 0x02DE, 0x08, 0x03, 0x1C, 0x00, 0x06, 0x00, 0x1D, 0x18, 0, 0x0001C6D8, 0x000000E0 },
    { 0x02DF, 0x00, 0x00, 0x00, 0x00, 0x06, 0x00, 0x0F, 0x0F, 0, 0x000000F0, 0x0000000C },
    { 0x02DF, 0x00, 0x01, 0x00, 0x00, 0x06, 0x00, 0x0F, 0x0F, 0, 0x000000B4, 0x0000003C },
    { 0x02DF, 0x00, 0x02, 0x00, 0x00, 0x06, 0x00, 0x0F, 0x0F, 0, 0x00000000, 0x0000000C },
    { 0x02DF, 0x00, 0x02, 0x01, 0x00, 0x06, 0x00, 0x0F, 0x0F, 0, 0x0000000C, 0x0000000C },
    { 0x02DF, 0x00, 0x02, 0x02, 0x00, 0x06, 0x00, 0x0F, 0x0F, 0, 0x00000018, 0x0000000C },
    { 0x02DF, 0x00, 0x02, 0x03, 0x00, 0x06, 0x00, 0x0F, 0x0F, 0, 0x00000024, 0x0000000C },
    { 0x02DF, 0x00, 0x02, 0x04, 0x00, 0x06, 0x00, 0x0F, 0x0F, 0, 0x00000030, 0x0000000C },
    { 0x02DF, 0x00, 0x02, 0x05, 0x00, 0x06, 0x00, 0x0F, 0x0F, 0, 0x0000003C, 0x0000000C },
    { 0x02DF, 0x00, 0x02, 0x06, 0x00, 0x06, 0x00, 0x0F, 0x0F, 0, 0x00000048, 0x0000000C },
    { 0x02DF, 0x00, 0x02, 0x07, 0x00, 0x06, 0x00, 0x0F, 0x0F, 0, 0x00000054, 0x0000000C },
    { 0x02DF, 0x00, 0x02, 0x08, 0x00, 0x06, 0x00, 0x0F, 0x0F, 0, 0x00000060, 0x0000000C },
    { 0x02DF, 0x00, 0x02, 0x09, 0x00, 0x06, 0x00, 0x0F, 0x0F, 0, 0x0000006C, 0x0000000C },
    { 0x02DF, 0x00, 0x02, 0x0A, 0x00, 0x06, 0x00, 0x0F, 0x0F, 0, 0x00000078, 0x0000000C },
    { 0x02DF, 0x00, 0x02, 0x0B, 0x00, 0x06, 0x00, 0x0F, 0x0F, 0, 0x00000084, 0x0000000C },
    { 0x02DF, 0x00, 0x02, 0x0C, 0x00, 0x06, 0x00, 0x0F, 0x0F, 0, 0x00000090, 0x0000000C },
    { 0x02DF, 0x00, 0x02, 0x0D, 0x00, 0x06, 0x00, 0x0F, 0x0F, 0, 0x0000009C, 0x0000000C },
    { 0x02DF, 0x00, 0x02, 0x0E, 0x00, 0x06, 0x00, 0x0F, 0x0F, 0, 0x000000A8, 0x0000000C },
    { 0x02DF, 0x00, 0x03, 0x00, 0x00, 0x06, 0x00, 0x0F, 0x0F, 0, 0x00004628, 0x000001A0 },
    { 0x02DF, 0x00, 0x03, 0x01, 0x00, 0x06, 0x00, 0x0F, 0x0F, 0, 0x000044F0, 0x00000138 },
    { 0x02DF, 0x00, 0x03, 0x02, 0x00, 0x06, 0x00, 0x0F, 0x0F, 0, 0x000043C0, 0x00000130 },
    { 0x02DF, 0x00, 0x03, 0x03, 0x00, 0x06, 0x00, 0x0F, 0x0F, 0, 0x00004280, 0x00000140 },
    { 0x02DF, 0x00, 0x03, 0x04, 0x00, 0x06, 0x00, 0x0F, 0x0F, 0, 0x00004148, 0x00000138 },
    { 0x02DF, 0x00, 0x03, 0x05, 0x00, 0x06, 0x00, 0x0F, 0x0F, 0, 0x00004018, 0x00000130 },
    { 0x02DF, 0x00, 0x03, 0x06, 0x00, 0x06, 0x00, 0x0F, 0x0F, 0, 0x00003ED8, 0x00000140 },
    { 0x02DF, 0x00, 0x03, 0x07, 0x00, 0x06, 0x00, 0x0F, 0x0F, 0, 0x00003CB0, 0x00000228 },
    { 0x02DF, 0x00, 0x03, 0x08, 0x00, 0x06, 0x00, 0x0F, 0x0F, 0, 0x00003B78, 0x00000138 },
    { 0x02DF, 0x00, 0x03, 0x09, 0x00, 0x06, 0x00, 0x0F, 0x0F, 0, 0x00003A48, 0x00000130 },
    { 0x02DF, 0x00, 0x03, 0x0A, 0x00, 0x06, 0x00, 0x0F, 0x0F, 0, 0x000038D8, 0x00000170 },
    { 0x02DF, 0x00, 0x03, 0x0B, 0x00, 0x06, 0x00, 0x0F, 0x0F, 0, 0x000037A0, 0x00000138 },
    { 0x02DF, 0x00, 0x03, 0x0C, 0x00, 0x06, 0x00, 0x0F, 0x0F, 0, 0x00003670, 0x00000130 },
    { 0x02DF, 0x00, 0x03, 0x0D, 0x00, 0x06, 0x00, 0x0F, 0x0F, 0, 0x00003500, 0x00000170 },
    { 0x02DF, 0x00, 0x03, 0x0E, 0x00, 0x06, 0x00, 0x0F, 0x0F, 0, 0x000030F0, 0x00000410 },
    { 0x02E0, 0x00, 0x00, 0x00, 0x00, 0x06, 0x00, 0x0F, 0x0F, 0, 0x000000F0, 0x0000000C },
    { 0x02E0, 0x00, 0x01, 0x00, 0x00, 0x06, 0x00, 0x0F, 0x0F, 0, 0x000000B4, 0x0000003C },
    { 0x02E0, 0x00, 0x02, 0x00, 0x00, 0x06, 0x00, 0x0F, 0x0F, 0, 0x00000000, 0x0000000C },
    { 0x02E0, 0x00, 0x02, 0x01, 0x00, 0x06, 0x00, 0x0F, 0x0F, 0, 0x0000000C, 0x0000000C },
    { 0x02E0, 0x00, 0x02, 0x02, 0x00, 0x06, 0x00, 0x0F, 0x0F, 0, 0x00000018, 0x0000000C },
    { 0x02E0, 0x00, 0x02, 0x03, 0x00, 0x06, 0x00, 0x0F, 0x0F, 0, 0x00000024, 0x0000000C },
    { 0x02E0, 0x00, 0x02, 0x04, 0x00, 0x06, 0x00, 0x0F, 0x0F, 0, 0x00000030, 0x0000000C },
    { 0x02E0, 0x00, 0x02, 0x05, 0x00, 0x06, 0x00, 0x0F, 0x0F, 0, 0x0000003C, 0x0000000C },
    { 0x02E0, 0x00, 0x02, 0x06, 0x00, 0x06, 0x00, 0x0F, 0x0F, 0, 0x00000048, 0x0000000C },
    { 0x02E0, 0x00, 0x02, 0x07, 0x00, 0x06, 0x00, 0x0F, 0x0F, 0, 0x00000054, 0x0000000C },
    { 0x02E0, 0x00, 0x02, 0x08, 0x00, 0x06, 0x00, 0x0F, 0x0F, 0, 0x00000060, 0x0000000C },
    { 0x02E0, 0x00, 0x02, 0x09, 0x00, 0x06, 0x00, 0x0F, 0x0F, 0, 0x0000006C, 0x0000000C },
    { 0x02E0, 0x00, 0x02, 0x0A, 0x00, 0x06, 0x00, 0x0F, 0x0F, 0, 0x00000078, 0x0000000C },
    { 0x02E0, 0x00, 0x02, 0x0B, 0x00, 0x06, 0x00, 0x0F, 0x0F, 0, 0x00000084, 0x0000000C },
    { 0x02E0, 0x00, 0x02, 0x0C, 0x00, 0x06, 0x00, 0x0F, 0x0F, 0, 0x00000090, 0x0000000C },
    { 0x02E0, 0x00, 0x02, 0x0D, 0x00, 0x06, 0x00, 0x0F, 0x0F, 0, 0x0000009C, 0x0000000C },
    { 0x02E0, 0x00, 0x02, 0x0E, 0x00, 0x06, 0x00, 0x0F, 0x0F, 0, 0x000000A8, 0x0000000C },
    { 0x02E0, 0x00, 0x03, 0x00, 0x00, 0x06, 0x00, 0x0F, 0x0F, 0, 0x00002300, 0x000000D0 },
    { 0x02E0, 0x00, 0x03, 0x01, 0x00, 0x06, 0x00, 0x0F, 0x0F, 0, 0x00002238, 0x000000C8 },
    { 0x02E0, 0x00, 0x03, 0x02, 0x00, 0x06, 0x00, 0x0F, 0x0F, 0, 0x00002170, 0x000000C8 },
    { 0x02E0, 0x00, 0x03, 0x03, 0x00, 0x06, 0x00, 0x0F, 0x0F, 0, 0x000020A8, 0x000000C8 },
    { 0x02E0, 0x00, 0x03, 0x04, 0x00, 0x06, 0x00, 0x0F, 0x0F, 0, 0x00001FE0, 0x000000C8 },
    { 0x02E0, 0x00, 0x03, 0x05, 0x00, 0x06, 0x00, 0x0F, 0x0F, 0, 0x00001F18, 0x000000C8 },
    { 0x02E0, 0x00, 0x03, 0x06, 0x00, 0x06, 0x00, 0x0F, 0x0F, 0, 0x00001E50, 0x000000C8 },
    { 0x02E0, 0x00, 0x03, 0x07, 0x00, 0x06, 0x00, 0x0F, 0x0F, 0, 0x00001B88, 0x000002C8 },
    { 0x02E0, 0x00, 0x03, 0x08, 0x00, 0x06, 0x00, 0x0F, 0x0F, 0, 0x00001AC8, 0x000000C0 },
    { 0x02E0, 0x00, 0x03, 0x09, 0x00, 0x06, 0x00, 0x0F, 0x0F, 0, 0x000019A8, 0x00000120 },
    { 0x02E0, 0x00, 0x03, 0x0A, 0x00, 0x06, 0x00, 0x0F, 0x0F, 0, 0x000018C8, 0x000000E0 },
    { 0x02E0, 0x00, 0x03, 0x0B, 0x00, 0x06, 0x00, 0x0F, 0x0F, 0, 0x00001808, 0x000000C0 },
    { 0x02E0, 0x00, 0x03, 0x0C, 0x00, 0x06, 0x00, 0x0F, 0x0F, 0, 0x000016E8, 0x00000120 },
    { 0x02E0, 0x00, 0x03, 0x0D, 0x00, 0x06, 0x00, 0x0F, 0x0F, 0, 0x00001608, 0x000000E0 },
    { 0x02E0, 0x00, 0x03, 0x0E, 0x00, 0x06, 0x00, 0x0F, 0x0F, 0, 0x00001300, 0x00000308 },
    { 0x02E2, 0x00, 0x00, 0x00, 0x00, 0x06, 0x00, 0x12, 0x11, 0, 0x00005F40, 0x0000000C },
    { 0x02E2, 0x00, 0x01, 0x00, 0x00, 0x06, 0x00, 0x12, 0x11, 0, 0x00005EF8, 0x00000048 },
    { 0x02E2, 0x00, 0x02, 0x00, 0x00, 0x06, 0x00, 0x12, 0x11, 0, 0x00005E20, 0x0000000C },
    { 0x02E2, 0x00, 0x02, 0x01, 0x00, 0x06, 0x00, 0x12, 0x11, 0, 0x00005E2C, 0x0000000C },
    { 0x02E2, 0x00, 0x02, 0x02, 0x00, 0x06, 0x00, 0x12, 0x11, 0, 0x00005E38, 0x0000000C },
    { 0x02E2, 0x00, 0x02, 0x03, 0x00, 0x06, 0x00, 0x12, 0x11, 0, 0x00005E44, 0x0000000C },
    { 0x02E2, 0x00, 0x02, 0x04, 0x00, 0x06, 0x00, 0x12, 0x11, 0, 0x00005E50, 0x0000000C },
    { 0x02E2, 0x00, 0x02, 0x05, 0x00, 0x06, 0x00, 0x12, 0x11, 0, 0x00005E5C, 0x0000000C },
    { 0x02E2, 0x00, 0x02, 0x06, 0x00, 0x06, 0x00, 0x12, 0x11, 0, 0x00005E68, 0x0000000C },
    { 0x02E2, 0x00, 0x02, 0x07, 0x00, 0x06, 0x00, 0x12, 0x11, 0, 0x00005E74, 0x0000000C },
    { 0x02E2, 0x00, 0x02, 0x08, 0x00, 0x06, 0x00, 0x12, 0x11, 0, 0x00005E80, 0x0000000C },
    { 0x02E2, 0x00, 0x02, 0x09, 0x00, 0x06, 0x00, 0x12, 0x11, 0, 0x00005E8C, 0x0000000C },
    { 0x02E2, 0x00, 0x02, 0x0A, 0x00, 0x06, 0x00, 0x12, 0x11, 0, 0x00005E98, 0x0000000C },
    { 0x02E2, 0x00, 0x02, 0x0B, 0x00, 0x06, 0x00, 0x12, 0x11, 0, 0x00005EA4, 0x0000000C },
    { 0x02E2, 0x00, 0x02, 0x0C, 0x00, 0x06, 0x00, 0x12, 0x11, 0, 0x00005EB0, 0x0000000C },
    { 0x02E2, 0x00, 0x02, 0x0D, 0x00, 0x06, 0x00, 0x12, 0x11, 0, 0x00005EBC, 0x0000000C },
    { 0x02E2, 0x00, 0x02, 0x0E, 0x00, 0x06, 0x00, 0x12, 0x11, 0, 0x00005EC8, 0x0000000C },
    { 0x02E2, 0x00, 0x02, 0x0F, 0x00, 0x06, 0x00, 0x12, 0x11, 0, 0x00005ED4, 0x0000000C },
    { 0x02E2, 0x00, 0x02, 0x10, 0x00, 0x06, 0x00, 0x12, 0x11, 0, 0x00005EE0, 0x0000000C },
    { 0x02E2, 0x00, 0x02, 0x11, 0x00, 0x06, 0x00, 0x12, 0x11, 0, 0x00005EEC, 0x0000000C },
    { 0x02E2, 0x00, 0x03, 0x01, 0x00, 0x06, 0x00, 0x12, 0x11, 0, 0x000036A0, 0x000000D0 },
    { 0x02E2, 0x00, 0x03, 0x02, 0x00, 0x06, 0x00, 0x12, 0x11, 0, 0x00003E48, 0x000001C0 },
    { 0x02E2, 0x00, 0x03, 0x03, 0x00, 0x06, 0x00, 0x12, 0x11, 0, 0x00003B90, 0x000000F8 },
    { 0x02E2, 0x00, 0x03, 0x04, 0x00, 0x06, 0x00, 0x12, 0x11, 0, 0x00003C88, 0x000001C0 },
    { 0x02E2, 0x00, 0x03, 0x05, 0x00, 0x06, 0x00, 0x12, 0x11, 0, 0x00003A28, 0x00000168 },
    { 0x02E2, 0x00, 0x03, 0x06, 0x00, 0x06, 0x00, 0x12, 0x11, 0, 0x00003770, 0x000000F8 },
    { 0x02E2, 0x00, 0x03, 0x07, 0x00, 0x06, 0x00, 0x12, 0x11, 0, 0x00003868, 0x000001C0 },
    { 0x02E2, 0x00, 0x03, 0x08, 0x00, 0x06, 0x00, 0x12, 0x11, 0, 0x00004630, 0x000001E0 },
    { 0x02E2, 0x00, 0x03, 0x09, 0x00, 0x06, 0x00, 0x12, 0x11, 0, 0x00004008, 0x000000E0 },
    { 0x02E2, 0x00, 0x03, 0x0A, 0x00, 0x06, 0x00, 0x12, 0x11, 0, 0x000040E8, 0x000003E0 },
    { 0x02E2, 0x00, 0x03, 0x0B, 0x00, 0x06, 0x00, 0x12, 0x11, 0, 0x000044C8, 0x00000168 },
    { 0x02E2, 0x00, 0x03, 0x0C, 0x00, 0x06, 0x00, 0x12, 0x11, 0, 0x00005130, 0x000001D0 },
    { 0x02E2, 0x00, 0x03, 0x0D, 0x00, 0x06, 0x00, 0x12, 0x11, 0, 0x00004FB8, 0x00000178 },
    { 0x02E2, 0x00, 0x03, 0x0E, 0x00, 0x06, 0x00, 0x12, 0x11, 0, 0x00004CF8, 0x000002C0 },
    { 0x02E2, 0x00, 0x03, 0x0F, 0x00, 0x06, 0x00, 0x12, 0x11, 0, 0x00004B28, 0x000001D0 },
    { 0x02E2, 0x00, 0x03, 0x10, 0x00, 0x06, 0x00, 0x12, 0x11, 0, 0x000049B0, 0x00000178 },
    { 0x02E2, 0x00, 0x03, 0x11, 0x00, 0x06, 0x00, 0x12, 0x11, 0, 0x00004810, 0x000001A0 },
    { 0x02E4, 0x00, 0x00, 0x00, 0x00, 0x06, 0x00, 0x0F, 0x0F, 0, 0x000000F0, 0x0000000C },
    { 0x02E4, 0x00, 0x01, 0x00, 0x00, 0x06, 0x00, 0x0F, 0x0F, 0, 0x000000B4, 0x0000003C },
    { 0x02E4, 0x00, 0x02, 0x00, 0x00, 0x06, 0x00, 0x0F, 0x0F, 0, 0x00000000, 0x0000000C },
    { 0x02E4, 0x00, 0x02, 0x01, 0x00, 0x06, 0x00, 0x0F, 0x0F, 0, 0x0000000C, 0x0000000C },
    { 0x02E4, 0x00, 0x02, 0x02, 0x00, 0x06, 0x00, 0x0F, 0x0F, 0, 0x00000018, 0x0000000C },
    { 0x02E4, 0x00, 0x02, 0x03, 0x00, 0x06, 0x00, 0x0F, 0x0F, 0, 0x00000024, 0x0000000C },
    { 0x02E4, 0x00, 0x02, 0x04, 0x00, 0x06, 0x00, 0x0F, 0x0F, 0, 0x00000030, 0x0000000C },
    { 0x02E4, 0x00, 0x02, 0x05, 0x00, 0x06, 0x00, 0x0F, 0x0F, 0, 0x0000003C, 0x0000000C },
    { 0x02E4, 0x00, 0x02, 0x06, 0x00, 0x06, 0x00, 0x0F, 0x0F, 0, 0x00000048, 0x0000000C },
    { 0x02E4, 0x00, 0x02, 0x07, 0x00, 0x06, 0x00, 0x0F, 0x0F, 0, 0x00000054, 0x0000000C },
    { 0x02E4, 0x00, 0x02, 0x08, 0x00, 0x06, 0x00, 0x0F, 0x0F, 0, 0x00000060, 0x0000000C },
    { 0x02E4, 0x00, 0x02, 0x09, 0x00, 0x06, 0x00, 0x0F, 0x0F, 0, 0x0000006C, 0x0000000C },
    { 0x02E4, 0x00, 0x02, 0x0A, 0x00, 0x06, 0x00, 0x0F, 0x0F, 0, 0x00000078, 0x0000000C },
    { 0x02E4, 0x00, 0x02, 0x0B, 0x00, 0x06, 0x00, 0x0F, 0x0F, 0, 0x00000084, 0x0000000C },
    { 0x02E4, 0x00, 0x02, 0x0C, 0x00, 0x06, 0x00, 0x0F, 0x0F, 0, 0x00000090, 0x0000000C },
    { 0x02E4, 0x00, 0x02, 0x0D, 0x00, 0x06, 0x00, 0x0F, 0x0F, 0, 0x0000009C, 0x0000000C },
    { 0x02E4, 0x00, 0x02, 0x0E, 0x00, 0x06, 0x00, 0x0F, 0x0F, 0, 0x000000A8, 0x0000000C },
    { 0x02E4, 0x00, 0x03, 0x00, 0x00, 0x06, 0x00, 0x0F, 0x0F, 0, 0x000037D8, 0x00000130 },
    { 0x02E4, 0x00, 0x03, 0x01, 0x00, 0x06, 0x00, 0x0F, 0x0F, 0, 0x00003710, 0x000000C8 },
    { 0x02E4, 0x00, 0x03, 0x02, 0x00, 0x06, 0x00, 0x0F, 0x0F, 0, 0x00003648, 0x000000C8 },
    { 0x02E4, 0x00, 0x03, 0x03, 0x00, 0x06, 0x00, 0x0F, 0x0F, 0, 0x00003580, 0x000000C8 },
    { 0x02E4, 0x00, 0x03, 0x04, 0x00, 0x06, 0x00, 0x0F, 0x0F, 0, 0x000034B8, 0x000000C8 },
    { 0x02E4, 0x00, 0x03, 0x05, 0x00, 0x06, 0x00, 0x0F, 0x0F, 0, 0x000033F0, 0x000000C8 },
    { 0x02E4, 0x00, 0x03, 0x06, 0x00, 0x06, 0x00, 0x0F, 0x0F, 0, 0x00003328, 0x000000C8 },
    { 0x02E4, 0x00, 0x03, 0x07, 0x00, 0x06, 0x00, 0x0F, 0x0F, 0, 0x000030F8, 0x00000230 },
    { 0x02E4, 0x00, 0x03, 0x08, 0x00, 0x06, 0x00, 0x0F, 0x0F, 0, 0x00002FF8, 0x00000100 },
    { 0x02E4, 0x00, 0x03, 0x09, 0x00, 0x06, 0x00, 0x0F, 0x0F, 0, 0x00002F08, 0x000000F0 },
    { 0x02E4, 0x00, 0x03, 0x0A, 0x00, 0x06, 0x00, 0x0F, 0x0F, 0, 0x00002E40, 0x000000C8 },
    { 0x02E4, 0x00, 0x03, 0x0B, 0x00, 0x06, 0x00, 0x0F, 0x0F, 0, 0x00002D40, 0x00000100 },
    { 0x02E4, 0x00, 0x03, 0x0C, 0x00, 0x06, 0x00, 0x0F, 0x0F, 0, 0x00002C50, 0x000000F0 },
    { 0x02E4, 0x00, 0x03, 0x0D, 0x00, 0x06, 0x00, 0x0F, 0x0F, 0, 0x00002B88, 0x000000C8 },
    { 0x02E4, 0x00, 0x03, 0x0E, 0x00, 0x06, 0x00, 0x0F, 0x0F, 0, 0x00002560, 0x00000628 },
    { 0x02E5, 0x00, 0x00, 0x00, 0x00, 0x06, 0x00, 0x0F, 0x0F, 0, 0x000000F0, 0x0000000C },
    { 0x02E5, 0x00, 0x01, 0x00, 0x00, 0x06, 0x00, 0x0F, 0x0F, 0, 0x000000B4, 0x0000003C },
    { 0x02E5, 0x00, 0x02, 0x00, 0x00, 0x06, 0x00, 0x0F, 0x0F, 0, 0x00000000, 0x0000000C },
    { 0x02E5, 0x00, 0x02, 0x01, 0x00, 0x06, 0x00, 0x0F, 0x0F, 0, 0x0000000C, 0x0000000C },
    { 0x02E5, 0x00, 0x02, 0x02, 0x00, 0x06, 0x00, 0x0F, 0x0F, 0, 0x00000018, 0x0000000C },
    { 0x02E5, 0x00, 0x02, 0x03, 0x00, 0x06, 0x00, 0x0F, 0x0F, 0, 0x00000024, 0x0000000C },
    { 0x02E5, 0x00, 0x02, 0x04, 0x00, 0x06, 0x00, 0x0F, 0x0F, 0, 0x00000030, 0x0000000C },
    { 0x02E5, 0x00, 0x02, 0x05, 0x00, 0x06, 0x00, 0x0F, 0x0F, 0, 0x0000003C, 0x0000000C },
    { 0x02E5, 0x00, 0x02, 0x06, 0x00, 0x06, 0x00, 0x0F, 0x0F, 0, 0x00000048, 0x0000000C },
    { 0x02E5, 0x00, 0x02, 0x07, 0x00, 0x06, 0x00, 0x0F, 0x0F, 0, 0x00000054, 0x0000000C },
    { 0x02E5, 0x00, 0x02, 0x08, 0x00, 0x06, 0x00, 0x0F, 0x0F, 0, 0x00000060, 0x0000000C },
    { 0x02E5, 0x00, 0x02, 0x09, 0x00, 0x06, 0x00, 0x0F, 0x0F, 0, 0x0000006C, 0x0000000C },
    { 0x02E5, 0x00, 0x02, 0x0A, 0x00, 0x06, 0x00, 0x0F, 0x0F, 0, 0x00000078, 0x0000000C },
    { 0x02E5, 0x00, 0x02, 0x0B, 0x00, 0x06, 0x00, 0x0F, 0x0F, 0, 0x00000084, 0x0000000C },
    { 0x02E5, 0x00, 0x02, 0x0C, 0x00, 0x06, 0x00, 0x0F, 0x0F, 0, 0x00000090, 0x0000000C },
    { 0x02E5, 0x00, 0x02, 0x0D, 0x00, 0x06, 0x00, 0x0F, 0x0F, 0, 0x0000009C, 0x0000000C },
    { 0x02E5, 0x00, 0x02, 0x0E, 0x00, 0x06, 0x00, 0x0F, 0x0F, 0, 0x000000A8, 0x0000000C },
    { 0x02E5, 0x00, 0x03, 0x00, 0x00, 0x06, 0x00, 0x0F, 0x0F, 0, 0x00004160, 0x00000128 },
    { 0x02E5, 0x00, 0x03, 0x01, 0x00, 0x06, 0x00, 0x0F, 0x0F, 0, 0x00004090, 0x000000D0 },
    { 0x02E5, 0x00, 0x03, 0x02, 0x00, 0x06, 0x00, 0x0F, 0x0F, 0, 0x00003FC0, 0x000000D0 },
    { 0x02E5, 0x00, 0x03, 0x03, 0x00, 0x06, 0x00, 0x0F, 0x0F, 0, 0x00003EF0, 0x000000D0 },
    { 0x02E5, 0x00, 0x03, 0x04, 0x00, 0x06, 0x00, 0x0F, 0x0F, 0, 0x00003E20, 0x000000D0 },
    { 0x02E5, 0x00, 0x03, 0x05, 0x00, 0x06, 0x00, 0x0F, 0x0F, 0, 0x00003D50, 0x000000D0 },
    { 0x02E5, 0x00, 0x03, 0x06, 0x00, 0x06, 0x00, 0x0F, 0x0F, 0, 0x00003C80, 0x000000D0 },
    { 0x02E5, 0x00, 0x03, 0x07, 0x00, 0x06, 0x00, 0x0F, 0x0F, 0, 0x00003948, 0x00000338 },
    { 0x02E5, 0x00, 0x03, 0x08, 0x00, 0x06, 0x00, 0x0F, 0x0F, 0, 0x00003820, 0x00000128 },
    { 0x02E5, 0x00, 0x03, 0x09, 0x00, 0x06, 0x00, 0x0F, 0x0F, 0, 0x00003700, 0x00000120 },
    { 0x02E5, 0x00, 0x03, 0x0A, 0x00, 0x06, 0x00, 0x0F, 0x0F, 0, 0x000035F0, 0x00000110 },
    { 0x02E5, 0x00, 0x03, 0x0B, 0x00, 0x06, 0x00, 0x0F, 0x0F, 0, 0x000034C8, 0x00000128 },
    { 0x02E5, 0x00, 0x03, 0x0C, 0x00, 0x06, 0x00, 0x0F, 0x0F, 0, 0x000033A8, 0x00000120 },
    { 0x02E5, 0x00, 0x03, 0x0D, 0x00, 0x06, 0x00, 0x0F, 0x0F, 0, 0x00003298, 0x00000110 },
    { 0x02E5, 0x00, 0x03, 0x0E, 0x00, 0x06, 0x00, 0x0F, 0x0F, 0, 0x00002948, 0x00000950 },
    { 0x02E7, 0x00, 0x00, 0x00, 0x00, 0x06, 0x00, 0x05, 0x04, 0, 0x00004768, 0x0000000C },
    { 0x02E7, 0x00, 0x01, 0x00, 0x00, 0x06, 0x00, 0x05, 0x04, 0, 0x00004754, 0x00000014 },
    { 0x02E7, 0x00, 0x02, 0x00, 0x00, 0x06, 0x00, 0x05, 0x04, 0, 0x00004718, 0x0000000C },
    { 0x02E7, 0x00, 0x02, 0x01, 0x00, 0x06, 0x00, 0x05, 0x04, 0, 0x00004724, 0x0000000C },
    { 0x02E7, 0x00, 0x02, 0x02, 0x00, 0x06, 0x00, 0x05, 0x04, 0, 0x00004730, 0x0000000C },
    { 0x02E7, 0x00, 0x02, 0x03, 0x00, 0x06, 0x00, 0x05, 0x04, 0, 0x0000473C, 0x0000000C },
    { 0x02E7, 0x00, 0x02, 0x04, 0x00, 0x06, 0x00, 0x05, 0x04, 0, 0x00004748, 0x0000000C },
    { 0x02E7, 0x00, 0x03, 0x01, 0x00, 0x06, 0x00, 0x05, 0x04, 0, 0x000036C0, 0x00000258 },
    { 0x02E7, 0x00, 0x03, 0x02, 0x00, 0x06, 0x00, 0x05, 0x04, 0, 0x00002A40, 0x000001C0 },
    { 0x02E7, 0x00, 0x03, 0x03, 0x00, 0x06, 0x00, 0x05, 0x04, 0, 0x00003440, 0x00000280 },
    { 0x02E7, 0x00, 0x03, 0x04, 0x00, 0x06, 0x00, 0x05, 0x04, 0, 0x00002C00, 0x00000840 },
    { 0x02E8, 0x00, 0x00, 0x00, 0x00, 0x06, 0x00, 0x0F, 0x0F, 0, 0x000000F0, 0x0000000C },
    { 0x02E8, 0x00, 0x01, 0x00, 0x00, 0x06, 0x00, 0x0F, 0x0F, 0, 0x000000B4, 0x0000003C },
    { 0x02E8, 0x00, 0x02, 0x00, 0x00, 0x06, 0x00, 0x0F, 0x0F, 0, 0x00000000, 0x0000000C },
    { 0x02E8, 0x00, 0x02, 0x01, 0x00, 0x06, 0x00, 0x0F, 0x0F, 0, 0x0000000C, 0x0000000C },
    { 0x02E8, 0x00, 0x02, 0x02, 0x00, 0x06, 0x00, 0x0F, 0x0F, 0, 0x00000018, 0x0000000C },
    { 0x02E8, 0x00, 0x02, 0x03, 0x00, 0x06, 0x00, 0x0F, 0x0F, 0, 0x00000024, 0x0000000C },
    { 0x02E8, 0x00, 0x02, 0x04, 0x00, 0x06, 0x00, 0x0F, 0x0F, 0, 0x00000030, 0x0000000C },
    { 0x02E8, 0x00, 0x02, 0x05, 0x00, 0x06, 0x00, 0x0F, 0x0F, 0, 0x0000003C, 0x0000000C },
    { 0x02E8, 0x00, 0x02, 0x06, 0x00, 0x06, 0x00, 0x0F, 0x0F, 0, 0x00000048, 0x0000000C },
    { 0x02E8, 0x00, 0x02, 0x07, 0x00, 0x06, 0x00, 0x0F, 0x0F, 0, 0x00000054, 0x0000000C },
    { 0x02E8, 0x00, 0x02, 0x08, 0x00, 0x06, 0x00, 0x0F, 0x0F, 0, 0x00000060, 0x0000000C },
    { 0x02E8, 0x00, 0x02, 0x09, 0x00, 0x06, 0x00, 0x0F, 0x0F, 0, 0x0000006C, 0x0000000C },
    { 0x02E8, 0x00, 0x02, 0x0A, 0x00, 0x06, 0x00, 0x0F, 0x0F, 0, 0x00000078, 0x0000000C },
    { 0x02E8, 0x00, 0x02, 0x0B, 0x00, 0x06, 0x00, 0x0F, 0x0F, 0, 0x00000084, 0x0000000C },
    { 0x02E8, 0x00, 0x02, 0x0C, 0x00, 0x06, 0x00, 0x0F, 0x0F, 0, 0x00000090, 0x0000000C },
    { 0x02E8, 0x00, 0x02, 0x0D, 0x00, 0x06, 0x00, 0x0F, 0x0F, 0, 0x0000009C, 0x0000000C },
    { 0x02E8, 0x00, 0x02, 0x0E, 0x00, 0x06, 0x00, 0x0F, 0x0F, 0, 0x000000A8, 0x0000000C },
    { 0x02E8, 0x00, 0x03, 0x00, 0x00, 0x06, 0x00, 0x0F, 0x0F, 0, 0x00006DF0, 0x000001B8 },
    { 0x02E8, 0x00, 0x03, 0x01, 0x00, 0x06, 0x00, 0x0F, 0x0F, 0, 0x00006D20, 0x000000D0 },
    { 0x02E8, 0x00, 0x03, 0x02, 0x00, 0x06, 0x00, 0x0F, 0x0F, 0, 0x00006C38, 0x000000E8 },
    { 0x02E8, 0x00, 0x03, 0x03, 0x00, 0x06, 0x00, 0x0F, 0x0F, 0, 0x000069B0, 0x00000288 },
    { 0x02E8, 0x00, 0x03, 0x04, 0x00, 0x06, 0x00, 0x0F, 0x0F, 0, 0x000068E0, 0x000000D0 },
    { 0x02E8, 0x00, 0x03, 0x05, 0x00, 0x06, 0x00, 0x0F, 0x0F, 0, 0x000067F8, 0x000000E8 },
    { 0x02E8, 0x00, 0x03, 0x06, 0x00, 0x06, 0x00, 0x0F, 0x0F, 0, 0x00006570, 0x00000288 },
    { 0x02E8, 0x00, 0x03, 0x07, 0x00, 0x06, 0x00, 0x0F, 0x0F, 0, 0x00006280, 0x000002F0 },
    { 0x02E8, 0x00, 0x03, 0x08, 0x00, 0x06, 0x00, 0x0F, 0x0F, 0, 0x00006148, 0x00000138 },
    { 0x02E8, 0x00, 0x03, 0x09, 0x00, 0x06, 0x00, 0x0F, 0x0F, 0, 0x00006018, 0x00000130 },
    { 0x02E8, 0x00, 0x03, 0x0A, 0x00, 0x06, 0x00, 0x0F, 0x0F, 0, 0x00005E28, 0x000001F0 },
    { 0x02E8, 0x00, 0x03, 0x0B, 0x00, 0x06, 0x00, 0x0F, 0x0F, 0, 0x00005CF0, 0x00000138 },
    { 0x02E8, 0x00, 0x03, 0x0C, 0x00, 0x06, 0x00, 0x0F, 0x0F, 0, 0x00005BC0, 0x00000130 },
    { 0x02E8, 0x00, 0x03, 0x0D, 0x00, 0x06, 0x00, 0x0F, 0x0F, 0, 0x000059D0, 0x000001F0 },
    { 0x02E8, 0x00, 0x03, 0x0E, 0x00, 0x06, 0x00, 0x0F, 0x0F, 0, 0x000054D8, 0x000004F8 },
    { 0x02E9, 0x00, 0x00, 0x00, 0x00, 0x06, 0x00, 0x0F, 0x0F, 0, 0x000000F0, 0x0000000C },
    { 0x02E9, 0x00, 0x01, 0x00, 0x00, 0x06, 0x00, 0x0F, 0x0F, 0, 0x000000B4, 0x0000003C },
    { 0x02E9, 0x00, 0x02, 0x00, 0x00, 0x06, 0x00, 0x0F, 0x0F, 0, 0x00000000, 0x0000000C },
    { 0x02E9, 0x00, 0x02, 0x01, 0x00, 0x06, 0x00, 0x0F, 0x0F, 0, 0x0000000C, 0x0000000C },
    { 0x02E9, 0x00, 0x02, 0x02, 0x00, 0x06, 0x00, 0x0F, 0x0F, 0, 0x00000018, 0x0000000C },
    { 0x02E9, 0x00, 0x02, 0x03, 0x00, 0x06, 0x00, 0x0F, 0x0F, 0, 0x00000024, 0x0000000C },
    { 0x02E9, 0x00, 0x02, 0x04, 0x00, 0x06, 0x00, 0x0F, 0x0F, 0, 0x00000030, 0x0000000C },
    { 0x02E9, 0x00, 0x02, 0x05, 0x00, 0x06, 0x00, 0x0F, 0x0F, 0, 0x0000003C, 0x0000000C },
    { 0x02E9, 0x00, 0x02, 0x06, 0x00, 0x06, 0x00, 0x0F, 0x0F, 0, 0x00000048, 0x0000000C },
    { 0x02E9, 0x00, 0x02, 0x07, 0x00, 0x06, 0x00, 0x0F, 0x0F, 0, 0x00000054, 0x0000000C },
    { 0x02E9, 0x00, 0x02, 0x08, 0x00, 0x06, 0x00, 0x0F, 0x0F, 0, 0x00000060, 0x0000000C },
    { 0x02E9, 0x00, 0x02, 0x09, 0x00, 0x06, 0x00, 0x0F, 0x0F, 0, 0x0000006C, 0x0000000C },
    { 0x02E9, 0x00, 0x02, 0x0A, 0x00, 0x06, 0x00, 0x0F, 0x0F, 0, 0x00000078, 0x0000000C },
    { 0x02E9, 0x00, 0x02, 0x0B, 0x00, 0x06, 0x00, 0x0F, 0x0F, 0, 0x00000084, 0x0000000C },
    { 0x02E9, 0x00, 0x02, 0x0C, 0x00, 0x06, 0x00, 0x0F, 0x0F, 0, 0x00000090, 0x0000000C },
    { 0x02E9, 0x00, 0x02, 0x0D, 0x00, 0x06, 0x00, 0x0F, 0x0F, 0, 0x0000009C, 0x0000000C },
    { 0x02E9, 0x00, 0x02, 0x0E, 0x00, 0x06, 0x00, 0x0F, 0x0F, 0, 0x000000A8, 0x0000000C },
    { 0x02E9, 0x00, 0x03, 0x00, 0x00, 0x06, 0x00, 0x0F, 0x0F, 0, 0x000039B0, 0x000001E8 },
    { 0x02E9, 0x00, 0x03, 0x01, 0x00, 0x06, 0x00, 0x0F, 0x0F, 0, 0x000038A8, 0x00000108 },
    { 0x02E9, 0x00, 0x03, 0x02, 0x00, 0x06, 0x00, 0x0F, 0x0F, 0, 0x00003798, 0x00000110 },
    { 0x02E9, 0x00, 0x03, 0x03, 0x00, 0x06, 0x00, 0x0F, 0x0F, 0, 0x00003680, 0x00000118 },
    { 0x02E9, 0x00, 0x03, 0x04, 0x00, 0x06, 0x00, 0x0F, 0x0F, 0, 0x00003578, 0x00000108 },
    { 0x02E9, 0x00, 0x03, 0x05, 0x00, 0x06, 0x00, 0x0F, 0x0F, 0, 0x00003468, 0x00000110 },
    { 0x02E9, 0x00, 0x03, 0x06, 0x00, 0x06, 0x00, 0x0F, 0x0F, 0, 0x00003350, 0x00000118 },
    { 0x02E9, 0x00, 0x03, 0x07, 0x00, 0x06, 0x00, 0x0F, 0x0F, 0, 0x00003178, 0x000001D8 },
    { 0x02E9, 0x00, 0x03, 0x08, 0x00, 0x06, 0x00, 0x0F, 0x0F, 0, 0x00003070, 0x00000108 },
    { 0x02E9, 0x00, 0x03, 0x09, 0x00, 0x06, 0x00, 0x0F, 0x0F, 0, 0x00002F68, 0x00000108 },
    { 0x02E9, 0x00, 0x03, 0x0A, 0x00, 0x06, 0x00, 0x0F, 0x0F, 0, 0x00002E20, 0x00000148 },
    { 0x02E9, 0x00, 0x03, 0x0B, 0x00, 0x06, 0x00, 0x0F, 0x0F, 0, 0x00002D18, 0x00000108 },
    { 0x02E9, 0x00, 0x03, 0x0C, 0x00, 0x06, 0x00, 0x0F, 0x0F, 0, 0x00002C10, 0x00000108 },
    { 0x02E9, 0x00, 0x03, 0x0D, 0x00, 0x06, 0x00, 0x0F, 0x0F, 0, 0x00002AC8, 0x00000148 },
    { 0x02E9, 0x00, 0x03, 0x0E, 0x00, 0x06, 0x00, 0x0F, 0x0F, 0, 0x000026F0, 0x000003D8 },
    { 0x02ED, 0x00, 0x00, 0x00, 0x00, 0x06, 0x00, 0x0F, 0x0F, 0, 0x000000F0, 0x0000000C },
    { 0x02ED, 0x00, 0x01, 0x00, 0x00, 0x06, 0x00, 0x0F, 0x0F, 0, 0x000000B4, 0x0000003C },
    { 0x02ED, 0x00, 0x02, 0x00, 0x00, 0x06, 0x00, 0x0F, 0x0F, 0, 0x00000000, 0x0000000C },
    { 0x02ED, 0x00, 0x02, 0x01, 0x00, 0x06, 0x00, 0x0F, 0x0F, 0, 0x0000000C, 0x0000000C },
    { 0x02ED, 0x00, 0x02, 0x02, 0x00, 0x06, 0x00, 0x0F, 0x0F, 0, 0x00000018, 0x0000000C },
    { 0x02ED, 0x00, 0x02, 0x03, 0x00, 0x06, 0x00, 0x0F, 0x0F, 0, 0x00000024, 0x0000000C },
    { 0x02ED, 0x00, 0x02, 0x04, 0x00, 0x06, 0x00, 0x0F, 0x0F, 0, 0x00000030, 0x0000000C },
    { 0x02ED, 0x00, 0x02, 0x05, 0x00, 0x06, 0x00, 0x0F, 0x0F, 0, 0x0000003C, 0x0000000C },
    { 0x02ED, 0x00, 0x02, 0x06, 0x00, 0x06, 0x00, 0x0F, 0x0F, 0, 0x00000048, 0x0000000C },
    { 0x02ED, 0x00, 0x02, 0x07, 0x00, 0x06, 0x00, 0x0F, 0x0F, 0, 0x00000054, 0x0000000C },
    { 0x02ED, 0x00, 0x02, 0x08, 0x00, 0x06, 0x00, 0x0F, 0x0F, 0, 0x00000060, 0x0000000C },
    { 0x02ED, 0x00, 0x02, 0x09, 0x00, 0x06, 0x00, 0x0F, 0x0F, 0, 0x0000006C, 0x0000000C },
    { 0x02ED, 0x00, 0x02, 0x0A, 0x00, 0x06, 0x00, 0x0F, 0x0F, 0, 0x00000078, 0x0000000C },
    { 0x02ED, 0x00, 0x02, 0x0B, 0x00, 0x06, 0x00, 0x0F, 0x0F, 0, 0x00000084, 0x0000000C },
    { 0x02ED, 0x00, 0x02, 0x0C, 0x00, 0x06, 0x00, 0x0F, 0x0F, 0, 0x00000090, 0x0000000C },
    { 0x02ED, 0x00, 0x02, 0x0D, 0x00, 0x06, 0x00, 0x0F, 0x0F, 0, 0x0000009C, 0x0000000C },
    { 0x02ED, 0x00, 0x02, 0x0E, 0x00, 0x06, 0x00, 0x0F, 0x0F, 0, 0x000000A8, 0x0000000C },
    { 0x02ED, 0x00, 0x03, 0x00, 0x00, 0x06, 0x00, 0x0F, 0x0F, 0, 0x00004E28, 0x000000F8 },
    { 0x02ED, 0x00, 0x03, 0x01, 0x00, 0x06, 0x00, 0x0F, 0x0F, 0, 0x00004DD8, 0x00000050 },
    { 0x02ED, 0x00, 0x03, 0x02, 0x00, 0x06, 0x00, 0x0F, 0x0F, 0, 0x00004D08, 0x000000D0 },
    { 0x02ED, 0x00, 0x03, 0x03, 0x00, 0x06, 0x00, 0x0F, 0x0F, 0, 0x00004C38, 0x000000D0 },
    { 0x02ED, 0x00, 0x03, 0x04, 0x00, 0x06, 0x00, 0x0F, 0x0F, 0, 0x00004BE8, 0x00000050 },
    { 0x02ED, 0x00, 0x03, 0x05, 0x00, 0x06, 0x00, 0x0F, 0x0F, 0, 0x00004B18, 0x000000D0 },
    { 0x02ED, 0x00, 0x03, 0x06, 0x00, 0x06, 0x00, 0x0F, 0x0F, 0, 0x00004A48, 0x000000D0 },
    { 0x02ED, 0x00, 0x03, 0x07, 0x00, 0x06, 0x00, 0x0F, 0x0F, 0, 0x000046B8, 0x00000390 },
    { 0x02ED, 0x00, 0x03, 0x08, 0x00, 0x06, 0x00, 0x0F, 0x0F, 0, 0x00004588, 0x00000130 },
    { 0x02ED, 0x00, 0x03, 0x09, 0x00, 0x06, 0x00, 0x0F, 0x0F, 0, 0x00004458, 0x00000130 },
    { 0x02ED, 0x00, 0x03, 0x0A, 0x00, 0x06, 0x00, 0x0F, 0x0F, 0, 0x00004310, 0x00000148 },
    { 0x02ED, 0x00, 0x03, 0x0B, 0x00, 0x06, 0x00, 0x0F, 0x0F, 0, 0x000041E0, 0x00000130 },
    { 0x02ED, 0x00, 0x03, 0x0C, 0x00, 0x06, 0x00, 0x0F, 0x0F, 0, 0x000040B0, 0x00000130 },
    { 0x02ED, 0x00, 0x03, 0x0D, 0x00, 0x06, 0x00, 0x0F, 0x0F, 0, 0x00003F68, 0x00000148 },
    { 0x02ED, 0x00, 0x03, 0x0E, 0x00, 0x06, 0x00, 0x0F, 0x0F, 0, 0x00003B78, 0x000003F0 },
    { 0x02EE, 0x00, 0x00, 0x00, 0x00, 0x06, 0x00, 0x0F, 0x0F, 0, 0x00000330, 0x0000000C },
    { 0x02EE, 0x00, 0x01, 0x00, 0x00, 0x06, 0x00, 0x0F, 0x0F, 0, 0x000002F4, 0x0000003C },
    { 0x02EE, 0x00, 0x02, 0x00, 0x00, 0x06, 0x00, 0x0F, 0x0F, 0, 0x00000240, 0x0000000C },
    { 0x02EE, 0x00, 0x02, 0x01, 0x00, 0x06, 0x00, 0x0F, 0x0F, 0, 0x0000024C, 0x0000000C },
    { 0x02EE, 0x00, 0x02, 0x02, 0x00, 0x06, 0x00, 0x0F, 0x0F, 0, 0x00000258, 0x0000000C },
    { 0x02EE, 0x00, 0x02, 0x03, 0x00, 0x06, 0x00, 0x0F, 0x0F, 0, 0x00000264, 0x0000000C },
    { 0x02EE, 0x00, 0x02, 0x04, 0x00, 0x06, 0x00, 0x0F, 0x0F, 0, 0x00000270, 0x0000000C },
    { 0x02EE, 0x00, 0x02, 0x05, 0x00, 0x06, 0x00, 0x0F, 0x0F, 0, 0x0000027C, 0x0000000C },
    { 0x02EE, 0x00, 0x02, 0x06, 0x00, 0x06, 0x00, 0x0F, 0x0F, 0, 0x00000288, 0x0000000C },
    { 0x02EE, 0x00, 0x02, 0x07, 0x00, 0x06, 0x00, 0x0F, 0x0F, 0, 0x00000294, 0x0000000C },
    { 0x02EE, 0x00, 0x02, 0x08, 0x00, 0x06, 0x00, 0x0F, 0x0F, 0, 0x000002A0, 0x0000000C },
    { 0x02EE, 0x00, 0x02, 0x09, 0x00, 0x06, 0x00, 0x0F, 0x0F, 0, 0x000002AC, 0x0000000C },
    { 0x02EE, 0x00, 0x02, 0x0A, 0x00, 0x06, 0x00, 0x0F, 0x0F, 0, 0x000002B8, 0x0000000C },
    { 0x02EE, 0x00, 0x02, 0x0B, 0x00, 0x06, 0x00, 0x0F, 0x0F, 0, 0x000002C4, 0x0000000C },
    { 0x02EE, 0x00, 0x02, 0x0C, 0x00, 0x06, 0x00, 0x0F, 0x0F, 0, 0x000002D0, 0x0000000C },
    { 0x02EE, 0x00, 0x02, 0x0D, 0x00, 0x06, 0x00, 0x0F, 0x0F, 0, 0x000002DC, 0x0000000C },
    { 0x02EE, 0x00, 0x02, 0x0E, 0x00, 0x06, 0x00, 0x0F, 0x0F, 0, 0x000002E8, 0x0000000C },
    { 0x02EE, 0x00, 0x03, 0x00, 0x00, 0x06, 0x00, 0x0F, 0x0F, 0, 0x000069E0, 0x000000F0 },
    { 0x02EE, 0x00, 0x03, 0x01, 0x00, 0x06, 0x00, 0x0F, 0x0F, 0, 0x000070B0, 0x00000130 },
    { 0x02EE, 0x00, 0x03, 0x02, 0x00, 0x06, 0x00, 0x0F, 0x0F, 0, 0x000071E0, 0x000001C8 },
    { 0x02EE, 0x00, 0x03, 0x03, 0x00, 0x06, 0x00, 0x0F, 0x0F, 0, 0x000073A8, 0x000001E0 },
    { 0x02EE, 0x00, 0x03, 0x04, 0x00, 0x06, 0x00, 0x0F, 0x0F, 0, 0x00006AD0, 0x00000130 },
    { 0x02EE, 0x00, 0x03, 0x05, 0x00, 0x06, 0x00, 0x0F, 0x0F, 0, 0x00006C00, 0x00000250 },
    { 0x02EE, 0x00, 0x03, 0x06, 0x00, 0x06, 0x00, 0x0F, 0x0F, 0, 0x00006E50, 0x00000260 },
    { 0x02EE, 0x00, 0x03, 0x07, 0x00, 0x06, 0x00, 0x0F, 0x0F, 0, 0x00005608, 0x00000630 },
    { 0x02EE, 0x00, 0x03, 0x08, 0x00, 0x06, 0x00, 0x0F, 0x0F, 0, 0x00006510, 0x000001A8 },
    { 0x02EE, 0x00, 0x03, 0x09, 0x00, 0x06, 0x00, 0x0F, 0x0F, 0, 0x000066B8, 0x00000130 },
    { 0x02EE, 0x00, 0x03, 0x0A, 0x00, 0x06, 0x00, 0x0F, 0x0F, 0, 0x000067E8, 0x000001F8 },
    { 0x02EE, 0x00, 0x03, 0x0B, 0x00, 0x06, 0x00, 0x0F, 0x0F, 0, 0x00006040, 0x000001A8 },
    { 0x02EE, 0x00, 0x03, 0x0C, 0x00, 0x06, 0x00, 0x0F, 0x0F, 0, 0x000061E8, 0x00000130 },
    { 0x02EE, 0x00, 0x03, 0x0D, 0x00, 0x06, 0x00, 0x0F, 0x0F, 0, 0x00006318, 0x000001F8 },
    { 0x02EE, 0x00, 0x03, 0x0E, 0x00, 0x06, 0x00, 0x0F, 0x0F, 0, 0x00005C38, 0x00000408 },
    { 0x02F8, 0x00, 0x00, 0x00, 0x00, 0x06, 0x00, 0x10, 0x10, 0, 0x00007150, 0x0000000C },
    { 0x02F8, 0x00, 0x01, 0x00, 0x00, 0x06, 0x00, 0x10, 0x10, 0, 0x00007110, 0x00000040 },
    { 0x02F8, 0x00, 0x02, 0x00, 0x00, 0x06, 0x00, 0x10, 0x10, 0, 0x00007050, 0x0000000C },
    { 0x02F8, 0x00, 0x02, 0x01, 0x00, 0x06, 0x00, 0x10, 0x10, 0, 0x0000705C, 0x0000000C },
    { 0x02F8, 0x00, 0x02, 0x02, 0x00, 0x06, 0x00, 0x10, 0x10, 0, 0x00007068, 0x0000000C },
    { 0x02F8, 0x00, 0x02, 0x03, 0x00, 0x06, 0x00, 0x10, 0x10, 0, 0x00007074, 0x0000000C },
    { 0x02F8, 0x00, 0x02, 0x04, 0x00, 0x06, 0x00, 0x10, 0x10, 0, 0x00007080, 0x0000000C },
    { 0x02F8, 0x00, 0x02, 0x05, 0x00, 0x06, 0x00, 0x10, 0x10, 0, 0x0000708C, 0x0000000C },
    { 0x02F8, 0x00, 0x02, 0x06, 0x00, 0x06, 0x00, 0x10, 0x10, 0, 0x00007098, 0x0000000C },
    { 0x02F8, 0x00, 0x02, 0x07, 0x00, 0x06, 0x00, 0x10, 0x10, 0, 0x000070A4, 0x0000000C },
    { 0x02F8, 0x00, 0x02, 0x08, 0x00, 0x06, 0x00, 0x10, 0x10, 0, 0x000070B0, 0x0000000C },
    { 0x02F8, 0x00, 0x02, 0x09, 0x00, 0x06, 0x00, 0x10, 0x10, 0, 0x000070BC, 0x0000000C },
    { 0x02F8, 0x00, 0x02, 0x0A, 0x00, 0x06, 0x00, 0x10, 0x10, 0, 0x000070C8, 0x0000000C },
    { 0x02F8, 0x00, 0x02, 0x0B, 0x00, 0x06, 0x00, 0x10, 0x10, 0, 0x000070D4, 0x0000000C },
    { 0x02F8, 0x00, 0x02, 0x0C, 0x00, 0x06, 0x00, 0x10, 0x10, 0, 0x000070E0, 0x0000000C },
    { 0x02F8, 0x00, 0x02, 0x0D, 0x00, 0x06, 0x00, 0x10, 0x10, 0, 0x000070EC, 0x0000000C },
    { 0x02F8, 0x00, 0x02, 0x0E, 0x00, 0x06, 0x00, 0x10, 0x10, 0, 0x000070F8, 0x0000000C },
    { 0x02F8, 0x00, 0x02, 0x0F, 0x00, 0x06, 0x00, 0x10, 0x10, 0, 0x00007104, 0x0000000C },
    { 0x02F8, 0x00, 0x03, 0x00, 0x00, 0x06, 0x00, 0x10, 0x10, 0, 0x00006280, 0x00000238 },
    { 0x02F8, 0x00, 0x03, 0x01, 0x00, 0x06, 0x00, 0x10, 0x10, 0, 0x00006A88, 0x00000320 },
    { 0x02F8, 0x00, 0x03, 0x02, 0x00, 0x06, 0x00, 0x10, 0x10, 0, 0x00006DA8, 0x00000108 },
    { 0x02F8, 0x00, 0x03, 0x03, 0x00, 0x06, 0x00, 0x10, 0x10, 0, 0x00006EB0, 0x000001A0 },
    { 0x02F8, 0x00, 0x03, 0x04, 0x00, 0x06, 0x00, 0x10, 0x10, 0, 0x000064B8, 0x00000328 },
    { 0x02F8, 0x00, 0x03, 0x05, 0x00, 0x06, 0x00, 0x10, 0x10, 0, 0x000067E0, 0x00000108 },
    { 0x02F8, 0x00, 0x03, 0x06, 0x00, 0x06, 0x00, 0x10, 0x10, 0, 0x000068E8, 0x000001A0 },
    { 0x02F8, 0x00, 0x03, 0x07, 0x00, 0x06, 0x00, 0x10, 0x10, 0, 0x00004B20, 0x00000400 },
    { 0x02F8, 0x00, 0x03, 0x08, 0x00, 0x06, 0x00, 0x10, 0x10, 0, 0x00005D10, 0x000001B8 },
    { 0x02F8, 0x00, 0x03, 0x09, 0x00, 0x06, 0x00, 0x10, 0x10, 0, 0x00005EC8, 0x00000248 },
    { 0x02F8, 0x00, 0x03, 0x0A, 0x00, 0x06, 0x00, 0x10, 0x10, 0, 0x00006110, 0x00000170 },
    { 0x02F8, 0x00, 0x03, 0x0B, 0x00, 0x06, 0x00, 0x10, 0x10, 0, 0x00005720, 0x00000238 },
    { 0x02F8, 0x00, 0x03, 0x0C, 0x00, 0x06, 0x00, 0x10, 0x10, 0, 0x00005958, 0x00000248 },
    { 0x02F8, 0x00, 0x03, 0x0D, 0x00, 0x06, 0x00, 0x10, 0x10, 0, 0x00005BA0, 0x00000170 },
    { 0x02F8, 0x00, 0x03, 0x0E, 0x00, 0x06, 0x00, 0x10, 0x10, 0, 0x00004F20, 0x00000518 },
    { 0x02F8, 0x00, 0x03, 0x0F, 0x00, 0x06, 0x00, 0x10, 0x10, 0, 0x00005438, 0x000002E8 },
    { 0x02F9, 0x00, 0x00, 0x00, 0x00, 0x06, 0x00, 0x10, 0x10, 0, 0x00007958, 0x0000000C },
    { 0x02F9, 0x00, 0x01, 0x00, 0x00, 0x06, 0x00, 0x10, 0x10, 0, 0x00007918, 0x00000040 },
    { 0x02F9, 0x00, 0x02, 0x00, 0x00, 0x06, 0x00, 0x10, 0x10, 0, 0x00007858, 0x0000000C },
    { 0x02F9, 0x00, 0x02, 0x01, 0x00, 0x06, 0x00, 0x10, 0x10, 0, 0x00007864, 0x0000000C },
    { 0x02F9, 0x00, 0x02, 0x02, 0x00, 0x06, 0x00, 0x10, 0x10, 0, 0x00007870, 0x0000000C },
    { 0x02F9, 0x00, 0x02, 0x03, 0x00, 0x06, 0x00, 0x10, 0x10, 0, 0x0000787C, 0x0000000C },
    { 0x02F9, 0x00, 0x02, 0x04, 0x00, 0x06, 0x00, 0x10, 0x10, 0, 0x00007888, 0x0000000C },
    { 0x02F9, 0x00, 0x02, 0x05, 0x00, 0x06, 0x00, 0x10, 0x10, 0, 0x00007894, 0x0000000C },
    { 0x02F9, 0x00, 0x02, 0x06, 0x00, 0x06, 0x00, 0x10, 0x10, 0, 0x000078A0, 0x0000000C },
    { 0x02F9, 0x00, 0x02, 0x07, 0x00, 0x06, 0x00, 0x10, 0x10, 0, 0x000078AC, 0x0000000C },
    { 0x02F9, 0x00, 0x02, 0x08, 0x00, 0x06, 0x00, 0x10, 0x10, 0, 0x000078B8, 0x0000000C },
    { 0x02F9, 0x00, 0x02, 0x09, 0x00, 0x06, 0x00, 0x10, 0x10, 0, 0x000078C4, 0x0000000C },
    { 0x02F9, 0x00, 0x02, 0x0A, 0x00, 0x06, 0x00, 0x10, 0x10, 0, 0x000078D0, 0x0000000C },
    { 0x02F9, 0x00, 0x02, 0x0B, 0x00, 0x06, 0x00, 0x10, 0x10, 0, 0x000078DC, 0x0000000C },
    { 0x02F9, 0x00, 0x02, 0x0C, 0x00, 0x06, 0x00, 0x10, 0x10, 0, 0x000078E8, 0x0000000C },
    { 0x02F9, 0x00, 0x02, 0x0D, 0x00, 0x06, 0x00, 0x10, 0x10, 0, 0x000078F4, 0x0000000C },
    { 0x02F9, 0x00, 0x02, 0x0E, 0x00, 0x06, 0x00, 0x10, 0x10, 0, 0x00007900, 0x0000000C },
    { 0x02F9, 0x00, 0x02, 0x0F, 0x00, 0x06, 0x00, 0x10, 0x10, 0, 0x0000790C, 0x0000000C },
    { 0x02F9, 0x00, 0x03, 0x00, 0x00, 0x06, 0x00, 0x10, 0x10, 0, 0x00006CC0, 0x000001F0 },
    { 0x02F9, 0x00, 0x03, 0x01, 0x00, 0x06, 0x00, 0x10, 0x10, 0, 0x00007380, 0x000002B0 },
    { 0x02F9, 0x00, 0x03, 0x02, 0x00, 0x06, 0x00, 0x10, 0x10, 0, 0x00007630, 0x00000110 },
    { 0x02F9, 0x00, 0x03, 0x03, 0x00, 0x06, 0x00, 0x10, 0x10, 0, 0x00007740, 0x00000118 },
    { 0x02F9, 0x00, 0x03, 0x04, 0x00, 0x06, 0x00, 0x10, 0x10, 0, 0x00006EB0, 0x000002A8 },
    { 0x02F9, 0x00, 0x03, 0x05, 0x00, 0x06, 0x00, 0x10, 0x10, 0, 0x00007158, 0x00000110 },
    { 0x02F9, 0x00, 0x03, 0x06, 0x00, 0x06, 0x00, 0x10, 0x10, 0, 0x00007268, 0x00000118 },
    { 0x02F9, 0x00, 0x03, 0x07, 0x00, 0x06, 0x00, 0x10, 0x10, 0, 0x00005490, 0x000003F0 },
    { 0x02F9, 0x00, 0x03, 0x08, 0x00, 0x06, 0x00, 0x10, 0x10, 0, 0x000068F0, 0x00000130 },
    { 0x02F9, 0x00, 0x03, 0x09, 0x00, 0x06, 0x00, 0x10, 0x10, 0, 0x00006A20, 0x00000130 },
    { 0x02F9, 0x00, 0x03, 0x0A, 0x00, 0x06, 0x00, 0x10, 0x10, 0, 0x00006B50, 0x00000170 },
    { 0x02F9, 0x00, 0x03, 0x0B, 0x00, 0x06, 0x00, 0x10, 0x10, 0, 0x00006520, 0x00000130 },
    { 0x02F9, 0x00, 0x03, 0x0C, 0x00, 0x06, 0x00, 0x10, 0x10, 0, 0x00006650, 0x00000130 },
    { 0x02F9, 0x00, 0x03, 0x0D, 0x00, 0x06, 0x00, 0x10, 0x10, 0, 0x00006780, 0x00000170 },
    { 0x02F9, 0x00, 0x03, 0x0E, 0x00, 0x06, 0x00, 0x10, 0x10, 0, 0x00005CF0, 0x00000520 },
    { 0x02F9, 0x00, 0x03, 0x0F, 0x00, 0x06, 0x00, 0x10, 0x10, 0, 0x00006210, 0x00000310 },
    { 0x02FD, 0x00, 0x00, 0x00, 0x00, 0x06, 0x00, 0x08, 0x07, 0, 0x00003DC0, 0x0000000C },
    { 0x02FD, 0x00, 0x01, 0x00, 0x00, 0x06, 0x00, 0x08, 0x07, 0, 0x00003DA0, 0x00000020 },
    { 0x02FD, 0x00, 0x02, 0x00, 0x00, 0x06, 0x00, 0x08, 0x07, 0, 0x00003D40, 0x0000000C },
    { 0x02FD, 0x00, 0x02, 0x01, 0x00, 0x06, 0x00, 0x08, 0x07, 0, 0x00003D4C, 0x0000000C },
    { 0x02FD, 0x00, 0x02, 0x02, 0x00, 0x06, 0x00, 0x08, 0x07, 0, 0x00003D58, 0x0000000C },
    { 0x02FD, 0x00, 0x02, 0x03, 0x00, 0x06, 0x00, 0x08, 0x07, 0, 0x00003D64, 0x0000000C },
    { 0x02FD, 0x00, 0x02, 0x04, 0x00, 0x06, 0x00, 0x08, 0x07, 0, 0x00003D70, 0x0000000C },
    { 0x02FD, 0x00, 0x02, 0x05, 0x00, 0x06, 0x00, 0x08, 0x07, 0, 0x00003D7C, 0x0000000C },
    { 0x02FD, 0x00, 0x02, 0x06, 0x00, 0x06, 0x00, 0x08, 0x07, 0, 0x00003D88, 0x0000000C },
    { 0x02FD, 0x00, 0x02, 0x07, 0x00, 0x06, 0x00, 0x08, 0x07, 0, 0x00003D94, 0x0000000C },
    { 0x02FD, 0x00, 0x03, 0x01, 0x00, 0x06, 0x00, 0x08, 0x07, 0, 0x00002E58, 0x00000138 },
    { 0x02FD, 0x00, 0x03, 0x02, 0x00, 0x06, 0x00, 0x08, 0x07, 0, 0x00002F90, 0x00000130 },
    { 0x02FD, 0x00, 0x03, 0x03, 0x00, 0x06, 0x00, 0x08, 0x07, 0, 0x000030C0, 0x00000170 },
    { 0x02FD, 0x00, 0x03, 0x04, 0x00, 0x06, 0x00, 0x08, 0x07, 0, 0x000028A0, 0x00000428 },
    { 0x02FD, 0x00, 0x03, 0x05, 0x00, 0x06, 0x00, 0x08, 0x07, 0, 0x00002CC8, 0x00000190 },
    { 0x02FD, 0x00, 0x03, 0x06, 0x00, 0x06, 0x00, 0x08, 0x07, 0, 0x00002300, 0x000005A0 },
    { 0x02FD, 0x00, 0x03, 0x07, 0x00, 0x06, 0x00, 0x08, 0x07, 0, 0x000021E0, 0x00000120 },
    { 0x02FE, 0x00, 0x00, 0x00, 0x00, 0x06, 0x00, 0x0F, 0x0D, 0, 0x00006260, 0x0000000C },
    { 0x02FE, 0x00, 0x01, 0x00, 0x00, 0x06, 0x00, 0x0F, 0x0D, 0, 0x00006224, 0x0000003C },
    { 0x02FE, 0x00, 0x02, 0x00, 0x00, 0x06, 0x00, 0x0F, 0x0D, 0, 0x00006170, 0x0000000C },
    { 0x02FE, 0x00, 0x02, 0x01, 0x00, 0x06, 0x00, 0x0F, 0x0D, 0, 0x0000617C, 0x0000000C },
    { 0x02FE, 0x00, 0x02, 0x02, 0x00, 0x06, 0x00, 0x0F, 0x0D, 0, 0x00006188, 0x0000000C },
    { 0x02FE, 0x00, 0x02, 0x03, 0x00, 0x06, 0x00, 0x0F, 0x0D, 0, 0x00006194, 0x0000000C },
    { 0x02FE, 0x00, 0x02, 0x04, 0x00, 0x06, 0x00, 0x0F, 0x0D, 0, 0x000061A0, 0x0000000C },
    { 0x02FE, 0x00, 0x02, 0x05, 0x00, 0x06, 0x00, 0x0F, 0x0D, 0, 0x000061AC, 0x0000000C },
    { 0x02FE, 0x00, 0x02, 0x06, 0x00, 0x06, 0x00, 0x0F, 0x0D, 0, 0x000061B8, 0x0000000C },
    { 0x02FE, 0x00, 0x02, 0x07, 0x00, 0x06, 0x00, 0x0F, 0x0D, 0, 0x000061C4, 0x0000000C },
    { 0x02FE, 0x00, 0x02, 0x08, 0x00, 0x06, 0x00, 0x0F, 0x0D, 0, 0x000061D0, 0x0000000C },
    { 0x02FE, 0x00, 0x02, 0x09, 0x00, 0x06, 0x00, 0x0F, 0x0D, 0, 0x000061DC, 0x0000000C },
    { 0x02FE, 0x00, 0x02, 0x0A, 0x00, 0x06, 0x00, 0x0F, 0x0D, 0, 0x000061E8, 0x0000000C },
    { 0x02FE, 0x00, 0x02, 0x0B, 0x00, 0x06, 0x00, 0x0F, 0x0D, 0, 0x000061F4, 0x0000000C },
    { 0x02FE, 0x00, 0x02, 0x0C, 0x00, 0x06, 0x00, 0x0F, 0x0D, 0, 0x00006200, 0x0000000C },
    { 0x02FE, 0x00, 0x02, 0x0D, 0x00, 0x06, 0x00, 0x0F, 0x0D, 0, 0x0000620C, 0x0000000C },
    { 0x02FE, 0x00, 0x02, 0x0E, 0x00, 0x06, 0x00, 0x0F, 0x0D, 0, 0x00006218, 0x0000000C },
    { 0x02FE, 0x00, 0x03, 0x01, 0x00, 0x06, 0x00, 0x0F, 0x0D, 0, 0x00004AB8, 0x00000138 },
    { 0x02FE, 0x00, 0x03, 0x02, 0x00, 0x06, 0x00, 0x0F, 0x0D, 0, 0x00004BF0, 0x00000100 },
    { 0x02FE, 0x00, 0x03, 0x03, 0x00, 0x06, 0x00, 0x0F, 0x0D, 0, 0x00004CF8, 0x00000158 },
    { 0x02FE, 0x00, 0x03, 0x04, 0x00, 0x06, 0x00, 0x0F, 0x0D, 0, 0x00004728, 0x00000138 },
    { 0x02FE, 0x00, 0x03, 0x05, 0x00, 0x06, 0x00, 0x0F, 0x0D, 0, 0x00004860, 0x00000100 },
    { 0x02FE, 0x00, 0x03, 0x06, 0x00, 0x06, 0x00, 0x0F, 0x0D, 0, 0x00004960, 0x00000158 },
    { 0x02FE, 0x00, 0x03, 0x08, 0x00, 0x06, 0x00, 0x0F, 0x0D, 0, 0x00004380, 0x000003A8 },
    { 0x02FE, 0x00, 0x03, 0x09, 0x00, 0x06, 0x00, 0x0F, 0x0D, 0, 0x000042A0, 0x000000E0 },
    { 0x02FE, 0x00, 0x03, 0x0A, 0x00, 0x06, 0x00, 0x0F, 0x0D, 0, 0x00004140, 0x00000160 },
    { 0x02FE, 0x00, 0x03, 0x0B, 0x00, 0x06, 0x00, 0x0F, 0x0D, 0, 0x00004CF0, 0x00000008 },
    { 0x02FE, 0x00, 0x03, 0x0C, 0x00, 0x06, 0x00, 0x0F, 0x0D, 0, 0x00004CF0, 0x00000008 },
    { 0x02FE, 0x00, 0x03, 0x0D, 0x00, 0x06, 0x00, 0x0F, 0x0D, 0, 0x00003AB0, 0x00000690 },
    { 0x02FE, 0x00, 0x03, 0x0E, 0x00, 0x06, 0x00, 0x0F, 0x0D, 0, 0x00003760, 0x00000350 },
    { 0x0307, 0x00, 0x00, 0x00, 0x00, 0x06, 0x00, 0x14, 0x14, 0, 0x0000C0E8, 0x0000000C },
    { 0x0307, 0x00, 0x01, 0x00, 0x00, 0x06, 0x00, 0x14, 0x14, 0, 0x0000C098, 0x00000050 },
    { 0x0307, 0x00, 0x02, 0x00, 0x00, 0x06, 0x00, 0x14, 0x14, 0, 0x0000BFA8, 0x0000000C },
    { 0x0307, 0x00, 0x02, 0x01, 0x00, 0x06, 0x00, 0x14, 0x14, 0, 0x0000BFB4, 0x0000000C },
    { 0x0307, 0x00, 0x02, 0x02, 0x00, 0x06, 0x00, 0x14, 0x14, 0, 0x0000BFC0, 0x0000000C },
    { 0x0307, 0x00, 0x02, 0x03, 0x00, 0x06, 0x00, 0x14, 0x14, 0, 0x0000BFCC, 0x0000000C },
    { 0x0307, 0x00, 0x02, 0x04, 0x00, 0x06, 0x00, 0x14, 0x14, 0, 0x0000BFD8, 0x0000000C },
    { 0x0307, 0x00, 0x02, 0x05, 0x00, 0x06, 0x00, 0x14, 0x14, 0, 0x0000BFE4, 0x0000000C },
    { 0x0307, 0x00, 0x02, 0x06, 0x00, 0x06, 0x00, 0x14, 0x14, 0, 0x0000BFF0, 0x0000000C },
    { 0x0307, 0x00, 0x02, 0x07, 0x00, 0x06, 0x00, 0x14, 0x14, 0, 0x0000BFFC, 0x0000000C },
    { 0x0307, 0x00, 0x02, 0x08, 0x00, 0x06, 0x00, 0x14, 0x14, 0, 0x0000C008, 0x0000000C },
    { 0x0307, 0x00, 0x02, 0x09, 0x00, 0x06, 0x00, 0x14, 0x14, 0, 0x0000C014, 0x0000000C },
    { 0x0307, 0x00, 0x02, 0x0A, 0x00, 0x06, 0x00, 0x14, 0x14, 0, 0x0000C020, 0x0000000C },
    { 0x0307, 0x00, 0x02, 0x0B, 0x00, 0x06, 0x00, 0x14, 0x14, 0, 0x0000C02C, 0x0000000C },
    { 0x0307, 0x00, 0x02, 0x0C, 0x00, 0x06, 0x00, 0x14, 0x14, 0, 0x0000C038, 0x0000000C },
    { 0x0307, 0x00, 0x02, 0x0D, 0x00, 0x06, 0x00, 0x14, 0x14, 0, 0x0000C044, 0x0000000C },
    { 0x0307, 0x00, 0x02, 0x0E, 0x00, 0x06, 0x00, 0x14, 0x14, 0, 0x0000C050, 0x0000000C },
    { 0x0307, 0x00, 0x02, 0x0F, 0x00, 0x06, 0x00, 0x14, 0x14, 0, 0x0000C05C, 0x0000000C },
    { 0x0307, 0x00, 0x02, 0x10, 0x00, 0x06, 0x00, 0x14, 0x14, 0, 0x0000C068, 0x0000000C },
    { 0x0307, 0x00, 0x02, 0x11, 0x00, 0x06, 0x00, 0x14, 0x14, 0, 0x0000C074, 0x0000000C },
    { 0x0307, 0x00, 0x02, 0x12, 0x00, 0x06, 0x00, 0x14, 0x14, 0, 0x0000C080, 0x0000000C },
    { 0x0307, 0x00, 0x02, 0x13, 0x00, 0x06, 0x00, 0x14, 0x14, 0, 0x0000C08C, 0x0000000C },
    { 0x0307, 0x00, 0x03, 0x00, 0x00, 0x06, 0x00, 0x14, 0x14, 0, 0x00004B40, 0x00000178 },
    { 0x0307, 0x00, 0x03, 0x01, 0x00, 0x06, 0x00, 0x14, 0x14, 0, 0x00004CB8, 0x00000128 },
    { 0x0307, 0x00, 0x03, 0x02, 0x00, 0x06, 0x00, 0x14, 0x14, 0, 0x00004DE0, 0x00000480 },
    { 0x0307, 0x00, 0x03, 0x03, 0x00, 0x06, 0x00, 0x14, 0x14, 0, 0x00005318, 0x000000B8 },
    { 0x0307, 0x00, 0x03, 0x04, 0x00, 0x06, 0x00, 0x14, 0x14, 0, 0x00005260, 0x000000B8 },
    { 0x0307, 0x00, 0x03, 0x05, 0x00, 0x06, 0x00, 0x14, 0x14, 0, 0x00005720, 0x00000240 },
    { 0x0307, 0x00, 0x03, 0x06, 0x00, 0x06, 0x00, 0x14, 0x14, 0, 0x00005960, 0x00000258 },
    { 0x0307, 0x00, 0x03, 0x07, 0x00, 0x06, 0x00, 0x14, 0x14, 0, 0x00005BB8, 0x00000230 },
    { 0x0307, 0x00, 0x03, 0x08, 0x00, 0x06, 0x00, 0x14, 0x14, 0, 0x00005DE8, 0x00000280 },
    { 0x0307, 0x00, 0x03, 0x09, 0x00, 0x06, 0x00, 0x14, 0x14, 0, 0x00006068, 0x00000240 },
    { 0x0307, 0x00, 0x03, 0x0A, 0x00, 0x06, 0x00, 0x14, 0x14, 0, 0x000062A8, 0x00000258 },
    { 0x0307, 0x00, 0x03, 0x0B, 0x00, 0x06, 0x00, 0x14, 0x14, 0, 0x00006500, 0x00000230 },
    { 0x0307, 0x00, 0x03, 0x0C, 0x00, 0x06, 0x00, 0x14, 0x14, 0, 0x00006730, 0x00000280 },
    { 0x0307, 0x00, 0x03, 0x0D, 0x00, 0x06, 0x00, 0x14, 0x14, 0, 0x000053D0, 0x000000C8 },
    { 0x0307, 0x00, 0x03, 0x0E, 0x00, 0x06, 0x00, 0x14, 0x14, 0, 0x00005498, 0x000000F0 },
    { 0x0307, 0x00, 0x03, 0x0F, 0x00, 0x06, 0x00, 0x14, 0x14, 0, 0x00005588, 0x00000198 },
    { 0x0307, 0x00, 0x03, 0x10, 0x00, 0x06, 0x00, 0x14, 0x14, 0, 0x00006A58, 0x000000C8 },
    { 0x0307, 0x00, 0x03, 0x11, 0x00, 0x06, 0x00, 0x14, 0x14, 0, 0x00006B20, 0x000000F0 },
    { 0x0307, 0x00, 0x03, 0x12, 0x00, 0x06, 0x00, 0x14, 0x14, 0, 0x00006C10, 0x00000198 },
    { 0x0307, 0x00, 0x03, 0x13, 0x00, 0x06, 0x00, 0x14, 0x14, 0, 0x000069B0, 0x000000A8 },
    { 0x0307, 0x01, 0x00, 0x00, 0x00, 0x06, 0x00, 0x0F, 0x0E, 0, 0x000100B0, 0x0000000C },
    { 0x0307, 0x01, 0x01, 0x00, 0x00, 0x06, 0x00, 0x0F, 0x0E, 0, 0x00010074, 0x0000003C },
    { 0x0307, 0x01, 0x02, 0x00, 0x00, 0x06, 0x00, 0x0F, 0x0E, 0, 0x0000FFC0, 0x0000000C },
    { 0x0307, 0x01, 0x02, 0x01, 0x00, 0x06, 0x00, 0x0F, 0x0E, 0, 0x0000FFCC, 0x0000000C },
    { 0x0307, 0x01, 0x02, 0x02, 0x00, 0x06, 0x00, 0x0F, 0x0E, 0, 0x0000FFD8, 0x0000000C },
    { 0x0307, 0x01, 0x02, 0x03, 0x00, 0x06, 0x00, 0x0F, 0x0E, 0, 0x0000FFE4, 0x0000000C },
    { 0x0307, 0x01, 0x02, 0x04, 0x00, 0x06, 0x00, 0x0F, 0x0E, 0, 0x0000FFF0, 0x0000000C },
    { 0x0307, 0x01, 0x02, 0x05, 0x00, 0x06, 0x00, 0x0F, 0x0E, 0, 0x0000FFFC, 0x0000000C },
    { 0x0307, 0x01, 0x02, 0x06, 0x00, 0x06, 0x00, 0x0F, 0x0E, 0, 0x00010008, 0x0000000C },
    { 0x0307, 0x01, 0x02, 0x07, 0x00, 0x06, 0x00, 0x0F, 0x0E, 0, 0x00010014, 0x0000000C },
    { 0x0307, 0x01, 0x02, 0x08, 0x00, 0x06, 0x00, 0x0F, 0x0E, 0, 0x00010020, 0x0000000C },
    { 0x0307, 0x01, 0x02, 0x09, 0x00, 0x06, 0x00, 0x0F, 0x0E, 0, 0x0001002C, 0x0000000C },
    { 0x0307, 0x01, 0x02, 0x0A, 0x00, 0x06, 0x00, 0x0F, 0x0E, 0, 0x00010038, 0x0000000C },
    { 0x0307, 0x01, 0x02, 0x0B, 0x00, 0x06, 0x00, 0x0F, 0x0E, 0, 0x00010044, 0x0000000C },
    { 0x0307, 0x01, 0x02, 0x0C, 0x00, 0x06, 0x00, 0x0F, 0x0E, 0, 0x00010050, 0x0000000C },
    { 0x0307, 0x01, 0x02, 0x0D, 0x00, 0x06, 0x00, 0x0F, 0x0E, 0, 0x0001005C, 0x0000000C },
    { 0x0307, 0x01, 0x02, 0x0E, 0x00, 0x06, 0x00, 0x0F, 0x0E, 0, 0x00010068, 0x0000000C },
    { 0x0307, 0x01, 0x03, 0x01, 0x00, 0x06, 0x00, 0x0F, 0x0E, 0, 0x0000F1C0, 0x00000170 },
    { 0x0307, 0x01, 0x03, 0x02, 0x00, 0x06, 0x00, 0x0F, 0x0E, 0, 0x0000F330, 0x00000480 },
    { 0x0307, 0x01, 0x03, 0x03, 0x00, 0x06, 0x00, 0x0F, 0x0E, 0, 0x0000F7B0, 0x000000B8 },
    { 0x0307, 0x01, 0x03, 0x04, 0x00, 0x06, 0x00, 0x0F, 0x0E, 0, 0x0000F868, 0x000000B8 },
    { 0x0307, 0x01, 0x03, 0x05, 0x00, 0x06, 0x00, 0x0F, 0x0E, 0, 0x0000F0D8, 0x000000E8 },
    { 0x0307, 0x01, 0x03, 0x06, 0x00, 0x06, 0x00, 0x0F, 0x0E, 0, 0x0000EEA0, 0x00000190 },
    { 0x0307, 0x01, 0x03, 0x07, 0x00, 0x06, 0x00, 0x0F, 0x0E, 0, 0x0000ED10, 0x00000190 },
    { 0x0307, 0x01, 0x03, 0x08, 0x00, 0x06, 0x00, 0x0F, 0x0E, 0, 0x0000F920, 0x000000C8 },
    { 0x0307, 0x01, 0x03, 0x09, 0x00, 0x06, 0x00, 0x0F, 0x0E, 0, 0x0000F9E8, 0x000000F0 },
    { 0x0307, 0x01, 0x03, 0x0A, 0x00, 0x06, 0x00, 0x0F, 0x0E, 0, 0x0000FAD8, 0x00000198 },
    { 0x0307, 0x01, 0x03, 0x0B, 0x00, 0x06, 0x00, 0x0F, 0x0E, 0, 0x0000FC70, 0x000000C8 },
    { 0x0307, 0x01, 0x03, 0x0C, 0x00, 0x06, 0x00, 0x0F, 0x0E, 0, 0x0000FD38, 0x000000F0 },
    { 0x0307, 0x01, 0x03, 0x0D, 0x00, 0x06, 0x00, 0x0F, 0x0E, 0, 0x0000FE28, 0x00000198 },
    { 0x0307, 0x01, 0x03, 0x0E, 0x00, 0x06, 0x00, 0x0F, 0x0E, 0, 0x0000F030, 0x000000A8 },
    { 0x0308, 0x00, 0x00, 0x00, 0x00, 0x06, 0x00, 0x0C, 0x0C, 0, 0x00005DF0, 0x0000000C },
    { 0x0308, 0x00, 0x01, 0x00, 0x00, 0x06, 0x00, 0x0C, 0x0C, 0, 0x00005DC0, 0x00000030 },
    { 0x0308, 0x00, 0x02, 0x00, 0x00, 0x06, 0x00, 0x0C, 0x0C, 0, 0x00005D30, 0x0000000C },
    { 0x0308, 0x00, 0x02, 0x01, 0x00, 0x06, 0x00, 0x0C, 0x0C, 0, 0x00005D3C, 0x0000000C },
    { 0x0308, 0x00, 0x02, 0x02, 0x00, 0x06, 0x00, 0x0C, 0x0C, 0, 0x00005D48, 0x0000000C },
    { 0x0308, 0x00, 0x02, 0x03, 0x00, 0x06, 0x00, 0x0C, 0x0C, 0, 0x00005D54, 0x0000000C },
    { 0x0308, 0x00, 0x02, 0x04, 0x00, 0x06, 0x00, 0x0C, 0x0C, 0, 0x00005D60, 0x0000000C },
    { 0x0308, 0x00, 0x02, 0x05, 0x00, 0x06, 0x00, 0x0C, 0x0C, 0, 0x00005D6C, 0x0000000C },
    { 0x0308, 0x00, 0x02, 0x06, 0x00, 0x06, 0x00, 0x0C, 0x0C, 0, 0x00005D78, 0x0000000C },
    { 0x0308, 0x00, 0x02, 0x07, 0x00, 0x06, 0x00, 0x0C, 0x0C, 0, 0x00005D84, 0x0000000C },
    { 0x0308, 0x00, 0x02, 0x08, 0x00, 0x06, 0x00, 0x0C, 0x0C, 0, 0x00005D90, 0x0000000C },
    { 0x0308, 0x00, 0x02, 0x09, 0x00, 0x06, 0x00, 0x0C, 0x0C, 0, 0x00005D9C, 0x0000000C },
    { 0x0308, 0x00, 0x02, 0x0A, 0x00, 0x06, 0x00, 0x0C, 0x0C, 0, 0x00005DA8, 0x0000000C },
    { 0x0308, 0x00, 0x02, 0x0B, 0x00, 0x06, 0x00, 0x0C, 0x0C, 0, 0x00005DB4, 0x0000000C },
    { 0x0308, 0x00, 0x03, 0x00, 0x00, 0x06, 0x00, 0x0C, 0x0C, 0, 0x00004DB0, 0x00000180 },
    { 0x0308, 0x00, 0x03, 0x01, 0x00, 0x06, 0x00, 0x0C, 0x0C, 0, 0x00003470, 0x000002F0 },
    { 0x0308, 0x00, 0x03, 0x02, 0x00, 0x06, 0x00, 0x0C, 0x0C, 0, 0x00004A00, 0x00000130 },
    { 0x0308, 0x00, 0x03, 0x03, 0x00, 0x06, 0x00, 0x0C, 0x0C, 0, 0x00004B30, 0x00000130 },
    { 0x0308, 0x00, 0x03, 0x04, 0x00, 0x06, 0x00, 0x0C, 0x0C, 0, 0x00004C60, 0x00000150 },
    { 0x0308, 0x00, 0x03, 0x05, 0x00, 0x06, 0x00, 0x0C, 0x0C, 0, 0x00004650, 0x00000130 },
    { 0x0308, 0x00, 0x03, 0x06, 0x00, 0x06, 0x00, 0x0C, 0x0C, 0, 0x00004780, 0x00000130 },
    { 0x0308, 0x00, 0x03, 0x07, 0x00, 0x06, 0x00, 0x0C, 0x0C, 0, 0x000048B0, 0x00000150 },
    { 0x0308, 0x00, 0x03, 0x08, 0x00, 0x06, 0x00, 0x0C, 0x0C, 0, 0x00003760, 0x00000350 },
    { 0x0308, 0x00, 0x03, 0x09, 0x00, 0x06, 0x00, 0x0C, 0x0C, 0, 0x00003AB0, 0x00000118 },
    { 0x0308, 0x00, 0x03, 0x0A, 0x00, 0x06, 0x00, 0x0C, 0x0C, 0, 0x00003BC8, 0x00000708 },
    { 0x0308, 0x00, 0x03, 0x0B, 0x00, 0x06, 0x00, 0x0C, 0x0C, 0, 0x000042D0, 0x00000380 },
    { 0x0309, 0x00, 0x00, 0x00, 0x00, 0x06, 0x00, 0x0F, 0x0F, 0, 0x00006C90, 0x0000000C },
    { 0x0309, 0x00, 0x01, 0x00, 0x00, 0x06, 0x00, 0x0F, 0x0F, 0, 0x00006C54, 0x0000003C },
    { 0x0309, 0x00, 0x02, 0x00, 0x00, 0x06, 0x00, 0x0F, 0x0F, 0, 0x00006BA0, 0x0000000C },
    { 0x0309, 0x00, 0x02, 0x01, 0x00, 0x06, 0x00, 0x0F, 0x0F, 0, 0x00006BAC, 0x0000000C },
    { 0x0309, 0x00, 0x02, 0x02, 0x00, 0x06, 0x00, 0x0F, 0x0F, 0, 0x00006BB8, 0x0000000C },
    { 0x0309, 0x00, 0x02, 0x03, 0x00, 0x06, 0x00, 0x0F, 0x0F, 0, 0x00006BC4, 0x0000000C },
    { 0x0309, 0x00, 0x02, 0x04, 0x00, 0x06, 0x00, 0x0F, 0x0F, 0, 0x00006BD0, 0x0000000C },
    { 0x0309, 0x00, 0x02, 0x05, 0x00, 0x06, 0x00, 0x0F, 0x0F, 0, 0x00006BDC, 0x0000000C },
    { 0x0309, 0x00, 0x02, 0x06, 0x00, 0x06, 0x00, 0x0F, 0x0F, 0, 0x00006BE8, 0x0000000C },
    { 0x0309, 0x00, 0x02, 0x07, 0x00, 0x06, 0x00, 0x0F, 0x0F, 0, 0x00006BF4, 0x0000000C },
    { 0x0309, 0x00, 0x02, 0x08, 0x00, 0x06, 0x00, 0x0F, 0x0F, 0, 0x00006C00, 0x0000000C },
    { 0x0309, 0x00, 0x02, 0x09, 0x00, 0x06, 0x00, 0x0F, 0x0F, 0, 0x00006C0C, 0x0000000C },
    { 0x0309, 0x00, 0x02, 0x0A, 0x00, 0x06, 0x00, 0x0F, 0x0F, 0, 0x00006C18, 0x0000000C },
    { 0x0309, 0x00, 0x02, 0x0B, 0x00, 0x06, 0x00, 0x0F, 0x0F, 0, 0x00006C24, 0x0000000C },
    { 0x0309, 0x00, 0x02, 0x0C, 0x00, 0x06, 0x00, 0x0F, 0x0F, 0, 0x00006C30, 0x0000000C },
    { 0x0309, 0x00, 0x02, 0x0D, 0x00, 0x06, 0x00, 0x0F, 0x0F, 0, 0x00006C3C, 0x0000000C },
    { 0x0309, 0x00, 0x02, 0x0E, 0x00, 0x06, 0x00, 0x0F, 0x0F, 0, 0x00006C48, 0x0000000C },
    { 0x0309, 0x00, 0x03, 0x00, 0x00, 0x06, 0x00, 0x0F, 0x0F, 0, 0x00004460, 0x00000110 },
    { 0x0309, 0x00, 0x03, 0x01, 0x00, 0x06, 0x00, 0x0F, 0x0F, 0, 0x000048E8, 0x00000120 },
    { 0x0309, 0x00, 0x03, 0x02, 0x00, 0x06, 0x00, 0x0F, 0x0F, 0, 0x00004A08, 0x00000150 },
    { 0x0309, 0x00, 0x03, 0x03, 0x00, 0x06, 0x00, 0x0F, 0x0F, 0, 0x00004B58, 0x00000108 },
    { 0x0309, 0x00, 0x03, 0x04, 0x00, 0x06, 0x00, 0x0F, 0x0F, 0, 0x00004570, 0x00000120 },
    { 0x0309, 0x00, 0x03, 0x05, 0x00, 0x06, 0x00, 0x0F, 0x0F, 0, 0x00004690, 0x00000150 },
    { 0x0309, 0x00, 0x03, 0x06, 0x00, 0x06, 0x00, 0x0F, 0x0F, 0, 0x000047E0, 0x00000108 },
    { 0x0309, 0x00, 0x03, 0x07, 0x00, 0x06, 0x00, 0x0F, 0x0F, 0, 0x00003320, 0x00000380 },
    { 0x0309, 0x00, 0x03, 0x08, 0x00, 0x06, 0x00, 0x0F, 0x0F, 0, 0x000040E0, 0x000002B0 },
    { 0x0309, 0x00, 0x03, 0x09, 0x00, 0x06, 0x00, 0x0F, 0x0F, 0, 0x00004390, 0x000000D0 },
    { 0x0309, 0x00, 0x03, 0x0A, 0x00, 0x06, 0x00, 0x0F, 0x0F, 0, 0x00003BD8, 0x00000130 },
    { 0x0309, 0x00, 0x03, 0x0B, 0x00, 0x06, 0x00, 0x0F, 0x0F, 0, 0x00003D08, 0x00000130 },
    { 0x0309, 0x00, 0x03, 0x0C, 0x00, 0x06, 0x00, 0x0F, 0x0F, 0, 0x00003E38, 0x000002A8 },
    { 0x0309, 0x00, 0x03, 0x0D, 0x00, 0x06, 0x00, 0x0F, 0x0F, 0, 0x000036A0, 0x00000538 },
    { 0x0309, 0x00, 0x03, 0x0E, 0x00, 0x06, 0x00, 0x0F, 0x0F, 0, 0x00003130, 0x000001F0 },
    { 0x0312, 0x00, 0x00, 0x00, 0x00, 0x06, 0x00, 0x0F, 0x0F, 0, 0x00005E18, 0x0000000C },
    { 0x0312, 0x00, 0x01, 0x00, 0x00, 0x06, 0x00, 0x0F, 0x0F, 0, 0x00005DDC, 0x0000003C },
    { 0x0312, 0x00, 0x02, 0x00, 0x00, 0x06, 0x00, 0x0F, 0x0F, 0, 0x00005D28, 0x0000000C },
    { 0x0312, 0x00, 0x02, 0x01, 0x00, 0x06, 0x00, 0x0F, 0x0F, 0, 0x00005D34, 0x0000000C },
    { 0x0312, 0x00, 0x02, 0x02, 0x00, 0x06, 0x00, 0x0F, 0x0F, 0, 0x00005D40, 0x0000000C },
    { 0x0312, 0x00, 0x02, 0x03, 0x00, 0x06, 0x00, 0x0F, 0x0F, 0, 0x00005D4C, 0x0000000C },
    { 0x0312, 0x00, 0x02, 0x04, 0x00, 0x06, 0x00, 0x0F, 0x0F, 0, 0x00005D58, 0x0000000C },
    { 0x0312, 0x00, 0x02, 0x05, 0x00, 0x06, 0x00, 0x0F, 0x0F, 0, 0x00005D64, 0x0000000C },
    { 0x0312, 0x00, 0x02, 0x06, 0x00, 0x06, 0x00, 0x0F, 0x0F, 0, 0x00005D70, 0x0000000C },
    { 0x0312, 0x00, 0x02, 0x07, 0x00, 0x06, 0x00, 0x0F, 0x0F, 0, 0x00005D7C, 0x0000000C },
    { 0x0312, 0x00, 0x02, 0x08, 0x00, 0x06, 0x00, 0x0F, 0x0F, 0, 0x00005D88, 0x0000000C },
    { 0x0312, 0x00, 0x02, 0x09, 0x00, 0x06, 0x00, 0x0F, 0x0F, 0, 0x00005D94, 0x0000000C },
    { 0x0312, 0x00, 0x02, 0x0A, 0x00, 0x06, 0x00, 0x0F, 0x0F, 0, 0x00005DA0, 0x0000000C },
    { 0x0312, 0x00, 0x02, 0x0B, 0x00, 0x06, 0x00, 0x0F, 0x0F, 0, 0x00005DAC, 0x0000000C },
    { 0x0312, 0x00, 0x02, 0x0C, 0x00, 0x06, 0x00, 0x0F, 0x0F, 0, 0x00005DB8, 0x0000000C },
    { 0x0312, 0x00, 0x02, 0x0D, 0x00, 0x06, 0x00, 0x0F, 0x0F, 0, 0x00005DC4, 0x0000000C },
    { 0x0312, 0x00, 0x02, 0x0E, 0x00, 0x06, 0x00, 0x0F, 0x0F, 0, 0x00005DD0, 0x0000000C },
    { 0x0312, 0x00, 0x03, 0x00, 0x00, 0x06, 0x00, 0x0F, 0x0F, 0, 0x00005328, 0x00000098 },
    { 0x0312, 0x00, 0x03, 0x01, 0x00, 0x06, 0x00, 0x0F, 0x0F, 0, 0x000058B8, 0x000001D8 },
    { 0x0312, 0x00, 0x03, 0x02, 0x00, 0x06, 0x00, 0x0F, 0x0F, 0, 0x00005A90, 0x00000168 },
    { 0x0312, 0x00, 0x03, 0x03, 0x00, 0x06, 0x00, 0x0F, 0x0F, 0, 0x00005BF8, 0x00000130 },
    { 0x0312, 0x00, 0x03, 0x04, 0x00, 0x06, 0x00, 0x0F, 0x0F, 0, 0x000053C0, 0x00000260 },
    { 0x0312, 0x00, 0x03, 0x05, 0x00, 0x06, 0x00, 0x0F, 0x0F, 0, 0x00005620, 0x00000168 },
    { 0x0312, 0x00, 0x03, 0x06, 0x00, 0x06, 0x00, 0x0F, 0x0F, 0, 0x00005788, 0x00000130 },
    { 0x0312, 0x00, 0x03, 0x07, 0x00, 0x06, 0x00, 0x0F, 0x0F, 0, 0x00004010, 0x00000338 },
    { 0x0312, 0x00, 0x03, 0x08, 0x00, 0x06, 0x00, 0x0F, 0x0F, 0, 0x00004EC8, 0x00000130 },
    { 0x0312, 0x00, 0x03, 0x09, 0x00, 0x06, 0x00, 0x0F, 0x0F, 0, 0x00004FF8, 0x00000130 },
    { 0x0312, 0x00, 0x03, 0x0A, 0x00, 0x06, 0x00, 0x0F, 0x0F, 0, 0x00005128, 0x00000200 },
    { 0x0312, 0x00, 0x03, 0x0B, 0x00, 0x06, 0x00, 0x0F, 0x0F, 0, 0x00004A68, 0x00000130 },
    { 0x0312, 0x00, 0x03, 0x0C, 0x00, 0x06, 0x00, 0x0F, 0x0F, 0, 0x00004B98, 0x00000130 },
    { 0x0312, 0x00, 0x03, 0x0D, 0x00, 0x06, 0x00, 0x0F, 0x0F, 0, 0x00004CC8, 0x00000200 },
    { 0x0312, 0x00, 0x03, 0x0E, 0x00, 0x06, 0x00, 0x0F, 0x0F, 0, 0x00004348, 0x00000720 },
    { 0x0314, 0x00, 0x00, 0x00, 0x00, 0x06, 0x00, 0x08, 0x08, 0, 0x00004658, 0x0000000C },
    { 0x0314, 0x00, 0x01, 0x00, 0x00, 0x06, 0x00, 0x08, 0x08, 0, 0x00004638, 0x00000020 },
    { 0x0314, 0x00, 0x02, 0x00, 0x00, 0x06, 0x00, 0x08, 0x08, 0, 0x000045D8, 0x0000000C },
    { 0x0314, 0x00, 0x02, 0x01, 0x00, 0x06, 0x00, 0x08, 0x08, 0, 0x000045E4, 0x0000000C },
    { 0x0314, 0x00, 0x02, 0x02, 0x00, 0x06, 0x00, 0x08, 0x08, 0, 0x000045F0, 0x0000000C },
    { 0x0314, 0x00, 0x02, 0x03, 0x00, 0x06, 0x00, 0x08, 0x08, 0, 0x000045FC, 0x0000000C },
    { 0x0314, 0x00, 0x02, 0x04, 0x00, 0x06, 0x00, 0x08, 0x08, 0, 0x00004608, 0x0000000C },
    { 0x0314, 0x00, 0x02, 0x05, 0x00, 0x06, 0x00, 0x08, 0x08, 0, 0x00004614, 0x0000000C },
    { 0x0314, 0x00, 0x02, 0x06, 0x00, 0x06, 0x00, 0x08, 0x08, 0, 0x00004620, 0x0000000C },
    { 0x0314, 0x00, 0x02, 0x07, 0x00, 0x06, 0x00, 0x08, 0x08, 0, 0x0000462C, 0x0000000C },
    { 0x0314, 0x00, 0x03, 0x00, 0x00, 0x06, 0x00, 0x08, 0x08, 0, 0x00001D80, 0x00000328 },
    { 0x0314, 0x00, 0x03, 0x01, 0x00, 0x06, 0x00, 0x08, 0x08, 0, 0x00002A00, 0x00000130 },
    { 0x0314, 0x00, 0x03, 0x02, 0x00, 0x06, 0x00, 0x08, 0x08, 0, 0x00002B30, 0x00000130 },
    { 0x0314, 0x00, 0x03, 0x03, 0x00, 0x06, 0x00, 0x08, 0x08, 0, 0x00002C60, 0x000001B8 },
    { 0x0314, 0x00, 0x03, 0x04, 0x00, 0x06, 0x00, 0x08, 0x08, 0, 0x000025E8, 0x00000130 },
    { 0x0314, 0x00, 0x03, 0x05, 0x00, 0x06, 0x00, 0x08, 0x08, 0, 0x00002718, 0x00000130 },
    { 0x0314, 0x00, 0x03, 0x06, 0x00, 0x06, 0x00, 0x08, 0x08, 0, 0x00002848, 0x000001B8 },
    { 0x0314, 0x00, 0x03, 0x07, 0x00, 0x06, 0x00, 0x08, 0x08, 0, 0x000020A8, 0x00000540 },
    { 0x031A, 0x00, 0x00, 0x00, 0x00, 0x06, 0x00, 0x0C, 0x0B, 0, 0x00005EA0, 0x0000000C },
    { 0x031A, 0x00, 0x01, 0x00, 0x00, 0x06, 0x00, 0x0C, 0x0B, 0, 0x00005E70, 0x00000030 },
    { 0x031A, 0x00, 0x02, 0x00, 0x00, 0x06, 0x00, 0x0C, 0x0B, 0, 0x00005DE0, 0x0000000C },
    { 0x031A, 0x00, 0x02, 0x01, 0x00, 0x06, 0x00, 0x0C, 0x0B, 0, 0x00005DEC, 0x0000000C },
    { 0x031A, 0x00, 0x02, 0x02, 0x00, 0x06, 0x00, 0x0C, 0x0B, 0, 0x00005DF8, 0x0000000C },
    { 0x031A, 0x00, 0x02, 0x03, 0x00, 0x06, 0x00, 0x0C, 0x0B, 0, 0x00005E04, 0x0000000C },
    { 0x031A, 0x00, 0x02, 0x04, 0x00, 0x06, 0x00, 0x0C, 0x0B, 0, 0x00005E10, 0x0000000C },
    { 0x031A, 0x00, 0x02, 0x05, 0x00, 0x06, 0x00, 0x0C, 0x0B, 0, 0x00005E1C, 0x0000000C },
    { 0x031A, 0x00, 0x02, 0x06, 0x00, 0x06, 0x00, 0x0C, 0x0B, 0, 0x00005E28, 0x0000000C },
    { 0x031A, 0x00, 0x02, 0x07, 0x00, 0x06, 0x00, 0x0C, 0x0B, 0, 0x00005E34, 0x0000000C },
    { 0x031A, 0x00, 0x02, 0x08, 0x00, 0x06, 0x00, 0x0C, 0x0B, 0, 0x00005E40, 0x0000000C },
    { 0x031A, 0x00, 0x02, 0x09, 0x00, 0x06, 0x00, 0x0C, 0x0B, 0, 0x00005E4C, 0x0000000C },
    { 0x031A, 0x00, 0x02, 0x0A, 0x00, 0x06, 0x00, 0x0C, 0x0B, 0, 0x00005E58, 0x0000000C },
    { 0x031A, 0x00, 0x02, 0x0B, 0x00, 0x06, 0x00, 0x0C, 0x0B, 0, 0x00005E64, 0x0000000C },
    { 0x031A, 0x00, 0x03, 0x00, 0x00, 0x06, 0x00, 0x0C, 0x0B, 0, 0x00003440, 0x000005E0 },
    { 0x031A, 0x00, 0x03, 0x02, 0x00, 0x06, 0x00, 0x0C, 0x0B, 0, 0x00003B98, 0x000001E0 },
    { 0x031A, 0x00, 0x03, 0x03, 0x00, 0x06, 0x00, 0x0C, 0x0B, 0, 0x00003A20, 0x00000178 },
    { 0x031A, 0x00, 0x03, 0x04, 0x00, 0x06, 0x00, 0x0C, 0x0B, 0, 0x00003D78, 0x000002F8 },
    { 0x031A, 0x00, 0x03, 0x05, 0x00, 0x06, 0x00, 0x0C, 0x0B, 0, 0x000047E8, 0x00000130 },
    { 0x031A, 0x00, 0x03, 0x06, 0x00, 0x06, 0x00, 0x0C, 0x0B, 0, 0x00004918, 0x000001A8 },
    { 0x031A, 0x00, 0x03, 0x07, 0x00, 0x06, 0x00, 0x0C, 0x0B, 0, 0x00004AC0, 0x00000160 },
    { 0x031A, 0x00, 0x03, 0x08, 0x00, 0x06, 0x00, 0x0C, 0x0B, 0, 0x000043B0, 0x00000130 },
    { 0x031A, 0x00, 0x03, 0x09, 0x00, 0x06, 0x00, 0x0C, 0x0B, 0, 0x000044E0, 0x000001A8 },
    { 0x031A, 0x00, 0x03, 0x0A, 0x00, 0x06, 0x00, 0x0C, 0x0B, 0, 0x00004688, 0x00000160 },
    { 0x031A, 0x00, 0x03, 0x0B, 0x00, 0x06, 0x00, 0x0C, 0x0B, 0, 0x00004070, 0x00000340 },
    { 0x031B, 0x00, 0x00, 0x00, 0x00, 0x06, 0x00, 0x0F, 0x0F, 0, 0x00008540, 0x0000000C },
    { 0x031B, 0x00, 0x01, 0x00, 0x00, 0x06, 0x00, 0x0F, 0x0F, 0, 0x00008504, 0x0000003C },
    { 0x031B, 0x00, 0x02, 0x00, 0x00, 0x06, 0x00, 0x0F, 0x0F, 0, 0x00008450, 0x0000000C },
    { 0x031B, 0x00, 0x02, 0x01, 0x00, 0x06, 0x00, 0x0F, 0x0F, 0, 0x0000845C, 0x0000000C },
    { 0x031B, 0x00, 0x02, 0x02, 0x00, 0x06, 0x00, 0x0F, 0x0F, 0, 0x00008468, 0x0000000C },
    { 0x031B, 0x00, 0x02, 0x03, 0x00, 0x06, 0x00, 0x0F, 0x0F, 0, 0x00008474, 0x0000000C },
    { 0x031B, 0x00, 0x02, 0x04, 0x00, 0x06, 0x00, 0x0F, 0x0F, 0, 0x00008480, 0x0000000C },
    { 0x031B, 0x00, 0x02, 0x05, 0x00, 0x06, 0x00, 0x0F, 0x0F, 0, 0x0000848C, 0x0000000C },
    { 0x031B, 0x00, 0x02, 0x06, 0x00, 0x06, 0x00, 0x0F, 0x0F, 0, 0x00008498, 0x0000000C },
    { 0x031B, 0x00, 0x02, 0x07, 0x00, 0x06, 0x00, 0x0F, 0x0F, 0, 0x000084A4, 0x0000000C },
    { 0x031B, 0x00, 0x02, 0x08, 0x00, 0x06, 0x00, 0x0F, 0x0F, 0, 0x000084B0, 0x0000000C },
    { 0x031B, 0x00, 0x02, 0x09, 0x00, 0x06, 0x00, 0x0F, 0x0F, 0, 0x000084BC, 0x0000000C },
    { 0x031B, 0x00, 0x02, 0x0A, 0x00, 0x06, 0x00, 0x0F, 0x0F, 0, 0x000084C8, 0x0000000C },
    { 0x031B, 0x00, 0x02, 0x0B, 0x00, 0x06, 0x00, 0x0F, 0x0F, 0, 0x000084D4, 0x0000000C },
    { 0x031B, 0x00, 0x02, 0x0C, 0x00, 0x06, 0x00, 0x0F, 0x0F, 0, 0x000084E0, 0x0000000C },
    { 0x031B, 0x00, 0x02, 0x0D, 0x00, 0x06, 0x00, 0x0F, 0x0F, 0, 0x000084EC, 0x0000000C },
    { 0x031B, 0x00, 0x02, 0x0E, 0x00, 0x06, 0x00, 0x0F, 0x0F, 0, 0x000084F8, 0x0000000C },
    { 0x031B, 0x00, 0x03, 0x00, 0x00, 0x06, 0x00, 0x0F, 0x0F, 0, 0x00007910, 0x00000120 },
    { 0x031B, 0x00, 0x03, 0x01, 0x00, 0x06, 0x00, 0x0F, 0x0F, 0, 0x00007F00, 0x00000150 },
    { 0x031B, 0x00, 0x03, 0x02, 0x00, 0x06, 0x00, 0x0F, 0x0F, 0, 0x00008050, 0x00000198 },
    { 0x031B, 0x00, 0x03, 0x03, 0x00, 0x06, 0x00, 0x0F, 0x0F, 0, 0x000081E8, 0x00000268 },
    { 0x031B, 0x00, 0x03, 0x04, 0x00, 0x06, 0x00, 0x0F, 0x0F, 0, 0x00007A30, 0x00000150 },
    { 0x031B, 0x00, 0x03, 0x05, 0x00, 0x06, 0x00, 0x0F, 0x0F, 0, 0x00007B80, 0x00000198 },
    { 0x031B, 0x00, 0x03, 0x06, 0x00, 0x06, 0x00, 0x0F, 0x0F, 0, 0x00007D18, 0x000001E8 },
    { 0x031B, 0x00, 0x03, 0x07, 0x00, 0x06, 0x00, 0x0F, 0x0F, 0, 0x000065B0, 0x00000258 },
    { 0x031B, 0x00, 0x03, 0x08, 0x00, 0x06, 0x00, 0x0F, 0x0F, 0, 0x00007388, 0x000001B8 },
    { 0x031B, 0x00, 0x03, 0x09, 0x00, 0x06, 0x00, 0x0F, 0x0F, 0, 0x00007540, 0x00000248 },
    { 0x031B, 0x00, 0x03, 0x0A, 0x00, 0x06, 0x00, 0x0F, 0x0F, 0, 0x00007788, 0x00000188 },
    { 0x031B, 0x00, 0x03, 0x0B, 0x00, 0x06, 0x00, 0x0F, 0x0F, 0, 0x00006CA8, 0x000001B8 },
    { 0x031B, 0x00, 0x03, 0x0C, 0x00, 0x06, 0x00, 0x0F, 0x0F, 0, 0x00006E60, 0x00000248 },
    { 0x031B, 0x00, 0x03, 0x0D, 0x00, 0x06, 0x00, 0x0F, 0x0F, 0, 0x000070A8, 0x000002E0 },
    { 0x031B, 0x00, 0x03, 0x0E, 0x00, 0x06, 0x00, 0x0F, 0x0F, 0, 0x00006808, 0x000004A0 },
    { 0x0329, 0x00, 0x00, 0x00, 0x00, 0x06, 0x00, 0x2E, 0x2D, 0, 0x00024570, 0x0000000C },
    { 0x0329, 0x00, 0x01, 0x00, 0x00, 0x06, 0x00, 0x2E, 0x2D, 0, 0x000244B8, 0x000000B8 },
    { 0x0329, 0x00, 0x02, 0x00, 0x00, 0x06, 0x00, 0x2E, 0x2D, 0, 0x00024290, 0x0000000C },
    { 0x0329, 0x00, 0x02, 0x01, 0x00, 0x06, 0x00, 0x2E, 0x2D, 0, 0x0002429C, 0x0000000C },
    { 0x0329, 0x00, 0x02, 0x02, 0x00, 0x06, 0x00, 0x2E, 0x2D, 0, 0x000242A8, 0x0000000C },
    { 0x0329, 0x00, 0x02, 0x03, 0x00, 0x06, 0x00, 0x2E, 0x2D, 0, 0x000242B4, 0x0000000C },
    { 0x0329, 0x00, 0x02, 0x04, 0x00, 0x06, 0x00, 0x2E, 0x2D, 0, 0x000242C0, 0x0000000C },
    { 0x0329, 0x00, 0x02, 0x05, 0x00, 0x06, 0x00, 0x2E, 0x2D, 0, 0x000242CC, 0x0000000C },
    { 0x0329, 0x00, 0x02, 0x06, 0x00, 0x06, 0x00, 0x2E, 0x2D, 0, 0x000242D8, 0x0000000C },
    { 0x0329, 0x00, 0x02, 0x07, 0x00, 0x06, 0x00, 0x2E, 0x2D, 0, 0x000242E4, 0x0000000C },
    { 0x0329, 0x00, 0x02, 0x08, 0x00, 0x06, 0x00, 0x2E, 0x2D, 0, 0x000242F0, 0x0000000C },
    { 0x0329, 0x00, 0x02, 0x09, 0x00, 0x06, 0x00, 0x2E, 0x2D, 0, 0x000242FC, 0x0000000C },
    { 0x0329, 0x00, 0x02, 0x0A, 0x00, 0x06, 0x00, 0x2E, 0x2D, 0, 0x00024308, 0x0000000C },
    { 0x0329, 0x00, 0x02, 0x0B, 0x00, 0x06, 0x00, 0x2E, 0x2D, 0, 0x00024314, 0x0000000C },
    { 0x0329, 0x00, 0x02, 0x0C, 0x00, 0x06, 0x00, 0x2E, 0x2D, 0, 0x00024320, 0x0000000C },
    { 0x0329, 0x00, 0x02, 0x0D, 0x00, 0x06, 0x00, 0x2E, 0x2D, 0, 0x0002432C, 0x0000000C },
    { 0x0329, 0x00, 0x02, 0x0E, 0x00, 0x06, 0x00, 0x2E, 0x2D, 0, 0x00024338, 0x0000000C },
    { 0x0329, 0x00, 0x02, 0x0F, 0x00, 0x06, 0x00, 0x2E, 0x2D, 0, 0x00024344, 0x0000000C },
    { 0x0329, 0x00, 0x02, 0x10, 0x00, 0x06, 0x00, 0x2E, 0x2D, 0, 0x00024350, 0x0000000C },
    { 0x0329, 0x00, 0x02, 0x11, 0x00, 0x06, 0x00, 0x2E, 0x2D, 0, 0x0002435C, 0x0000000C },
    { 0x0329, 0x00, 0x02, 0x12, 0x00, 0x06, 0x00, 0x2E, 0x2D, 0, 0x00024368, 0x0000000C },
    { 0x0329, 0x00, 0x02, 0x13, 0x00, 0x06, 0x00, 0x2E, 0x2D, 0, 0x00024374, 0x0000000C },
    { 0x0329, 0x00, 0x02, 0x14, 0x00, 0x06, 0x00, 0x2E, 0x2D, 0, 0x00024380, 0x0000000C },
    { 0x0329, 0x00, 0x02, 0x15, 0x00, 0x06, 0x00, 0x2E, 0x2D, 0, 0x0002438C, 0x0000000C },
    { 0x0329, 0x00, 0x02, 0x16, 0x00, 0x06, 0x00, 0x2E, 0x2D, 0, 0x00024398, 0x0000000C },
    { 0x0329, 0x00, 0x02, 0x17, 0x00, 0x06, 0x00, 0x2E, 0x2D, 0, 0x000243A4, 0x0000000C },
    { 0x0329, 0x00, 0x02, 0x18, 0x00, 0x06, 0x00, 0x2E, 0x2D, 0, 0x000243B0, 0x0000000C },
    { 0x0329, 0x00, 0x02, 0x19, 0x00, 0x06, 0x00, 0x2E, 0x2D, 0, 0x000243BC, 0x0000000C },
    { 0x0329, 0x00, 0x02, 0x1A, 0x00, 0x06, 0x00, 0x2E, 0x2D, 0, 0x000243C8, 0x0000000C },
    { 0x0329, 0x00, 0x02, 0x1B, 0x00, 0x06, 0x00, 0x2E, 0x2D, 0, 0x000243D4, 0x0000000C },
    { 0x0329, 0x00, 0x02, 0x1C, 0x00, 0x06, 0x00, 0x2E, 0x2D, 0, 0x000243E0, 0x0000000C },
    { 0x0329, 0x00, 0x02, 0x1D, 0x00, 0x06, 0x00, 0x2E, 0x2D, 0, 0x000243EC, 0x0000000C },
    { 0x0329, 0x00, 0x02, 0x1E, 0x00, 0x06, 0x00, 0x2E, 0x2D, 0, 0x000243F8, 0x0000000C },
    { 0x0329, 0x00, 0x02, 0x1F, 0x00, 0x06, 0x00, 0x2E, 0x2D, 0, 0x00024404, 0x0000000C },
    { 0x0329, 0x00, 0x02, 0x20, 0x00, 0x06, 0x00, 0x2E, 0x2D, 0, 0x00024410, 0x0000000C },
    { 0x0329, 0x00, 0x02, 0x21, 0x00, 0x06, 0x00, 0x2E, 0x2D, 0, 0x0002441C, 0x0000000C },
    { 0x0329, 0x00, 0x02, 0x22, 0x00, 0x06, 0x00, 0x2E, 0x2D, 0, 0x00024428, 0x0000000C },
    { 0x0329, 0x00, 0x02, 0x23, 0x00, 0x06, 0x00, 0x2E, 0x2D, 0, 0x00024434, 0x0000000C },
    { 0x0329, 0x00, 0x02, 0x24, 0x00, 0x06, 0x00, 0x2E, 0x2D, 0, 0x00024440, 0x0000000C },
    { 0x0329, 0x00, 0x02, 0x25, 0x00, 0x06, 0x00, 0x2E, 0x2D, 0, 0x0002444C, 0x0000000C },
    { 0x0329, 0x00, 0x02, 0x26, 0x00, 0x06, 0x00, 0x2E, 0x2D, 0, 0x00024458, 0x0000000C },
    { 0x0329, 0x00, 0x02, 0x27, 0x00, 0x06, 0x00, 0x2E, 0x2D, 0, 0x00024464, 0x0000000C },
    { 0x0329, 0x00, 0x02, 0x28, 0x00, 0x06, 0x00, 0x2E, 0x2D, 0, 0x00024470, 0x0000000C },
    { 0x0329, 0x00, 0x02, 0x29, 0x00, 0x06, 0x00, 0x2E, 0x2D, 0, 0x0002447C, 0x0000000C },
    { 0x0329, 0x00, 0x02, 0x2A, 0x00, 0x06, 0x00, 0x2E, 0x2D, 0, 0x00024488, 0x0000000C },
    { 0x0329, 0x00, 0x02, 0x2B, 0x00, 0x06, 0x00, 0x2E, 0x2D, 0, 0x00024494, 0x0000000C },
    { 0x0329, 0x00, 0x02, 0x2C, 0x00, 0x06, 0x00, 0x2E, 0x2D, 0, 0x000244A0, 0x0000000C },
    { 0x0329, 0x00, 0x02, 0x2D, 0x00, 0x06, 0x00, 0x2E, 0x2D, 0, 0x000244AC, 0x0000000C },
    { 0x0329, 0x00, 0x03, 0x01, 0x00, 0x06, 0x00, 0x2E, 0x2D, 0, 0x000195C0, 0x00000480 },
    { 0x0329, 0x00, 0x03, 0x02, 0x00, 0x06, 0x00, 0x2E, 0x2D, 0, 0x0001A4E0, 0x00000228 },
    { 0x0329, 0x00, 0x03, 0x03, 0x00, 0x06, 0x00, 0x2E, 0x2D, 0, 0x0001AAF0, 0x00000490 },
    { 0x0329, 0x00, 0x03, 0x04, 0x00, 0x06, 0x00, 0x2E, 0x2D, 0, 0x0001A708, 0x000002E0 },
    { 0x0329, 0x00, 0x03, 0x05, 0x00, 0x06, 0x00, 0x2E, 0x2D, 0, 0x0001A9E8, 0x00000108 },
    { 0x0329, 0x00, 0x03, 0x06, 0x00, 0x06, 0x00, 0x2E, 0x2D, 0, 0x000215D0, 0x000002E8 },
    { 0x0329, 0x00, 0x03, 0x07, 0x00, 0x06, 0x00, 0x2E, 0x2D, 0, 0x00021120, 0x000001D0 },
    { 0x0329, 0x00, 0x03, 0x08, 0x00, 0x06, 0x00, 0x2E, 0x2D, 0, 0x00019A40, 0x00000228 },
    { 0x0329, 0x00, 0x03, 0x09, 0x00, 0x06, 0x00, 0x2E, 0x2D, 0, 0x0001A050, 0x00000490 },
    { 0x0329, 0x00, 0x03, 0x0A, 0x00, 0x06, 0x00, 0x2E, 0x2D, 0, 0x00019C68, 0x000002E0 },
    { 0x0329, 0x00, 0x03, 0x0B, 0x00, 0x06, 0x00, 0x2E, 0x2D, 0, 0x00019F48, 0x00000108 },
    { 0x0329, 0x00, 0x03, 0x0C, 0x00, 0x06, 0x00, 0x2E, 0x2D, 0, 0x000212F0, 0x000002E0 },
    { 0x0329, 0x00, 0x03, 0x0D, 0x00, 0x06, 0x00, 0x2E, 0x2D, 0, 0x00020F50, 0x000001D0 },
    { 0x0329, 0x00, 0x03, 0x0E, 0x00, 0x06, 0x00, 0x2E, 0x2D, 0, 0x00017FB0, 0x00000130 },
    { 0x0329, 0x00, 0x03, 0x0F, 0x00, 0x06, 0x00, 0x2E, 0x2D, 0, 0x00020BE0, 0x000000A0 },
    { 0x0329, 0x00, 0x03, 0x10, 0x00, 0x06, 0x00, 0x2E, 0x2D, 0, 0x00019210, 0x00000120 },
    { 0x0329, 0x00, 0x03, 0x11, 0x00, 0x06, 0x00, 0x2E, 0x2D, 0, 0x000218B8, 0x00000120 },
    { 0x0329, 0x00, 0x03, 0x12, 0x00, 0x06, 0x00, 0x2E, 0x2D, 0, 0x00018EA0, 0x00000370 },
    { 0x0329, 0x00, 0x03, 0x13, 0x00, 0x06, 0x00, 0x2E, 0x2D, 0, 0x000219D8, 0x000000B8 },
    { 0x0329, 0x00, 0x03, 0x14, 0x00, 0x06, 0x00, 0x2E, 0x2D, 0, 0x00018B60, 0x00000340 },
    { 0x0329, 0x00, 0x03, 0x15, 0x00, 0x06, 0x00, 0x2E, 0x2D, 0, 0x00019510, 0x000000B0 },
    { 0x0329, 0x00, 0x03, 0x16, 0x00, 0x06, 0x00, 0x2E, 0x2D, 0, 0x00019420, 0x000000F0 },
    { 0x0329, 0x00, 0x03, 0x17, 0x00, 0x06, 0x00, 0x2E, 0x2D, 0, 0x00019330, 0x000000F0 },
    { 0x0329, 0x00, 0x03, 0x18, 0x00, 0x06, 0x00, 0x2E, 0x2D, 0, 0x00018AB0, 0x000000B0 },
    { 0x0329, 0x00, 0x03, 0x19, 0x00, 0x06, 0x00, 0x2E, 0x2D, 0, 0x000189C8, 0x000000E8 },
    { 0x0329, 0x00, 0x03, 0x1A, 0x00, 0x06, 0x00, 0x2E, 0x2D, 0, 0x000188D8, 0x000000F0 },
    { 0x0329, 0x00, 0x03, 0x1B, 0x00, 0x06, 0x00, 0x2E, 0x2D, 0, 0x00018828, 0x000000B0 },
    { 0x0329, 0x00, 0x03, 0x1C, 0x00, 0x06, 0x00, 0x2E, 0x2D, 0, 0x00018740, 0x000000E8 },
    { 0x0329, 0x00, 0x03, 0x1D, 0x00, 0x06, 0x00, 0x2E, 0x2D, 0, 0x00018650, 0x000000F0 },
    { 0x0329, 0x00, 0x03, 0x1E, 0x00, 0x06, 0x00, 0x2E, 0x2D, 0, 0x00020B18, 0x000000C8 },
    { 0x0329, 0x00, 0x03, 0x1F, 0x00, 0x06, 0x00, 0x2E, 0x2D, 0, 0x000180E0, 0x00000570 },
    { 0x0329, 0x00, 0x03, 0x20, 0x00, 0x06, 0x00, 0x2E, 0x2D, 0, 0x00020DE8, 0x00000168 },
    { 0x0329, 0x00, 0x03, 0x21, 0x00, 0x06, 0x00, 0x2E, 0x2D, 0, 0x00020C80, 0x00000168 },
    { 0x0329, 0x00, 0x03, 0x22, 0x00, 0x06, 0x00, 0x2E, 0x2D, 0, 0x000163F0, 0x00000240 },
    { 0x0329, 0x00, 0x03, 0x23, 0x00, 0x06, 0x00, 0x2E, 0x2D, 0, 0x00017AF0, 0x000004C0 },
    { 0x0329, 0x00, 0x03, 0x24, 0x00, 0x06, 0x00, 0x2E, 0x2D, 0, 0x00017620, 0x000002F0 },
    { 0x0329, 0x00, 0x03, 0x25, 0x00, 0x06, 0x00, 0x2E, 0x2D, 0, 0x00017910, 0x000001E0 },
    { 0x0329, 0x00, 0x03, 0x26, 0x00, 0x06, 0x00, 0x2E, 0x2D, 0, 0x00017160, 0x000004C0 },
    { 0x0329, 0x00, 0x03, 0x27, 0x00, 0x06, 0x00, 0x2E, 0x2D, 0, 0x00016D10, 0x00000270 },
    { 0x0329, 0x00, 0x03, 0x28, 0x00, 0x06, 0x00, 0x2E, 0x2D, 0, 0x00016F80, 0x000001E0 },
    { 0x0329, 0x00, 0x03, 0x29, 0x00, 0x06, 0x00, 0x2E, 0x2D, 0, 0x00016630, 0x00000110 },
    { 0x0329, 0x00, 0x03, 0x2A, 0x00, 0x06, 0x00, 0x2E, 0x2D, 0, 0x00016740, 0x000001A0 },
    { 0x0329, 0x00, 0x03, 0x2B, 0x00, 0x06, 0x00, 0x2E, 0x2D, 0, 0x000168E0, 0x000001C8 },
    { 0x0329, 0x00, 0x03, 0x2C, 0x00, 0x06, 0x00, 0x2E, 0x2D, 0, 0x00016AA8, 0x00000140 },
    { 0x0329, 0x00, 0x03, 0x2D, 0x00, 0x06, 0x00, 0x2E, 0x2D, 0, 0x00016BE8, 0x00000128 },
    { 0x032A, 0x00, 0x00, 0x00, 0x00, 0x06, 0x00, 0x1B, 0x17, 0, 0x000065B0, 0x0000000C },
    { 0x032A, 0x00, 0x01, 0x00, 0x00, 0x06, 0x00, 0x1B, 0x17, 0, 0x00006544, 0x0000006C },
    { 0x032A, 0x00, 0x02, 0x00, 0x00, 0x06, 0x00, 0x1B, 0x17, 0, 0x00006400, 0x0000000C },
    { 0x032A, 0x00, 0x02, 0x01, 0x00, 0x06, 0x00, 0x1B, 0x17, 0, 0x0000640C, 0x0000000C },
    { 0x032A, 0x00, 0x02, 0x02, 0x00, 0x06, 0x00, 0x1B, 0x17, 0, 0x00006418, 0x0000000C },
    { 0x032A, 0x00, 0x02, 0x03, 0x00, 0x06, 0x00, 0x1B, 0x17, 0, 0x00006424, 0x0000000C },
    { 0x032A, 0x00, 0x02, 0x04, 0x00, 0x06, 0x00, 0x1B, 0x17, 0, 0x00006430, 0x0000000C },
    { 0x032A, 0x00, 0x02, 0x05, 0x00, 0x06, 0x00, 0x1B, 0x17, 0, 0x0000643C, 0x0000000C },
    { 0x032A, 0x00, 0x02, 0x06, 0x00, 0x06, 0x00, 0x1B, 0x17, 0, 0x00006448, 0x0000000C },
    { 0x032A, 0x00, 0x02, 0x07, 0x00, 0x06, 0x00, 0x1B, 0x17, 0, 0x00006454, 0x0000000C },
    { 0x032A, 0x00, 0x02, 0x08, 0x00, 0x06, 0x00, 0x1B, 0x17, 0, 0x00006460, 0x0000000C },
    { 0x032A, 0x00, 0x02, 0x09, 0x00, 0x06, 0x00, 0x1B, 0x17, 0, 0x0000646C, 0x0000000C },
    { 0x032A, 0x00, 0x02, 0x0A, 0x00, 0x06, 0x00, 0x1B, 0x17, 0, 0x00006478, 0x0000000C },
    { 0x032A, 0x00, 0x02, 0x0B, 0x00, 0x06, 0x00, 0x1B, 0x17, 0, 0x00006484, 0x0000000C },
    { 0x032A, 0x00, 0x02, 0x0C, 0x00, 0x06, 0x00, 0x1B, 0x17, 0, 0x00006490, 0x0000000C },
    { 0x032A, 0x00, 0x02, 0x0D, 0x00, 0x06, 0x00, 0x1B, 0x17, 0, 0x0000649C, 0x0000000C },
    { 0x032A, 0x00, 0x02, 0x0E, 0x00, 0x06, 0x00, 0x1B, 0x17, 0, 0x000064A8, 0x0000000C },
    { 0x032A, 0x00, 0x02, 0x0F, 0x00, 0x06, 0x00, 0x1B, 0x17, 0, 0x000064B4, 0x0000000C },
    { 0x032A, 0x00, 0x02, 0x10, 0x00, 0x06, 0x00, 0x1B, 0x17, 0, 0x000064C0, 0x0000000C },
    { 0x032A, 0x00, 0x02, 0x11, 0x00, 0x06, 0x00, 0x1B, 0x17, 0, 0x000064CC, 0x0000000C },
    { 0x032A, 0x00, 0x02, 0x12, 0x00, 0x06, 0x00, 0x1B, 0x17, 0, 0x000064D8, 0x0000000C },
    { 0x032A, 0x00, 0x02, 0x13, 0x00, 0x06, 0x00, 0x1B, 0x17, 0, 0x000064E4, 0x0000000C },
    { 0x032A, 0x00, 0x02, 0x14, 0x00, 0x06, 0x00, 0x1B, 0x17, 0, 0x000064F0, 0x0000000C },
    { 0x032A, 0x00, 0x02, 0x15, 0x00, 0x06, 0x00, 0x1B, 0x17, 0, 0x000064FC, 0x0000000C },
    { 0x032A, 0x00, 0x02, 0x16, 0x00, 0x06, 0x00, 0x1B, 0x17, 0, 0x00006508, 0x0000000C },
    { 0x032A, 0x00, 0x02, 0x17, 0x00, 0x06, 0x00, 0x1B, 0x17, 0, 0x00006514, 0x0000000C },
    { 0x032A, 0x00, 0x02, 0x18, 0x00, 0x06, 0x00, 0x1B, 0x17, 0, 0x00006520, 0x0000000C },
    { 0x032A, 0x00, 0x02, 0x19, 0x00, 0x06, 0x00, 0x1B, 0x17, 0, 0x0000652C, 0x0000000C },
    { 0x032A, 0x00, 0x02, 0x1A, 0x00, 0x06, 0x00, 0x1B, 0x17, 0, 0x00006538, 0x0000000C },
    { 0x032A, 0x00, 0x03, 0x00, 0x00, 0x06, 0x00, 0x1B, 0x17, 0, 0x00001550, 0x000000B0 },
    { 0x032A, 0x00, 0x03, 0x02, 0x00, 0x06, 0x00, 0x1B, 0x17, 0, 0x000019B8, 0x00000320 },
    { 0x032A, 0x00, 0x03, 0x04, 0x00, 0x06, 0x00, 0x1B, 0x17, 0, 0x000022A0, 0x000000A0 },
    { 0x032A, 0x00, 0x03, 0x05, 0x00, 0x06, 0x00, 0x1B, 0x17, 0, 0x00002200, 0x000000A0 },
    { 0x032A, 0x00, 0x03, 0x06, 0x00, 0x06, 0x00, 0x1B, 0x17, 0, 0x000020C0, 0x000000A0 },
    { 0x032A, 0x00, 0x03, 0x07, 0x00, 0x06, 0x00, 0x1B, 0x17, 0, 0x00002020, 0x000000A0 },
    { 0x032A, 0x00, 0x03, 0x08, 0x00, 0x06, 0x00, 0x1B, 0x17, 0, 0x00002160, 0x000000A0 },
    { 0x032A, 0x00, 0x03, 0x09, 0x00, 0x06, 0x00, 0x1B, 0x17, 0, 0x00001F68, 0x000000B8 },
    { 0x032A, 0x00, 0x03, 0x0A, 0x00, 0x06, 0x00, 0x1B, 0x17, 0, 0x00001CD8, 0x00000290 },
    { 0x032A, 0x00, 0x03, 0x0B, 0x00, 0x06, 0x00, 0x1B, 0x17, 0, 0x000027A0, 0x000000F0 },
    { 0x032A, 0x00, 0x03, 0x0D, 0x00, 0x06, 0x00, 0x1B, 0x17, 0, 0x00002A70, 0x00000190 },
    { 0x032A, 0x00, 0x03, 0x0E, 0x00, 0x06, 0x00, 0x1B, 0x17, 0, 0x000029D0, 0x000000A0 },
    { 0x032A, 0x00, 0x03, 0x0F, 0x00, 0x06, 0x00, 0x1B, 0x17, 0, 0x00002930, 0x000000A0 },
    { 0x032A, 0x00, 0x03, 0x10, 0x00, 0x06, 0x00, 0x1B, 0x17, 0, 0x00002890, 0x000000A0 },
    { 0x032A, 0x00, 0x03, 0x11, 0x00, 0x06, 0x00, 0x1B, 0x17, 0, 0x00002340, 0x000000F0 },
    { 0x032A, 0x00, 0x03, 0x13, 0x00, 0x06, 0x00, 0x1B, 0x17, 0, 0x00002610, 0x00000190 },
    { 0x032A, 0x00, 0x03, 0x14, 0x00, 0x06, 0x00, 0x1B, 0x17, 0, 0x00002430, 0x000000A0 },
    { 0x032A, 0x00, 0x03, 0x15, 0x00, 0x06, 0x00, 0x1B, 0x17, 0, 0x00002570, 0x000000A0 },
    { 0x032A, 0x00, 0x03, 0x16, 0x00, 0x06, 0x00, 0x1B, 0x17, 0, 0x000024D0, 0x000000A0 },
    { 0x032A, 0x00, 0x03, 0x17, 0x00, 0x06, 0x00, 0x1B, 0x17, 0, 0x00001600, 0x000001D8 },
    { 0x032A, 0x00, 0x03, 0x18, 0x00, 0x06, 0x00, 0x1B, 0x17, 0, 0x00001878, 0x000000A0 },
    { 0x032A, 0x00, 0x03, 0x19, 0x00, 0x06, 0x00, 0x1B, 0x17, 0, 0x00001918, 0x000000A0 },
    { 0x032A, 0x00, 0x03, 0x1A, 0x00, 0x06, 0x00, 0x1B, 0x17, 0, 0x000017D8, 0x000000A0 },
    { 0x032B, 0x00, 0x00, 0x00, 0x00, 0x06, 0x00, 0x09, 0x09, 0, 0x00004FE0, 0x0000000C },
    { 0x032B, 0x00, 0x01, 0x00, 0x00, 0x06, 0x00, 0x09, 0x09, 0, 0x00004FBC, 0x00000024 },
    { 0x032B, 0x00, 0x02, 0x00, 0x00, 0x06, 0x00, 0x09, 0x09, 0, 0x00004F50, 0x0000000C },
    { 0x032B, 0x00, 0x02, 0x01, 0x00, 0x06, 0x00, 0x09, 0x09, 0, 0x00004F5C, 0x0000000C },
    { 0x032B, 0x00, 0x02, 0x02, 0x00, 0x06, 0x00, 0x09, 0x09, 0, 0x00004F68, 0x0000000C },
    { 0x032B, 0x00, 0x02, 0x03, 0x00, 0x06, 0x00, 0x09, 0x09, 0, 0x00004F74, 0x0000000C },
    { 0x032B, 0x00, 0x02, 0x04, 0x00, 0x06, 0x00, 0x09, 0x09, 0, 0x00004F80, 0x0000000C },
    { 0x032B, 0x00, 0x02, 0x05, 0x00, 0x06, 0x00, 0x09, 0x09, 0, 0x00004F8C, 0x0000000C },
    { 0x032B, 0x00, 0x02, 0x06, 0x00, 0x06, 0x00, 0x09, 0x09, 0, 0x00004F98, 0x0000000C },
    { 0x032B, 0x00, 0x02, 0x07, 0x00, 0x06, 0x00, 0x09, 0x09, 0, 0x00004FA4, 0x0000000C },
    { 0x032B, 0x00, 0x02, 0x08, 0x00, 0x06, 0x00, 0x09, 0x09, 0, 0x00004FB0, 0x0000000C },
    { 0x032B, 0x00, 0x03, 0x00, 0x00, 0x06, 0x00, 0x09, 0x09, 0, 0x00003CD0, 0x00000208 },
    { 0x032B, 0x00, 0x03, 0x01, 0x00, 0x06, 0x00, 0x09, 0x09, 0, 0x00004AF8, 0x00000178 },
    { 0x032B, 0x00, 0x03, 0x02, 0x00, 0x06, 0x00, 0x09, 0x09, 0, 0x00004C70, 0x00000160 },
    { 0x032B, 0x00, 0x03, 0x03, 0x00, 0x06, 0x00, 0x09, 0x09, 0, 0x00004DD0, 0x00000180 },
    { 0x032B, 0x00, 0x03, 0x04, 0x00, 0x06, 0x00, 0x09, 0x09, 0, 0x000046A0, 0x00000178 },
    { 0x032B, 0x00, 0x03, 0x05, 0x00, 0x06, 0x00, 0x09, 0x09, 0, 0x00004818, 0x00000160 },
    { 0x032B, 0x00, 0x03, 0x06, 0x00, 0x06, 0x00, 0x09, 0x09, 0, 0x00004978, 0x00000180 },
    { 0x032B, 0x00, 0x03, 0x07, 0x00, 0x06, 0x00, 0x09, 0x09, 0, 0x00003ED8, 0x000004A0 },
    { 0x032B, 0x00, 0x03, 0x08, 0x00, 0x06, 0x00, 0x09, 0x09, 0, 0x00004378, 0x00000328 },
    { 0x032F, 0x00, 0x00, 0x00, 0x00, 0x06, 0x00, 0x08, 0x08, 0, 0x00004258, 0x0000000C },
    { 0x032F, 0x00, 0x01, 0x00, 0x00, 0x06, 0x00, 0x08, 0x08, 0, 0x00004238, 0x00000020 },
    { 0x032F, 0x00, 0x02, 0x00, 0x00, 0x06, 0x00, 0x08, 0x08, 0, 0x000041D8, 0x0000000C },
    { 0x032F, 0x00, 0x02, 0x01, 0x00, 0x06, 0x00, 0x08, 0x08, 0, 0x000041E4, 0x0000000C },
    { 0x032F, 0x00, 0x02, 0x02, 0x00, 0x06, 0x00, 0x08, 0x08, 0, 0x000041F0, 0x0000000C },
    { 0x032F, 0x00, 0x02, 0x03, 0x00, 0x06, 0x00, 0x08, 0x08, 0, 0x000041FC, 0x0000000C },
    { 0x032F, 0x00, 0x02, 0x04, 0x00, 0x06, 0x00, 0x08, 0x08, 0, 0x00004208, 0x0000000C },
    { 0x032F, 0x00, 0x02, 0x05, 0x00, 0x06, 0x00, 0x08, 0x08, 0, 0x00004214, 0x0000000C },
    { 0x032F, 0x00, 0x02, 0x06, 0x00, 0x06, 0x00, 0x08, 0x08, 0, 0x00004220, 0x0000000C },
    { 0x032F, 0x00, 0x02, 0x07, 0x00, 0x06, 0x00, 0x08, 0x08, 0, 0x0000422C, 0x0000000C },
    { 0x032F, 0x00, 0x03, 0x00, 0x00, 0x06, 0x00, 0x08, 0x08, 0, 0x00001990, 0x00000308 },
    { 0x032F, 0x00, 0x03, 0x01, 0x00, 0x06, 0x00, 0x08, 0x08, 0, 0x00002610, 0x00000128 },
    { 0x032F, 0x00, 0x03, 0x02, 0x00, 0x06, 0x00, 0x08, 0x08, 0, 0x00002738, 0x000001D0 },
    { 0x032F, 0x00, 0x03, 0x03, 0x00, 0x06, 0x00, 0x08, 0x08, 0, 0x00002908, 0x00000190 },
    { 0x032F, 0x00, 0x03, 0x04, 0x00, 0x06, 0x00, 0x08, 0x08, 0, 0x00002188, 0x00000128 },
    { 0x032F, 0x00, 0x03, 0x05, 0x00, 0x06, 0x00, 0x08, 0x08, 0, 0x000022B0, 0x000001D0 },
    { 0x032F, 0x00, 0x03, 0x06, 0x00, 0x06, 0x00, 0x08, 0x08, 0, 0x00002480, 0x00000190 },
    { 0x032F, 0x00, 0x03, 0x07, 0x00, 0x06, 0x00, 0x08, 0x08, 0, 0x00001C98, 0x000004F0 },
    { 0x0331, 0x00, 0x00, 0x00, 0x00, 0x06, 0x00, 0x0F, 0x0C, 0, 0x000029C0, 0x0000000C },
    { 0x0331, 0x00, 0x01, 0x00, 0x00, 0x06, 0x00, 0x0F, 0x0C, 0, 0x00002984, 0x0000003C },
    { 0x0331, 0x00, 0x02, 0x00, 0x00, 0x06, 0x00, 0x0F, 0x0C, 0, 0x000028D0, 0x0000000C },
    { 0x0331, 0x00, 0x02, 0x01, 0x00, 0x06, 0x00, 0x0F, 0x0C, 0, 0x000028DC, 0x0000000C },
    { 0x0331, 0x00, 0x02, 0x02, 0x00, 0x06, 0x00, 0x0F, 0x0C, 0, 0x000028E8, 0x0000000C },
    { 0x0331, 0x00, 0x02, 0x03, 0x00, 0x06, 0x00, 0x0F, 0x0C, 0, 0x000028F4, 0x0000000C },
    { 0x0331, 0x00, 0x02, 0x04, 0x00, 0x06, 0x00, 0x0F, 0x0C, 0, 0x00002900, 0x0000000C },
    { 0x0331, 0x00, 0x02, 0x05, 0x00, 0x06, 0x00, 0x0F, 0x0C, 0, 0x0000290C, 0x0000000C },
    { 0x0331, 0x00, 0x02, 0x06, 0x00, 0x06, 0x00, 0x0F, 0x0C, 0, 0x00002918, 0x0000000C },
    { 0x0331, 0x00, 0x02, 0x07, 0x00, 0x06, 0x00, 0x0F, 0x0C, 0, 0x00002924, 0x0000000C },
    { 0x0331, 0x00, 0x02, 0x08, 0x00, 0x06, 0x00, 0x0F, 0x0C, 0, 0x00002930, 0x0000000C },
    { 0x0331, 0x00, 0x02, 0x09, 0x00, 0x06, 0x00, 0x0F, 0x0C, 0, 0x0000293C, 0x0000000C },
    { 0x0331, 0x00, 0x02, 0x0A, 0x00, 0x06, 0x00, 0x0F, 0x0C, 0, 0x00002948, 0x0000000C },
    { 0x0331, 0x00, 0x02, 0x0B, 0x00, 0x06, 0x00, 0x0F, 0x0C, 0, 0x00002954, 0x0000000C },
    { 0x0331, 0x00, 0x02, 0x0C, 0x00, 0x06, 0x00, 0x0F, 0x0C, 0, 0x00002960, 0x0000000C },
    { 0x0331, 0x00, 0x02, 0x0D, 0x00, 0x06, 0x00, 0x0F, 0x0C, 0, 0x0000296C, 0x0000000C },
    { 0x0331, 0x00, 0x02, 0x0E, 0x00, 0x06, 0x00, 0x0F, 0x0C, 0, 0x00002978, 0x0000000C },
    { 0x0331, 0x00, 0x03, 0x00, 0x00, 0x06, 0x00, 0x0F, 0x0C, 0, 0x000010A0, 0x000001C0 },
    { 0x0331, 0x00, 0x03, 0x04, 0x00, 0x06, 0x00, 0x0F, 0x0C, 0, 0x00000940, 0x000000A8 },
    { 0x0331, 0x00, 0x03, 0x05, 0x00, 0x06, 0x00, 0x0F, 0x0C, 0, 0x000009E8, 0x00000118 },
    { 0x0331, 0x00, 0x03, 0x06, 0x00, 0x06, 0x00, 0x0F, 0x0C, 0, 0x00000C40, 0x000001F0 },
    { 0x0331, 0x00, 0x03, 0x07, 0x00, 0x06, 0x00, 0x0F, 0x0C, 0, 0x00000B00, 0x000000A0 },
    { 0x0331, 0x00, 0x03, 0x08, 0x00, 0x06, 0x00, 0x0F, 0x0C, 0, 0x00000BA0, 0x000000A0 },
    { 0x0331, 0x00, 0x03, 0x09, 0x00, 0x06, 0x00, 0x0F, 0x0C, 0, 0x00000F70, 0x00000130 },
    { 0x0331, 0x00, 0x03, 0x0A, 0x00, 0x06, 0x00, 0x0F, 0x0C, 0, 0x00000E30, 0x000000A0 },
    { 0x0331, 0x00, 0x03, 0x0B, 0x00, 0x06, 0x00, 0x0F, 0x0C, 0, 0x00000ED0, 0x000000A0 },
    { 0x0331, 0x00, 0x03, 0x0C, 0x00, 0x06, 0x00, 0x0F, 0x0C, 0, 0x000013A0, 0x00000130 },
    { 0x0331, 0x00, 0x03, 0x0D, 0x00, 0x06, 0x00, 0x0F, 0x0C, 0, 0x00001300, 0x000000A0 },
    { 0x0331, 0x00, 0x03, 0x0E, 0x00, 0x06, 0x00, 0x0F, 0x0C, 0, 0x00001260, 0x000000A0 },
    { 0x0331, 0x01, 0x00, 0x00, 0x00, 0x06, 0x00, 0x08, 0x08, 0, 0x000085F8, 0x0000000C },
    { 0x0331, 0x01, 0x01, 0x00, 0x00, 0x06, 0x00, 0x08, 0x08, 0, 0x000085D8, 0x00000020 },
    { 0x0331, 0x01, 0x02, 0x00, 0x00, 0x06, 0x00, 0x08, 0x08, 0, 0x00008578, 0x0000000C },
    { 0x0331, 0x01, 0x02, 0x01, 0x00, 0x06, 0x00, 0x08, 0x08, 0, 0x00008584, 0x0000000C },
    { 0x0331, 0x01, 0x02, 0x02, 0x00, 0x06, 0x00, 0x08, 0x08, 0, 0x00008590, 0x0000000C },
    { 0x0331, 0x01, 0x02, 0x03, 0x00, 0x06, 0x00, 0x08, 0x08, 0, 0x0000859C, 0x0000000C },
    { 0x0331, 0x01, 0x02, 0x04, 0x00, 0x06, 0x00, 0x08, 0x08, 0, 0x000085A8, 0x0000000C },
    { 0x0331, 0x01, 0x02, 0x05, 0x00, 0x06, 0x00, 0x08, 0x08, 0, 0x000085B4, 0x0000000C },
    { 0x0331, 0x01, 0x02, 0x06, 0x00, 0x06, 0x00, 0x08, 0x08, 0, 0x000085C0, 0x0000000C },
    { 0x0331, 0x01, 0x02, 0x07, 0x00, 0x06, 0x00, 0x08, 0x08, 0, 0x000085CC, 0x0000000C },
    { 0x0331, 0x01, 0x03, 0x00, 0x00, 0x06, 0x00, 0x08, 0x08, 0, 0x00006F60, 0x000003F0 },
    { 0x0331, 0x01, 0x03, 0x01, 0x00, 0x06, 0x00, 0x08, 0x08, 0, 0x00008138, 0x00000150 },
    { 0x0331, 0x01, 0x03, 0x02, 0x00, 0x06, 0x00, 0x08, 0x08, 0, 0x00008288, 0x00000130 },
    { 0x0331, 0x01, 0x03, 0x03, 0x00, 0x06, 0x00, 0x08, 0x08, 0, 0x000083B8, 0x000001C0 },
    { 0x0331, 0x01, 0x03, 0x04, 0x00, 0x06, 0x00, 0x08, 0x08, 0, 0x00007CF8, 0x00000150 },
    { 0x0331, 0x01, 0x03, 0x05, 0x00, 0x06, 0x00, 0x08, 0x08, 0, 0x00007E48, 0x00000130 },
    { 0x0331, 0x01, 0x03, 0x06, 0x00, 0x06, 0x00, 0x08, 0x08, 0, 0x00007F78, 0x000001C0 },
    { 0x0331, 0x01, 0x03, 0x07, 0x00, 0x06, 0x00, 0x08, 0x08, 0, 0x000076B8, 0x00000640 },
    { 0x0331, 0x02, 0x00, 0x00, 0x00, 0x06, 0x00, 0x0B, 0x0B, 0, 0x00011058, 0x0000000C },
    { 0x0331, 0x02, 0x01, 0x00, 0x00, 0x06, 0x00, 0x0B, 0x0B, 0, 0x0001102C, 0x0000002C },
    { 0x0331, 0x02, 0x02, 0x00, 0x00, 0x06, 0x00, 0x0B, 0x0B, 0, 0x00010FA8, 0x0000000C },
    { 0x0331, 0x02, 0x02, 0x01, 0x00, 0x06, 0x00, 0x0B, 0x0B, 0, 0x00010FB4, 0x0000000C },
    { 0x0331, 0x02, 0x02, 0x02, 0x00, 0x06, 0x00, 0x0B, 0x0B, 0, 0x00010FC0, 0x0000000C },
    { 0x0331, 0x02, 0x02, 0x03, 0x00, 0x06, 0x00, 0x0B, 0x0B, 0, 0x00010FCC, 0x0000000C },
    { 0x0331, 0x02, 0x02, 0x04, 0x00, 0x06, 0x00, 0x0B, 0x0B, 0, 0x00010FD8, 0x0000000C },
    { 0x0331, 0x02, 0x02, 0x05, 0x00, 0x06, 0x00, 0x0B, 0x0B, 0, 0x00010FE4, 0x0000000C },
    { 0x0331, 0x02, 0x02, 0x06, 0x00, 0x06, 0x00, 0x0B, 0x0B, 0, 0x00010FF0, 0x0000000C },
    { 0x0331, 0x02, 0x02, 0x07, 0x00, 0x06, 0x00, 0x0B, 0x0B, 0, 0x00010FFC, 0x0000000C },
    { 0x0331, 0x02, 0x02, 0x08, 0x00, 0x06, 0x00, 0x0B, 0x0B, 0, 0x00011008, 0x0000000C },
    { 0x0331, 0x02, 0x02, 0x09, 0x00, 0x06, 0x00, 0x0B, 0x0B, 0, 0x00011014, 0x0000000C },
    { 0x0331, 0x02, 0x02, 0x0A, 0x00, 0x06, 0x00, 0x0B, 0x0B, 0, 0x00011020, 0x0000000C },
    { 0x0331, 0x02, 0x03, 0x00, 0x00, 0x06, 0x00, 0x0B, 0x0B, 0, 0x0000DED0, 0x000000D8 },
    { 0x0331, 0x02, 0x03, 0x01, 0x00, 0x06, 0x00, 0x0B, 0x0B, 0, 0x0000DFA8, 0x000000A0 },
    { 0x0331, 0x02, 0x03, 0x02, 0x00, 0x06, 0x00, 0x0B, 0x0B, 0, 0x0000E168, 0x000002F8 },
    { 0x0331, 0x02, 0x03, 0x03, 0x00, 0x06, 0x00, 0x0B, 0x0B, 0, 0x0000E460, 0x000000A0 },
    { 0x0331, 0x02, 0x03, 0x04, 0x00, 0x06, 0x00, 0x0B, 0x0B, 0, 0x0000E808, 0x000000A8 },
    { 0x0331, 0x02, 0x03, 0x05, 0x00, 0x06, 0x00, 0x0B, 0x0B, 0, 0x0000E8B0, 0x00000278 },
    { 0x0331, 0x02, 0x03, 0x06, 0x00, 0x06, 0x00, 0x0B, 0x0B, 0, 0x0000E500, 0x00000308 },
    { 0x0331, 0x02, 0x03, 0x07, 0x00, 0x06, 0x00, 0x0B, 0x0B, 0, 0x0000E048, 0x00000120 },
    { 0x0331, 0x02, 0x03, 0x08, 0x00, 0x06, 0x00, 0x0B, 0x0B, 0, 0x0000EBC8, 0x000000A0 },
    { 0x0331, 0x02, 0x03, 0x09, 0x00, 0x06, 0x00, 0x0B, 0x0B, 0, 0x0000EB28, 0x000000A0 },
    { 0x0331, 0x02, 0x03, 0x0A, 0x00, 0x06, 0x00, 0x0B, 0x0B, 0, 0x0000EC68, 0x000000C0 },
    { 0x0334, 0x00, 0x00, 0x00, 0x00, 0x06, 0x00, 0x1D, 0x00, 0, 0x000052E0, 0x00000008 },
    { 0x0334, 0x00, 0x01, 0x00, 0x00, 0x06, 0x00, 0x1D, 0x00, 0, 0x0000526C, 0x00000074 },
    { 0x0334, 0x00, 0x02, 0x00, 0x00, 0x06, 0x00, 0x1D, 0x00, 0, 0x00005110, 0x0000000C },
    { 0x0334, 0x00, 0x02, 0x01, 0x00, 0x06, 0x00, 0x1D, 0x00, 0, 0x0000511C, 0x0000000C },
    { 0x0334, 0x00, 0x02, 0x02, 0x00, 0x06, 0x00, 0x1D, 0x00, 0, 0x00005128, 0x0000000C },
    { 0x0334, 0x00, 0x02, 0x03, 0x00, 0x06, 0x00, 0x1D, 0x00, 0, 0x00005134, 0x0000000C },
    { 0x0334, 0x00, 0x02, 0x04, 0x00, 0x06, 0x00, 0x1D, 0x00, 0, 0x00005140, 0x0000000C },
    { 0x0334, 0x00, 0x02, 0x05, 0x00, 0x06, 0x00, 0x1D, 0x00, 0, 0x0000514C, 0x0000000C },
    { 0x0334, 0x00, 0x02, 0x06, 0x00, 0x06, 0x00, 0x1D, 0x00, 0, 0x00005158, 0x0000000C },
    { 0x0334, 0x00, 0x02, 0x07, 0x00, 0x06, 0x00, 0x1D, 0x00, 0, 0x00005164, 0x0000000C },
    { 0x0334, 0x00, 0x02, 0x08, 0x00, 0x06, 0x00, 0x1D, 0x00, 0, 0x00005170, 0x0000000C },
    { 0x0334, 0x00, 0x02, 0x09, 0x00, 0x06, 0x00, 0x1D, 0x00, 0, 0x0000517C, 0x0000000C },
    { 0x0334, 0x00, 0x02, 0x0A, 0x00, 0x06, 0x00, 0x1D, 0x00, 0, 0x00005188, 0x0000000C },
    { 0x0334, 0x00, 0x02, 0x0B, 0x00, 0x06, 0x00, 0x1D, 0x00, 0, 0x00005194, 0x0000000C },
    { 0x0334, 0x00, 0x02, 0x0C, 0x00, 0x06, 0x00, 0x1D, 0x00, 0, 0x000051A0, 0x0000000C },
    { 0x0334, 0x00, 0x02, 0x0D, 0x00, 0x06, 0x00, 0x1D, 0x00, 0, 0x000051AC, 0x0000000C },
    { 0x0334, 0x00, 0x02, 0x0E, 0x00, 0x06, 0x00, 0x1D, 0x00, 0, 0x000051B8, 0x0000000C },
    { 0x0334, 0x00, 0x02, 0x0F, 0x00, 0x06, 0x00, 0x1D, 0x00, 0, 0x000051C4, 0x0000000C },
    { 0x0334, 0x00, 0x02, 0x10, 0x00, 0x06, 0x00, 0x1D, 0x00, 0, 0x000051D0, 0x0000000C },
    { 0x0334, 0x00, 0x02, 0x11, 0x00, 0x06, 0x00, 0x1D, 0x00, 0, 0x000051DC, 0x0000000C },
    { 0x0334, 0x00, 0x02, 0x12, 0x00, 0x06, 0x00, 0x1D, 0x00, 0, 0x000051E8, 0x0000000C },
    { 0x0334, 0x00, 0x02, 0x13, 0x00, 0x06, 0x00, 0x1D, 0x00, 0, 0x000051F4, 0x0000000C },
    { 0x0334, 0x00, 0x02, 0x14, 0x00, 0x06, 0x00, 0x1D, 0x00, 0, 0x00005200, 0x0000000C },
    { 0x0334, 0x00, 0x02, 0x15, 0x00, 0x06, 0x00, 0x1D, 0x00, 0, 0x0000520C, 0x0000000C },
    { 0x0334, 0x00, 0x02, 0x16, 0x00, 0x06, 0x00, 0x1D, 0x00, 0, 0x00005218, 0x0000000C },
    { 0x0334, 0x00, 0x02, 0x17, 0x00, 0x06, 0x00, 0x1D, 0x00, 0, 0x00005224, 0x0000000C },
    { 0x0334, 0x00, 0x02, 0x18, 0x00, 0x06, 0x00, 0x1D, 0x00, 0, 0x00005230, 0x0000000C },
    { 0x0334, 0x00, 0x02, 0x19, 0x00, 0x06, 0x00, 0x1D, 0x00, 0, 0x0000523C, 0x0000000C },
    { 0x0334, 0x00, 0x02, 0x1A, 0x00, 0x06, 0x00, 0x1D, 0x00, 0, 0x00005248, 0x0000000C },
    { 0x0334, 0x00, 0x02, 0x1B, 0x00, 0x06, 0x00, 0x1D, 0x00, 0, 0x00005254, 0x0000000C },
    { 0x0334, 0x00, 0x02, 0x1C, 0x00, 0x06, 0x00, 0x1D, 0x00, 0, 0x00005260, 0x0000000C },
    { 0x0334, 0x00, 0x03, 0x03, 0x00, 0x06, 0x00, 0x1D, 0x00, 0, 0x00004510, 0x000001B0 },
    { 0x0334, 0x00, 0x03, 0x04, 0x00, 0x06, 0x00, 0x1D, 0x00, 0, 0x00003CD0, 0x000003B0 },
    { 0x0334, 0x00, 0x03, 0x07, 0x00, 0x06, 0x00, 0x1D, 0x00, 0, 0x00004D28, 0x000000C0 },
    { 0x0334, 0x00, 0x03, 0x0A, 0x00, 0x06, 0x00, 0x1D, 0x00, 0, 0x00004B98, 0x000000C8 },
    { 0x0334, 0x00, 0x03, 0x0D, 0x00, 0x06, 0x00, 0x1D, 0x00, 0, 0x00004C60, 0x000000C8 },
    { 0x0334, 0x00, 0x03, 0x10, 0x00, 0x06, 0x00, 0x1D, 0x00, 0, 0x00004A08, 0x000000C8 },
    { 0x0334, 0x00, 0x03, 0x13, 0x00, 0x06, 0x00, 0x1D, 0x00, 0, 0x00004940, 0x000000C8 },
    { 0x0334, 0x00, 0x03, 0x16, 0x00, 0x06, 0x00, 0x1D, 0x00, 0, 0x00005048, 0x000000C8 },
    { 0x0334, 0x00, 0x03, 0x19, 0x00, 0x06, 0x00, 0x1D, 0x00, 0, 0x00004878, 0x000000C8 },
    { 0x0334, 0x00, 0x03, 0x1C, 0x00, 0x06, 0x00, 0x1D, 0x00, 0, 0x00004AD0, 0x000000C8 },
    { 0x0335, 0x00, 0x00, 0x00, 0x00, 0x06, 0x00, 0x13, 0x13, 0, 0x00006BC0, 0x0000000C },
    { 0x0335, 0x00, 0x01, 0x00, 0x00, 0x06, 0x00, 0x13, 0x13, 0, 0x00006B74, 0x0000004C },
    { 0x0335, 0x00, 0x02, 0x00, 0x00, 0x06, 0x00, 0x13, 0x13, 0, 0x00006A90, 0x0000000C },
    { 0x0335, 0x00, 0x02, 0x01, 0x00, 0x06, 0x00, 0x13, 0x13, 0, 0x00006A9C, 0x0000000C },
    { 0x0335, 0x00, 0x02, 0x02, 0x00, 0x06, 0x00, 0x13, 0x13, 0, 0x00006AA8, 0x0000000C },
    { 0x0335, 0x00, 0x02, 0x03, 0x00, 0x06, 0x00, 0x13, 0x13, 0, 0x00006AB4, 0x0000000C },
    { 0x0335, 0x00, 0x02, 0x04, 0x00, 0x06, 0x00, 0x13, 0x13, 0, 0x00006AC0, 0x0000000C },
    { 0x0335, 0x00, 0x02, 0x05, 0x00, 0x06, 0x00, 0x13, 0x13, 0, 0x00006ACC, 0x0000000C },
    { 0x0335, 0x00, 0x02, 0x06, 0x00, 0x06, 0x00, 0x13, 0x13, 0, 0x00006AD8, 0x0000000C },
    { 0x0335, 0x00, 0x02, 0x07, 0x00, 0x06, 0x00, 0x13, 0x13, 0, 0x00006AE4, 0x0000000C },
    { 0x0335, 0x00, 0x02, 0x08, 0x00, 0x06, 0x00, 0x13, 0x13, 0, 0x00006AF0, 0x0000000C },
    { 0x0335, 0x00, 0x02, 0x09, 0x00, 0x06, 0x00, 0x13, 0x13, 0, 0x00006AFC, 0x0000000C },
    { 0x0335, 0x00, 0x02, 0x0A, 0x00, 0x06, 0x00, 0x13, 0x13, 0, 0x00006B08, 0x0000000C },
    { 0x0335, 0x00, 0x02, 0x0B, 0x00, 0x06, 0x00, 0x13, 0x13, 0, 0x00006B14, 0x0000000C },
    { 0x0335, 0x00, 0x02, 0x0C, 0x00, 0x06, 0x00, 0x13, 0x13, 0, 0x00006B20, 0x0000000C },
    { 0x0335, 0x00, 0x02, 0x0D, 0x00, 0x06, 0x00, 0x13, 0x13, 0, 0x00006B2C, 0x0000000C },
    { 0x0335, 0x00, 0x02, 0x0E, 0x00, 0x06, 0x00, 0x13, 0x13, 0, 0x00006B38, 0x0000000C },
    { 0x0335, 0x00, 0x02, 0x0F, 0x00, 0x06, 0x00, 0x13, 0x13, 0, 0x00006B44, 0x0000000C },
    { 0x0335, 0x00, 0x02, 0x10, 0x00, 0x06, 0x00, 0x13, 0x13, 0, 0x00006B50, 0x0000000C },
    { 0x0335, 0x00, 0x02, 0x11, 0x00, 0x06, 0x00, 0x13, 0x13, 0, 0x00006B5C, 0x0000000C },
    { 0x0335, 0x00, 0x02, 0x12, 0x00, 0x06, 0x00, 0x13, 0x13, 0, 0x00006B68, 0x0000000C },
    { 0x0335, 0x00, 0x03, 0x00, 0x00, 0x06, 0x00, 0x13, 0x13, 0, 0x00004090, 0x000000C8 },
    { 0x0335, 0x00, 0x03, 0x01, 0x00, 0x06, 0x00, 0x13, 0x13, 0, 0x000058F0, 0x000000C0 },
    { 0x0335, 0x00, 0x03, 0x02, 0x00, 0x06, 0x00, 0x13, 0x13, 0, 0x000059B0, 0x000001E0 },
    { 0x0335, 0x00, 0x03, 0x03, 0x00, 0x06, 0x00, 0x13, 0x13, 0, 0x00005650, 0x000000C0 },
    { 0x0335, 0x00, 0x03, 0x04, 0x00, 0x06, 0x00, 0x13, 0x13, 0, 0x00005710, 0x000001E0 },
    { 0x0335, 0x00, 0x03, 0x05, 0x00, 0x06, 0x00, 0x13, 0x13, 0, 0x000053B0, 0x000000C0 },
    { 0x0335, 0x00, 0x03, 0x06, 0x00, 0x06, 0x00, 0x13, 0x13, 0, 0x00005470, 0x000001E0 },
    { 0x0335, 0x00, 0x03, 0x07, 0x00, 0x06, 0x00, 0x13, 0x13, 0, 0x00005110, 0x000000C0 },
    { 0x0335, 0x00, 0x03, 0x08, 0x00, 0x06, 0x00, 0x13, 0x13, 0, 0x000051D0, 0x000001E0 },
    { 0x0335, 0x00, 0x03, 0x09, 0x00, 0x06, 0x00, 0x13, 0x13, 0, 0x000044F8, 0x000005C0 },
    { 0x0335, 0x00, 0x03, 0x0A, 0x00, 0x06, 0x00, 0x13, 0x13, 0, 0x00004F90, 0x000000A8 },
    { 0x0335, 0x00, 0x03, 0x0B, 0x00, 0x06, 0x00, 0x13, 0x13, 0, 0x00005038, 0x000000D8 },
    { 0x0335, 0x00, 0x03, 0x0C, 0x00, 0x06, 0x00, 0x13, 0x13, 0, 0x00004E10, 0x000000A8 },
    { 0x0335, 0x00, 0x03, 0x0D, 0x00, 0x06, 0x00, 0x13, 0x13, 0, 0x00004EB8, 0x000000D8 },
    { 0x0335, 0x00, 0x03, 0x0E, 0x00, 0x06, 0x00, 0x13, 0x13, 0, 0x00004CA0, 0x00000170 },
    { 0x0335, 0x00, 0x03, 0x0F, 0x00, 0x06, 0x00, 0x13, 0x13, 0, 0x00004AB8, 0x000001E8 },
    { 0x0335, 0x00, 0x03, 0x10, 0x00, 0x06, 0x00, 0x13, 0x13, 0, 0x00004158, 0x00000150 },
    { 0x0335, 0x00, 0x03, 0x11, 0x00, 0x06, 0x00, 0x13, 0x13, 0, 0x000043D0, 0x00000128 },
    { 0x0335, 0x00, 0x03, 0x12, 0x00, 0x06, 0x00, 0x13, 0x13, 0, 0x000042A8, 0x00000128 },
    { 0x0336, 0x00, 0x00, 0x00, 0x00, 0x06, 0x00, 0x0A, 0x0A, 0, 0x00006EB0, 0x0000000C },
    { 0x0336, 0x00, 0x01, 0x00, 0x00, 0x06, 0x00, 0x0A, 0x0A, 0, 0x00006E88, 0x00000028 },
    { 0x0336, 0x00, 0x02, 0x00, 0x00, 0x06, 0x00, 0x0A, 0x0A, 0, 0x00006E10, 0x0000000C },
    { 0x0336, 0x00, 0x02, 0x01, 0x00, 0x06, 0x00, 0x0A, 0x0A, 0, 0x00006E1C, 0x0000000C },
    { 0x0336, 0x00, 0x02, 0x02, 0x00, 0x06, 0x00, 0x0A, 0x0A, 0, 0x00006E28, 0x0000000C },
    { 0x0336, 0x00, 0x02, 0x03, 0x00, 0x06, 0x00, 0x0A, 0x0A, 0, 0x00006E34, 0x0000000C },
    { 0x0336, 0x00, 0x02, 0x04, 0x00, 0x06, 0x00, 0x0A, 0x0A, 0, 0x00006E40, 0x0000000C },
    { 0x0336, 0x00, 0x02, 0x05, 0x00, 0x06, 0x00, 0x0A, 0x0A, 0, 0x00006E4C, 0x0000000C },
    { 0x0336, 0x00, 0x02, 0x06, 0x00, 0x06, 0x00, 0x0A, 0x0A, 0, 0x00006E58, 0x0000000C },
    { 0x0336, 0x00, 0x02, 0x07, 0x00, 0x06, 0x00, 0x0A, 0x0A, 0, 0x00006E64, 0x0000000C },
    { 0x0336, 0x00, 0x02, 0x08, 0x00, 0x06, 0x00, 0x0A, 0x0A, 0, 0x00006E70, 0x0000000C },
    { 0x0336, 0x00, 0x02, 0x09, 0x00, 0x06, 0x00, 0x0A, 0x0A, 0, 0x00006E7C, 0x0000000C },
    { 0x0336, 0x00, 0x03, 0x00, 0x00, 0x06, 0x00, 0x0A, 0x0A, 0, 0x00004038, 0x000000D8 },
    { 0x0336, 0x00, 0x03, 0x01, 0x00, 0x06, 0x00, 0x0A, 0x0A, 0, 0x00003DB0, 0x00000288 },
    { 0x0336, 0x00, 0x03, 0x02, 0x00, 0x06, 0x00, 0x0A, 0x0A, 0, 0x000033C8, 0x00000158 },
    { 0x0336, 0x00, 0x03, 0x03, 0x00, 0x06, 0x00, 0x0A, 0x0A, 0, 0x00002EE0, 0x000004E8 },
    { 0x0336, 0x00, 0x03, 0x04, 0x00, 0x06, 0x00, 0x0A, 0x0A, 0, 0x00003780, 0x000001E8 },
    { 0x0336, 0x00, 0x03, 0x05, 0x00, 0x06, 0x00, 0x0A, 0x0A, 0, 0x00003670, 0x00000110 },
    { 0x0336, 0x00, 0x03, 0x06, 0x00, 0x06, 0x00, 0x0A, 0x0A, 0, 0x00003520, 0x00000150 },
    { 0x0336, 0x00, 0x03, 0x07, 0x00, 0x06, 0x00, 0x0A, 0x0A, 0, 0x00003BC8, 0x000001E8 },
    { 0x0336, 0x00, 0x03, 0x08, 0x00, 0x06, 0x00, 0x0A, 0x0A, 0, 0x00003AB8, 0x00000110 },
    { 0x0336, 0x00, 0x03, 0x09, 0x00, 0x06, 0x00, 0x0A, 0x0A, 0, 0x00003968, 0x00000150 },
    { 0x033A, 0x00, 0x00, 0x00, 0x00, 0x06, 0x00, 0x09, 0x09, 0, 0x000023B8, 0x0000000C },
    { 0x033A, 0x00, 0x01, 0x00, 0x00, 0x06, 0x00, 0x09, 0x09, 0, 0x00002394, 0x00000024 },
    { 0x033A, 0x00, 0x02, 0x00, 0x00, 0x06, 0x00, 0x09, 0x09, 0, 0x00002328, 0x0000000C },
    { 0x033A, 0x00, 0x02, 0x01, 0x00, 0x06, 0x00, 0x09, 0x09, 0, 0x00002334, 0x0000000C },
    { 0x033A, 0x00, 0x02, 0x02, 0x00, 0x06, 0x00, 0x09, 0x09, 0, 0x00002340, 0x0000000C },
    { 0x033A, 0x00, 0x02, 0x03, 0x00, 0x06, 0x00, 0x09, 0x09, 0, 0x0000234C, 0x0000000C },
    { 0x033A, 0x00, 0x02, 0x04, 0x00, 0x06, 0x00, 0x09, 0x09, 0, 0x00002358, 0x0000000C },
    { 0x033A, 0x00, 0x02, 0x05, 0x00, 0x06, 0x00, 0x09, 0x09, 0, 0x00002364, 0x0000000C },
    { 0x033A, 0x00, 0x02, 0x06, 0x00, 0x06, 0x00, 0x09, 0x09, 0, 0x00002370, 0x0000000C },
    { 0x033A, 0x00, 0x02, 0x07, 0x00, 0x06, 0x00, 0x09, 0x09, 0, 0x0000237C, 0x0000000C },
    { 0x033A, 0x00, 0x02, 0x08, 0x00, 0x06, 0x00, 0x09, 0x09, 0, 0x00002388, 0x0000000C },
    { 0x033A, 0x00, 0x03, 0x00, 0x00, 0x06, 0x00, 0x09, 0x09, 0, 0x00000C68, 0x000000A8 },
    { 0x033A, 0x00, 0x03, 0x01, 0x00, 0x06, 0x00, 0x09, 0x09, 0, 0x00000B30, 0x00000138 },
    { 0x033A, 0x00, 0x03, 0x02, 0x00, 0x06, 0x00, 0x09, 0x09, 0, 0x000010C8, 0x00000140 },
    { 0x033A, 0x00, 0x03, 0x03, 0x00, 0x06, 0x00, 0x09, 0x09, 0, 0x00001208, 0x000000B8 },
    { 0x033A, 0x00, 0x03, 0x04, 0x00, 0x06, 0x00, 0x09, 0x09, 0, 0x00000D10, 0x00000118 },
    { 0x033A, 0x00, 0x03, 0x05, 0x00, 0x06, 0x00, 0x09, 0x09, 0, 0x00001028, 0x000000A0 },
    { 0x033A, 0x00, 0x03, 0x06, 0x00, 0x06, 0x00, 0x09, 0x09, 0, 0x00000F78, 0x000000B0 },
    { 0x033A, 0x00, 0x03, 0x07, 0x00, 0x06, 0x00, 0x09, 0x09, 0, 0x00000E28, 0x000000A0 },
    { 0x033A, 0x00, 0x03, 0x08, 0x00, 0x06, 0x00, 0x09, 0x09, 0, 0x00000EC8, 0x000000B0 },
    { 0x033B, 0x00, 0x00, 0x00, 0x00, 0x06, 0x00, 0x08, 0x08, 0, 0x00004868, 0x0000000C },
    { 0x033B, 0x00, 0x01, 0x00, 0x00, 0x06, 0x00, 0x08, 0x08, 0, 0x00004848, 0x00000020 },
    { 0x033B, 0x00, 0x02, 0x00, 0x00, 0x06, 0x00, 0x08, 0x08, 0, 0x000047E8, 0x0000000C },
    { 0x033B, 0x00, 0x02, 0x01, 0x00, 0x06, 0x00, 0x08, 0x08, 0, 0x000047F4, 0x0000000C },
    { 0x033B, 0x00, 0x02, 0x02, 0x00, 0x06, 0x00, 0x08, 0x08, 0, 0x00004800, 0x0000000C },
    { 0x033B, 0x00, 0x02, 0x03, 0x00, 0x06, 0x00, 0x08, 0x08, 0, 0x0000480C, 0x0000000C },
    { 0x033B, 0x00, 0x02, 0x04, 0x00, 0x06, 0x00, 0x08, 0x08, 0, 0x00004818, 0x0000000C },
    { 0x033B, 0x00, 0x02, 0x05, 0x00, 0x06, 0x00, 0x08, 0x08, 0, 0x00004824, 0x0000000C },
    { 0x033B, 0x00, 0x02, 0x06, 0x00, 0x06, 0x00, 0x08, 0x08, 0, 0x00004830, 0x0000000C },
    { 0x033B, 0x00, 0x02, 0x07, 0x00, 0x06, 0x00, 0x08, 0x08, 0, 0x0000483C, 0x0000000C },
    { 0x033B, 0x00, 0x03, 0x00, 0x00, 0x06, 0x00, 0x08, 0x08, 0, 0x00001FA0, 0x00000258 },
    { 0x033B, 0x00, 0x03, 0x01, 0x00, 0x06, 0x00, 0x08, 0x08, 0, 0x00002A70, 0x00000138 },
    { 0x033B, 0x00, 0x03, 0x02, 0x00, 0x06, 0x00, 0x08, 0x08, 0, 0x00002BA8, 0x00000130 },
    { 0x033B, 0x00, 0x03, 0x03, 0x00, 0x06, 0x00, 0x08, 0x08, 0, 0x00002CD8, 0x00000210 },
    { 0x033B, 0x00, 0x03, 0x04, 0x00, 0x06, 0x00, 0x08, 0x08, 0, 0x000025F8, 0x00000138 },
    { 0x033B, 0x00, 0x03, 0x05, 0x00, 0x06, 0x00, 0x08, 0x08, 0, 0x00002730, 0x00000130 },
    { 0x033B, 0x00, 0x03, 0x06, 0x00, 0x06, 0x00, 0x08, 0x08, 0, 0x00002860, 0x00000210 },
    { 0x033B, 0x00, 0x03, 0x07, 0x00, 0x06, 0x00, 0x08, 0x08, 0, 0x000021F8, 0x00000400 },
    { 0x033D, 0x00, 0x00, 0x00, 0x00, 0x06, 0x00, 0x15, 0x12, 0, 0x00008968, 0x0000000C },
    { 0x033D, 0x00, 0x01, 0x00, 0x00, 0x06, 0x00, 0x15, 0x12, 0, 0x00008914, 0x00000054 },
    { 0x033D, 0x00, 0x02, 0x00, 0x00, 0x06, 0x00, 0x15, 0x12, 0, 0x00008818, 0x0000000C },
    { 0x033D, 0x00, 0x02, 0x01, 0x00, 0x06, 0x00, 0x15, 0x12, 0, 0x00008824, 0x0000000C },
    { 0x033D, 0x00, 0x02, 0x02, 0x00, 0x06, 0x00, 0x15, 0x12, 0, 0x00008830, 0x0000000C },
    { 0x033D, 0x00, 0x02, 0x03, 0x00, 0x06, 0x00, 0x15, 0x12, 0, 0x0000883C, 0x0000000C },
    { 0x033D, 0x00, 0x02, 0x04, 0x00, 0x06, 0x00, 0x15, 0x12, 0, 0x00008848, 0x0000000C },
    { 0x033D, 0x00, 0x02, 0x05, 0x00, 0x06, 0x00, 0x15, 0x12, 0, 0x00008854, 0x0000000C },
    { 0x033D, 0x00, 0x02, 0x06, 0x00, 0x06, 0x00, 0x15, 0x12, 0, 0x00008860, 0x0000000C },
    { 0x033D, 0x00, 0x02, 0x07, 0x00, 0x06, 0x00, 0x15, 0x12, 0, 0x0000886C, 0x0000000C },
    { 0x033D, 0x00, 0x02, 0x08, 0x00, 0x06, 0x00, 0x15, 0x12, 0, 0x00008878, 0x0000000C },
    { 0x033D, 0x00, 0x02, 0x09, 0x00, 0x06, 0x00, 0x15, 0x12, 0, 0x00008884, 0x0000000C },
    { 0x033D, 0x00, 0x02, 0x0A, 0x00, 0x06, 0x00, 0x15, 0x12, 0, 0x00008890, 0x0000000C },
    { 0x033D, 0x00, 0x02, 0x0B, 0x00, 0x06, 0x00, 0x15, 0x12, 0, 0x0000889C, 0x0000000C },
    { 0x033D, 0x00, 0x02, 0x0C, 0x00, 0x06, 0x00, 0x15, 0x12, 0, 0x000088A8, 0x0000000C },
    { 0x033D, 0x00, 0x02, 0x0D, 0x00, 0x06, 0x00, 0x15, 0x12, 0, 0x000088B4, 0x0000000C },
    { 0x033D, 0x00, 0x02, 0x0E, 0x00, 0x06, 0x00, 0x15, 0x12, 0, 0x000088C0, 0x0000000C },
    { 0x033D, 0x00, 0x02, 0x0F, 0x00, 0x06, 0x00, 0x15, 0x12, 0, 0x000088CC, 0x0000000C },
    { 0x033D, 0x00, 0x02, 0x10, 0x00, 0x06, 0x00, 0x15, 0x12, 0, 0x000088D8, 0x0000000C },
    { 0x033D, 0x00, 0x02, 0x11, 0x00, 0x06, 0x00, 0x15, 0x12, 0, 0x000088E4, 0x0000000C },
    { 0x033D, 0x00, 0x02, 0x12, 0x00, 0x06, 0x00, 0x15, 0x12, 0, 0x000088F0, 0x0000000C },
    { 0x033D, 0x00, 0x02, 0x13, 0x00, 0x06, 0x00, 0x15, 0x12, 0, 0x000088FC, 0x0000000C },
    { 0x033D, 0x00, 0x02, 0x14, 0x00, 0x06, 0x00, 0x15, 0x12, 0, 0x00008908, 0x0000000C },
    { 0x033D, 0x00, 0x03, 0x01, 0x00, 0x06, 0x00, 0x15, 0x12, 0, 0x00003540, 0x000004A0 },
    { 0x033D, 0x00, 0x03, 0x03, 0x00, 0x06, 0x00, 0x15, 0x12, 0, 0x00008270, 0x000000F0 },
    { 0x033D, 0x00, 0x03, 0x04, 0x00, 0x06, 0x00, 0x15, 0x12, 0, 0x000081B8, 0x000000B8 },
    { 0x033D, 0x00, 0x03, 0x05, 0x00, 0x06, 0x00, 0x15, 0x12, 0, 0x00008360, 0x000004B8 },
    { 0x033D, 0x00, 0x03, 0x06, 0x00, 0x06, 0x00, 0x15, 0x12, 0, 0x000039E0, 0x00000138 },
    { 0x033D, 0x00, 0x03, 0x07, 0x00, 0x06, 0x00, 0x15, 0x12, 0, 0x00003B18, 0x00000200 },
    { 0x033D, 0x00, 0x03, 0x09, 0x00, 0x06, 0x00, 0x15, 0x12, 0, 0x00007E60, 0x00000168 },
    { 0x033D, 0x00, 0x03, 0x0A, 0x00, 0x06, 0x00, 0x15, 0x12, 0, 0x00007FC8, 0x000001F0 },
    { 0x033D, 0x00, 0x03, 0x0B, 0x00, 0x06, 0x00, 0x15, 0x12, 0, 0x00003D18, 0x00000138 },
    { 0x033D, 0x00, 0x03, 0x0C, 0x00, 0x06, 0x00, 0x15, 0x12, 0, 0x00003E50, 0x00000200 },
    { 0x033D, 0x00, 0x03, 0x0D, 0x00, 0x06, 0x00, 0x15, 0x12, 0, 0x00007CF8, 0x00000168 },
    { 0x033D, 0x00, 0x03, 0x0E, 0x00, 0x06, 0x00, 0x15, 0x12, 0, 0x000044B8, 0x00000110 },
    { 0x033D, 0x00, 0x03, 0x0F, 0x00, 0x06, 0x00, 0x15, 0x12, 0, 0x000045C8, 0x000001C0 },
    { 0x033D, 0x00, 0x03, 0x10, 0x00, 0x06, 0x00, 0x15, 0x12, 0, 0x00007978, 0x000001C0 },
    { 0x033D, 0x00, 0x03, 0x11, 0x00, 0x06, 0x00, 0x15, 0x12, 0, 0x000041E8, 0x00000110 },
    { 0x033D, 0x00, 0x03, 0x12, 0x00, 0x06, 0x00, 0x15, 0x12, 0, 0x000042F8, 0x000001C0 },
    { 0x033D, 0x00, 0x03, 0x13, 0x00, 0x06, 0x00, 0x15, 0x12, 0, 0x00007B38, 0x000001C0 },
    { 0x033D, 0x00, 0x03, 0x14, 0x00, 0x06, 0x00, 0x15, 0x12, 0, 0x00004050, 0x00000198 },
    { 0x033E, 0x00, 0x00, 0x00, 0x00, 0x06, 0x00, 0x11, 0x11, 0, 0x000041A8, 0x0000000C },
    { 0x033E, 0x00, 0x01, 0x00, 0x00, 0x06, 0x00, 0x11, 0x11, 0, 0x00004164, 0x00000044 },
    { 0x033E, 0x00, 0x02, 0x00, 0x00, 0x06, 0x00, 0x11, 0x11, 0, 0x00004098, 0x0000000C },
    { 0x033E, 0x00, 0x02, 0x01, 0x00, 0x06, 0x00, 0x11, 0x11, 0, 0x000040A4, 0x0000000C },
    { 0x033E, 0x00, 0x02, 0x02, 0x00, 0x06, 0x00, 0x11, 0x11, 0, 0x000040B0, 0x0000000C },
    { 0x033E, 0x00, 0x02, 0x03, 0x00, 0x06, 0x00, 0x11, 0x11, 0, 0x000040BC, 0x0000000C },
    { 0x033E, 0x00, 0x02, 0x04, 0x00, 0x06, 0x00, 0x11, 0x11, 0, 0x000040C8, 0x0000000C },
    { 0x033E, 0x00, 0x02, 0x05, 0x00, 0x06, 0x00, 0x11, 0x11, 0, 0x000040D4, 0x0000000C },
    { 0x033E, 0x00, 0x02, 0x06, 0x00, 0x06, 0x00, 0x11, 0x11, 0, 0x000040E0, 0x0000000C },
    { 0x033E, 0x00, 0x02, 0x07, 0x00, 0x06, 0x00, 0x11, 0x11, 0, 0x000040EC, 0x0000000C },
    { 0x033E, 0x00, 0x02, 0x08, 0x00, 0x06, 0x00, 0x11, 0x11, 0, 0x000040F8, 0x0000000C },
    { 0x033E, 0x00, 0x02, 0x09, 0x00, 0x06, 0x00, 0x11, 0x11, 0, 0x00004104, 0x0000000C },
    { 0x033E, 0x00, 0x02, 0x0A, 0x00, 0x06, 0x00, 0x11, 0x11, 0, 0x00004110, 0x0000000C },
    { 0x033E, 0x00, 0x02, 0x0B, 0x00, 0x06, 0x00, 0x11, 0x11, 0, 0x0000411C, 0x0000000C },
    { 0x033E, 0x00, 0x02, 0x0C, 0x00, 0x06, 0x00, 0x11, 0x11, 0, 0x00004128, 0x0000000C },
    { 0x033E, 0x00, 0x02, 0x0D, 0x00, 0x06, 0x00, 0x11, 0x11, 0, 0x00004134, 0x0000000C },
    { 0x033E, 0x00, 0x02, 0x0E, 0x00, 0x06, 0x00, 0x11, 0x11, 0, 0x00004140, 0x0000000C },
    { 0x033E, 0x00, 0x02, 0x0F, 0x00, 0x06, 0x00, 0x11, 0x11, 0, 0x0000414C, 0x0000000C },
    { 0x033E, 0x00, 0x02, 0x10, 0x00, 0x06, 0x00, 0x11, 0x11, 0, 0x00004158, 0x0000000C },
    { 0x033E, 0x00, 0x03, 0x00, 0x00, 0x06, 0x00, 0x11, 0x11, 0, 0x00003C80, 0x000000B0 },
    { 0x033E, 0x00, 0x03, 0x01, 0x00, 0x06, 0x00, 0x11, 0x11, 0, 0x00002640, 0x000000B0 },
    { 0x033E, 0x00, 0x03, 0x02, 0x00, 0x06, 0x00, 0x11, 0x11, 0, 0x00002570, 0x000000D0 },
    { 0x033E, 0x00, 0x03, 0x03, 0x00, 0x06, 0x00, 0x11, 0x11, 0, 0x00002488, 0x000000E8 },
    { 0x033E, 0x00, 0x03, 0x04, 0x00, 0x06, 0x00, 0x11, 0x11, 0, 0x000023D8, 0x000000B0 },
    { 0x033E, 0x00, 0x03, 0x05, 0x00, 0x06, 0x00, 0x11, 0x11, 0, 0x00002308, 0x000000D0 },
    { 0x033E, 0x00, 0x03, 0x06, 0x00, 0x06, 0x00, 0x11, 0x11, 0, 0x00002220, 0x000000E8 },
    { 0x033E, 0x00, 0x03, 0x07, 0x00, 0x06, 0x00, 0x11, 0x11, 0, 0x00003D30, 0x000000A8 },
    { 0x033E, 0x00, 0x03, 0x08, 0x00, 0x06, 0x00, 0x11, 0x11, 0, 0x00003B68, 0x00000118 },
    { 0x033E, 0x00, 0x03, 0x09, 0x00, 0x06, 0x00, 0x11, 0x11, 0, 0x00002170, 0x000000B0 },
    { 0x033E, 0x00, 0x03, 0x0A, 0x00, 0x06, 0x00, 0x11, 0x11, 0, 0x000020A0, 0x000000D0 },
    { 0x033E, 0x00, 0x03, 0x0B, 0x00, 0x06, 0x00, 0x11, 0x11, 0, 0x00001FA8, 0x000000F8 },
    { 0x033E, 0x00, 0x03, 0x0C, 0x00, 0x06, 0x00, 0x11, 0x11, 0, 0x00001EF8, 0x000000B0 },
    { 0x033E, 0x00, 0x03, 0x0D, 0x00, 0x06, 0x00, 0x11, 0x11, 0, 0x00001E28, 0x000000D0 },
    { 0x033E, 0x00, 0x03, 0x0E, 0x00, 0x06, 0x00, 0x11, 0x11, 0, 0x00001D30, 0x000000F8 },
    { 0x033E, 0x00, 0x03, 0x0F, 0x00, 0x06, 0x00, 0x11, 0x11, 0, 0x00003AD0, 0x00000098 },
    { 0x033E, 0x00, 0x03, 0x10, 0x00, 0x06, 0x00, 0x11, 0x11, 0, 0x00003930, 0x000001A0 },
    { 0x033F, 0x00, 0x00, 0x00, 0x00, 0x06, 0x00, 0x17, 0x13, 0, 0x0000A458, 0x0000000C },
    { 0x033F, 0x00, 0x01, 0x00, 0x00, 0x06, 0x00, 0x17, 0x13, 0, 0x0000A3FC, 0x0000005C },
    { 0x033F, 0x00, 0x02, 0x00, 0x00, 0x06, 0x00, 0x17, 0x13, 0, 0x0000A2E8, 0x0000000C },
    { 0x033F, 0x00, 0x02, 0x01, 0x00, 0x06, 0x00, 0x17, 0x13, 0, 0x0000A2F4, 0x0000000C },
    { 0x033F, 0x00, 0x02, 0x02, 0x00, 0x06, 0x00, 0x17, 0x13, 0, 0x0000A300, 0x0000000C },
    { 0x033F, 0x00, 0x02, 0x03, 0x00, 0x06, 0x00, 0x17, 0x13, 0, 0x0000A30C, 0x0000000C },
    { 0x033F, 0x00, 0x02, 0x04, 0x00, 0x06, 0x00, 0x17, 0x13, 0, 0x0000A318, 0x0000000C },
    { 0x033F, 0x00, 0x02, 0x05, 0x00, 0x06, 0x00, 0x17, 0x13, 0, 0x0000A324, 0x0000000C },
    { 0x033F, 0x00, 0x02, 0x06, 0x00, 0x06, 0x00, 0x17, 0x13, 0, 0x0000A330, 0x0000000C },
    { 0x033F, 0x00, 0x02, 0x07, 0x00, 0x06, 0x00, 0x17, 0x13, 0, 0x0000A33C, 0x0000000C },
    { 0x033F, 0x00, 0x02, 0x08, 0x00, 0x06, 0x00, 0x17, 0x13, 0, 0x0000A348, 0x0000000C },
    { 0x033F, 0x00, 0x02, 0x09, 0x00, 0x06, 0x00, 0x17, 0x13, 0, 0x0000A354, 0x0000000C },
    { 0x033F, 0x00, 0x02, 0x0A, 0x00, 0x06, 0x00, 0x17, 0x13, 0, 0x0000A360, 0x0000000C },
    { 0x033F, 0x00, 0x02, 0x0B, 0x00, 0x06, 0x00, 0x17, 0x13, 0, 0x0000A36C, 0x0000000C },
    { 0x033F, 0x00, 0x02, 0x0C, 0x00, 0x06, 0x00, 0x17, 0x13, 0, 0x0000A378, 0x0000000C },
    { 0x033F, 0x00, 0x02, 0x0D, 0x00, 0x06, 0x00, 0x17, 0x13, 0, 0x0000A384, 0x0000000C },
    { 0x033F, 0x00, 0x02, 0x0E, 0x00, 0x06, 0x00, 0x17, 0x13, 0, 0x0000A390, 0x0000000C },
    { 0x033F, 0x00, 0x02, 0x0F, 0x00, 0x06, 0x00, 0x17, 0x13, 0, 0x0000A39C, 0x0000000C },
    { 0x033F, 0x00, 0x02, 0x10, 0x00, 0x06, 0x00, 0x17, 0x13, 0, 0x0000A3A8, 0x0000000C },
    { 0x033F, 0x00, 0x02, 0x11, 0x00, 0x06, 0x00, 0x17, 0x13, 0, 0x0000A3B4, 0x0000000C },
    { 0x033F, 0x00, 0x02, 0x12, 0x00, 0x06, 0x00, 0x17, 0x13, 0, 0x0000A3C0, 0x0000000C },
    { 0x033F, 0x00, 0x02, 0x13, 0x00, 0x06, 0x00, 0x17, 0x13, 0, 0x0000A3CC, 0x0000000C },
    { 0x033F, 0x00, 0x02, 0x14, 0x00, 0x06, 0x00, 0x17, 0x13, 0, 0x0000A3D8, 0x0000000C },
    { 0x033F, 0x00, 0x02, 0x15, 0x00, 0x06, 0x00, 0x17, 0x13, 0, 0x0000A3E4, 0x0000000C },
    { 0x033F, 0x00, 0x02, 0x16, 0x00, 0x06, 0x00, 0x17, 0x13, 0, 0x0000A3F0, 0x0000000C },
    { 0x033F, 0x00, 0x03, 0x01, 0x00, 0x06, 0x00, 0x17, 0x13, 0, 0x000048E0, 0x00000480 },
    { 0x033F, 0x00, 0x03, 0x03, 0x00, 0x06, 0x00, 0x17, 0x13, 0, 0x00009A60, 0x000000F0 },
    { 0x033F, 0x00, 0x03, 0x04, 0x00, 0x06, 0x00, 0x17, 0x13, 0, 0x000099A8, 0x000000B8 },
    { 0x033F, 0x00, 0x03, 0x05, 0x00, 0x06, 0x00, 0x17, 0x13, 0, 0x00009B50, 0x00000798 },
    { 0x033F, 0x00, 0x03, 0x06, 0x00, 0x06, 0x00, 0x17, 0x13, 0, 0x00004D60, 0x00000138 },
    { 0x033F, 0x00, 0x03, 0x07, 0x00, 0x06, 0x00, 0x17, 0x13, 0, 0x00004E98, 0x00000228 },
    { 0x033F, 0x00, 0x03, 0x09, 0x00, 0x06, 0x00, 0x17, 0x13, 0, 0x00009638, 0x00000198 },
    { 0x033F, 0x00, 0x03, 0x0A, 0x00, 0x06, 0x00, 0x17, 0x13, 0, 0x000097D0, 0x000001D8 },
    { 0x033F, 0x00, 0x03, 0x0B, 0x00, 0x06, 0x00, 0x17, 0x13, 0, 0x000050C0, 0x00000138 },
    { 0x033F, 0x00, 0x03, 0x0C, 0x00, 0x06, 0x00, 0x17, 0x13, 0, 0x000051F8, 0x00000228 },
    { 0x033F, 0x00, 0x03, 0x0E, 0x00, 0x06, 0x00, 0x17, 0x13, 0, 0x000092C8, 0x00000198 },
    { 0x033F, 0x00, 0x03, 0x0F, 0x00, 0x06, 0x00, 0x17, 0x13, 0, 0x00009460, 0x000001D8 },
    { 0x033F, 0x00, 0x03, 0x10, 0x00, 0x06, 0x00, 0x17, 0x13, 0, 0x000059B0, 0x00000100 },
    { 0x033F, 0x00, 0x03, 0x11, 0x00, 0x06, 0x00, 0x17, 0x13, 0, 0x00005AB0, 0x00000280 },
    { 0x033F, 0x00, 0x03, 0x12, 0x00, 0x06, 0x00, 0x17, 0x13, 0, 0x00008F48, 0x000001C0 },
    { 0x033F, 0x00, 0x03, 0x13, 0x00, 0x06, 0x00, 0x17, 0x13, 0, 0x00005640, 0x00000100 },
    { 0x033F, 0x00, 0x03, 0x14, 0x00, 0x06, 0x00, 0x17, 0x13, 0, 0x00005740, 0x00000270 },
    { 0x033F, 0x00, 0x03, 0x15, 0x00, 0x06, 0x00, 0x17, 0x13, 0, 0x00009108, 0x000001C0 },
    { 0x033F, 0x00, 0x03, 0x16, 0x00, 0x06, 0x00, 0x17, 0x13, 0, 0x00005420, 0x00000220 },
    { 0x0340, 0x00, 0x00, 0x00, 0x00, 0x06, 0x00, 0x10, 0x0F, 0, 0x00009948, 0x0000000C },
    { 0x0340, 0x00, 0x01, 0x00, 0x00, 0x06, 0x00, 0x10, 0x0F, 0, 0x00009908, 0x00000040 },
    { 0x0340, 0x00, 0x02, 0x00, 0x00, 0x06, 0x00, 0x10, 0x0F, 0, 0x00009848, 0x0000000C },
    { 0x0340, 0x00, 0x02, 0x01, 0x00, 0x06, 0x00, 0x10, 0x0F, 0, 0x00009854, 0x0000000C },
    { 0x0340, 0x00, 0x02, 0x02, 0x00, 0x06, 0x00, 0x10, 0x0F, 0, 0x00009860, 0x0000000C },
    { 0x0340, 0x00, 0x02, 0x03, 0x00, 0x06, 0x00, 0x10, 0x0F, 0, 0x0000986C, 0x0000000C },
    { 0x0340, 0x00, 0x02, 0x04, 0x00, 0x06, 0x00, 0x10, 0x0F, 0, 0x00009878, 0x0000000C },
    { 0x0340, 0x00, 0x02, 0x05, 0x00, 0x06, 0x00, 0x10, 0x0F, 0, 0x00009884, 0x0000000C },
    { 0x0340, 0x00, 0x02, 0x06, 0x00, 0x06, 0x00, 0x10, 0x0F, 0, 0x00009890, 0x0000000C },
    { 0x0340, 0x00, 0x02, 0x07, 0x00, 0x06, 0x00, 0x10, 0x0F, 0, 0x0000989C, 0x0000000C },
    { 0x0340, 0x00, 0x02, 0x08, 0x00, 0x06, 0x00, 0x10, 0x0F, 0, 0x000098A8, 0x0000000C },
    { 0x0340, 0x00, 0x02, 0x09, 0x00, 0x06, 0x00, 0x10, 0x0F, 0, 0x000098B4, 0x0000000C },
    { 0x0340, 0x00, 0x02, 0x0A, 0x00, 0x06, 0x00, 0x10, 0x0F, 0, 0x000098C0, 0x0000000C },
    { 0x0340, 0x00, 0x02, 0x0B, 0x00, 0x06, 0x00, 0x10, 0x0F, 0, 0x000098CC, 0x0000000C },
    { 0x0340, 0x00, 0x02, 0x0C, 0x00, 0x06, 0x00, 0x10, 0x0F, 0, 0x000098D8, 0x0000000C },
    { 0x0340, 0x00, 0x02, 0x0D, 0x00, 0x06, 0x00, 0x10, 0x0F, 0, 0x000098E4, 0x0000000C },
    { 0x0340, 0x00, 0x02, 0x0E, 0x00, 0x06, 0x00, 0x10, 0x0F, 0, 0x000098F0, 0x0000000C },
    { 0x0340, 0x00, 0x02, 0x0F, 0x00, 0x06, 0x00, 0x10, 0x0F, 0, 0x000098FC, 0x0000000C },
    { 0x0340, 0x00, 0x03, 0x01, 0x00, 0x06, 0x00, 0x10, 0x0F, 0, 0x00003638, 0x00000190 },
    { 0x0340, 0x00, 0x03, 0x02, 0x00, 0x06, 0x00, 0x10, 0x0F, 0, 0x00002C18, 0x00000290 },
    { 0x0340, 0x00, 0x03, 0x03, 0x00, 0x06, 0x00, 0x10, 0x0F, 0, 0x00002400, 0x00000818 },
    { 0x0340, 0x00, 0x03, 0x04, 0x00, 0x06, 0x00, 0x10, 0x0F, 0, 0x000021C0, 0x00000120 },
    { 0x0340, 0x00, 0x03, 0x05, 0x00, 0x06, 0x00, 0x10, 0x0F, 0, 0x000022E0, 0x00000120 },
    { 0x0340, 0x00, 0x03, 0x06, 0x00, 0x06, 0x00, 0x10, 0x0F, 0, 0x00003068, 0x00000208 },
    { 0x0340, 0x00, 0x03, 0x07, 0x00, 0x06, 0x00, 0x10, 0x0F, 0, 0x00002EA8, 0x000001C0 },
    { 0x0340, 0x00, 0x03, 0x08, 0x00, 0x06, 0x00, 0x10, 0x0F, 0, 0x00003430, 0x00000208 },
    { 0x0340, 0x00, 0x03, 0x09, 0x00, 0x06, 0x00, 0x10, 0x0F, 0, 0x00003270, 0x000001C0 },
    { 0x0340, 0x00, 0x03, 0x0A, 0x00, 0x06, 0x00, 0x10, 0x0F, 0, 0x00003AC0, 0x000000E0 },
    { 0x0340, 0x00, 0x03, 0x0B, 0x00, 0x06, 0x00, 0x10, 0x0F, 0, 0x000039A0, 0x00000120 },
    { 0x0340, 0x00, 0x03, 0x0C, 0x00, 0x06, 0x00, 0x10, 0x0F, 0, 0x000037C8, 0x000001D8 },
    { 0x0340, 0x00, 0x03, 0x0D, 0x00, 0x06, 0x00, 0x10, 0x0F, 0, 0x00003E98, 0x000000E0 },
    { 0x0340, 0x00, 0x03, 0x0E, 0x00, 0x06, 0x00, 0x10, 0x0F, 0, 0x00003D78, 0x00000120 },
    { 0x0340, 0x00, 0x03, 0x0F, 0x00, 0x06, 0x00, 0x10, 0x0F, 0, 0x00003BA0, 0x000001D8 },
    { 0x0341, 0x00, 0x00, 0x00, 0x00, 0x06, 0x00, 0x0C, 0x0A, 0, 0x00007290, 0x0000000C },
    { 0x0341, 0x00, 0x01, 0x00, 0x00, 0x06, 0x00, 0x0C, 0x0A, 0, 0x00007260, 0x00000030 },
    { 0x0341, 0x00, 0x02, 0x00, 0x00, 0x06, 0x00, 0x0C, 0x0A, 0, 0x000071D0, 0x0000000C },
    { 0x0341, 0x00, 0x02, 0x01, 0x00, 0x06, 0x00, 0x0C, 0x0A, 0, 0x000071DC, 0x0000000C },
    { 0x0341, 0x00, 0x02, 0x02, 0x00, 0x06, 0x00, 0x0C, 0x0A, 0, 0x000071E8, 0x0000000C },
    { 0x0341, 0x00, 0x02, 0x03, 0x00, 0x06, 0x00, 0x0C, 0x0A, 0, 0x000071F4, 0x0000000C },
    { 0x0341, 0x00, 0x02, 0x04, 0x00, 0x06, 0x00, 0x0C, 0x0A, 0, 0x00007200, 0x0000000C },
    { 0x0341, 0x00, 0x02, 0x05, 0x00, 0x06, 0x00, 0x0C, 0x0A, 0, 0x0000720C, 0x0000000C },
    { 0x0341, 0x00, 0x02, 0x06, 0x00, 0x06, 0x00, 0x0C, 0x0A, 0, 0x00007218, 0x0000000C },
    { 0x0341, 0x00, 0x02, 0x07, 0x00, 0x06, 0x00, 0x0C, 0x0A, 0, 0x00007224, 0x0000000C },
    { 0x0341, 0x00, 0x02, 0x08, 0x00, 0x06, 0x00, 0x0C, 0x0A, 0, 0x00007230, 0x0000000C },
    { 0x0341, 0x00, 0x02, 0x09, 0x00, 0x06, 0x00, 0x0C, 0x0A, 0, 0x0000723C, 0x0000000C },
    { 0x0341, 0x00, 0x02, 0x0A, 0x00, 0x06, 0x00, 0x0C, 0x0A, 0, 0x00007248, 0x0000000C },
    { 0x0341, 0x00, 0x02, 0x0B, 0x00, 0x06, 0x00, 0x0C, 0x0A, 0, 0x00007254, 0x0000000C },
    { 0x0341, 0x00, 0x03, 0x01, 0x00, 0x06, 0x00, 0x0C, 0x0A, 0, 0x00006B00, 0x000001A0 },
    { 0x0341, 0x00, 0x03, 0x02, 0x00, 0x06, 0x00, 0x0C, 0x0A, 0, 0x00006588, 0x00000218 },
    { 0x0341, 0x00, 0x03, 0x04, 0x00, 0x06, 0x00, 0x0C, 0x0A, 0, 0x000060E0, 0x00000368 },
    { 0x0341, 0x00, 0x03, 0x05, 0x00, 0x06, 0x00, 0x0C, 0x0A, 0, 0x00006448, 0x000000A0 },
    { 0x0341, 0x00, 0x03, 0x06, 0x00, 0x06, 0x00, 0x0C, 0x0A, 0, 0x000064E8, 0x000000A0 },
    { 0x0341, 0x00, 0x03, 0x07, 0x00, 0x06, 0x00, 0x0C, 0x0A, 0, 0x000067A0, 0x000001B0 },
    { 0x0341, 0x00, 0x03, 0x08, 0x00, 0x06, 0x00, 0x0C, 0x0A, 0, 0x00006950, 0x000001B0 },
    { 0x0341, 0x00, 0x03, 0x09, 0x00, 0x06, 0x00, 0x0C, 0x0A, 0, 0x00006CA0, 0x000001B0 },
    { 0x0341, 0x00, 0x03, 0x0A, 0x00, 0x06, 0x00, 0x0C, 0x0A, 0, 0x00006E50, 0x000001B0 },
    { 0x0341, 0x00, 0x03, 0x0B, 0x00, 0x06, 0x00, 0x0C, 0x0A, 0, 0x00007000, 0x000001D0 },
    { 0x0347, 0x00, 0x00, 0x00, 0x00, 0x06, 0x00, 0x0C, 0x00, 0, 0x000033E0, 0x00000008 },
    { 0x0347, 0x00, 0x01, 0x00, 0x00, 0x06, 0x00, 0x0C, 0x00, 0, 0x000033B0, 0x00000030 },
    { 0x0347, 0x00, 0x02, 0x00, 0x00, 0x06, 0x00, 0x0C, 0x00, 0, 0x00003320, 0x0000000C },
    { 0x0347, 0x00, 0x02, 0x01, 0x00, 0x06, 0x00, 0x0C, 0x00, 0, 0x0000332C, 0x0000000C },
    { 0x0347, 0x00, 0x02, 0x02, 0x00, 0x06, 0x00, 0x0C, 0x00, 0, 0x00003338, 0x0000000C },
    { 0x0347, 0x00, 0x02, 0x03, 0x00, 0x06, 0x00, 0x0C, 0x00, 0, 0x00003344, 0x0000000C },
    { 0x0347, 0x00, 0x02, 0x04, 0x00, 0x06, 0x00, 0x0C, 0x00, 0, 0x00003350, 0x0000000C },
    { 0x0347, 0x00, 0x02, 0x05, 0x00, 0x06, 0x00, 0x0C, 0x00, 0, 0x0000335C, 0x0000000C },
    { 0x0347, 0x00, 0x02, 0x06, 0x00, 0x06, 0x00, 0x0C, 0x00, 0, 0x00003368, 0x0000000C },
    { 0x0347, 0x00, 0x02, 0x07, 0x00, 0x06, 0x00, 0x0C, 0x00, 0, 0x00003374, 0x0000000C },
    { 0x0347, 0x00, 0x02, 0x08, 0x00, 0x06, 0x00, 0x0C, 0x00, 0, 0x00003380, 0x0000000C },
    { 0x0347, 0x00, 0x02, 0x09, 0x00, 0x06, 0x00, 0x0C, 0x00, 0, 0x0000338C, 0x0000000C },
    { 0x0347, 0x00, 0x02, 0x0A, 0x00, 0x06, 0x00, 0x0C, 0x00, 0, 0x00003398, 0x0000000C },
    { 0x0347, 0x00, 0x02, 0x0B, 0x00, 0x06, 0x00, 0x0C, 0x00, 0, 0x000033A4, 0x0000000C },
    { 0x0347, 0x00, 0x03, 0x00, 0x00, 0x06, 0x00, 0x0C, 0x00, 0, 0x00001AF0, 0x000000B8 },
    { 0x0347, 0x00, 0x03, 0x01, 0x00, 0x06, 0x00, 0x0C, 0x00, 0, 0x00001CC0, 0x00000100 },
    { 0x0347, 0x00, 0x03, 0x02, 0x00, 0x06, 0x00, 0x0C, 0x00, 0, 0x00001DC0, 0x00000098 },
    { 0x0347, 0x00, 0x03, 0x03, 0x00, 0x06, 0x00, 0x0C, 0x00, 0, 0x00001F78, 0x00000090 },
    { 0x0347, 0x00, 0x03, 0x04, 0x00, 0x06, 0x00, 0x0C, 0x00, 0, 0x000020A0, 0x00000090 },
    { 0x0347, 0x00, 0x03, 0x05, 0x00, 0x06, 0x00, 0x0C, 0x00, 0, 0x00002008, 0x00000098 },
    { 0x0347, 0x00, 0x03, 0x06, 0x00, 0x06, 0x00, 0x0C, 0x00, 0, 0x00001BA8, 0x00000118 },
    { 0x0347, 0x00, 0x03, 0x07, 0x00, 0x06, 0x00, 0x0C, 0x00, 0, 0x00001EE8, 0x00000090 },
    { 0x0347, 0x00, 0x03, 0x08, 0x00, 0x06, 0x00, 0x0C, 0x00, 0, 0x00001E58, 0x00000090 },
    { 0x0347, 0x00, 0x03, 0x09, 0x00, 0x06, 0x00, 0x0C, 0x00, 0, 0x00001900, 0x00000090 },
    { 0x0347, 0x00, 0x03, 0x0A, 0x00, 0x06, 0x00, 0x0C, 0x00, 0, 0x00001A40, 0x000000B0 },
    { 0x0347, 0x00, 0x03, 0x0B, 0x00, 0x06, 0x00, 0x0C, 0x00, 0, 0x00001990, 0x000000B0 },
    { 0x0348, 0x00, 0x00, 0x00, 0x00, 0x06, 0x00, 0x0A, 0x00, 0, 0x00002AF0, 0x00000008 },
    { 0x0348, 0x00, 0x01, 0x00, 0x00, 0x06, 0x00, 0x0A, 0x00, 0, 0x00002AC8, 0x00000028 },
    { 0x0348, 0x00, 0x02, 0x00, 0x00, 0x06, 0x00, 0x0A, 0x00, 0, 0x00002A50, 0x0000000C },
    { 0x0348, 0x00, 0x02, 0x01, 0x00, 0x06, 0x00, 0x0A, 0x00, 0, 0x00002A5C, 0x0000000C },
    { 0x0348, 0x00, 0x02, 0x02, 0x00, 0x06, 0x00, 0x0A, 0x00, 0, 0x00002A68, 0x0000000C },
    { 0x0348, 0x00, 0x02, 0x03, 0x00, 0x06, 0x00, 0x0A, 0x00, 0, 0x00002A74, 0x0000000C },
    { 0x0348, 0x00, 0x02, 0x04, 0x00, 0x06, 0x00, 0x0A, 0x00, 0, 0x00002A80, 0x0000000C },
    { 0x0348, 0x00, 0x02, 0x05, 0x00, 0x06, 0x00, 0x0A, 0x00, 0, 0x00002A8C, 0x0000000C },
    { 0x0348, 0x00, 0x02, 0x06, 0x00, 0x06, 0x00, 0x0A, 0x00, 0, 0x00002A98, 0x0000000C },
    { 0x0348, 0x00, 0x02, 0x07, 0x00, 0x06, 0x00, 0x0A, 0x00, 0, 0x00002AA4, 0x0000000C },
    { 0x0348, 0x00, 0x02, 0x08, 0x00, 0x06, 0x00, 0x0A, 0x00, 0, 0x00002AB0, 0x0000000C },
    { 0x0348, 0x00, 0x02, 0x09, 0x00, 0x06, 0x00, 0x0A, 0x00, 0, 0x00002ABC, 0x0000000C },
    { 0x0348, 0x00, 0x03, 0x00, 0x00, 0x06, 0x00, 0x0A, 0x00, 0, 0x000011E0, 0x000000B8 },
    { 0x0348, 0x00, 0x03, 0x01, 0x00, 0x06, 0x00, 0x0A, 0x00, 0, 0x000013B0, 0x00000100 },
    { 0x0348, 0x00, 0x03, 0x02, 0x00, 0x06, 0x00, 0x0A, 0x00, 0, 0x000015E0, 0x00000090 },
    { 0x0348, 0x00, 0x03, 0x03, 0x00, 0x06, 0x00, 0x0A, 0x00, 0, 0x00001670, 0x00000090 },
    { 0x0348, 0x00, 0x03, 0x04, 0x00, 0x06, 0x00, 0x0A, 0x00, 0, 0x000014B0, 0x00000098 },
    { 0x0348, 0x00, 0x03, 0x05, 0x00, 0x06, 0x00, 0x0A, 0x00, 0, 0x00001548, 0x00000098 },
    { 0x0348, 0x00, 0x03, 0x06, 0x00, 0x06, 0x00, 0x0A, 0x00, 0, 0x00001298, 0x00000118 },
    { 0x0348, 0x00, 0x03, 0x07, 0x00, 0x06, 0x00, 0x0A, 0x00, 0, 0x00001150, 0x00000090 },
    { 0x0348, 0x00, 0x03, 0x08, 0x00, 0x06, 0x00, 0x0A, 0x00, 0, 0x00001700, 0x000000B0 },
    { 0x0348, 0x00, 0x03, 0x09, 0x00, 0x06, 0x00, 0x0A, 0x00, 0, 0x000017B0, 0x000000B0 },
    { 0x034F, 0x00, 0x00, 0x00, 0x00, 0x06, 0x00, 0x09, 0x00, 0, 0x00006A30, 0x00000008 },
    { 0x034F, 0x00, 0x01, 0x00, 0x00, 0x06, 0x00, 0x09, 0x00, 0, 0x00006A0C, 0x00000024 },
    { 0x034F, 0x00, 0x02, 0x00, 0x00, 0x06, 0x00, 0x09, 0x00, 0, 0x000069A0, 0x0000000C },
    { 0x034F, 0x00, 0x02, 0x01, 0x00, 0x06, 0x00, 0x09, 0x00, 0, 0x000069AC, 0x0000000C },
    { 0x034F, 0x00, 0x02, 0x02, 0x00, 0x06, 0x00, 0x09, 0x00, 0, 0x000069B8, 0x0000000C },
    { 0x034F, 0x00, 0x02, 0x03, 0x00, 0x06, 0x00, 0x09, 0x00, 0, 0x000069C4, 0x0000000C },
    { 0x034F, 0x00, 0x02, 0x04, 0x00, 0x06, 0x00, 0x09, 0x00, 0, 0x000069D0, 0x0000000C },
    { 0x034F, 0x00, 0x02, 0x05, 0x00, 0x06, 0x00, 0x09, 0x00, 0, 0x000069DC, 0x0000000C },
    { 0x034F, 0x00, 0x02, 0x06, 0x00, 0x06, 0x00, 0x09, 0x00, 0, 0x000069E8, 0x0000000C },
    { 0x034F, 0x00, 0x02, 0x07, 0x00, 0x06, 0x00, 0x09, 0x00, 0, 0x000069F4, 0x0000000C },
    { 0x034F, 0x00, 0x02, 0x08, 0x00, 0x06, 0x00, 0x09, 0x00, 0, 0x00006A00, 0x0000000C },
    { 0x034F, 0x00, 0x03, 0x00, 0x00, 0x06, 0x00, 0x09, 0x00, 0, 0x00004F60, 0x000000F8 },
    { 0x034F, 0x00, 0x03, 0x01, 0x00, 0x06, 0x00, 0x09, 0x00, 0, 0x00005288, 0x000000A0 },
    { 0x034F, 0x00, 0x03, 0x02, 0x00, 0x06, 0x00, 0x09, 0x00, 0, 0x000051A0, 0x000000E8 },
    { 0x034F, 0x00, 0x03, 0x03, 0x00, 0x06, 0x00, 0x09, 0x00, 0, 0x000050F8, 0x000000A8 },
    { 0x034F, 0x00, 0x03, 0x04, 0x00, 0x06, 0x00, 0x09, 0x00, 0, 0x00005058, 0x000000A0 },
    { 0x034F, 0x00, 0x03, 0x05, 0x00, 0x06, 0x00, 0x09, 0x00, 0, 0x00004D48, 0x000000B0 },
    { 0x034F, 0x00, 0x03, 0x06, 0x00, 0x06, 0x00, 0x09, 0x00, 0, 0x00004BA0, 0x00000120 },
    { 0x034F, 0x00, 0x03, 0x07, 0x00, 0x06, 0x00, 0x09, 0x00, 0, 0x00005328, 0x000002F8 },
    { 0x034F, 0x00, 0x03, 0x08, 0x00, 0x06, 0x00, 0x09, 0x00, 0, 0x00004DF8, 0x00000168 },
    { 0x0359, 0x00, 0x00, 0x00, 0x00, 0x06, 0x00, 0x0B, 0x0B, 0, 0x00006F90, 0x0000000C },
    { 0x0359, 0x00, 0x01, 0x00, 0x00, 0x06, 0x00, 0x0B, 0x0B, 0, 0x00006F64, 0x0000002C },
    { 0x0359, 0x00, 0x02, 0x00, 0x00, 0x06, 0x00, 0x0B, 0x0B, 0, 0x00006EE0, 0x0000000C },
    { 0x0359, 0x00, 0x02, 0x01, 0x00, 0x06, 0x00, 0x0B, 0x0B, 0, 0x00006EEC, 0x0000000C },
    { 0x0359, 0x00, 0x02, 0x02, 0x00, 0x06, 0x00, 0x0B, 0x0B, 0, 0x00006EF8, 0x0000000C },
    { 0x0359, 0x00, 0x02, 0x03, 0x00, 0x06, 0x00, 0x0B, 0x0B, 0, 0x00006F04, 0x0000000C },
    { 0x0359, 0x00, 0x02, 0x04, 0x00, 0x06, 0x00, 0x0B, 0x0B, 0, 0x00006F10, 0x0000000C },
    { 0x0359, 0x00, 0x02, 0x05, 0x00, 0x06, 0x00, 0x0B, 0x0B, 0, 0x00006F1C, 0x0000000C },
    { 0x0359, 0x00, 0x02, 0x06, 0x00, 0x06, 0x00, 0x0B, 0x0B, 0, 0x00006F28, 0x0000000C },
    { 0x0359, 0x00, 0x02, 0x07, 0x00, 0x06, 0x00, 0x0B, 0x0B, 0, 0x00006F34, 0x0000000C },
    { 0x0359, 0x00, 0x02, 0x08, 0x00, 0x06, 0x00, 0x0B, 0x0B, 0, 0x00006F40, 0x0000000C },
    { 0x0359, 0x00, 0x02, 0x09, 0x00, 0x06, 0x00, 0x0B, 0x0B, 0, 0x00006F4C, 0x0000000C },
    { 0x0359, 0x00, 0x02, 0x0A, 0x00, 0x06, 0x00, 0x0B, 0x0B, 0, 0x00006F58, 0x0000000C },
    { 0x0359, 0x00, 0x03, 0x00, 0x00, 0x06, 0x00, 0x0B, 0x0B, 0, 0x00002970, 0x00000200 },
    { 0x0359, 0x00, 0x03, 0x01, 0x00, 0x06, 0x00, 0x0B, 0x0B, 0, 0x00003090, 0x000002B8 },
    { 0x0359, 0x00, 0x03, 0x02, 0x00, 0x06, 0x00, 0x0B, 0x0B, 0, 0x00003348, 0x000000B0 },
    { 0x0359, 0x00, 0x03, 0x03, 0x00, 0x06, 0x00, 0x0B, 0x0B, 0, 0x000033F8, 0x00000108 },
    { 0x0359, 0x00, 0x03, 0x04, 0x00, 0x06, 0x00, 0x0B, 0x0B, 0, 0x00004410, 0x00000088 },
    { 0x0359, 0x00, 0x03, 0x05, 0x00, 0x06, 0x00, 0x0B, 0x0B, 0, 0x00002C60, 0x000002C8 },
    { 0x0359, 0x00, 0x03, 0x06, 0x00, 0x06, 0x00, 0x0B, 0x0B, 0, 0x00002F28, 0x000000B0 },
    { 0x0359, 0x00, 0x03, 0x07, 0x00, 0x06, 0x00, 0x0B, 0x0B, 0, 0x00002FD8, 0x000000B8 },
    { 0x0359, 0x00, 0x03, 0x08, 0x00, 0x06, 0x00, 0x0B, 0x0B, 0, 0x00004498, 0x00000098 },
    { 0x0359, 0x00, 0x03, 0x09, 0x00, 0x06, 0x00, 0x0B, 0x0B, 0, 0x00004100, 0x00000310 },
    { 0x0359, 0x00, 0x03, 0x0A, 0x00, 0x06, 0x00, 0x0B, 0x0B, 0, 0x00002B70, 0x000000F0 },
    { 0x035A, 0x00, 0x00, 0x00, 0x00, 0x06, 0x00, 0x0F, 0x0D, 0, 0x00004F70, 0x0000000C },
    { 0x035A, 0x00, 0x01, 0x00, 0x00, 0x06, 0x00, 0x0F, 0x0D, 0, 0x00004F34, 0x0000003C },
    { 0x035A, 0x00, 0x02, 0x00, 0x00, 0x06, 0x00, 0x0F, 0x0D, 0, 0x00004E80, 0x0000000C },
    { 0x035A, 0x00, 0x02, 0x01, 0x00, 0x06, 0x00, 0x0F, 0x0D, 0, 0x00004E8C, 0x0000000C },
    { 0x035A, 0x00, 0x02, 0x02, 0x00, 0x06, 0x00, 0x0F, 0x0D, 0, 0x00004E98, 0x0000000C },
    { 0x035A, 0x00, 0x02, 0x03, 0x00, 0x06, 0x00, 0x0F, 0x0D, 0, 0x00004EA4, 0x0000000C },
    { 0x035A, 0x00, 0x02, 0x04, 0x00, 0x06, 0x00, 0x0F, 0x0D, 0, 0x00004EB0, 0x0000000C },
    { 0x035A, 0x00, 0x02, 0x05, 0x00, 0x06, 0x00, 0x0F, 0x0D, 0, 0x00004EBC, 0x0000000C },
    { 0x035A, 0x00, 0x02, 0x06, 0x00, 0x06, 0x00, 0x0F, 0x0D, 0, 0x00004EC8, 0x0000000C },
    { 0x035A, 0x00, 0x02, 0x07, 0x00, 0x06, 0x00, 0x0F, 0x0D, 0, 0x00004ED4, 0x0000000C },
    { 0x035A, 0x00, 0x02, 0x08, 0x00, 0x06, 0x00, 0x0F, 0x0D, 0, 0x00004EE0, 0x0000000C },
    { 0x035A, 0x00, 0x02, 0x09, 0x00, 0x06, 0x00, 0x0F, 0x0D, 0, 0x00004EEC, 0x0000000C },
    { 0x035A, 0x00, 0x02, 0x0A, 0x00, 0x06, 0x00, 0x0F, 0x0D, 0, 0x00004EF8, 0x0000000C },
    { 0x035A, 0x00, 0x02, 0x0B, 0x00, 0x06, 0x00, 0x0F, 0x0D, 0, 0x00004F04, 0x0000000C },
    { 0x035A, 0x00, 0x02, 0x0C, 0x00, 0x06, 0x00, 0x0F, 0x0D, 0, 0x00004F10, 0x0000000C },
    { 0x035A, 0x00, 0x02, 0x0D, 0x00, 0x06, 0x00, 0x0F, 0x0D, 0, 0x00004F1C, 0x0000000C },
    { 0x035A, 0x00, 0x02, 0x0E, 0x00, 0x06, 0x00, 0x0F, 0x0D, 0, 0x00004F28, 0x0000000C },
    { 0x035A, 0x00, 0x03, 0x00, 0x00, 0x06, 0x00, 0x0F, 0x0D, 0, 0x00003110, 0x000004D8 },
    { 0x035A, 0x00, 0x03, 0x02, 0x00, 0x06, 0x00, 0x0F, 0x0D, 0, 0x00004D80, 0x00000100 },
    { 0x035A, 0x00, 0x03, 0x03, 0x00, 0x06, 0x00, 0x0F, 0x0D, 0, 0x00004C68, 0x00000118 },
    { 0x035A, 0x00, 0x03, 0x04, 0x00, 0x06, 0x00, 0x0F, 0x0D, 0, 0x00004958, 0x00000310 },
    { 0x035A, 0x00, 0x03, 0x05, 0x00, 0x06, 0x00, 0x0F, 0x0D, 0, 0x00004798, 0x000001C0 },
    { 0x035A, 0x00, 0x03, 0x06, 0x00, 0x06, 0x00, 0x0F, 0x0D, 0, 0x000045F0, 0x000001A8 },
    { 0x035A, 0x00, 0x03, 0x08, 0x00, 0x06, 0x00, 0x0F, 0x0D, 0, 0x000043E0, 0x000000E8 },
    { 0x035A, 0x00, 0x03, 0x09, 0x00, 0x06, 0x00, 0x0F, 0x0D, 0, 0x000044C8, 0x00000128 },
    { 0x035A, 0x00, 0x03, 0x0A, 0x00, 0x06, 0x00, 0x0F, 0x0D, 0, 0x00004108, 0x000002D8 },
    { 0x035A, 0x00, 0x03, 0x0B, 0x00, 0x06, 0x00, 0x0F, 0x0D, 0, 0x00003DB0, 0x00000358 },
    { 0x035A, 0x00, 0x03, 0x0C, 0x00, 0x06, 0x00, 0x0F, 0x0D, 0, 0x00003B08, 0x000002A8 },
    { 0x035A, 0x00, 0x03, 0x0D, 0x00, 0x06, 0x00, 0x0F, 0x0D, 0, 0x000037B0, 0x00000358 },
    { 0x035A, 0x00, 0x03, 0x0E, 0x00, 0x06, 0x00, 0x0F, 0x0D, 0, 0x000035E8, 0x000001C8 },
    { 0x035A, 0x01, 0x00, 0x00, 0x00, 0x06, 0x00, 0x14, 0x11, 0, 0x0000AE40, 0x0000000C },
    { 0x035A, 0x01, 0x01, 0x00, 0x00, 0x06, 0x00, 0x14, 0x11, 0, 0x0000ADF0, 0x00000050 },
    { 0x035A, 0x01, 0x02, 0x00, 0x00, 0x06, 0x00, 0x14, 0x11, 0, 0x0000AD00, 0x0000000C },
    { 0x035A, 0x01, 0x02, 0x01, 0x00, 0x06, 0x00, 0x14, 0x11, 0, 0x0000AD0C, 0x0000000C },
    { 0x035A, 0x01, 0x02, 0x02, 0x00, 0x06, 0x00, 0x14, 0x11, 0, 0x0000AD18, 0x0000000C },
    { 0x035A, 0x01, 0x02, 0x03, 0x00, 0x06, 0x00, 0x14, 0x11, 0, 0x0000AD24, 0x0000000C },
    { 0x035A, 0x01, 0x02, 0x04, 0x00, 0x06, 0x00, 0x14, 0x11, 0, 0x0000AD30, 0x0000000C },
    { 0x035A, 0x01, 0x02, 0x05, 0x00, 0x06, 0x00, 0x14, 0x11, 0, 0x0000AD3C, 0x0000000C },
    { 0x035A, 0x01, 0x02, 0x06, 0x00, 0x06, 0x00, 0x14, 0x11, 0, 0x0000AD48, 0x0000000C },
    { 0x035A, 0x01, 0x02, 0x07, 0x00, 0x06, 0x00, 0x14, 0x11, 0, 0x0000AD54, 0x0000000C },
    { 0x035A, 0x01, 0x02, 0x08, 0x00, 0x06, 0x00, 0x14, 0x11, 0, 0x0000AD60, 0x0000000C },
    { 0x035A, 0x01, 0x02, 0x09, 0x00, 0x06, 0x00, 0x14, 0x11, 0, 0x0000AD6C, 0x0000000C },
    { 0x035A, 0x01, 0x02, 0x0A, 0x00, 0x06, 0x00, 0x14, 0x11, 0, 0x0000AD78, 0x0000000C },
    { 0x035A, 0x01, 0x02, 0x0B, 0x00, 0x06, 0x00, 0x14, 0x11, 0, 0x0000AD84, 0x0000000C },
    { 0x035A, 0x01, 0x02, 0x0C, 0x00, 0x06, 0x00, 0x14, 0x11, 0, 0x0000AD90, 0x0000000C },
    { 0x035A, 0x01, 0x02, 0x0D, 0x00, 0x06, 0x00, 0x14, 0x11, 0, 0x0000AD9C, 0x0000000C },
    { 0x035A, 0x01, 0x02, 0x0E, 0x00, 0x06, 0x00, 0x14, 0x11, 0, 0x0000ADA8, 0x0000000C },
    { 0x035A, 0x01, 0x02, 0x0F, 0x00, 0x06, 0x00, 0x14, 0x11, 0, 0x0000ADB4, 0x0000000C },
    { 0x035A, 0x01, 0x02, 0x10, 0x00, 0x06, 0x00, 0x14, 0x11, 0, 0x0000ADC0, 0x0000000C },
    { 0x035A, 0x01, 0x02, 0x11, 0x00, 0x06, 0x00, 0x14, 0x11, 0, 0x0000ADCC, 0x0000000C },
    { 0x035A, 0x01, 0x02, 0x12, 0x00, 0x06, 0x00, 0x14, 0x11, 0, 0x0000ADD8, 0x0000000C },
    { 0x035A, 0x01, 0x02, 0x13, 0x00, 0x06, 0x00, 0x14, 0x11, 0, 0x0000ADE4, 0x0000000C },
    { 0x035A, 0x01, 0x03, 0x00, 0x00, 0x06, 0x00, 0x14, 0x11, 0, 0x00008FD0, 0x00000358 },
    { 0x035A, 0x01, 0x03, 0x01, 0x00, 0x06, 0x00, 0x14, 0x11, 0, 0x0000A028, 0x00000148 },
    { 0x035A, 0x01, 0x03, 0x02, 0x00, 0x06, 0x00, 0x14, 0x11, 0, 0x0000A9B8, 0x00000100 },
    { 0x035A, 0x01, 0x03, 0x03, 0x00, 0x06, 0x00, 0x14, 0x11, 0, 0x0000AAB8, 0x00000100 },
    { 0x035A, 0x01, 0x03, 0x04, 0x00, 0x06, 0x00, 0x14, 0x11, 0, 0x0000ABB8, 0x00000148 },
    { 0x035A, 0x01, 0x03, 0x05, 0x00, 0x06, 0x00, 0x14, 0x11, 0, 0x0000A670, 0x00000100 },
    { 0x035A, 0x01, 0x03, 0x06, 0x00, 0x06, 0x00, 0x14, 0x11, 0, 0x0000A770, 0x00000100 },
    { 0x035A, 0x01, 0x03, 0x07, 0x00, 0x06, 0x00, 0x14, 0x11, 0, 0x0000A870, 0x00000148 },
    { 0x035A, 0x01, 0x03, 0x08, 0x00, 0x06, 0x00, 0x14, 0x11, 0, 0x0000A170, 0x00000500 },
    { 0x035A, 0x01, 0x03, 0x0A, 0x00, 0x06, 0x00, 0x14, 0x11, 0, 0x00009EB8, 0x00000170 },
    { 0x035A, 0x01, 0x03, 0x0B, 0x00, 0x06, 0x00, 0x14, 0x11, 0, 0x00009DB8, 0x00000100 },
    { 0x035A, 0x01, 0x03, 0x0D, 0x00, 0x06, 0x00, 0x14, 0x11, 0, 0x00009CB8, 0x00000100 },
    { 0x035A, 0x01, 0x03, 0x0E, 0x00, 0x06, 0x00, 0x14, 0x11, 0, 0x00009B70, 0x00000148 },
    { 0x035A, 0x01, 0x03, 0x0F, 0x00, 0x06, 0x00, 0x14, 0x11, 0, 0x00009A70, 0x00000100 },
    { 0x035A, 0x01, 0x03, 0x11, 0x00, 0x06, 0x00, 0x14, 0x11, 0, 0x00009970, 0x00000100 },
    { 0x035A, 0x01, 0x03, 0x12, 0x00, 0x06, 0x00, 0x14, 0x11, 0, 0x00009828, 0x00000148 },
    { 0x035A, 0x01, 0x03, 0x13, 0x00, 0x06, 0x00, 0x14, 0x11, 0, 0x00009328, 0x00000500 },
    { 0x035B, 0x00, 0x00, 0x00, 0x00, 0x06, 0x00, 0x15, 0x13, 0, 0x00003BC0, 0x0000000C },
    { 0x035B, 0x00, 0x01, 0x00, 0x00, 0x06, 0x00, 0x15, 0x13, 0, 0x00003B6C, 0x00000054 },
    { 0x035B, 0x00, 0x02, 0x00, 0x00, 0x06, 0x00, 0x15, 0x13, 0, 0x00003A70, 0x0000000C },
    { 0x035B, 0x00, 0x02, 0x01, 0x00, 0x06, 0x00, 0x15, 0x13, 0, 0x00003A7C, 0x0000000C },
    { 0x035B, 0x00, 0x02, 0x02, 0x00, 0x06, 0x00, 0x15, 0x13, 0, 0x00003A88, 0x0000000C },
    { 0x035B, 0x00, 0x02, 0x03, 0x00, 0x06, 0x00, 0x15, 0x13, 0, 0x00003A94, 0x0000000C },
    { 0x035B, 0x00, 0x02, 0x04, 0x00, 0x06, 0x00, 0x15, 0x13, 0, 0x00003AA0, 0x0000000C },
    { 0x035B, 0x00, 0x02, 0x05, 0x00, 0x06, 0x00, 0x15, 0x13, 0, 0x00003AAC, 0x0000000C },
    { 0x035B, 0x00, 0x02, 0x06, 0x00, 0x06, 0x00, 0x15, 0x13, 0, 0x00003AB8, 0x0000000C },
    { 0x035B, 0x00, 0x02, 0x07, 0x00, 0x06, 0x00, 0x15, 0x13, 0, 0x00003AC4, 0x0000000C },
    { 0x035B, 0x00, 0x02, 0x08, 0x00, 0x06, 0x00, 0x15, 0x13, 0, 0x00003AD0, 0x0000000C },
    { 0x035B, 0x00, 0x02, 0x09, 0x00, 0x06, 0x00, 0x15, 0x13, 0, 0x00003ADC, 0x0000000C },
    { 0x035B, 0x00, 0x02, 0x0A, 0x00, 0x06, 0x00, 0x15, 0x13, 0, 0x00003AE8, 0x0000000C },
    { 0x035B, 0x00, 0x02, 0x0B, 0x00, 0x06, 0x00, 0x15, 0x13, 0, 0x00003AF4, 0x0000000C },
    { 0x035B, 0x00, 0x02, 0x0C, 0x00, 0x06, 0x00, 0x15, 0x13, 0, 0x00003B00, 0x0000000C },
    { 0x035B, 0x00, 0x02, 0x0D, 0x00, 0x06, 0x00, 0x15, 0x13, 0, 0x00003B0C, 0x0000000C },
    { 0x035B, 0x00, 0x02, 0x0E, 0x00, 0x06, 0x00, 0x15, 0x13, 0, 0x00003B18, 0x0000000C },
    { 0x035B, 0x00, 0x02, 0x0F, 0x00, 0x06, 0x00, 0x15, 0x13, 0, 0x00003B24, 0x0000000C },
    { 0x035B, 0x00, 0x02, 0x10, 0x00, 0x06, 0x00, 0x15, 0x13, 0, 0x00003B30, 0x0000000C },
    { 0x035B, 0x00, 0x02, 0x11, 0x00, 0x06, 0x00, 0x15, 0x13, 0, 0x00003B3C, 0x0000000C },
    { 0x035B, 0x00, 0x02, 0x12, 0x00, 0x06, 0x00, 0x15, 0x13, 0, 0x00003B48, 0x0000000C },
    { 0x035B, 0x00, 0x02, 0x13, 0x00, 0x06, 0x00, 0x15, 0x13, 0, 0x00003B54, 0x0000000C },
    { 0x035B, 0x00, 0x02, 0x14, 0x00, 0x06, 0x00, 0x15, 0x13, 0, 0x00003B60, 0x0000000C },
    { 0x035B, 0x00, 0x03, 0x01, 0x00, 0x06, 0x00, 0x15, 0x13, 0, 0x00001E98, 0x000000F0 },
    { 0x035B, 0x00, 0x03, 0x02, 0x00, 0x06, 0x00, 0x15, 0x13, 0, 0x00001F88, 0x000000F0 },
    { 0x035B, 0x00, 0x03, 0x03, 0x00, 0x06, 0x00, 0x15, 0x13, 0, 0x00002078, 0x000000D0 },
    { 0x035B, 0x00, 0x03, 0x04, 0x00, 0x06, 0x00, 0x15, 0x13, 0, 0x00002148, 0x00000100 },
    { 0x035B, 0x00, 0x03, 0x05, 0x00, 0x06, 0x00, 0x15, 0x13, 0, 0x00003488, 0x000000A0 },
    { 0x035B, 0x00, 0x03, 0x06, 0x00, 0x06, 0x00, 0x15, 0x13, 0, 0x00001A20, 0x000000C8 },
    { 0x035B, 0x00, 0x03, 0x07, 0x00, 0x06, 0x00, 0x15, 0x13, 0, 0x00001AE8, 0x000000F0 },
    { 0x035B, 0x00, 0x03, 0x08, 0x00, 0x06, 0x00, 0x15, 0x13, 0, 0x00001BD8, 0x000000F0 },
    { 0x035B, 0x00, 0x03, 0x09, 0x00, 0x06, 0x00, 0x15, 0x13, 0, 0x00001CC8, 0x000000D0 },
    { 0x035B, 0x00, 0x03, 0x0A, 0x00, 0x06, 0x00, 0x15, 0x13, 0, 0x00001D98, 0x00000100 },
    { 0x035B, 0x00, 0x03, 0x0B, 0x00, 0x06, 0x00, 0x15, 0x13, 0, 0x00002248, 0x00000120 },
    { 0x035B, 0x00, 0x03, 0x0C, 0x00, 0x06, 0x00, 0x15, 0x13, 0, 0x000025A0, 0x00000128 },
    { 0x035B, 0x00, 0x03, 0x0D, 0x00, 0x06, 0x00, 0x15, 0x13, 0, 0x000026C8, 0x00000110 },
    { 0x035B, 0x00, 0x03, 0x0E, 0x00, 0x06, 0x00, 0x15, 0x13, 0, 0x000035F0, 0x000000C8 },
    { 0x035B, 0x00, 0x03, 0x10, 0x00, 0x06, 0x00, 0x15, 0x13, 0, 0x000036B8, 0x00000320 },
    { 0x035B, 0x00, 0x03, 0x11, 0x00, 0x06, 0x00, 0x15, 0x13, 0, 0x000039D8, 0x00000098 },
    { 0x035B, 0x00, 0x03, 0x12, 0x00, 0x06, 0x00, 0x15, 0x13, 0, 0x00002368, 0x00000128 },
    { 0x035B, 0x00, 0x03, 0x13, 0x00, 0x06, 0x00, 0x15, 0x13, 0, 0x00002490, 0x00000110 },
    { 0x035B, 0x00, 0x03, 0x14, 0x00, 0x06, 0x00, 0x15, 0x13, 0, 0x00003528, 0x000000C8 },
    { 0x035B, 0x01, 0x00, 0x00, 0x00, 0x06, 0x00, 0x15, 0x13, 0, 0x00009690, 0x0000000C },
    { 0x035B, 0x01, 0x01, 0x00, 0x00, 0x06, 0x00, 0x15, 0x13, 0, 0x0000963C, 0x00000054 },
    { 0x035B, 0x01, 0x02, 0x00, 0x00, 0x06, 0x00, 0x15, 0x13, 0, 0x00009540, 0x0000000C },
    { 0x035B, 0x01, 0x02, 0x01, 0x00, 0x06, 0x00, 0x15, 0x13, 0, 0x0000954C, 0x0000000C },
    { 0x035B, 0x01, 0x02, 0x02, 0x00, 0x06, 0x00, 0x15, 0x13, 0, 0x00009558, 0x0000000C },
    { 0x035B, 0x01, 0x02, 0x03, 0x00, 0x06, 0x00, 0x15, 0x13, 0, 0x00009564, 0x0000000C },
    { 0x035B, 0x01, 0x02, 0x04, 0x00, 0x06, 0x00, 0x15, 0x13, 0, 0x00009570, 0x0000000C },
    { 0x035B, 0x01, 0x02, 0x05, 0x00, 0x06, 0x00, 0x15, 0x13, 0, 0x0000957C, 0x0000000C },
    { 0x035B, 0x01, 0x02, 0x06, 0x00, 0x06, 0x00, 0x15, 0x13, 0, 0x00009588, 0x0000000C },
    { 0x035B, 0x01, 0x02, 0x07, 0x00, 0x06, 0x00, 0x15, 0x13, 0, 0x00009594, 0x0000000C },
    { 0x035B, 0x01, 0x02, 0x08, 0x00, 0x06, 0x00, 0x15, 0x13, 0, 0x000095A0, 0x0000000C },
    { 0x035B, 0x01, 0x02, 0x09, 0x00, 0x06, 0x00, 0x15, 0x13, 0, 0x000095AC, 0x0000000C },
    { 0x035B, 0x01, 0x02, 0x0A, 0x00, 0x06, 0x00, 0x15, 0x13, 0, 0x000095B8, 0x0000000C },
    { 0x035B, 0x01, 0x02, 0x0B, 0x00, 0x06, 0x00, 0x15, 0x13, 0, 0x000095C4, 0x0000000C },
    { 0x035B, 0x01, 0x02, 0x0C, 0x00, 0x06, 0x00, 0x15, 0x13, 0, 0x000095D0, 0x0000000C },
    { 0x035B, 0x01, 0x02, 0x0D, 0x00, 0x06, 0x00, 0x15, 0x13, 0, 0x000095DC, 0x0000000C },
    { 0x035B, 0x01, 0x02, 0x0E, 0x00, 0x06, 0x00, 0x15, 0x13, 0, 0x000095E8, 0x0000000C },
    { 0x035B, 0x01, 0x02, 0x0F, 0x00, 0x06, 0x00, 0x15, 0x13, 0, 0x000095F4, 0x0000000C },
    { 0x035B, 0x01, 0x02, 0x10, 0x00, 0x06, 0x00, 0x15, 0x13, 0, 0x00009600, 0x0000000C },
    { 0x035B, 0x01, 0x02, 0x11, 0x00, 0x06, 0x00, 0x15, 0x13, 0, 0x0000960C, 0x0000000C },
    { 0x035B, 0x01, 0x02, 0x12, 0x00, 0x06, 0x00, 0x15, 0x13, 0, 0x00009618, 0x0000000C },
    { 0x035B, 0x01, 0x02, 0x13, 0x00, 0x06, 0x00, 0x15, 0x13, 0, 0x00009624, 0x0000000C },
    { 0x035B, 0x01, 0x02, 0x14, 0x00, 0x06, 0x00, 0x15, 0x13, 0, 0x00009630, 0x0000000C },
    { 0x035B, 0x01, 0x03, 0x01, 0x00, 0x06, 0x00, 0x15, 0x13, 0, 0x00007248, 0x000000F0 },
    { 0x035B, 0x01, 0x03, 0x02, 0x00, 0x06, 0x00, 0x15, 0x13, 0, 0x00007338, 0x000000F0 },
    { 0x035B, 0x01, 0x03, 0x03, 0x00, 0x06, 0x00, 0x15, 0x13, 0, 0x00007428, 0x000000D0 },
    { 0x035B, 0x01, 0x03, 0x04, 0x00, 0x06, 0x00, 0x15, 0x13, 0, 0x000074F8, 0x00000100 },
    { 0x035B, 0x01, 0x03, 0x05, 0x00, 0x06, 0x00, 0x15, 0x13, 0, 0x00008F58, 0x000000A0 },
    { 0x035B, 0x01, 0x03, 0x06, 0x00, 0x06, 0x00, 0x15, 0x13, 0, 0x00006DD0, 0x000000C8 },
    { 0x035B, 0x01, 0x03, 0x07, 0x00, 0x06, 0x00, 0x15, 0x13, 0, 0x00006E98, 0x000000F0 },
    { 0x035B, 0x01, 0x03, 0x08, 0x00, 0x06, 0x00, 0x15, 0x13, 0, 0x00006F88, 0x000000F0 },
    { 0x035B, 0x01, 0x03, 0x09, 0x00, 0x06, 0x00, 0x15, 0x13, 0, 0x00007078, 0x000000D0 },
    { 0x035B, 0x01, 0x03, 0x0A, 0x00, 0x06, 0x00, 0x15, 0x13, 0, 0x00007148, 0x00000100 },
    { 0x035B, 0x01, 0x03, 0x0B, 0x00, 0x06, 0x00, 0x15, 0x13, 0, 0x000075F8, 0x00000120 },
    { 0x035B, 0x01, 0x03, 0x0C, 0x00, 0x06, 0x00, 0x15, 0x13, 0, 0x00007940, 0x00000118 },
    { 0x035B, 0x01, 0x03, 0x0D, 0x00, 0x06, 0x00, 0x15, 0x13, 0, 0x00007A58, 0x00000110 },
    { 0x035B, 0x01, 0x03, 0x0E, 0x00, 0x06, 0x00, 0x15, 0x13, 0, 0x000090C0, 0x000000C8 },
    { 0x035B, 0x01, 0x03, 0x10, 0x00, 0x06, 0x00, 0x15, 0x13, 0, 0x00009188, 0x00000320 },
    { 0x035B, 0x01, 0x03, 0x11, 0x00, 0x06, 0x00, 0x15, 0x13, 0, 0x000094A8, 0x00000098 },
    { 0x035B, 0x01, 0x03, 0x12, 0x00, 0x06, 0x00, 0x15, 0x13, 0, 0x00007718, 0x00000118 },
    { 0x035B, 0x01, 0x03, 0x13, 0x00, 0x06, 0x00, 0x15, 0x13, 0, 0x00007830, 0x00000110 },
    { 0x035B, 0x01, 0x03, 0x14, 0x00, 0x06, 0x00, 0x15, 0x13, 0, 0x00008FF8, 0x000000C8 },
    { 0x035C, 0x00, 0x00, 0x00, 0x00, 0x06, 0x00, 0x13, 0x00, 0, 0x000041F8, 0x00000008 },
    { 0x035C, 0x00, 0x01, 0x00, 0x00, 0x06, 0x00, 0x13, 0x00, 0, 0x000041AC, 0x0000004C },
    { 0x035C, 0x00, 0x02, 0x00, 0x00, 0x06, 0x00, 0x13, 0x00, 0, 0x000040C8, 0x0000000C },
    { 0x035C, 0x00, 0x02, 0x01, 0x00, 0x06, 0x00, 0x13, 0x00, 0, 0x000040D4, 0x0000000C },
    { 0x035C, 0x00, 0x02, 0x02, 0x00, 0x06, 0x00, 0x13, 0x00, 0, 0x000040E0, 0x0000000C },
    { 0x035C, 0x00, 0x02, 0x03, 0x00, 0x06, 0x00, 0x13, 0x00, 0, 0x000040EC, 0x0000000C },
    { 0x035C, 0x00, 0x02, 0x04, 0x00, 0x06, 0x00, 0x13, 0x00, 0, 0x000040F8, 0x0000000C },
    { 0x035C, 0x00, 0x02, 0x05, 0x00, 0x06, 0x00, 0x13, 0x00, 0, 0x00004104, 0x0000000C },
    { 0x035C, 0x00, 0x02, 0x06, 0x00, 0x06, 0x00, 0x13, 0x00, 0, 0x00004110, 0x0000000C },
    { 0x035C, 0x00, 0x02, 0x07, 0x00, 0x06, 0x00, 0x13, 0x00, 0, 0x0000411C, 0x0000000C },
    { 0x035C, 0x00, 0x02, 0x08, 0x00, 0x06, 0x00, 0x13, 0x00, 0, 0x00004128, 0x0000000C },
    { 0x035C, 0x00, 0x02, 0x09, 0x00, 0x06, 0x00, 0x13, 0x00, 0, 0x00004134, 0x0000000C },
    { 0x035C, 0x00, 0x02, 0x0A, 0x00, 0x06, 0x00, 0x13, 0x00, 0, 0x00004140, 0x0000000C },
    { 0x035C, 0x00, 0x02, 0x0B, 0x00, 0x06, 0x00, 0x13, 0x00, 0, 0x0000414C, 0x0000000C },
    { 0x035C, 0x00, 0x02, 0x0C, 0x00, 0x06, 0x00, 0x13, 0x00, 0, 0x00004158, 0x0000000C },
    { 0x035C, 0x00, 0x02, 0x0D, 0x00, 0x06, 0x00, 0x13, 0x00, 0, 0x00004164, 0x0000000C },
    { 0x035C, 0x00, 0x02, 0x0E, 0x00, 0x06, 0x00, 0x13, 0x00, 0, 0x00004170, 0x0000000C },
    { 0x035C, 0x00, 0x02, 0x0F, 0x00, 0x06, 0x00, 0x13, 0x00, 0, 0x0000417C, 0x0000000C },
    { 0x035C, 0x00, 0x02, 0x10, 0x00, 0x06, 0x00, 0x13, 0x00, 0, 0x00004188, 0x0000000C },
    { 0x035C, 0x00, 0x02, 0x11, 0x00, 0x06, 0x00, 0x13, 0x00, 0, 0x00004194, 0x0000000C },
    { 0x035C, 0x00, 0x02, 0x12, 0x00, 0x06, 0x00, 0x13, 0x00, 0, 0x000041A0, 0x0000000C },
    { 0x035C, 0x00, 0x03, 0x01, 0x00, 0x06, 0x00, 0x13, 0x00, 0, 0x000037A0, 0x00000108 },
    { 0x035C, 0x00, 0x03, 0x03, 0x00, 0x06, 0x00, 0x13, 0x00, 0, 0x00003EE8, 0x00000098 },
    { 0x035C, 0x00, 0x03, 0x04, 0x00, 0x06, 0x00, 0x13, 0x00, 0, 0x00003F80, 0x000000A8 },
    { 0x035C, 0x00, 0x03, 0x05, 0x00, 0x06, 0x00, 0x13, 0x00, 0, 0x00004028, 0x000000A0 },
    { 0x035C, 0x00, 0x03, 0x06, 0x00, 0x06, 0x00, 0x13, 0x00, 0, 0x00003D08, 0x00000098 },
    { 0x035C, 0x00, 0x03, 0x07, 0x00, 0x06, 0x00, 0x13, 0x00, 0, 0x00003DA0, 0x000000A8 },
    { 0x035C, 0x00, 0x03, 0x08, 0x00, 0x06, 0x00, 0x13, 0x00, 0, 0x00003E48, 0x000000A0 },
    { 0x035C, 0x00, 0x03, 0x09, 0x00, 0x06, 0x00, 0x13, 0x00, 0, 0x00003640, 0x000000C8 },
    { 0x035C, 0x00, 0x03, 0x0A, 0x00, 0x06, 0x00, 0x13, 0x00, 0, 0x00003230, 0x00000368 },
    { 0x035C, 0x00, 0x03, 0x0B, 0x00, 0x06, 0x00, 0x13, 0x00, 0, 0x00003598, 0x000000A8 },
    { 0x035C, 0x00, 0x03, 0x0C, 0x00, 0x06, 0x00, 0x13, 0x00, 0, 0x00003AD8, 0x000000C0 },
    { 0x035C, 0x00, 0x03, 0x0D, 0x00, 0x06, 0x00, 0x13, 0x00, 0, 0x00003B98, 0x000000A8 },
    { 0x035C, 0x00, 0x03, 0x0E, 0x00, 0x06, 0x00, 0x13, 0x00, 0, 0x00003C40, 0x000000C8 },
    { 0x035C, 0x00, 0x03, 0x0F, 0x00, 0x06, 0x00, 0x13, 0x00, 0, 0x000038A8, 0x000000C0 },
    { 0x035C, 0x00, 0x03, 0x10, 0x00, 0x06, 0x00, 0x13, 0x00, 0, 0x00003968, 0x000000A8 },
    { 0x035C, 0x00, 0x03, 0x11, 0x00, 0x06, 0x00, 0x13, 0x00, 0, 0x00003A10, 0x000000C8 },
    { 0x035C, 0x00, 0x03, 0x12, 0x00, 0x06, 0x00, 0x13, 0x00, 0, 0x00003708, 0x00000098 },
    { 0x0361, 0x00, 0x00, 0x00, 0x00, 0x06, 0x00, 0x0B, 0x0A, 0, 0x0000C220, 0x0000000C },
    { 0x0361, 0x00, 0x01, 0x00, 0x00, 0x06, 0x00, 0x0B, 0x0A, 0, 0x0000C1F4, 0x0000002C },
    { 0x0361, 0x00, 0x02, 0x00, 0x00, 0x06, 0x00, 0x0B, 0x0A, 0, 0x0000C170, 0x0000000C },
    { 0x0361, 0x00, 0x02, 0x01, 0x00, 0x06, 0x00, 0x0B, 0x0A, 0, 0x0000C17C, 0x0000000C },
    { 0x0361, 0x00, 0x02, 0x02, 0x00, 0x06, 0x00, 0x0B, 0x0A, 0, 0x0000C188, 0x0000000C },
    { 0x0361, 0x00, 0x02, 0x03, 0x00, 0x06, 0x00, 0x0B, 0x0A, 0, 0x0000C194, 0x0000000C },
    { 0x0361, 0x00, 0x02, 0x04, 0x00, 0x06, 0x00, 0x0B, 0x0A, 0, 0x0000C1A0, 0x0000000C },
    { 0x0361, 0x00, 0x02, 0x05, 0x00, 0x06, 0x00, 0x0B, 0x0A, 0, 0x0000C1AC, 0x0000000C },
    { 0x0361, 0x00, 0x02, 0x06, 0x00, 0x06, 0x00, 0x0B, 0x0A, 0, 0x0000C1B8, 0x0000000C },
    { 0x0361, 0x00, 0x02, 0x07, 0x00, 0x06, 0x00, 0x0B, 0x0A, 0, 0x0000C1C4, 0x0000000C },
    { 0x0361, 0x00, 0x02, 0x08, 0x00, 0x06, 0x00, 0x0B, 0x0A, 0, 0x0000C1D0, 0x0000000C },
    { 0x0361, 0x00, 0x02, 0x09, 0x00, 0x06, 0x00, 0x0B, 0x0A, 0, 0x0000C1DC, 0x0000000C },
    { 0x0361, 0x00, 0x02, 0x0A, 0x00, 0x06, 0x00, 0x0B, 0x0A, 0, 0x0000C1E8, 0x0000000C },
    { 0x0361, 0x00, 0x03, 0x00, 0x00, 0x06, 0x00, 0x0B, 0x0A, 0, 0x00004838, 0x00001048 },
    { 0x0361, 0x00, 0x03, 0x02, 0x00, 0x06, 0x00, 0x0B, 0x0A, 0, 0x0000A638, 0x00000110 },
    { 0x0361, 0x00, 0x03, 0x03, 0x00, 0x06, 0x00, 0x0B, 0x0A, 0, 0x0000A748, 0x00000128 },
    { 0x0361, 0x00, 0x03, 0x04, 0x00, 0x06, 0x00, 0x0B, 0x0A, 0, 0x0000A400, 0x00000110 },
    { 0x0361, 0x00, 0x03, 0x05, 0x00, 0x06, 0x00, 0x0B, 0x0A, 0, 0x0000A510, 0x00000128 },
    { 0x0361, 0x00, 0x03, 0x06, 0x00, 0x06, 0x00, 0x0B, 0x0A, 0, 0x00009AE8, 0x000004E0 },
    { 0x0361, 0x00, 0x03, 0x07, 0x00, 0x06, 0x00, 0x0B, 0x0A, 0, 0x00009FC8, 0x00000130 },
    { 0x0361, 0x00, 0x03, 0x08, 0x00, 0x06, 0x00, 0x0B, 0x0A, 0, 0x0000A0F8, 0x000000E0 },
    { 0x0361, 0x00, 0x03, 0x09, 0x00, 0x06, 0x00, 0x0B, 0x0A, 0, 0x0000A1D8, 0x00000228 },
    { 0x0361, 0x00, 0x03, 0x0A, 0x00, 0x06, 0x00, 0x0B, 0x0A, 0, 0x000096C0, 0x00000428 },
    { 0x0363, 0x00, 0x00, 0x00, 0x00, 0x06, 0x00, 0x08, 0x07, 0, 0x000010C0, 0x0000000C },
    { 0x0363, 0x00, 0x01, 0x00, 0x00, 0x06, 0x00, 0x08, 0x07, 0, 0x000010A0, 0x00000020 },
    { 0x0363, 0x00, 0x02, 0x00, 0x00, 0x06, 0x00, 0x08, 0x07, 0, 0x00001040, 0x0000000C },
    { 0x0363, 0x00, 0x02, 0x01, 0x00, 0x06, 0x00, 0x08, 0x07, 0, 0x0000104C, 0x0000000C },
    { 0x0363, 0x00, 0x02, 0x02, 0x00, 0x06, 0x00, 0x08, 0x07, 0, 0x00001058, 0x0000000C },
    { 0x0363, 0x00, 0x02, 0x03, 0x00, 0x06, 0x00, 0x08, 0x07, 0, 0x00001064, 0x0000000C },
    { 0x0363, 0x00, 0x02, 0x04, 0x00, 0x06, 0x00, 0x08, 0x07, 0, 0x00001070, 0x0000000C },
    { 0x0363, 0x00, 0x02, 0x05, 0x00, 0x06, 0x00, 0x08, 0x07, 0, 0x0000107C, 0x0000000C },
    { 0x0363, 0x00, 0x02, 0x06, 0x00, 0x06, 0x00, 0x08, 0x07, 0, 0x00001088, 0x0000000C },
    { 0x0363, 0x00, 0x02, 0x07, 0x00, 0x06, 0x00, 0x08, 0x07, 0, 0x00001094, 0x0000000C },
    { 0x0363, 0x00, 0x03, 0x01, 0x00, 0x06, 0x00, 0x08, 0x07, 0, 0x00000490, 0x00000150 },
    { 0x0363, 0x00, 0x03, 0x02, 0x00, 0x06, 0x00, 0x08, 0x07, 0, 0x000006B0, 0x000000C0 },
    { 0x0363, 0x00, 0x03, 0x03, 0x00, 0x06, 0x00, 0x08, 0x07, 0, 0x000005E0, 0x000000D0 },
    { 0x0363, 0x00, 0x03, 0x04, 0x00, 0x06, 0x00, 0x08, 0x07, 0, 0x00000840, 0x000000C0 },
    { 0x0363, 0x00, 0x03, 0x05, 0x00, 0x06, 0x00, 0x08, 0x07, 0, 0x00000770, 0x000000D0 },
    { 0x0363, 0x00, 0x03, 0x06, 0x00, 0x06, 0x00, 0x08, 0x07, 0, 0x000009A0, 0x000000A0 },
    { 0x0363, 0x00, 0x03, 0x07, 0x00, 0x06, 0x00, 0x08, 0x07, 0, 0x00000900, 0x000000A0 },
    { 0x0364, 0x00, 0x00, 0x00, 0x00, 0x06, 0x00, 0x05, 0x05, 0, 0x00004010, 0x0000000C },
    { 0x0364, 0x00, 0x01, 0x00, 0x00, 0x06, 0x00, 0x05, 0x05, 0, 0x00003FFC, 0x00000014 },
    { 0x0364, 0x00, 0x02, 0x00, 0x00, 0x06, 0x00, 0x05, 0x05, 0, 0x00003FC0, 0x0000000C },
    { 0x0364, 0x00, 0x02, 0x01, 0x00, 0x06, 0x00, 0x05, 0x05, 0, 0x00003FCC, 0x0000000C },
    { 0x0364, 0x00, 0x02, 0x02, 0x00, 0x06, 0x00, 0x05, 0x05, 0, 0x00003FD8, 0x0000000C },
    { 0x0364, 0x00, 0x02, 0x03, 0x00, 0x06, 0x00, 0x05, 0x05, 0, 0x00003FE4, 0x0000000C },
    { 0x0364, 0x00, 0x02, 0x04, 0x00, 0x06, 0x00, 0x05, 0x05, 0, 0x00003FF0, 0x0000000C },
    { 0x0364, 0x00, 0x03, 0x00, 0x00, 0x06, 0x00, 0x05, 0x05, 0, 0x00001A80, 0x00000568 },
    { 0x0364, 0x00, 0x03, 0x01, 0x00, 0x06, 0x00, 0x05, 0x05, 0, 0x00001FE8, 0x00000380 },
    { 0x0364, 0x00, 0x03, 0x02, 0x00, 0x06, 0x00, 0x05, 0x05, 0, 0x00002760, 0x00000120 },
    { 0x0364, 0x00, 0x03, 0x03, 0x00, 0x06, 0x00, 0x05, 0x05, 0, 0x00002368, 0x000002C0 },
    { 0x0364, 0x00, 0x03, 0x04, 0x00, 0x06, 0x00, 0x05, 0x05, 0, 0x00002628, 0x00000138 },
    { 0x0364, 0x01, 0x00, 0x00, 0x00, 0x06, 0x00, 0x05, 0x05, 0, 0x00004C30, 0x0000000C },
    { 0x0364, 0x01, 0x01, 0x00, 0x00, 0x06, 0x00, 0x05, 0x05, 0, 0x00004C1C, 0x00000014 },
    { 0x0364, 0x01, 0x02, 0x00, 0x00, 0x06, 0x00, 0x05, 0x05, 0, 0x00004BE0, 0x0000000C },
    { 0x0364, 0x01, 0x02, 0x01, 0x00, 0x06, 0x00, 0x05, 0x05, 0, 0x00004BEC, 0x0000000C },
    { 0x0364, 0x01, 0x02, 0x02, 0x00, 0x06, 0x00, 0x05, 0x05, 0, 0x00004BF8, 0x0000000C },
    { 0x0364, 0x01, 0x02, 0x03, 0x00, 0x06, 0x00, 0x05, 0x05, 0, 0x00004C04, 0x0000000C },
    { 0x0364, 0x01, 0x02, 0x04, 0x00, 0x06, 0x00, 0x05, 0x05, 0, 0x00004C10, 0x0000000C },
    { 0x0364, 0x01, 0x03, 0x00, 0x00, 0x06, 0x00, 0x05, 0x05, 0, 0x000046F0, 0x000000E0 },
    { 0x0364, 0x01, 0x03, 0x01, 0x00, 0x06, 0x00, 0x05, 0x05, 0, 0x000047D0, 0x00000100 },
    { 0x0364, 0x01, 0x03, 0x02, 0x00, 0x06, 0x00, 0x05, 0x05, 0, 0x000048D0, 0x00000100 },
    { 0x0364, 0x01, 0x03, 0x03, 0x00, 0x06, 0x00, 0x05, 0x05, 0, 0x000049D0, 0x00000100 },
    { 0x0364, 0x01, 0x03, 0x04, 0x00, 0x06, 0x00, 0x05, 0x05, 0, 0x00004AD0, 0x00000110 },
    { 0x0365, 0x00, 0x00, 0x00, 0x00, 0x06, 0x00, 0x0F, 0x0F, 0, 0x000021F8, 0x0000000C },
    { 0x0365, 0x00, 0x01, 0x00, 0x00, 0x06, 0x00, 0x0F, 0x0F, 0, 0x000021BC, 0x0000003C },
    { 0x0365, 0x00, 0x02, 0x00, 0x00, 0x06, 0x00, 0x0F, 0x0F, 0, 0x00002108, 0x0000000C },
    { 0x0365, 0x00, 0x02, 0x01, 0x00, 0x06, 0x00, 0x0F, 0x0F, 0, 0x00002114, 0x0000000C },
    { 0x0365, 0x00, 0x02, 0x02, 0x00, 0x06, 0x00, 0x0F, 0x0F, 0, 0x00002120, 0x0000000C },
    { 0x0365, 0x00, 0x02, 0x03, 0x00, 0x06, 0x00, 0x0F, 0x0F, 0, 0x0000212C, 0x0000000C },
    { 0x0365, 0x00, 0x02, 0x04, 0x00, 0x06, 0x00, 0x0F, 0x0F, 0, 0x00002138, 0x0000000C },
    { 0x0365, 0x00, 0x02, 0x05, 0x00, 0x06, 0x00, 0x0F, 0x0F, 0, 0x00002144, 0x0000000C },
    { 0x0365, 0x00, 0x02, 0x06, 0x00, 0x06, 0x00, 0x0F, 0x0F, 0, 0x00002150, 0x0000000C },
    { 0x0365, 0x00, 0x02, 0x07, 0x00, 0x06, 0x00, 0x0F, 0x0F, 0, 0x0000215C, 0x0000000C },
    { 0x0365, 0x00, 0x02, 0x08, 0x00, 0x06, 0x00, 0x0F, 0x0F, 0, 0x00002168, 0x0000000C },
    { 0x0365, 0x00, 0x02, 0x09, 0x00, 0x06, 0x00, 0x0F, 0x0F, 0, 0x00002174, 0x0000000C },
    { 0x0365, 0x00, 0x02, 0x0A, 0x00, 0x06, 0x00, 0x0F, 0x0F, 0, 0x00002180, 0x0000000C },
    { 0x0365, 0x00, 0x02, 0x0B, 0x00, 0x06, 0x00, 0x0F, 0x0F, 0, 0x0000218C, 0x0000000C },
    { 0x0365, 0x00, 0x02, 0x0C, 0x00, 0x06, 0x00, 0x0F, 0x0F, 0, 0x00002198, 0x0000000C },
    { 0x0365, 0x00, 0x02, 0x0D, 0x00, 0x06, 0x00, 0x0F, 0x0F, 0, 0x000021A4, 0x0000000C },
    { 0x0365, 0x00, 0x02, 0x0E, 0x00, 0x06, 0x00, 0x0F, 0x0F, 0, 0x000021B0, 0x0000000C },
    { 0x0365, 0x00, 0x03, 0x00, 0x00, 0x06, 0x00, 0x0F, 0x0F, 0, 0x00002020, 0x000000E8 },
    { 0x0365, 0x00, 0x03, 0x01, 0x00, 0x06, 0x00, 0x0F, 0x0F, 0, 0x00001FD0, 0x00000050 },
    { 0x0365, 0x00, 0x03, 0x02, 0x00, 0x06, 0x00, 0x0F, 0x0F, 0, 0x00001F80, 0x00000050 },
    { 0x0365, 0x00, 0x03, 0x03, 0x00, 0x06, 0x00, 0x0F, 0x0F, 0, 0x00001F30, 0x00000050 },
    { 0x0365, 0x00, 0x03, 0x04, 0x00, 0x06, 0x00, 0x0F, 0x0F, 0, 0x00001EE0, 0x00000050 },
    { 0x0365, 0x00, 0x03, 0x05, 0x00, 0x06, 0x00, 0x0F, 0x0F, 0, 0x00001E90, 0x00000050 },
    { 0x0365, 0x00, 0x03, 0x06, 0x00, 0x06, 0x00, 0x0F, 0x0F, 0, 0x00001E40, 0x00000050 },
    { 0x0365, 0x00, 0x03, 0x07, 0x00, 0x06, 0x00, 0x0F, 0x0F, 0, 0x00001CE8, 0x00000158 },
    { 0x0365, 0x00, 0x03, 0x08, 0x00, 0x06, 0x00, 0x0F, 0x0F, 0, 0x00001BD0, 0x00000118 },
    { 0x0365, 0x00, 0x03, 0x09, 0x00, 0x06, 0x00, 0x0F, 0x0F, 0, 0x00001AB8, 0x00000118 },
    { 0x0365, 0x00, 0x03, 0x0A, 0x00, 0x06, 0x00, 0x0F, 0x0F, 0, 0x000019B0, 0x00000108 },
    { 0x0365, 0x00, 0x03, 0x0B, 0x00, 0x06, 0x00, 0x0F, 0x0F, 0, 0x00001898, 0x00000118 },
    { 0x0365, 0x00, 0x03, 0x0C, 0x00, 0x06, 0x00, 0x0F, 0x0F, 0, 0x00001780, 0x00000118 },
    { 0x0365, 0x00, 0x03, 0x0D, 0x00, 0x06, 0x00, 0x0F, 0x0F, 0, 0x00001678, 0x00000108 },
    { 0x0365, 0x00, 0x03, 0x0E, 0x00, 0x06, 0x00, 0x0F, 0x0F, 0, 0x00001300, 0x00000378 },
    { 0x0367, 0x00, 0x00, 0x00, 0x00, 0x06, 0x01, 0x08, 0x08, 0, 0x00001BC8, 0x0000000C },
    { 0x0367, 0x00, 0x01, 0x00, 0x00, 0x06, 0x01, 0x08, 0x08, 0, 0x00001BA8, 0x00000020 },
    { 0x0367, 0x00, 0x02, 0x00, 0x00, 0x06, 0x01, 0x08, 0x08, 0, 0x00001B28, 0x00000010 },
    { 0x0367, 0x00, 0x02, 0x01, 0x00, 0x06, 0x01, 0x08, 0x08, 0, 0x00001B38, 0x00000010 },
    { 0x0367, 0x00, 0x02, 0x02, 0x00, 0x06, 0x01, 0x08, 0x08, 0, 0x00001B48, 0x00000010 },
    { 0x0367, 0x00, 0x02, 0x03, 0x00, 0x06, 0x01, 0x08, 0x08, 0, 0x00001B58, 0x00000010 },
    { 0x0367, 0x00, 0x02, 0x04, 0x00, 0x06, 0x01, 0x08, 0x08, 0, 0x00001B68, 0x00000010 },
    { 0x0367, 0x00, 0x02, 0x05, 0x00, 0x06, 0x01, 0x08, 0x08, 0, 0x00001B78, 0x00000010 },
    { 0x0367, 0x00, 0x02, 0x06, 0x00, 0x06, 0x01, 0x08, 0x08, 0, 0x00001B88, 0x00000010 },
    { 0x0367, 0x00, 0x02, 0x07, 0x00, 0x06, 0x01, 0x08, 0x08, 0, 0x00001B98, 0x00000010 },
    { 0x0367, 0x00, 0x03, 0x00, 0x00, 0x06, 0x01, 0x08, 0x08, 0, 0x00000A20, 0x000000B8 },
    { 0x0367, 0x00, 0x03, 0x00, 0x01, 0x06, 0x01, 0x08, 0x08, 0, 0x00000A20, 0x000000B8 },
    { 0x0367, 0x00, 0x03, 0x01, 0x00, 0x06, 0x01, 0x08, 0x08, 0, 0x00000AD8, 0x000000D8 },
    { 0x0367, 0x00, 0x03, 0x01, 0x01, 0x06, 0x01, 0x08, 0x08, 0, 0x00000AD8, 0x000000D8 },
    { 0x0367, 0x00, 0x03, 0x02, 0x00, 0x06, 0x01, 0x08, 0x08, 0, 0x00000BB0, 0x000000D8 },
    { 0x0367, 0x00, 0x03, 0x02, 0x01, 0x06, 0x01, 0x08, 0x08, 0, 0x00000BB0, 0x000000D8 },
    { 0x0367, 0x00, 0x03, 0x03, 0x00, 0x06, 0x01, 0x08, 0x08, 0, 0x00000C88, 0x000000D8 },
    { 0x0367, 0x00, 0x03, 0x03, 0x01, 0x06, 0x01, 0x08, 0x08, 0, 0x00000C88, 0x000000D8 },
    { 0x0367, 0x00, 0x03, 0x04, 0x00, 0x06, 0x01, 0x08, 0x08, 0, 0x00000D60, 0x000000D8 },
    { 0x0367, 0x00, 0x03, 0x04, 0x01, 0x06, 0x01, 0x08, 0x08, 0, 0x00000D60, 0x000000D8 },
    { 0x0367, 0x00, 0x03, 0x05, 0x00, 0x06, 0x01, 0x08, 0x08, 0, 0x00000E38, 0x000000D8 },
    { 0x0367, 0x00, 0x03, 0x05, 0x01, 0x06, 0x01, 0x08, 0x08, 0, 0x00000E38, 0x000000D8 },
    { 0x0367, 0x00, 0x03, 0x06, 0x00, 0x06, 0x01, 0x08, 0x08, 0, 0x00000F10, 0x000000D8 },
    { 0x0367, 0x00, 0x03, 0x06, 0x01, 0x06, 0x01, 0x08, 0x08, 0, 0x00000F10, 0x000000D8 },
    { 0x0367, 0x00, 0x03, 0x07, 0x00, 0x06, 0x01, 0x08, 0x08, 0, 0x00000FE8, 0x000000E8 },
    { 0x0367, 0x00, 0x03, 0x07, 0x01, 0x06, 0x01, 0x08, 0x08, 0, 0x00000FE8, 0x000000E8 },
    { 0x036A, 0x00, 0x00, 0x00, 0x00, 0x06, 0x00, 0x11, 0x10, 0, 0x0000E038, 0x0000000C },
    { 0x036A, 0x00, 0x01, 0x00, 0x00, 0x06, 0x00, 0x11, 0x10, 0, 0x0000DFF4, 0x00000044 },
    { 0x036A, 0x00, 0x02, 0x00, 0x00, 0x06, 0x00, 0x11, 0x10, 0, 0x0000DF28, 0x0000000C },
    { 0x036A, 0x00, 0x02, 0x01, 0x00, 0x06, 0x00, 0x11, 0x10, 0, 0x0000DF34, 0x0000000C },
    { 0x036A, 0x00, 0x02, 0x02, 0x00, 0x06, 0x00, 0x11, 0x10, 0, 0x0000DF40, 0x0000000C },
    { 0x036A, 0x00, 0x02, 0x03, 0x00, 0x06, 0x00, 0x11, 0x10, 0, 0x0000DF4C, 0x0000000C },
    { 0x036A, 0x00, 0x02, 0x04, 0x00, 0x06, 0x00, 0x11, 0x10, 0, 0x0000DF58, 0x0000000C },
    { 0x036A, 0x00, 0x02, 0x05, 0x00, 0x06, 0x00, 0x11, 0x10, 0, 0x0000DF64, 0x0000000C },
    { 0x036A, 0x00, 0x02, 0x06, 0x00, 0x06, 0x00, 0x11, 0x10, 0, 0x0000DF70, 0x0000000C },
    { 0x036A, 0x00, 0x02, 0x07, 0x00, 0x06, 0x00, 0x11, 0x10, 0, 0x0000DF7C, 0x0000000C },
    { 0x036A, 0x00, 0x02, 0x08, 0x00, 0x06, 0x00, 0x11, 0x10, 0, 0x0000DF88, 0x0000000C },
    { 0x036A, 0x00, 0x02, 0x09, 0x00, 0x06, 0x00, 0x11, 0x10, 0, 0x0000DF94, 0x0000000C },
    { 0x036A, 0x00, 0x02, 0x0A, 0x00, 0x06, 0x00, 0x11, 0x10, 0, 0x0000DFA0, 0x0000000C },
    { 0x036A, 0x00, 0x02, 0x0B, 0x00, 0x06, 0x00, 0x11, 0x10, 0, 0x0000DFAC, 0x0000000C },
    { 0x036A, 0x00, 0x02, 0x0C, 0x00, 0x06, 0x00, 0x11, 0x10, 0, 0x0000DFB8, 0x0000000C },
    { 0x036A, 0x00, 0x02, 0x0D, 0x00, 0x06, 0x00, 0x11, 0x10, 0, 0x0000DFC4, 0x0000000C },
    { 0x036A, 0x00, 0x02, 0x0E, 0x00, 0x06, 0x00, 0x11, 0x10, 0, 0x0000DFD0, 0x0000000C },
    { 0x036A, 0x00, 0x02, 0x0F, 0x00, 0x06, 0x00, 0x11, 0x10, 0, 0x0000DFDC, 0x0000000C },
    { 0x036A, 0x00, 0x02, 0x10, 0x00, 0x06, 0x00, 0x11, 0x10, 0, 0x0000DFE8, 0x0000000C },
    { 0x036A, 0x00, 0x03, 0x01, 0x00, 0x06, 0x00, 0x11, 0x10, 0, 0x0000C8D0, 0x00000818 },
    { 0x036A, 0x00, 0x03, 0x02, 0x00, 0x06, 0x00, 0x11, 0x10, 0, 0x0000D728, 0x00000050 },
    { 0x036A, 0x00, 0x03, 0x03, 0x00, 0x06, 0x00, 0x11, 0x10, 0, 0x0000D778, 0x00000140 },
    { 0x036A, 0x00, 0x03, 0x04, 0x00, 0x06, 0x00, 0x11, 0x10, 0, 0x0000D598, 0x00000050 },
    { 0x036A, 0x00, 0x03, 0x05, 0x00, 0x06, 0x00, 0x11, 0x10, 0, 0x0000D5E8, 0x00000140 },
    { 0x036A, 0x00, 0x03, 0x06, 0x00, 0x06, 0x00, 0x11, 0x10, 0, 0x0000D0E8, 0x000001B8 },
    { 0x036A, 0x00, 0x03, 0x07, 0x00, 0x06, 0x00, 0x11, 0x10, 0, 0x0000D2A0, 0x000001C0 },
    { 0x036A, 0x00, 0x03, 0x08, 0x00, 0x06, 0x00, 0x11, 0x10, 0, 0x0000D460, 0x00000138 },
    { 0x036A, 0x00, 0x03, 0x09, 0x00, 0x06, 0x00, 0x11, 0x10, 0, 0x0000A630, 0x00000998 },
    { 0x036A, 0x00, 0x03, 0x0A, 0x00, 0x06, 0x00, 0x11, 0x10, 0, 0x0000BE70, 0x00000270 },
    { 0x036A, 0x00, 0x03, 0x0B, 0x00, 0x06, 0x00, 0x11, 0x10, 0, 0x0000C0E0, 0x00000150 },
    { 0x036A, 0x00, 0x03, 0x0C, 0x00, 0x06, 0x00, 0x11, 0x10, 0, 0x0000C230, 0x000001E0 },
    { 0x036A, 0x00, 0x03, 0x0D, 0x00, 0x06, 0x00, 0x11, 0x10, 0, 0x0000B8D8, 0x00000268 },
    { 0x036A, 0x00, 0x03, 0x0E, 0x00, 0x06, 0x00, 0x11, 0x10, 0, 0x0000BB40, 0x00000150 },
    { 0x036A, 0x00, 0x03, 0x0F, 0x00, 0x06, 0x00, 0x11, 0x10, 0, 0x0000BC90, 0x000001E0 },
    { 0x036A, 0x00, 0x03, 0x10, 0x00, 0x06, 0x00, 0x11, 0x10, 0, 0x0000AFC8, 0x00000910 },
};

#define OOT_PSP_SKELETON_LAYOUT_ANCHOR_COUNT 8513U

#endif
